Date,Stock,Tweet,Price
2023-03-15,TSLA,Market sentiment towards TSLA looks excited these days.,111.88185997100378
2023-02-01,MSFT,"Lots of chatter on MSFT today, could this mean breakout?",250.7110413556572
2023-01-23,TSLA,The way TSLA has been performing makes me feel worried.,116.84545196412247
2023-03-21,AMZN,"AMZN stock is drawing attention, traders are bullish.",87.9040288351952
2023-02-23,MSFT,Market sentiment towards MSFT looks excited these days.,255.4070691205143
2023-03-15,AMZN,"I'm bearish on AMZN, price action has been interesting.",93.89707748083532
2023-02-28,TSLA,Analysts believe TSLA could dip after recent news.,113.63286221620928
2023-03-22,MSFT,Analysts believe MSFT could breakout after recent news.,256.9250075615008
2023-02-23,AMZN,Analysts believe AMZN could rise after recent news.,89.65641888629835
2023-01-19,AMZN,Analysts believe AMZN could fall after recent news.,86.26617635749504
2023-01-06,AAPL,"AAPL outlook is excited, according to many investors.",137.58685188434174
2023-02-17,AAPL,"Lots of chatter on AAPL today, could this mean rise?",112.1153304548266
2023-01-25,TSLA,The way TSLA has been performing makes me feel bearish.,112.56845981398098
2023-01-12,GOOGL,"Lots of chatter on GOOGL today, could this mean fall?",87.71777194950126
2023-03-22,GOOGL,"Investors are talking a lot about GOOGL, big moves expected soon!",89.75989832306075
2023-01-24,AAPL,"AAPL outlook is neutral, according to many investors.",138.96122223397512
2023-01-10,MSFT,The way MSFT has been performing makes me feel excited.,255.4070691205143
2023-03-06,GOOGL,Market sentiment towards GOOGL looks worried these days.,92.64791109768308
2023-01-18,AAPL,The way AAPL has been performing makes me feel worried.,138.8150509186731
2023-02-24,TSLA,"TSLA outlook is worried, according to many investors.",113.86768673542504
2023-02-28,TSLA,"Lots of chatter on TSLA today, could this mean rise?",117.26937252857788
2023-01-12,MSFT,Analysts believe MSFT could fall after recent news.,250.4815684727234
2023-03-10,AMZN,"AMZN outlook is worried, according to many investors.",87.35981101659057
2023-02-07,MSFT,"I'm neutral on MSFT, price action has been interesting.",243.2516973040306
2023-01-06,AMZN,"I'm bullish on AMZN, price action has been interesting.",99.46017888956618
2023-02-09,AMZN,"Investors are talking a lot about AMZN, big moves expected soon!",102.99140554903606
2023-02-21,TSLA,Analysts believe TSLA could breakout after recent news.,114.37058262128392
2023-02-22,TSLA,The way TSLA has been performing makes me feel worried.,111.11020743720992
2023-01-11,TSLA,Market sentiment towards TSLA looks worried these days.,112.56845981398098
2023-03-31,GOOGL,The way GOOGL has been performing makes me feel bearish.,88.63862365044015
2023-01-24,AAPL,The way AAPL has been performing makes me feel excited.,111.4414380315412
2023-03-03,AAPL,"I'm neutral on AAPL, price action has been interesting.",118.71118624893776
2023-01-05,GOOGL,"GOOGL outlook is neutral, according to many investors.",88.08394296325406
2023-02-20,TSLA,Market sentiment towards TSLA looks neutral these days.,111.44355272501969
2023-02-13,GOOGL,"GOOGL stock is drawing attention, traders are worried.",88.41417458413825
2023-01-26,MSFT,"MSFT stock is drawing attention, traders are worried.",254.32432759160727
2023-03-27,TSLA,"I'm bearish on TSLA, price action has been interesting.",110.07817504102144
2023-03-16,GOOGL,"I'm bearish on GOOGL, price action has been interesting.",86.2810077483177
2023-02-23,AMZN,"AMZN stock is drawing attention, traders are excited.",96.81313331095652
2023-01-26,AMZN,The way AMZN has been performing makes me feel bullish.,91.38099100541976
2023-02-23,MSFT,"I'm worried on MSFT, price action has been interesting.",252.2763125126309
2023-03-03,TSLA,Analysts believe TSLA could dip after recent news.,110.39484286163304
2023-01-18,AMZN,"I'm bullish on AMZN, price action has been interesting.",89.52899291686128
2023-03-22,AMZN,Market sentiment towards AMZN looks excited these days.,89.09791095488092
2023-01-27,AMZN,Market sentiment towards AMZN looks neutral these days.,88.7885138526433
2023-03-27,MSFT,"MSFT outlook is bullish, according to many investors.",252.34772443328157
2023-02-23,MSFT,"Investors are talking a lot about MSFT, big moves expected soon!",239.3103700989465
2023-01-02,AAPL,"I'm neutral on AAPL, price action has been interesting.",137.58685188434174
2023-01-04,AMZN,"AMZN stock is drawing attention, traders are worried.",88.90708958366359
2023-03-28,GOOGL,Market sentiment towards GOOGL looks excited these days.,86.89961556713949
2023-03-29,MSFT,"I'm bearish on MSFT, price action has been interesting.",256.36604823097264
2023-02-03,GOOGL,The way GOOGL has been performing makes me feel bearish.,89.49577838191351
2023-03-20,AAPL,"AAPL stock is drawing attention, traders are neutral.",138.0343868483502
2023-02-15,AAPL,"AAPL stock is drawing attention, traders are bullish.",109.4462456661918
2023-02-22,TSLA,"TSLA outlook is bearish, according to many investors.",117.2064150051684
2023-01-09,AMZN,"I'm bullish on AMZN, price action has been interesting.",98.96940265756044
2023-03-22,TSLA,Analysts believe TSLA could stabilize after recent news.,115.15479892754824
2023-03-02,GOOGL,"Lots of chatter on GOOGL today, could this mean dip?",105.11149271932508
2023-03-03,AAPL,Market sentiment towards AAPL looks excited these days.,119.29457374852431
2023-02-14,GOOGL,"Investors are talking a lot about GOOGL, big moves expected soon!",107.65982590422904
2023-03-03,AMZN,Market sentiment towards AMZN looks neutral these days.,104.63122613197449
2023-03-27,AAPL,The way AAPL has been performing makes me feel excited.,114.09742608415914
2023-03-07,GOOGL,"I'm bullish on GOOGL, price action has been interesting.",91.45167777496049
2023-01-30,AMZN,The way AMZN has been performing makes me feel bearish.,91.27015849190768
2023-02-20,AAPL,"AAPL outlook is bullish, according to many investors.",118.2733156103735
2023-01-26,AAPL,Market sentiment towards AAPL looks bearish these days.,118.2733156103735
2023-01-27,AAPL,Analysts believe AAPL could breakout after recent news.,109.49034777729648
2023-03-21,AMZN,"AMZN outlook is excited, according to many investors.",99.15698660075932
2023-01-25,GOOGL,"Lots of chatter on GOOGL today, could this mean dip?",86.89961556713949
2023-03-07,AAPL,"AAPL stock is drawing attention, traders are bullish.",107.20012142941276
2023-03-09,GOOGL,"GOOGL stock is drawing attention, traders are worried.",103.9596736554112
2023-01-19,AMZN,Analysts believe AMZN could stabilize after recent news.,100.86978418940626
2023-01-20,GOOGL,The way GOOGL has been performing makes me feel worried.,91.45167777496049
2023-02-13,TSLA,Analysts believe TSLA could stabilize after recent news.,114.37058262128392
2023-01-02,GOOGL,Analysts believe GOOGL could breakout after recent news.,90.88980558179196
2023-03-16,AMZN,"Lots of chatter on AMZN today, could this mean stabilize?",96.81313331095652
2023-01-04,TSLA,Analysts believe TSLA could rise after recent news.,112.41553111626052
2023-01-23,AMZN,"Lots of chatter on AMZN today, could this mean dip?",102.54447997838436
2023-03-21,AAPL,"Investors are talking a lot about AAPL, big moves expected soon!",107.20012142941276
2023-01-17,TSLA,"TSLA stock is drawing attention, traders are excited.",112.09895647004323
2023-01-23,AMZN,"I'm excited on AMZN, price action has been interesting.",104.77329839040188
2023-02-02,AMZN,"AMZN stock is drawing attention, traders are bullish.",87.35981101659057
2023-02-08,AAPL,"AAPL stock is drawing attention, traders are worried.",122.04644224651518
2023-01-11,AMZN,The way AMZN has been performing makes me feel bullish.,95.6829014695944
2023-02-20,TSLA,"TSLA stock is drawing attention, traders are bullish.",116.27312227613815
2023-01-11,MSFT,"Lots of chatter on MSFT today, could this mean rise?",251.427817526324
2023-03-22,MSFT,"Lots of chatter on MSFT today, could this mean rise?",239.0029198870554
2023-03-24,TSLA,"TSLA outlook is bullish, according to many investors.",115.24796470827592
2023-03-10,TSLA,The way TSLA has been performing makes me feel excited.,120.86505772800692
2023-02-08,GOOGL,"Lots of chatter on GOOGL today, could this mean breakout?",105.11149271932508
2023-02-27,GOOGL,Analysts believe GOOGL could dip after recent news.,105.64779114122965
2023-03-30,TSLA,Market sentiment towards TSLA looks worried these days.,114.57552560976502
2023-02-07,GOOGL,"GOOGL stock is drawing attention, traders are bearish.",95.3960924679492
2023-03-29,MSFT,"MSFT stock is drawing attention, traders are bullish.",253.93499282328747
2023-01-24,TSLA,The way TSLA has been performing makes me feel excited.,112.26658190056602
2023-02-15,TSLA,"Lots of chatter on TSLA today, could this mean fall?",115.44975062951112
2023-02-09,MSFT,"MSFT outlook is worried, according to many investors.",258.7280582354071
2023-01-18,TSLA,"TSLA stock is drawing attention, traders are bearish.",106.13694076891493
2023-03-06,GOOGL,Market sentiment towards GOOGL looks neutral these days.,91.54455366458208
2023-02-17,GOOGL,Market sentiment towards GOOGL looks bearish these days.,103.9596736554112
2023-01-09,GOOGL,"Investors are talking a lot about GOOGL, big moves expected soon!",90.88980558179196
2023-03-07,TSLA,"TSLA stock is drawing attention, traders are neutral.",120.86505772800692
2023-02-03,MSFT,Market sentiment towards MSFT looks excited these days.,251.427817526324
2023-01-13,AMZN,The way AMZN has been performing makes me feel bullish.,94.57938143046862
2023-03-20,TSLA,"Investors are talking a lot about TSLA, big moves expected soon!",116.2845051448232
2023-02-10,GOOGL,Market sentiment towards GOOGL looks worried these days.,90.21111369277384
2023-01-06,TSLA,The way TSLA has been performing makes me feel worried.,107.27266500661185
2023-02-15,AMZN,"I'm neutral on AMZN, price action has been interesting.",95.13276302912864
2023-03-31,TSLA,Analysts believe TSLA could dip after recent news.,114.80657640380984
2023-01-25,MSFT,Market sentiment towards MSFT looks bullish these days.,255.85989399460053
2023-03-09,AMZN,"I'm bearish on AMZN, price action has been interesting.",89.81734526186513
2023-01-16,MSFT,"MSFT stock is drawing attention, traders are excited.",239.3103700989465
2023-02-06,AMZN,"I'm worried on AMZN, price action has been interesting.",89.01952805283034
2023-03-29,GOOGL,"I'm worried on GOOGL, price action has been interesting.",99.9428024152471
2023-03-23,TSLA,The way TSLA has been performing makes me feel bearish.,112.56813073679352
2023-02-07,MSFT,"MSFT stock is drawing attention, traders are excited.",255.5921656362433
2023-03-09,TSLA,Market sentiment towards TSLA looks neutral these days.,111.11020743720992
2023-02-15,MSFT,"Lots of chatter on MSFT today, could this mean stabilize?",251.4915430306843
2023-01-02,TSLA,"TSLA stock is drawing attention, traders are bullish.",111.11020743720992
2023-01-30,AMZN,"Investors are talking a lot about AMZN, big moves expected soon!",94.0224726042693
2023-03-17,AMZN,The way AMZN has been performing makes me feel neutral.,92.91152312861108
2023-01-09,TSLA,"I'm worried on TSLA, price action has been interesting.",117.44346666505422
2023-01-06,GOOGL,"I'm worried on GOOGL, price action has been interesting.",94.21294969027754
2023-01-04,AAPL,The way AAPL has been performing makes me feel excited.,129.1858806715181
2023-03-15,TSLA,"I'm neutral on TSLA, price action has been interesting.",117.21422940849848
2023-02-01,GOOGL,"Investors are talking a lot about GOOGL, big moves expected soon!",103.47505135285812
2023-03-15,TSLA,The way TSLA has been performing makes me feel bullish.,115.62556751982744
2023-02-21,MSFT,"MSFT stock is drawing attention, traders are worried.",258.7280582354071
2023-01-24,TSLA,The way TSLA has been performing makes me feel neutral.,107.27266500661185
2023-01-02,TSLA,"I'm worried on TSLA, price action has been interesting.",119.1874876554298
2023-03-13,GOOGL,"I'm neutral on GOOGL, price action has been interesting.",102.55376002955576
2023-03-03,TSLA,"TSLA stock is drawing attention, traders are excited.",120.86505772800692
2023-01-05,AAPL,"AAPL outlook is excited, according to many investors.",125.62780247919687
2023-03-28,AAPL,The way AAPL has been performing makes me feel neutral.,138.96122223397512
2023-03-31,TSLA,"Lots of chatter on TSLA today, could this mean rise?",115.15479892754824
2023-02-14,TSLA,"TSLA stock is drawing attention, traders are bearish.",117.73577041637893
2023-02-16,AAPL,The way AAPL has been performing makes me feel excited.,138.0343868483502
2023-02-23,AAPL,The way AAPL has been performing makes me feel neutral.,107.131740051138
2023-02-06,GOOGL,Analysts believe GOOGL could rise after recent news.,86.384738769212
2023-02-16,AMZN,The way AMZN has been performing makes me feel neutral.,93.1969107503963
2023-03-16,MSFT,"Investors are talking a lot about MSFT, big moves expected soon!",256.037607609795
2023-01-04,TSLA,"Lots of chatter on TSLA today, could this mean dip?",113.32871705534018
2023-03-10,TSLA,Market sentiment towards TSLA looks worried these days.,106.62247105921196
2023-01-17,MSFT,"Investors are talking a lot about MSFT, big moves expected soon!",250.5556902998358
2023-03-31,AAPL,"Investors are talking a lot about AAPL, big moves expected soon!",119.74445509167056
2023-03-16,TSLA,"TSLA outlook is neutral, according to many investors.",109.26821498594242
2023-01-06,TSLA,The way TSLA has been performing makes me feel bullish.,115.44975062951112
2023-03-21,AAPL,"AAPL stock is drawing attention, traders are bearish.",126.07935508016996
2023-01-24,AMZN,"Investors are talking a lot about AMZN, big moves expected soon!",91.38099100541976
2023-03-07,TSLA,"TSLA stock is drawing attention, traders are excited.",113.05383568799172
2023-02-01,AMZN,The way AMZN has been performing makes me feel neutral.,103.97248096656855
2023-01-19,GOOGL,"GOOGL stock is drawing attention, traders are bearish.",91.05294543696355
2023-03-13,AMZN,The way AMZN has been performing makes me feel excited.,89.29757967336829
2023-02-22,MSFT,Market sentiment towards MSFT looks worried these days.,250.0364394129566
2023-03-30,TSLA,"TSLA outlook is neutral, according to many investors.",114.37058262128392
2023-02-22,MSFT,"Investors are talking a lot about MSFT, big moves expected soon!",250.59121616293012
2023-03-10,TSLA,"TSLA stock is drawing attention, traders are excited.",108.4269243404117
2023-02-10,GOOGL,"Lots of chatter on GOOGL today, could this mean stabilize?",88.77606573440579
2023-03-13,AMZN,"I'm bullish on AMZN, price action has been interesting.",92.1193968628654
2023-03-29,GOOGL,"Lots of chatter on GOOGL today, could this mean fall?",89.49577838191351
2023-03-14,AAPL,The way AAPL has been performing makes me feel neutral.,107.89910165451091
2023-02-22,MSFT,The way MSFT has been performing makes me feel excited.,251.55173693368533
2023-02-10,GOOGL,"Investors are talking a lot about GOOGL, big moves expected soon!",88.99064207912718
2023-03-13,GOOGL,"Investors are talking a lot about GOOGL, big moves expected soon!",91.54455366458208
2023-01-06,TSLA,Analysts believe TSLA could breakout after recent news.,113.86768673542504
2023-02-09,MSFT,Analysts believe MSFT could fall after recent news.,238.97799071361024
2023-01-05,AMZN,Analysts believe AMZN could breakout after recent news.,87.73786151172393
2023-01-13,GOOGL,"Investors are talking a lot about GOOGL, big moves expected soon!",89.21135449552935
2023-03-20,GOOGL,"Lots of chatter on GOOGL today, could this mean rise?",88.79797393518416
2023-01-24,TSLA,Market sentiment towards TSLA looks bearish these days.,106.62247105921196
2023-01-24,AAPL,Analysts believe AAPL could rise after recent news.,109.09848629545628
2023-02-16,TSLA,"Lots of chatter on TSLA today, could this mean breakout?",114.45826765072462
2023-01-09,AMZN,Market sentiment towards AMZN looks excited these days.,100.86978418940626
2023-03-15,TSLA,"TSLA outlook is bullish, according to many investors.",117.21422940849848
2023-03-01,AAPL,"AAPL outlook is bullish, according to many investors.",107.131740051138
2023-02-01,MSFT,"Investors are talking a lot about MSFT, big moves expected soon!",254.5032139891401
2023-03-17,GOOGL,Analysts believe GOOGL could rise after recent news.,86.79749893370014
2023-01-23,AMZN,"I'm neutral on AMZN, price action has been interesting.",88.40501453588696
2023-01-11,GOOGL,The way GOOGL has been performing makes me feel bullish.,89.21135449552935
2023-01-05,AMZN,"Investors are talking a lot about AMZN, big moves expected soon!",89.07407304765302
2023-01-05,AMZN,"I'm bearish on AMZN, price action has been interesting.",94.0224726042693
2023-03-20,GOOGL,"Lots of chatter on GOOGL today, could this mean fall?",86.16647590995666
2023-02-03,MSFT,Analysts believe MSFT could stabilize after recent news.,253.14061648859337
2023-02-07,GOOGL,Market sentiment towards GOOGL looks excited these days.,86.16647590995666
2023-02-14,AMZN,Market sentiment towards AMZN looks bearish these days.,94.0224726042693
2023-03-10,MSFT,Analysts believe MSFT could rise after recent news.,239.0029198870554
2023-03-27,TSLA,"Lots of chatter on TSLA today, could this mean stabilize?",116.43656434179384
2023-03-13,MSFT,"MSFT stock is drawing attention, traders are bearish.",237.14084694017723
2023-01-26,MSFT,"MSFT stock is drawing attention, traders are bearish.",253.22305341902452
2023-01-30,GOOGL,The way GOOGL has been performing makes me feel bullish.,90.21111369277384
2023-01-06,TSLA,The way TSLA has been performing makes me feel worried.,111.88185997100378
2023-02-28,GOOGL,"GOOGL outlook is excited, according to many investors.",89.64912995730377
2023-03-27,TSLA,Market sentiment towards TSLA looks excited these days.,106.13694076891493
2023-01-31,MSFT,Market sentiment towards MSFT looks worried these days.,256.36604823097264
2023-01-30,MSFT,Market sentiment towards MSFT looks neutral these days.,250.5556902998358
2023-01-02,MSFT,The way MSFT has been performing makes me feel bearish.,254.97225513830807
2023-01-06,AAPL,The way AAPL has been performing makes me feel neutral.,114.77170255262348
2023-01-17,GOOGL,The way GOOGL has been performing makes me feel worried.,86.29183002409107
2023-03-06,AAPL,"I'm excited on AAPL, price action has been interesting.",120.49585112836192
2023-02-16,GOOGL,"GOOGL outlook is bearish, according to many investors.",88.5494701524181
2023-03-09,AMZN,Analysts believe AMZN could rise after recent news.,98.96940265756044
2023-03-03,TSLA,"TSLA outlook is excited, according to many investors.",116.07381954596286
2023-02-07,AAPL,"AAPL outlook is bearish, according to many investors.",125.76285888857272
2023-02-06,MSFT,"Lots of chatter on MSFT today, could this mean stabilize?",255.5921656362433
2023-03-07,AAPL,"I'm excited on AAPL, price action has been interesting.",119.74445509167056
2023-03-20,AMZN,Market sentiment towards AMZN looks excited these days.,104.91895621571564
2023-03-29,GOOGL,"I'm bearish on GOOGL, price action has been interesting.",89.82595353728257
2023-03-08,AAPL,"I'm neutral on AAPL, price action has been interesting.",138.8150509186731
2023-03-27,GOOGL,"GOOGL outlook is neutral, according to many investors.",103.98747284720118
2023-02-06,GOOGL,"Investors are talking a lot about GOOGL, big moves expected soon!",99.9428024152471
2023-02-20,AMZN,"AMZN outlook is excited, according to many investors.",87.73786151172393
2023-01-02,AMZN,"Lots of chatter on AMZN today, could this mean dip?",96.7871295272007
2023-01-11,AMZN,Analysts believe AMZN could stabilize after recent news.,92.03902588070363
2023-03-14,AAPL,"AAPL outlook is bullish, according to many investors.",134.59002974325085
2023-03-07,AMZN,"AMZN outlook is worried, according to many investors.",100.05001650489336
2023-03-20,GOOGL,"I'm bullish on GOOGL, price action has been interesting.",91.05294543696355
2023-01-19,AAPL,"AAPL stock is drawing attention, traders are bullish.",122.9133625161458
2023-02-08,TSLA,Analysts believe TSLA could dip after recent news.,107.74149530735816
2023-01-03,AAPL,Analysts believe AAPL could dip after recent news.,119.06991308610915
2023-02-06,AMZN,"Investors are talking a lot about AMZN, big moves expected soon!",102.54447997838436
2023-01-19,AMZN,The way AMZN has been performing makes me feel worried.,92.03902588070363
2023-03-23,TSLA,"I'm worried on TSLA, price action has been interesting.",107.27266500661185
2023-03-20,AAPL,Market sentiment towards AAPL looks excited these days.,118.2733156103735
2023-01-10,GOOGL,Market sentiment towards GOOGL looks bearish these days.,86.39351060045915
2023-01-04,AAPL,"AAPL outlook is bullish, according to many investors.",113.49521869298056
2023-02-01,MSFT,The way MSFT has been performing makes me feel neutral.,254.97225513830807
2023-01-25,AMZN,"Lots of chatter on AMZN today, could this mean rise?",99.46017888956618
2023-02-22,GOOGL,Market sentiment towards GOOGL looks worried these days.,88.79797393518416
2023-01-20,TSLA,"TSLA stock is drawing attention, traders are excited.",112.56813073679352
2023-03-30,AMZN,"AMZN stock is drawing attention, traders are excited.",90.85837652129794
2023-02-08,AMZN,The way AMZN has been performing makes me feel excited.,96.7871295272007
2023-02-23,AAPL,"AAPL stock is drawing attention, traders are bullish.",125.76285888857272
2023-03-21,GOOGL,The way GOOGL has been performing makes me feel excited.,90.21111369277384
2023-01-24,TSLA,"Investors are talking a lot about TSLA, big moves expected soon!",116.43656434179384
2023-03-02,TSLA,The way TSLA has been performing makes me feel bullish.,117.21422940849848
2023-02-03,AAPL,"I'm bearish on AAPL, price action has been interesting.",120.49585112836192
2023-01-24,AMZN,"AMZN outlook is bullish, according to many investors.",95.13276302912864
2023-01-18,AAPL,Analysts believe AAPL could dip after recent news.,120.49585112836192
2023-02-03,AAPL,"Lots of chatter on AAPL today, could this mean rise?",134.59002974325085
2023-01-13,MSFT,The way MSFT has been performing makes me feel bullish.,238.6207084882862
2023-01-25,TSLA,The way TSLA has been performing makes me feel excited.,110.74399848729672
2023-02-16,AMZN,"Lots of chatter on AMZN today, could this mean stabilize?",100.05001650489336
2023-01-11,AAPL,"AAPL stock is drawing attention, traders are worried.",122.04644224651518
2023-02-24,GOOGL,Analysts believe GOOGL could fall after recent news.,86.384738769212
2023-02-28,AMZN,"I'm bearish on AMZN, price action has been interesting.",99.46017888956618
2023-02-27,GOOGL,"Investors are talking a lot about GOOGL, big moves expected soon!",88.08394296325406
2023-01-09,MSFT,"Lots of chatter on MSFT today, could this mean fall?",252.826821580197
2023-03-14,TSLA,Market sentiment towards TSLA looks neutral these days.,116.84545196412247
2023-02-06,TSLA,"TSLA stock is drawing attention, traders are bearish.",115.44975062951112
2023-03-30,GOOGL,Analysts believe GOOGL could rise after recent news.,92.84076267637236
2023-03-23,AAPL,"AAPL stock is drawing attention, traders are worried.",110.111771602523
2023-03-20,AAPL,Analysts believe AAPL could dip after recent news.,105.97676885173104
2023-03-23,GOOGL,The way GOOGL has been performing makes me feel bearish.,88.47249554433462
2023-02-15,AAPL,"AAPL stock is drawing attention, traders are worried.",130.7168997036801
2023-03-15,GOOGL,The way GOOGL has been performing makes me feel bearish.,102.59576771282129
2023-01-31,MSFT,Analysts believe MSFT could breakout after recent news.,254.8222399169049
2023-01-30,MSFT,"Lots of chatter on MSFT today, could this mean dip?",240.7706347594577
2023-01-05,AMZN,Analysts believe AMZN could stabilize after recent news.,91.89867313786772
2023-03-28,AMZN,The way AMZN has been performing makes me feel worried.,98.80649412024268
2023-03-28,GOOGL,The way GOOGL has been performing makes me feel bullish.,89.93258335656962
2023-02-02,GOOGL,"GOOGL outlook is excited, according to many investors.",92.6802413334508
2023-03-17,MSFT,"Lots of chatter on MSFT today, could this mean stabilize?",251.24849642836065
2023-01-12,GOOGL,"GOOGL outlook is excited, according to many investors.",95.30714445261762
2023-01-04,AAPL,"AAPL stock is drawing attention, traders are neutral.",118.69104280038302
2023-02-13,GOOGL,"GOOGL outlook is bearish, according to many investors.",107.65982590422904
2023-02-24,GOOGL,Market sentiment towards GOOGL looks bearish these days.,87.59981329687079
2023-02-20,AAPL,Analysts believe AAPL could breakout after recent news.,110.111771602523
2023-02-02,AMZN,"Investors are talking a lot about AMZN, big moves expected soon!",92.0357990874798
2023-01-09,AAPL,"AAPL outlook is worried, according to many investors.",107.131740051138
2023-01-05,AAPL,"Lots of chatter on AAPL today, could this mean breakout?",137.58685188434174
2023-01-09,MSFT,Analysts believe MSFT could dip after recent news.,254.32432759160727
2023-03-13,AAPL,"I'm bearish on AAPL, price action has been interesting.",112.50905292656483
2023-03-28,AMZN,Analysts believe AMZN could stabilize after recent news.,88.92831195630367
2023-03-21,TSLA,"TSLA stock is drawing attention, traders are excited.",115.11576987004398
2023-01-11,AMZN,"I'm bearish on AMZN, price action has been interesting.",92.14327842542612
2023-02-06,MSFT,Market sentiment towards MSFT looks bearish these days.,252.23778094824587
2023-03-13,MSFT,"I'm bearish on MSFT, price action has been interesting.",253.8537717711724
2023-03-03,AAPL,The way AAPL has been performing makes me feel excited.,134.1217558293525
2023-03-02,AAPL,"Lots of chatter on AAPL today, could this mean dip?",123.14805754232684
2023-01-06,AAPL,"I'm neutral on AAPL, price action has been interesting.",112.1153304548266
2023-02-06,MSFT,"MSFT outlook is bearish, according to many investors.",254.73482510718335
2023-01-26,MSFT,Analysts believe MSFT could dip after recent news.,238.97799071361024
2023-01-27,GOOGL,"Investors are talking a lot about GOOGL, big moves expected soon!",103.7271867384658
2023-01-17,AMZN,"I'm bearish on AMZN, price action has been interesting.",87.31005948872884
2023-03-07,AMZN,"AMZN stock is drawing attention, traders are bullish.",99.19088779879525
2023-01-02,GOOGL,Market sentiment towards GOOGL looks bearish these days.,88.47249554433462
2023-01-19,AAPL,"Investors are talking a lot about AAPL, big moves expected soon!",112.1153304548266
2023-03-30,TSLA,Analysts believe TSLA could rise after recent news.,115.2769394274327
2023-02-22,AAPL,"Lots of chatter on AAPL today, could this mean stabilize?",125.76285888857272
2023-02-21,GOOGL,"GOOGL stock is drawing attention, traders are bullish.",88.99064207912718
2023-01-16,AMZN,"Lots of chatter on AMZN today, could this mean stabilize?",96.7871295272007
2023-01-04,GOOGL,"Lots of chatter on GOOGL today, could this mean stabilize?",107.65982590422904
2023-02-15,AMZN,"AMZN stock is drawing attention, traders are worried.",100.86978418940626
2023-01-09,AAPL,Market sentiment towards AAPL looks bearish these days.,127.78871309603984
2023-03-10,MSFT,"MSFT outlook is excited, according to many investors.",240.67835092452796
2023-01-13,MSFT,Analysts believe MSFT could stabilize after recent news.,258.7280582354071
2023-01-06,TSLA,Analysts believe TSLA could dip after recent news.,115.62556751982744
2023-02-01,TSLA,Market sentiment towards TSLA looks neutral these days.,105.8143693455829
2023-01-13,AMZN,"AMZN stock is drawing attention, traders are excited.",90.55289027819296
2023-03-02,AAPL,"I'm neutral on AAPL, price action has been interesting.",109.09848629545628
2023-01-03,GOOGL,"Investors are talking a lot about GOOGL, big moves expected soon!",96.66495044526977
2023-01-18,AMZN,"Investors are talking a lot about AMZN, big moves expected soon!",88.7885138526433
2023-02-24,GOOGL,"I'm neutral on GOOGL, price action has been interesting.",96.66495044526977
2023-01-03,GOOGL,"GOOGL outlook is neutral, according to many investors.",86.89961556713949
2023-03-31,GOOGL,"GOOGL outlook is bullish, according to many investors.",89.75989832306075
2023-03-29,TSLA,"Lots of chatter on TSLA today, could this mean breakout?",105.8143693455829
2023-01-24,MSFT,Market sentiment towards MSFT looks neutral these days.,241.1440931999608
2023-01-12,TSLA,The way TSLA has been performing makes me feel worried.,115.2769394274327
2023-01-20,AAPL,"Lots of chatter on AAPL today, could this mean breakout?",137.2801814603673
2023-02-02,TSLA,Market sentiment towards TSLA looks bearish these days.,112.03579327914883
2023-02-22,MSFT,"MSFT stock is drawing attention, traders are bearish.",247.8969090457618
2023-02-17,AAPL,The way AAPL has been performing makes me feel neutral.,111.4414380315412
2023-03-09,TSLA,"Lots of chatter on TSLA today, could this mean fall?",112.3638206700515
2023-03-28,MSFT,"Investors are talking a lot about MSFT, big moves expected soon!",256.36604823097264
2023-03-24,AMZN,The way AMZN has been performing makes me feel bullish.,98.96940265756044
2023-03-10,TSLA,"I'm bullish on TSLA, price action has been interesting.",114.80657640380984
2023-01-12,TSLA,The way TSLA has been performing makes me feel neutral.,114.45826765072462
2023-02-16,MSFT,The way MSFT has been performing makes me feel neutral.,238.6207084882862
2023-02-17,GOOGL,"GOOGL stock is drawing attention, traders are bearish.",88.08394296325406
2023-01-02,AAPL,Analysts believe AAPL could fall after recent news.,110.48308955585064
2023-02-24,GOOGL,"I'm excited on GOOGL, price action has been interesting.",95.30714445261762
2023-03-30,TSLA,The way TSLA has been performing makes me feel bullish.,114.45826765072462
2023-01-31,AAPL,"Lots of chatter on AAPL today, could this mean rise?",105.5066884063496
2023-03-24,MSFT,The way MSFT has been performing makes me feel worried.,258.7280582354071
2023-03-30,AAPL,"Lots of chatter on AAPL today, could this mean fall?",122.9133625161458
2023-01-16,AMZN,Market sentiment towards AMZN looks bullish these days.,94.0224726042693
2023-01-19,MSFT,Market sentiment towards MSFT looks neutral these days.,238.6207084882862
2023-03-24,AAPL,"Investors are talking a lot about AAPL, big moves expected soon!",114.77170255262348
2023-02-10,GOOGL,"Investors are talking a lot about GOOGL, big moves expected soon!",98.02708834472024
2023-02-17,GOOGL,"Lots of chatter on GOOGL today, could this mean rise?",94.4673967412954
2023-02-21,GOOGL,Market sentiment towards GOOGL looks excited these days.,96.66495044526977
2023-01-06,AMZN,"AMZN outlook is bullish, according to many investors.",88.92831195630367
2023-02-06,AMZN,Market sentiment towards AMZN looks worried these days.,104.91895621571564
2023-03-28,AMZN,"Investors are talking a lot about AMZN, big moves expected soon!",89.02016276311137
2023-01-05,MSFT,"Lots of chatter on MSFT today, could this mean fall?",249.2035675109092
2023-02-28,AMZN,Market sentiment towards AMZN looks neutral these days.,100.05001650489336
2023-01-25,TSLA,Analysts believe TSLA could dip after recent news.,114.57552560976502
2023-02-24,TSLA,"TSLA stock is drawing attention, traders are neutral.",115.24796470827592
2023-02-23,GOOGL,"GOOGL outlook is worried, according to many investors.",94.4673967412954
2023-01-19,AMZN,Analysts believe AMZN could rise after recent news.,92.03902588070363
2023-02-14,GOOGL,"GOOGL stock is drawing attention, traders are neutral.",87.99793268801773
2023-03-13,AMZN,"AMZN stock is drawing attention, traders are excited.",93.89707748083532
2023-02-22,AAPL,"Lots of chatter on AAPL today, could this mean stabilize?",118.69104280038302
2023-02-01,AAPL,"AAPL outlook is worried, according to many investors.",127.1602184308493
2023-03-29,MSFT,"I'm excited on MSFT, price action has been interesting.",252.34772443328157
2023-01-20,AMZN,Analysts believe AMZN could rise after recent news.,102.54447997838436
2023-02-03,AAPL,Market sentiment towards AAPL looks bearish these days.,110.5381747122457
2023-01-24,TSLA,"TSLA outlook is worried, according to many investors.",115.2987976598603
2023-03-15,AMZN,"AMZN outlook is neutral, according to many investors.",92.0357990874798
2023-03-13,GOOGL,"GOOGL stock is drawing attention, traders are neutral.",92.84076267637236
2023-02-23,MSFT,Market sentiment towards MSFT looks neutral these days.,252.2763125126309
2023-03-13,MSFT,Analysts believe MSFT could breakout after recent news.,251.24849642836065
2023-01-09,TSLA,"Investors are talking a lot about TSLA, big moves expected soon!",110.74399848729672
2023-01-10,MSFT,Market sentiment towards MSFT looks excited these days.,238.97799071361024
2023-03-13,AMZN,Analysts believe AMZN could rise after recent news.,103.07971095426508
2023-02-28,GOOGL,"Lots of chatter on GOOGL today, could this mean breakout?",92.71093545880773
2023-03-30,TSLA,"Lots of chatter on TSLA today, could this mean breakout?",115.44975062951112
2023-01-20,GOOGL,"GOOGL outlook is excited, according to many investors.",91.42717056681614
2023-02-09,TSLA,The way TSLA has been performing makes me feel bullish.,112.56845981398098
2023-02-15,AAPL,"AAPL stock is drawing attention, traders are bearish.",130.3104557300001
2023-02-07,GOOGL,"GOOGL stock is drawing attention, traders are worried.",88.41417458413825
2023-02-20,TSLA,"Lots of chatter on TSLA today, could this mean stabilize?",111.88185997100378
2023-02-09,GOOGL,"Lots of chatter on GOOGL today, could this mean dip?",87.71777194950126
2023-02-22,AMZN,"AMZN stock is drawing attention, traders are bearish.",104.77329839040188
2023-03-21,MSFT,"Lots of chatter on MSFT today, could this mean rise?",253.8537717711724
2023-02-07,AAPL,"I'm bullish on AAPL, price action has been interesting.",130.99342830602245
2023-03-17,TSLA,Analysts believe TSLA could fall after recent news.,114.37058262128392
2023-02-15,GOOGL,"Lots of chatter on GOOGL today, could this mean dip?",86.49507571519749
2023-01-13,AMZN,"I'm bearish on AMZN, price action has been interesting.",89.65641888629835
2023-01-06,AAPL,"Investors are talking a lot about AAPL, big moves expected soon!",107.33061285234297
2023-02-22,TSLA,"TSLA outlook is neutral, according to many investors.",114.80657640380984
2023-01-18,MSFT,The way MSFT has been performing makes me feel bearish.,251.54188046292808
2023-02-13,GOOGL,Analysts believe GOOGL could stabilize after recent news.,88.63862365044015
2023-03-07,AMZN,The way AMZN has been performing makes me feel bearish.,91.89867313786772
2023-03-14,GOOGL,"GOOGL stock is drawing attention, traders are excited.",105.64779114122965
2023-03-20,MSFT,Analysts believe MSFT could fall after recent news.,253.14061648859337
2023-01-20,MSFT,Market sentiment towards MSFT looks neutral these days.,256.3875940695456
2023-02-09,AMZN,The way AMZN has been performing makes me feel worried.,96.7871295272007
2023-01-11,TSLA,The way TSLA has been performing makes me feel neutral.,116.84545196412247
2023-01-06,TSLA,"TSLA outlook is bearish, according to many investors.",111.88185997100378
2023-02-09,MSFT,Market sentiment towards MSFT looks bearish these days.,238.97799071361024
2023-03-07,TSLA,"TSLA stock is drawing attention, traders are bullish.",117.26937252857788
2023-03-03,AMZN,"I'm bullish on AMZN, price action has been interesting.",95.6829014695944
2023-01-03,GOOGL,"I'm excited on GOOGL, price action has been interesting.",89.82595353728257
2023-02-07,TSLA,"I'm neutral on TSLA, price action has been interesting.",115.15479892754824
2023-02-20,AMZN,Market sentiment towards AMZN looks worried these days.,104.91895621571564
2023-02-20,GOOGL,"Lots of chatter on GOOGL today, could this mean dip?",89.21135449552935
2023-02-06,AMZN,Analysts believe AMZN could stabilize after recent news.,94.05128089966354
2023-03-01,AMZN,"AMZN stock is drawing attention, traders are bullish.",89.29757967336829
2023-02-07,TSLA,Market sentiment towards TSLA looks worried these days.,113.63097750248954
2023-01-27,GOOGL,"GOOGL stock is drawing attention, traders are excited.",87.59981329687079
2023-01-16,AAPL,"Investors are talking a lot about AAPL, big moves expected soon!",119.29457374852431
2023-02-22,AAPL,"AAPL stock is drawing attention, traders are excited.",138.96122223397512
2023-01-09,MSFT,"I'm excited on MSFT, price action has been interesting.",253.93499282328747
2023-02-01,AMZN,Market sentiment towards AMZN looks neutral these days.,89.09791095488092
2023-03-07,MSFT,The way MSFT has been performing makes me feel neutral.,253.93499282328747
2023-03-06,TSLA,"TSLA stock is drawing attention, traders are bullish.",115.26617096790577
2023-01-17,GOOGL,"GOOGL stock is drawing attention, traders are worried.",86.49507571519749
2023-01-18,AMZN,"I'm bearish on AMZN, price action has been interesting.",89.07407304765302
2023-03-28,GOOGL,"GOOGL outlook is bearish, according to many investors.",103.92117866845123
2023-03-24,TSLA,The way TSLA has been performing makes me feel bullish.,114.05624946250992
2023-03-01,AMZN,"AMZN outlook is bearish, according to many investors.",95.66659292425828
2023-01-06,MSFT,"MSFT stock is drawing attention, traders are neutral.",237.14084694017723
2023-02-21,AAPL,"AAPL stock is drawing attention, traders are excited.",138.8150509186731
2023-02-13,GOOGL,Market sentiment towards GOOGL looks bullish these days.,89.64912995730377
2023-01-12,AMZN,Market sentiment towards AMZN looks excited these days.,100.05001650489336
2023-03-13,AAPL,"I'm excited on AAPL, price action has been interesting.",130.99342830602245
2023-02-09,GOOGL,"Lots of chatter on GOOGL today, could this mean rise?",89.21135449552935
2023-02-24,MSFT,Market sentiment towards MSFT looks neutral these days.,241.70844629714003
2023-02-27,GOOGL,"GOOGL stock is drawing attention, traders are excited.",88.63862365044015
2023-01-16,AMZN,"AMZN outlook is bearish, according to many investors.",96.81313331095652
2023-02-01,AMZN,Market sentiment towards AMZN looks neutral these days.,105.88256082750448
2023-01-02,TSLA,"I'm bullish on TSLA, price action has been interesting.",112.09895647004323
2023-03-06,TSLA,"Lots of chatter on TSLA today, could this mean stabilize?",113.63097750248954
2023-01-30,AAPL,"I'm bearish on AAPL, price action has been interesting.",127.78871309603984
2023-02-20,AAPL,Market sentiment towards AAPL looks excited these days.,134.1217558293525
2023-03-16,GOOGL,The way GOOGL has been performing makes me feel bullish.,89.75989832306075
2023-03-21,TSLA,"Lots of chatter on TSLA today, could this mean fall?",115.11576987004398
2023-01-02,GOOGL,"Lots of chatter on GOOGL today, could this mean dip?",86.16647590995666
2023-03-29,MSFT,"MSFT outlook is bullish, according to many investors.",237.8564216608738
2023-03-16,AAPL,"Investors are talking a lot about AAPL, big moves expected soon!",107.89910165451091
2023-03-17,TSLA,The way TSLA has been performing makes me feel worried.,114.00855815065005
2023-02-24,GOOGL,"Investors are talking a lot about GOOGL, big moves expected soon!",94.21294969027754
2023-01-20,GOOGL,Analysts believe GOOGL could breakout after recent news.,89.93258335656962
2023-01-30,GOOGL,"I'm bullish on GOOGL, price action has been interesting.",88.79797393518416
2023-03-07,AMZN,"AMZN stock is drawing attention, traders are worried.",89.09791095488092
2023-03-15,GOOGL,The way GOOGL has been performing makes me feel worried.,103.9596736554112
2023-01-12,TSLA,"Lots of chatter on TSLA today, could this mean breakout?",115.11576987004398
2023-03-14,AMZN,"I'm worried on AMZN, price action has been interesting.",104.77329839040188
2023-03-21,MSFT,"Lots of chatter on MSFT today, could this mean dip?",250.9171170147616
2023-02-06,TSLA,"TSLA outlook is bullish, according to many investors.",117.73577041637893
2023-02-27,TSLA,"Lots of chatter on TSLA today, could this mean dip?",107.34009767559544
2023-02-17,MSFT,Analysts believe MSFT could fall after recent news.,251.54188046292808
2023-03-29,MSFT,"Investors are talking a lot about MSFT, big moves expected soon!",253.93499282328747
2023-02-03,AAPL,"AAPL outlook is worried, according to many investors.",121.82459706709544
2023-02-22,TSLA,"TSLA outlook is bearish, according to many investors.",107.74149530735816
2023-01-03,AAPL,"I'm worried on AAPL, price action has been interesting.",118.71118624893776
2023-01-10,GOOGL,"I'm neutral on GOOGL, price action has been interesting.",87.71777194950126
2023-02-16,GOOGL,"Investors are talking a lot about GOOGL, big moves expected soon!",103.9596736554112
2023-01-24,MSFT,"I'm bearish on MSFT, price action has been interesting.",252.826821580197
2023-03-01,MSFT,"MSFT outlook is bearish, according to many investors.",249.71601303957576
2023-03-23,AMZN,Analysts believe AMZN could fall after recent news.,89.65641888629835
2023-03-13,MSFT,Market sentiment towards MSFT looks neutral these days.,239.65077902270352
2023-03-16,MSFT,The way MSFT has been performing makes me feel bullish.,253.22305341902452
2023-02-02,MSFT,Market sentiment towards MSFT looks worried these days.,250.0364394129566
2023-02-03,MSFT,"I'm bullish on MSFT, price action has been interesting.",250.1534581332311
2023-03-14,AMZN,"AMZN stock is drawing attention, traders are excited.",98.80649412024268
2023-02-15,AAPL,Market sentiment towards AAPL looks bearish these days.,118.71118624893776
2023-03-09,TSLA,Market sentiment towards TSLA looks excited these days.,112.56813073679352
2023-02-09,TSLA,The way TSLA has been performing makes me feel bullish.,112.61449191231668
2023-03-29,AMZN,"AMZN stock is drawing attention, traders are bearish.",94.05128089966354
2023-01-31,AMZN,The way AMZN has been performing makes me feel bullish.,98.96940265756044
2023-02-06,TSLA,"Lots of chatter on TSLA today, could this mean dip?",115.15479892754824
2023-02-08,AMZN,The way AMZN has been performing makes me feel bullish.,104.91895621571564
2023-03-09,AMZN,The way AMZN has been performing makes me feel neutral.,92.03902588070363
2023-03-09,MSFT,"MSFT outlook is worried, according to many investors.",253.14061648859337
2023-01-27,AMZN,"AMZN stock is drawing attention, traders are neutral.",105.88256082750448
2023-03-29,MSFT,"I'm neutral on MSFT, price action has been interesting.",239.42678753583849
2023-03-27,GOOGL,"I'm worried on GOOGL, price action has been interesting.",86.01952659374552
2023-03-09,AAPL,"AAPL stock is drawing attention, traders are excited.",110.111771602523
2023-01-02,AAPL,"Investors are talking a lot about AAPL, big moves expected soon!",119.06991308610915
2023-01-18,AMZN,Analysts believe AMZN could breakout after recent news.,91.27015849190768
2023-03-13,GOOGL,"Lots of chatter on GOOGL today, could this mean dip?",86.67560634834425
2023-03-20,TSLA,"I'm neutral on TSLA, price action has been interesting.",115.62556751982744
2023-03-28,AMZN,"AMZN stock is drawing attention, traders are excited.",89.29757967336829
2023-02-14,MSFT,"Lots of chatter on MSFT today, could this mean fall?",252.34772443328157
2023-02-10,AAPL,"AAPL outlook is neutral, according to many investors.",121.18533494402097
2023-02-09,MSFT,"Lots of chatter on MSFT today, could this mean stabilize?",257.4091621014592
2023-03-09,MSFT,The way MSFT has been performing makes me feel bullish.,249.2035675109092
2023-03-03,AAPL,Market sentiment towards AAPL looks bearish these days.,119.06991308610915
2023-02-10,MSFT,"I'm excited on MSFT, price action has been interesting.",251.91478909246692
2023-01-23,AMZN,Analysts believe AMZN could stabilize after recent news.,98.96940265756044
2023-02-24,AAPL,"I'm excited on AAPL, price action has been interesting.",109.09848629545628
2023-01-26,AAPL,"AAPL outlook is neutral, according to many investors.",112.50905292656483
2023-01-25,AAPL,"AAPL outlook is excited, according to many investors.",105.97676885173104
2023-01-02,TSLA,"TSLA stock is drawing attention, traders are worried.",111.11020743720992
2023-03-07,GOOGL,The way GOOGL has been performing makes me feel bearish.,103.7271867384658
2023-02-22,GOOGL,Analysts believe GOOGL could fall after recent news.,91.45167777496049
2023-03-13,AAPL,"Lots of chatter on AAPL today, could this mean rise?",109.4462456661918
2023-03-29,TSLA,Analysts believe TSLA could breakout after recent news.,117.26937252857788
2023-01-05,MSFT,"Lots of chatter on MSFT today, could this mean dip?",241.70844629714003
2023-01-02,GOOGL,"Lots of chatter on GOOGL today, could this mean breakout?",96.66495044526977
2023-01-11,GOOGL,"I'm bearish on GOOGL, price action has been interesting.",89.93258335656962
2023-02-09,AAPL,"AAPL stock is drawing attention, traders are worried.",112.50905292656483
2023-03-17,AAPL,"I'm worried on AAPL, price action has been interesting.",110.29145320597452
2023-01-04,GOOGL,Market sentiment towards GOOGL looks excited these days.,95.3960924679492
2023-02-14,AMZN,"AMZN outlook is worried, according to many investors.",94.05128089966354
2023-01-13,AAPL,"Lots of chatter on AAPL today, could this mean dip?",120.71500291031556
2023-02-16,AMZN,"AMZN outlook is bullish, according to many investors.",91.53580168052092
2023-03-17,GOOGL,"Investors are talking a lot about GOOGL, big moves expected soon!",86.16647590995666
2023-02-14,AMZN,Analysts believe AMZN could dip after recent news.,92.14327842542612
2023-03-10,TSLA,"TSLA outlook is worried, according to many investors.",113.63097750248954
2023-01-10,MSFT,"Lots of chatter on MSFT today, could this mean breakout?",240.4963585681164
2023-01-11,MSFT,"MSFT outlook is neutral, according to many investors.",241.70844629714003
2023-03-31,AMZN,"AMZN stock is drawing attention, traders are worried.",95.66659292425828
2023-03-21,AAPL,"AAPL outlook is bullish, according to many investors.",108.10077741317558
2023-03-23,AMZN,"Investors are talking a lot about AMZN, big moves expected soon!",89.07407304765302
2023-03-16,AMZN,Market sentiment towards AMZN looks excited these days.,104.91895621571564
2023-03-13,TSLA,Analysts believe TSLA could rise after recent news.,111.25909926874225
2023-01-11,AMZN,"AMZN outlook is bearish, according to many investors.",90.59433197059629
2023-02-16,GOOGL,The way GOOGL has been performing makes me feel bearish.,88.5494701524181
2023-02-17,MSFT,"Lots of chatter on MSFT today, could this mean dip?",253.8537717711724
2023-02-14,GOOGL,Analysts believe GOOGL could rise after recent news.,105.11149271932508
2023-03-06,AAPL,"AAPL stock is drawing attention, traders are excited.",127.78871309603984
2023-01-23,AMZN,"I'm neutral on AMZN, price action has been interesting.",91.27015849190768
2023-02-21,GOOGL,"GOOGL stock is drawing attention, traders are excited.",94.21294969027754
2023-03-16,TSLA,Market sentiment towards TSLA looks neutral these days.,116.2845051448232
2023-01-19,AAPL,"AAPL stock is drawing attention, traders are bearish.",110.48308955585064
2023-03-17,MSFT,"Lots of chatter on MSFT today, could this mean dip?",254.32432759160727
2023-03-08,AAPL,"AAPL outlook is excited, according to many investors.",130.3104557300001
2023-01-10,AMZN,"AMZN outlook is worried, according to many investors.",94.0224726042693
2023-01-10,TSLA,Analysts believe TSLA could fall after recent news.,114.73134936166689
2023-02-15,AMZN,Market sentiment towards AMZN looks bearish these days.,95.13276302912864
2023-02-01,MSFT,Analysts believe MSFT could stabilize after recent news.,253.93499282328747
2023-01-26,AAPL,"AAPL outlook is excited, according to many investors.",137.58685188434174
2023-01-26,AMZN,Analysts believe AMZN could dip after recent news.,92.03902588070363
2023-02-20,AMZN,"AMZN outlook is worried, according to many investors.",88.92831195630367
2023-02-09,GOOGL,Analysts believe GOOGL could rise after recent news.,90.88980558179196
2023-03-24,MSFT,"Investors are talking a lot about MSFT, big moves expected soon!",254.73482510718335
2023-01-03,MSFT,"MSFT outlook is worried, according to many investors.",254.8222399169049
2023-01-02,AMZN,Market sentiment towards AMZN looks excited these days.,94.57938143046862
2023-03-07,TSLA,The way TSLA has been performing makes me feel neutral.,112.71248005714163
2023-01-27,TSLA,"TSLA outlook is neutral, according to many investors.",117.02897351719348
2023-01-16,TSLA,"TSLA stock is drawing attention, traders are bearish.",115.62556751982744
2023-01-03,MSFT,"MSFT stock is drawing attention, traders are bullish.",250.1534581332311
2023-01-17,MSFT,"Lots of chatter on MSFT today, could this mean breakout?",256.037607609795
2023-01-27,TSLA,"Investors are talking a lot about TSLA, big moves expected soon!",110.74399848729672
2023-01-06,MSFT,"MSFT stock is drawing attention, traders are excited.",253.22305341902452
2023-02-21,AAPL,"Lots of chatter on AAPL today, could this mean fall?",135.05833649269752
2023-02-22,MSFT,Analysts believe MSFT could stabilize after recent news.,255.5921656362433
2023-01-12,AMZN,"Lots of chatter on AMZN today, could this mean fall?",89.29757967336829
2023-03-15,TSLA,"Investors are talking a lot about TSLA, big moves expected soon!",115.11576987004398
2023-03-02,TSLA,"TSLA stock is drawing attention, traders are neutral.",111.25909926874225
2023-02-02,AMZN,"Lots of chatter on AMZN today, could this mean dip?",90.59433197059629
2023-02-10,MSFT,Analysts believe MSFT could fall after recent news.,247.8969090457618
2023-03-23,TSLA,The way TSLA has been performing makes me feel bullish.,114.80657640380984
2023-01-19,TSLA,"TSLA outlook is neutral, according to many investors.",113.32871705534018
2023-01-12,MSFT,"Lots of chatter on MSFT today, could this mean rise?",251.24849642836065
2023-02-24,AMZN,Market sentiment towards AMZN looks neutral these days.,92.1193968628654
2023-02-03,AMZN,Analysts believe AMZN could breakout after recent news.,90.85837652129794
2023-01-31,TSLA,The way TSLA has been performing makes me feel bearish.,115.44975062951112
2023-01-05,TSLA,Analysts believe TSLA could fall after recent news.,116.07381954596286
2023-02-06,GOOGL,"I'm neutral on GOOGL, price action has been interesting.",86.384738769212
2023-03-22,MSFT,Market sentiment towards MSFT looks worried these days.,249.41390927844947
2023-02-09,TSLA,"Lots of chatter on TSLA today, could this mean dip?",116.43656434179384
2023-02-21,AAPL,Analysts believe AAPL could fall after recent news.,110.29145320597452
2023-01-25,GOOGL,"I'm neutral on GOOGL, price action has been interesting.",86.49507571519749
2023-02-28,AAPL,"AAPL stock is drawing attention, traders are bullish.",125.76285888857272
2023-02-27,AAPL,"Investors are talking a lot about AAPL, big moves expected soon!",114.77170255262348
2023-02-22,GOOGL,Market sentiment towards GOOGL looks bearish these days.,86.384738769212
2023-02-16,GOOGL,"GOOGL outlook is bearish, according to many investors.",88.61815752840099
2023-01-24,AAPL,"I'm worried on AAPL, price action has been interesting.",108.82782091448937
2023-02-21,GOOGL,"GOOGL stock is drawing attention, traders are excited.",98.31578314324582
2023-02-03,TSLA,"I'm excited on TSLA, price action has been interesting.",110.74399848729672
2023-02-07,TSLA,"Investors are talking a lot about TSLA, big moves expected soon!",115.44975062951112
2023-03-21,AAPL,"Lots of chatter on AAPL today, could this mean stabilize?",126.07935508016996
2023-02-13,TSLA,The way TSLA has been performing makes me feel worried.,116.27312227613815
2023-01-09,TSLA,"TSLA outlook is worried, according to many investors.",113.63097571992164
2023-02-24,AAPL,Analysts believe AAPL could stabilize after recent news.,107.33061285234297
2023-01-17,AAPL,"AAPL outlook is bearish, according to many investors.",107.20012142941276
2023-03-15,AMZN,"Lots of chatter on AMZN today, could this mean stabilize?",92.91152312861108
2023-01-13,AMZN,"Investors are talking a lot about AMZN, big moves expected soon!",89.65641888629835
2023-03-03,GOOGL,Analysts believe GOOGL could stabilize after recent news.,86.2810077483177
2023-01-24,GOOGL,The way GOOGL has been performing makes me feel worried.,89.64912995730377
2023-02-06,MSFT,"Lots of chatter on MSFT today, could this mean rise?",240.67835092452796
2023-03-28,AMZN,"Investors are talking a lot about AMZN, big moves expected soon!",104.91895621571564
2023-03-06,AAPL,"AAPL outlook is excited, according to many investors.",125.62780247919687
2023-03-30,GOOGL,"GOOGL outlook is worried, according to many investors.",89.49577838191351
2023-01-03,GOOGL,"I'm excited on GOOGL, price action has been interesting.",103.9596736554112
2023-03-16,MSFT,"Investors are talking a lot about MSFT, big moves expected soon!",251.33964010816825
2023-03-31,TSLA,Market sentiment towards TSLA looks worried these days.,112.71248005714163
2023-03-13,MSFT,The way MSFT has been performing makes me feel excited.,255.85989399460053
2023-03-15,GOOGL,Analysts believe GOOGL could fall after recent news.,102.55376002955576
2023-02-20,TSLA,"Investors are talking a lot about TSLA, big moves expected soon!",114.45826765072462
2023-02-06,AAPL,"Lots of chatter on AAPL today, could this mean breakout?",122.04644224651518
2023-02-09,AAPL,"I'm bearish on AAPL, price action has been interesting.",110.111771602523
2023-01-30,AMZN,"I'm bearish on AMZN, price action has been interesting.",90.969526103566
2023-01-16,AAPL,"Investors are talking a lot about AAPL, big moves expected soon!",111.4414380315412
2023-02-24,GOOGL,"GOOGL outlook is bearish, according to many investors.",88.63862365044015
2023-01-16,GOOGL,Analysts believe GOOGL could fall after recent news.,91.45167777496049
2023-02-20,MSFT,Market sentiment towards MSFT looks bullish these days.,238.97799071361024
2023-03-23,AAPL,The way AAPL has been performing makes me feel excited.,133.76029139502614
2023-02-23,MSFT,"I'm worried on MSFT, price action has been interesting.",255.79604932771065
2023-03-16,MSFT,The way MSFT has been performing makes me feel bearish.,249.71601303957576
2023-03-17,AMZN,"AMZN stock is drawing attention, traders are neutral.",99.15698660075932
2023-02-02,TSLA,"TSLA outlook is bearish, according to many investors.",112.41553111626052
2023-01-31,AMZN,The way AMZN has been performing makes me feel excited.,87.35981101659057
2023-03-20,TSLA,"TSLA outlook is excited, according to many investors.",117.8074224945988
2023-02-15,MSFT,The way MSFT has been performing makes me feel bearish.,252.23778094824587
2023-02-20,AAPL,"AAPL stock is drawing attention, traders are bullish.",114.3287226489356
2023-01-27,AAPL,"Lots of chatter on AAPL today, could this mean breakout?",137.8761021468032
2023-03-28,MSFT,"Investors are talking a lot about MSFT, big moves expected soon!",249.2035675109092
2023-02-06,AMZN,"Lots of chatter on AMZN today, could this mean rise?",91.38099100541976
2023-02-24,MSFT,"I'm bearish on MSFT, price action has been interesting.",255.79604932771065
2023-01-24,AMZN,"Investors are talking a lot about AMZN, big moves expected soon!",87.35981101659057
2023-01-02,AAPL,The way AAPL has been performing makes me feel worried.,107.33061285234297
2023-03-27,MSFT,"Lots of chatter on MSFT today, could this mean fall?",255.3793571324257
2023-03-01,TSLA,"TSLA outlook is worried, according to many investors.",105.8143693455829
2023-02-28,TSLA,"Lots of chatter on TSLA today, could this mean dip?",111.11020743720992
2023-02-03,TSLA,"Lots of chatter on TSLA today, could this mean rise?",114.80657640380984
2023-02-23,TSLA,Market sentiment towards TSLA looks neutral these days.,108.4269243404117
2023-02-17,AMZN,"I'm bullish on AMZN, price action has been interesting.",105.88256082750448
2023-01-04,AAPL,"AAPL stock is drawing attention, traders are neutral.",135.05833649269752
2023-03-02,AAPL,"AAPL outlook is worried, according to many investors.",130.3104557300001
2023-03-13,AMZN,"Lots of chatter on AMZN today, could this mean dip?",92.14327842542612
2023-01-17,AMZN,Analysts believe AMZN could breakout after recent news.,98.96940265756044
2023-01-26,TSLA,"I'm bearish on TSLA, price action has been interesting.",117.2064150051684
2023-03-02,AAPL,"I'm excited on AAPL, price action has been interesting.",109.49034777729648
2023-03-23,AAPL,"AAPL outlook is bullish, according to many investors.",134.59002974325085
2023-03-09,GOOGL,The way GOOGL has been performing makes me feel bearish.,86.67560634834425
2023-03-27,TSLA,The way TSLA has been performing makes me feel bearish.,116.07381954596286
2023-01-24,MSFT,Analysts believe MSFT could breakout after recent news.,252.23778094824587
2023-03-21,GOOGL,The way GOOGL has been performing makes me feel worried.,92.84076267637236
2023-03-17,MSFT,"Lots of chatter on MSFT today, could this mean rise?",250.9171170147616
2023-03-07,MSFT,"Investors are talking a lot about MSFT, big moves expected soon!",240.7706347594577
2023-01-17,AMZN,"I'm bearish on AMZN, price action has been interesting.",88.20236890604593
2023-03-28,TSLA,"TSLA stock is drawing attention, traders are bearish.",114.57552560976502
2023-01-11,AMZN,Analysts believe AMZN could rise after recent news.,92.14327842542612
2023-01-30,AAPL,The way AAPL has been performing makes me feel neutral.,107.33061285234297
2023-02-03,GOOGL,Analysts believe GOOGL could rise after recent news.,88.61815752840099
2023-01-17,AAPL,"I'm bullish on AAPL, price action has been interesting.",110.111771602523
2023-01-20,AAPL,"Investors are talking a lot about AAPL, big moves expected soon!",119.06991308610915
2023-03-23,GOOGL,Market sentiment towards GOOGL looks bearish these days.,103.3391401422243
2023-02-06,GOOGL,"GOOGL outlook is neutral, according to many investors.",89.16355432644994
2023-02-06,AMZN,The way AMZN has been performing makes me feel bearish.,92.91152312861108
2023-03-07,GOOGL,"GOOGL stock is drawing attention, traders are bearish.",89.16355432644994
2023-02-14,MSFT,"MSFT stock is drawing attention, traders are worried.",251.91478909246692
2023-01-13,TSLA,"Lots of chatter on TSLA today, could this mean fall?",115.62556751982744
2023-01-23,MSFT,"Lots of chatter on MSFT today, could this mean breakout?",252.826821580197
2023-01-24,AMZN,"AMZN stock is drawing attention, traders are neutral.",99.46017888956618
2023-02-01,MSFT,"MSFT outlook is bearish, according to many investors.",239.3103700989465
2023-02-06,AAPL,The way AAPL has been performing makes me feel bearish.,105.97676885173104
2023-01-10,AMZN,"I'm bearish on AMZN, price action has been interesting.",89.52899291686128
2023-01-19,GOOGL,"Investors are talking a lot about GOOGL, big moves expected soon!",87.59981329687079
2023-01-10,AMZN,"AMZN outlook is worried, according to many investors.",90.969526103566
2023-01-12,AAPL,Market sentiment towards AAPL looks neutral these days.,114.09742608415914
2023-03-08,AAPL,Market sentiment towards AAPL looks neutral these days.,138.8150509186731
2023-03-23,AMZN,Analysts believe AMZN could dip after recent news.,99.72020146527116
2023-02-23,TSLA,Market sentiment towards TSLA looks neutral these days.,117.44346666505422
2023-01-25,GOOGL,"Lots of chatter on GOOGL today, could this mean fall?",92.84076267637236
2023-03-23,MSFT,The way MSFT has been performing makes me feel excited.,256.36604823097264
2023-01-24,AMZN,"AMZN stock is drawing attention, traders are neutral.",88.40501453588696
2023-01-19,AMZN,"AMZN stock is drawing attention, traders are neutral.",96.7871295272007
2023-02-13,GOOGL,"GOOGL outlook is excited, according to many investors.",88.08394296325406
2023-02-02,GOOGL,"GOOGL stock is drawing attention, traders are bearish.",107.65982590422904
2023-03-24,AAPL,"AAPL stock is drawing attention, traders are neutral.",113.49521869298056
2023-03-03,MSFT,The way MSFT has been performing makes me feel neutral.,239.42678753583849
2023-01-04,TSLA,"I'm worried on TSLA, price action has been interesting.",114.37058262128392
2023-02-21,AAPL,"Lots of chatter on AAPL today, could this mean stabilize?",112.50905292656483
2023-03-01,GOOGL,Market sentiment towards GOOGL looks bearish these days.,86.01952659374552
2023-02-24,GOOGL,The way GOOGL has been performing makes me feel bearish.,86.29183002409107
2023-03-17,GOOGL,Market sentiment towards GOOGL looks bullish these days.,95.30714445261762
2023-02-23,AAPL,"AAPL stock is drawing attention, traders are worried.",107.20012142941276
2023-01-20,AMZN,The way AMZN has been performing makes me feel bearish.,95.66659292425828
2023-01-05,TSLA,"Lots of chatter on TSLA today, could this mean dip?",110.74399848729672
2023-02-03,GOOGL,"I'm bullish on GOOGL, price action has been interesting.",99.9428024152471
2023-01-18,AMZN,"Lots of chatter on AMZN today, could this mean stabilize?",104.91895621571564
2023-02-15,AMZN,Analysts believe AMZN could rise after recent news.,96.7871295272007
2023-01-23,AAPL,The way AAPL has been performing makes me feel worried.,137.58685188434174
2023-02-28,TSLA,"Lots of chatter on TSLA today, could this mean breakout?",115.81012322074378
2023-03-17,MSFT,"MSFT outlook is excited, according to many investors.",247.8969090457618
2023-02-28,TSLA,"Investors are talking a lot about TSLA, big moves expected soon!",117.2064150051684
2023-02-16,GOOGL,"I'm bullish on GOOGL, price action has been interesting.",105.64779114122965
2023-02-10,AMZN,Analysts believe AMZN could fall after recent news.,87.9040288351952
2023-01-18,GOOGL,The way GOOGL has been performing makes me feel worried.,98.31578314324582
2023-01-18,TSLA,Analysts believe TSLA could breakout after recent news.,117.26937252857788
2023-01-25,TSLA,The way TSLA has been performing makes me feel excited.,117.2064150051684
2023-02-14,MSFT,"I'm neutral on MSFT, price action has been interesting.",256.037607609795
2023-02-23,GOOGL,Market sentiment towards GOOGL looks bullish these days.,86.67560634834425
2023-03-06,GOOGL,"GOOGL outlook is bearish, according to many investors.",88.5494701524181
2023-02-09,AMZN,"Lots of chatter on AMZN today, could this mean dip?",89.02016276311137
2023-03-28,AAPL,The way AAPL has been performing makes me feel worried.,114.77170255262348
2023-03-28,MSFT,"I'm excited on MSFT, price action has been interesting.",240.67835092452796
2023-03-21,TSLA,The way TSLA has been performing makes me feel neutral.,109.26821498594242
2023-01-23,GOOGL,"Lots of chatter on GOOGL today, could this mean rise?",107.65982590422904
2023-03-20,AAPL,Market sentiment towards AAPL looks excited these days.,125.76285888857272
2023-01-13,MSFT,"I'm excited on MSFT, price action has been interesting.",237.14084694017723
2023-02-10,MSFT,Analysts believe MSFT could fall after recent news.,253.22305341902452
2023-02-03,TSLA,"TSLA stock is drawing attention, traders are bullish.",111.44355272501969
2023-01-06,AAPL,The way AAPL has been performing makes me feel bullish.,110.97868978511146
2023-03-31,MSFT,Analysts believe MSFT could stabilize after recent news.,251.54188046292808
2023-03-09,TSLA,"I'm excited on TSLA, price action has been interesting.",107.27266500661185
2023-01-04,MSFT,Market sentiment towards MSFT looks worried these days.,251.33964010816825
2023-03-03,MSFT,"I'm worried on MSFT, price action has been interesting.",254.5032139891401
2023-01-19,AAPL,"AAPL outlook is excited, according to many investors.",125.76285888857272
2023-02-10,MSFT,"I'm worried on MSFT, price action has been interesting.",250.9171170147616
2023-01-25,AAPL,Analysts believe AAPL could fall after recent news.,134.59002974325085
2023-03-28,MSFT,"Lots of chatter on MSFT today, could this mean stabilize?",252.2763125126309
2023-02-21,MSFT,Analysts believe MSFT could rise after recent news.,239.3103700989465
2023-02-03,GOOGL,"Investors are talking a lot about GOOGL, big moves expected soon!",88.63862365044015
2023-03-08,MSFT,Analysts believe MSFT could dip after recent news.,255.4070691205143
2023-03-31,MSFT,"MSFT stock is drawing attention, traders are worried.",237.14084694017723
2023-03-15,AAPL,"I'm bullish on AAPL, price action has been interesting.",118.69104280038302
2023-01-20,TSLA,"TSLA stock is drawing attention, traders are excited.",117.02897351719348
2023-03-09,MSFT,"MSFT stock is drawing attention, traders are bearish.",249.2035675109092
2023-01-17,AMZN,Market sentiment towards AMZN looks bearish these days.,104.63122613197449
2023-03-23,AMZN,"Lots of chatter on AMZN today, could this mean dip?",100.05001650489336
2023-02-21,GOOGL,The way GOOGL has been performing makes me feel bearish.,89.75989832306075
2023-03-27,TSLA,"TSLA stock is drawing attention, traders are worried.",113.63097750248954
2023-03-01,GOOGL,Analysts believe GOOGL could rise after recent news.,94.21294969027754
2023-02-23,MSFT,Analysts believe MSFT could rise after recent news.,255.4070691205143
2023-03-20,TSLA,Analysts believe TSLA could breakout after recent news.,110.07817504102144
2023-03-29,GOOGL,The way GOOGL has been performing makes me feel bearish.,94.21294969027754
2023-03-06,AAPL,"Lots of chatter on AAPL today, could this mean stabilize?",137.2801814603673
2023-01-16,GOOGL,"GOOGL stock is drawing attention, traders are neutral.",86.89961556713949
2023-03-28,AAPL,"Lots of chatter on AAPL today, could this mean dip?",137.58685188434174
2023-02-03,AMZN,"AMZN stock is drawing attention, traders are bearish.",101.29797167766668
2023-03-14,GOOGL,The way GOOGL has been performing makes me feel excited.,102.55376002955576
2023-01-05,AMZN,"AMZN outlook is bearish, according to many investors.",96.81313331095652
2023-03-23,GOOGL,"Investors are talking a lot about GOOGL, big moves expected soon!",92.84076267637236
2023-01-27,AMZN,"I'm neutral on AMZN, price action has been interesting.",102.0264607185497
2023-03-29,TSLA,"Investors are talking a lot about TSLA, big moves expected soon!",108.4269243404117
2023-03-16,TSLA,"TSLA outlook is bullish, according to many investors.",109.26821498594242
2023-03-21,MSFT,"MSFT outlook is neutral, according to many investors.",257.4091621014592
2023-02-27,AAPL,"Investors are talking a lot about AAPL, big moves expected soon!",114.3287226489356
2023-01-04,AAPL,"Investors are talking a lot about AAPL, big moves expected soon!",118.71118624893776
2023-01-09,GOOGL,"GOOGL outlook is excited, according to many investors.",103.98747284720118
2023-01-06,MSFT,Market sentiment towards MSFT looks bullish these days.,252.2763125126309
2023-01-06,AMZN,"Investors are talking a lot about AMZN, big moves expected soon!",95.66659292425828
2023-03-16,AAPL,"Lots of chatter on AAPL today, could this mean dip?",135.05833649269752
2023-03-07,AAPL,Analysts believe AAPL could fall after recent news.,110.111771602523
2023-03-09,MSFT,Market sentiment towards MSFT looks bearish these days.,254.5032139891401
2023-01-12,GOOGL,"GOOGL outlook is bearish, according to many investors.",95.3960924679492
2023-01-27,TSLA,"TSLA outlook is neutral, according to many investors.",116.2845051448232
2023-03-27,AAPL,"I'm excited on AAPL, price action has been interesting.",114.77170255262348
2023-02-17,MSFT,"MSFT outlook is neutral, according to many investors.",258.7280582354071
2023-03-10,MSFT,Analysts believe MSFT could breakout after recent news.,243.2516973040306
2023-03-28,TSLA,"TSLA stock is drawing attention, traders are excited.",117.44346666505422
2023-01-24,AAPL,"Investors are talking a lot about AAPL, big moves expected soon!",117.50777302447896
2023-01-04,AMZN,"AMZN outlook is excited, according to many investors.",87.73786151172393
2023-02-14,TSLA,"Lots of chatter on TSLA today, could this mean rise?",115.44975062951112
2023-01-18,AMZN,Market sentiment towards AMZN looks bearish these days.,94.0224726042693
2023-01-19,GOOGL,"I'm worried on GOOGL, price action has been interesting.",86.384738769212
2023-01-16,MSFT,The way MSFT has been performing makes me feel bullish.,256.36604823097264
2023-03-20,MSFT,"MSFT stock is drawing attention, traders are bullish.",239.3103700989465
2023-02-09,GOOGL,"GOOGL outlook is excited, according to many investors.",87.41215474466284
2023-01-12,AAPL,Market sentiment towards AAPL looks neutral these days.,134.1217558293525
2023-02-03,AAPL,"AAPL stock is drawing attention, traders are excited.",114.77170255262348
2023-02-28,AMZN,"Investors are talking a lot about AMZN, big moves expected soon!",89.90876724578159
2023-01-12,MSFT,"Lots of chatter on MSFT today, could this mean dip?",251.33964010816825
2023-02-24,GOOGL,"Investors are talking a lot about GOOGL, big moves expected soon!",86.29183002409107
2023-02-03,AMZN,"AMZN outlook is neutral, according to many investors.",99.15285597194504
2023-01-06,MSFT,Market sentiment towards MSFT looks neutral these days.,254.8222399169049
2023-01-16,TSLA,Analysts believe TSLA could breakout after recent news.,113.63097571992164
2023-03-23,TSLA,The way TSLA has been performing makes me feel worried.,117.26937252857788
2023-02-22,GOOGL,The way GOOGL has been performing makes me feel worried.,86.29183002409107
2023-01-06,AMZN,"AMZN outlook is worried, according to many investors.",95.66659292425828
2023-03-08,GOOGL,Analysts believe GOOGL could stabilize after recent news.,86.79749893370014
2023-01-25,AAPL,"Investors are talking a lot about AAPL, big moves expected soon!",130.7168997036801
2023-02-21,TSLA,"TSLA outlook is excited, according to many investors.",117.73577041637893
2023-03-24,AMZN,"Lots of chatter on AMZN today, could this mean rise?",91.27015849190768
2023-03-08,AMZN,"I'm bearish on AMZN, price action has been interesting.",94.0224726042693
2023-02-08,AMZN,Analysts believe AMZN could dip after recent news.,96.81313331095652
2023-02-24,MSFT,"Investors are talking a lot about MSFT, big moves expected soon!",256.037607609795
2023-03-03,TSLA,"Investors are talking a lot about TSLA, big moves expected soon!",116.07381954596286
2023-03-28,AAPL,"I'm worried on AAPL, price action has been interesting.",110.97868978511146
2023-03-22,TSLA,"Investors are talking a lot about TSLA, big moves expected soon!",117.26937252857788
2023-03-20,AAPL,"Investors are talking a lot about AAPL, big moves expected soon!",108.10077741317558
2023-02-24,AAPL,Market sentiment towards AAPL looks neutral these days.,117.50777302447896
2023-02-24,AAPL,"I'm bearish on AAPL, price action has been interesting.",110.97868978511146
2023-02-15,MSFT,"I'm neutral on MSFT, price action has been interesting.",252.34772443328157
2023-01-09,MSFT,"MSFT outlook is bearish, according to many investors.",239.65077902270352
2023-01-26,TSLA,Analysts believe TSLA could breakout after recent news.,112.61449191231668
2023-02-24,TSLA,The way TSLA has been performing makes me feel bearish.,115.2769394274327
2023-03-23,MSFT,The way MSFT has been performing makes me feel bullish.,254.0987411020601
2023-03-23,GOOGL,The way GOOGL has been performing makes me feel neutral.,94.4673967412954
2023-03-08,MSFT,"Investors are talking a lot about MSFT, big moves expected soon!",257.8609798488129
2023-02-27,AMZN,"Investors are talking a lot about AMZN, big moves expected soon!",104.16824571467193
2023-01-18,GOOGL,"GOOGL stock is drawing attention, traders are neutral.",87.71777194950126
2023-03-03,TSLA,"TSLA outlook is excited, according to many investors.",112.56845981398098
2023-03-15,TSLA,The way TSLA has been performing makes me feel bearish.,117.21422940849848
2023-02-28,GOOGL,Analysts believe GOOGL could dip after recent news.,105.64779114122965
2023-03-29,MSFT,"MSFT outlook is excited, according to many investors.",251.33964010816825
2023-02-07,TSLA,"TSLA stock is drawing attention, traders are neutral.",115.2769394274327
2023-02-22,AMZN,"Investors are talking a lot about AMZN, big moves expected soon!",93.1969107503963
2023-03-24,MSFT,"MSFT outlook is excited, according to many investors.",253.8537717711724
2023-01-10,AAPL,"AAPL stock is drawing attention, traders are bearish.",133.76029139502614
2023-01-06,GOOGL,"I'm bearish on GOOGL, price action has been interesting.",89.16355432644994
2023-03-03,AMZN,Market sentiment towards AMZN looks bearish these days.,91.09136003888008
2023-03-22,GOOGL,"GOOGL stock is drawing attention, traders are bearish.",95.3960924679492
2023-02-13,TSLA,"Investors are talking a lot about TSLA, big moves expected soon!",117.02897351719348
2023-02-01,TSLA,Market sentiment towards TSLA looks bearish these days.,116.84545196412247
2023-02-28,GOOGL,"GOOGL stock is drawing attention, traders are worried.",92.60610790975478
2023-01-13,TSLA,"I'm excited on TSLA, price action has been interesting.",114.57552560976502
2023-02-14,AAPL,"Investors are talking a lot about AAPL, big moves expected soon!",129.1858806715181
2023-03-15,TSLA,"Investors are talking a lot about TSLA, big moves expected soon!",110.39484286163304
2023-02-10,AAPL,"AAPL stock is drawing attention, traders are bullish.",114.3287226489356
2023-02-23,AMZN,"AMZN outlook is excited, according to many investors.",90.85837652129794
2023-02-13,AMZN,The way AMZN has been performing makes me feel excited.,98.96940265756044
2023-01-03,AAPL,Analysts believe AAPL could stabilize after recent news.,138.96122223397512
2023-01-17,MSFT,"MSFT outlook is bearish, according to many investors.",237.14084694017723
2023-02-23,GOOGL,The way GOOGL has been performing makes me feel bullish.,89.82595353728257
2023-01-18,MSFT,"MSFT stock is drawing attention, traders are bullish.",252.19675275701448
2023-03-06,TSLA,Analysts believe TSLA could breakout after recent news.,120.86505772800692
2023-02-07,AAPL,Market sentiment towards AAPL looks bullish these days.,125.76285888857272
2023-01-24,TSLA,"Lots of chatter on TSLA today, could this mean fall?",112.26658190056602
2023-03-24,AAPL,"AAPL outlook is bearish, according to many investors.",125.62780247919687
2023-03-30,TSLA,Market sentiment towards TSLA looks bullish these days.,112.484954655671
2023-02-17,TSLA,"Lots of chatter on TSLA today, could this mean breakout?",117.8074224945988
2023-02-10,GOOGL,Analysts believe GOOGL could breakout after recent news.,88.08394296325406
2023-03-29,GOOGL,"I'm excited on GOOGL, price action has been interesting.",88.77606573440579
2023-02-08,AAPL,Analysts believe AAPL could rise after recent news.,114.77170255262348
2023-03-24,MSFT,Market sentiment towards MSFT looks neutral these days.,250.4815684727234
2023-02-21,MSFT,"Lots of chatter on MSFT today, could this mean stabilize?",240.67835092452796
2023-01-31,GOOGL,"Lots of chatter on GOOGL today, could this mean rise?",88.77606573440579
2023-01-27,AAPL,"AAPL stock is drawing attention, traders are bullish.",134.1217558293525
2023-03-30,GOOGL,Market sentiment towards GOOGL looks bullish these days.,86.67560634834425
2023-01-24,GOOGL,"Investors are talking a lot about GOOGL, big moves expected soon!",91.45167777496049
2023-01-17,TSLA,"Investors are talking a lot about TSLA, big moves expected soon!",114.73134936166689
2023-01-31,GOOGL,"GOOGL outlook is bearish, according to many investors.",86.49507571519749
2023-01-24,TSLA,Analysts believe TSLA could stabilize after recent news.,117.26937252857788
2023-01-13,AAPL,"AAPL outlook is neutral, according to many investors.",108.1772087535367
2023-03-31,MSFT,"I'm worried on MSFT, price action has been interesting.",256.037607609795
2023-01-31,TSLA,Market sentiment towards TSLA looks excited these days.,115.24796470827592
2023-03-10,TSLA,"Lots of chatter on TSLA today, could this mean dip?",115.62556751982744
2023-01-19,AAPL,The way AAPL has been performing makes me feel bullish.,105.97676885173104
2023-03-30,GOOGL,"Investors are talking a lot about GOOGL, big moves expected soon!",86.67560634834425
2023-03-07,AMZN,"Investors are talking a lot about AMZN, big moves expected soon!",89.09791095488092
2023-02-09,AAPL,"I'm excited on AAPL, price action has been interesting.",119.29457374852431
2023-02-20,MSFT,"I'm excited on MSFT, price action has been interesting.",249.41390927844947
2023-03-14,MSFT,"Investors are talking a lot about MSFT, big moves expected soon!",250.9171170147616
2023-01-10,GOOGL,"Investors are talking a lot about GOOGL, big moves expected soon!",99.9428024152471
2023-02-09,GOOGL,Analysts believe GOOGL could stabilize after recent news.,86.2810077483177
2023-01-16,MSFT,The way MSFT has been performing makes me feel excited.,252.2960828325226
2023-02-15,MSFT,"MSFT stock is drawing attention, traders are excited.",254.9057199189457
2023-01-09,MSFT,"Lots of chatter on MSFT today, could this mean breakout?",256.9250075615008
2023-02-14,AAPL,Analysts believe AAPL could rise after recent news.,137.1029273412097
2023-03-13,AMZN,"Lots of chatter on AMZN today, could this mean breakout?",89.52899291686128
2023-03-22,GOOGL,"GOOGL stock is drawing attention, traders are neutral.",91.05294543696355
2023-02-06,TSLA,"Investors are talking a lot about TSLA, big moves expected soon!",114.45826765072462
2023-03-06,TSLA,"I'm bearish on TSLA, price action has been interesting.",112.56845981398098
2023-02-09,AMZN,"AMZN stock is drawing attention, traders are neutral.",90.59433197059629
2023-01-05,MSFT,"Investors are talking a lot about MSFT, big moves expected soon!",251.54188046292808
2023-01-18,MSFT,Analysts believe MSFT could dip after recent news.,257.4091621014592
2023-02-23,MSFT,The way MSFT has been performing makes me feel bearish.,250.0364394129566
2023-01-20,TSLA,"TSLA outlook is neutral, according to many investors.",116.27312227613815
2023-02-09,AMZN,Market sentiment towards AMZN looks bearish these days.,89.91119166002758
2023-02-09,MSFT,"Lots of chatter on MSFT today, could this mean rise?",241.1440931999608
2023-02-14,MSFT,The way MSFT has been performing makes me feel worried.,240.7706347594577
2023-01-03,TSLA,"I'm bullish on TSLA, price action has been interesting.",116.07381954596286
2023-03-07,AAPL,"AAPL outlook is excited, according to many investors.",108.10077741317558
2023-01-31,AAPL,"Lots of chatter on AAPL today, could this mean stabilize?",111.4414380315412
2023-02-07,AAPL,Analysts believe AAPL could stabilize after recent news.,119.06991308610915
2023-03-20,MSFT,"MSFT outlook is bearish, according to many investors.",251.91478909246692
2023-01-30,TSLA,Analysts believe TSLA could rise after recent news.,107.74149530735816
2023-03-07,MSFT,"Investors are talking a lot about MSFT, big moves expected soon!",250.9171170147616
2023-03-23,AAPL,"Lots of chatter on AAPL today, could this mean fall?",127.1602184308493
2023-01-09,MSFT,"MSFT outlook is excited, according to many investors.",254.32432759160727
2023-01-26,MSFT,"I'm bearish on MSFT, price action has been interesting.",250.7110413556572
2023-03-21,AMZN,Market sentiment towards AMZN looks worried these days.,89.09791095488092
2023-01-04,AAPL,"I'm neutral on AAPL, price action has been interesting.",121.82459706709544
2023-01-02,AAPL,Market sentiment towards AAPL looks neutral these days.,111.12468071263706
2023-03-22,MSFT,Analysts believe MSFT could breakout after recent news.,251.33964010816825
2023-02-22,AAPL,"I'm bullish on AAPL, price action has been interesting.",138.96122223397512
2023-01-20,MSFT,Analysts believe MSFT could fall after recent news.,253.14061648859337
2023-02-16,GOOGL,"I'm excited on GOOGL, price action has been interesting.",92.6802413334508
2023-03-27,TSLA,"TSLA outlook is bullish, according to many investors.",117.73577041637893
2023-02-17,AMZN,Analysts believe AMZN could dip after recent news.,91.53580168052092
2023-03-30,GOOGL,"Investors are talking a lot about GOOGL, big moves expected soon!",87.71777194950126
2023-02-03,GOOGL,"Lots of chatter on GOOGL today, could this mean rise?",89.75989832306075
2023-02-02,AMZN,Analysts believe AMZN could rise after recent news.,88.20236890604593
2023-01-17,MSFT,"I'm neutral on MSFT, price action has been interesting.",255.4070691205143
2023-01-25,GOOGL,"GOOGL outlook is neutral, according to many investors.",86.2810077483177
2023-01-20,GOOGL,"Investors are talking a lot about GOOGL, big moves expected soon!",105.64779114122965
2023-02-07,AMZN,Market sentiment towards AMZN looks excited these days.,92.1193968628654
2023-03-24,AMZN,The way AMZN has been performing makes me feel excited.,88.20236890604593
2023-03-06,AAPL,Analysts believe AAPL could fall after recent news.,122.04644224651518
2023-01-24,AAPL,Analysts believe AAPL could fall after recent news.,125.62780247919687
2023-03-15,AAPL,"Lots of chatter on AAPL today, could this mean fall?",118.2733156103735
2023-01-11,AAPL,"Lots of chatter on AAPL today, could this mean breakout?",133.76029139502614
2023-02-07,MSFT,Analysts believe MSFT could dip after recent news.,237.8564216608738
2023-03-06,AMZN,The way AMZN has been performing makes me feel bearish.,89.81734526186513
2023-03-10,MSFT,"Investors are talking a lot about MSFT, big moves expected soon!",258.7280582354071
2023-01-04,AAPL,Analysts believe AAPL could rise after recent news.,118.2733156103735
2023-03-30,AMZN,Analysts believe AMZN could dip after recent news.,88.20236890604593
2023-03-02,MSFT,"Investors are talking a lot about MSFT, big moves expected soon!",250.5556902998358
2023-03-15,MSFT,The way MSFT has been performing makes me feel neutral.,254.8222399169049
2023-02-02,GOOGL,"Lots of chatter on GOOGL today, could this mean fall?",91.45167777496049
2023-03-24,AMZN,"Investors are talking a lot about AMZN, big moves expected soon!",86.26617635749504
2023-01-04,GOOGL,"Investors are talking a lot about GOOGL, big moves expected soon!",103.98747284720118
2023-01-27,AAPL,"Lots of chatter on AAPL today, could this mean stabilize?",105.5066884063496
2023-03-06,TSLA,"TSLA stock is drawing attention, traders are bullish.",105.8143693455829
2023-01-20,AMZN,Market sentiment towards AMZN looks bullish these days.,102.99140554903606
2023-02-03,AMZN,Analysts believe AMZN could breakout after recent news.,92.1193968628654
2023-01-24,AMZN,"AMZN stock is drawing attention, traders are worried.",91.27015849190768
2023-01-12,GOOGL,Analysts believe GOOGL could stabilize after recent news.,86.2810077483177
2023-02-22,AMZN,"AMZN outlook is bearish, according to many investors.",89.81734526186513
2023-03-08,GOOGL,Analysts believe GOOGL could breakout after recent news.,102.59576771282129
2023-03-24,MSFT,"MSFT stock is drawing attention, traders are excited.",253.14061648859337
2023-03-29,GOOGL,"Investors are talking a lot about GOOGL, big moves expected soon!",86.39351060045915
2023-01-03,TSLA,"Lots of chatter on TSLA today, could this mean breakout?",113.63097571992164
2023-01-16,TSLA,"TSLA outlook is neutral, according to many investors.",112.09895647004323
2023-03-30,AMZN,Market sentiment towards AMZN looks neutral these days.,105.88256082750448
2023-01-30,AAPL,Market sentiment towards AAPL looks bearish these days.,119.06991308610915
2023-01-25,TSLA,Analysts believe TSLA could fall after recent news.,112.41553111626052
2023-03-30,AAPL,"Lots of chatter on AAPL today, could this mean breakout?",127.78871309603984
2023-02-22,MSFT,"MSFT outlook is bearish, according to many investors.",241.70844629714003
2023-02-14,TSLA,"Investors are talking a lot about TSLA, big moves expected soon!",113.63097750248954
2023-01-16,AAPL,"I'm bullish on AAPL, price action has been interesting.",110.111771602523
2023-03-03,AAPL,"I'm excited on AAPL, price action has been interesting.",113.49521869298056
2023-02-15,TSLA,"TSLA stock is drawing attention, traders are excited.",112.484954655671
2023-02-27,AAPL,"AAPL outlook is excited, according to many investors.",105.5066884063496
2023-01-11,MSFT,"I'm excited on MSFT, price action has been interesting.",238.97799071361024
2023-01-16,MSFT,Market sentiment towards MSFT looks worried these days.,241.70844629714003
2023-03-13,AAPL,Market sentiment towards AAPL looks neutral these days.,118.2733156103735
2023-02-27,TSLA,Analysts believe TSLA could fall after recent news.,114.57552560976502
2023-01-24,TSLA,"I'm bearish on TSLA, price action has been interesting.",115.24796470827592
2023-03-06,AAPL,"Investors are talking a lot about AAPL, big moves expected soon!",134.1217558293525
2023-02-14,TSLA,"Investors are talking a lot about TSLA, big moves expected soon!",112.09895647004323
2023-03-16,TSLA,"TSLA outlook is bearish, according to many investors.",113.63097750248954
2023-01-27,MSFT,"I'm bearish on MSFT, price action has been interesting.",239.3103700989465
2023-02-15,GOOGL,"GOOGL outlook is bearish, according to many investors.",88.08394296325406
2023-02-24,MSFT,"Investors are talking a lot about MSFT, big moves expected soon!",238.6207084882862
2023-02-14,AAPL,Analysts believe AAPL could breakout after recent news.,109.09848629545628
2023-01-03,TSLA,"TSLA outlook is bearish, according to many investors.",112.41553111626052
2023-02-15,MSFT,"MSFT outlook is excited, according to many investors.",256.037607609795
2023-02-10,GOOGL,"Investors are talking a lot about GOOGL, big moves expected soon!",103.3391401422243
2023-02-15,MSFT,"Lots of chatter on MSFT today, could this mean stabilize?",254.9057199189457
2023-02-06,TSLA,"Investors are talking a lot about TSLA, big moves expected soon!",115.24796470827592
2023-01-31,TSLA,The way TSLA has been performing makes me feel neutral.,109.26821498594242
2023-02-22,GOOGL,"Lots of chatter on GOOGL today, could this mean rise?",86.39351060045915
2023-03-06,MSFT,"I'm bearish on MSFT, price action has been interesting.",250.81557924919667
2023-01-20,MSFT,"Investors are talking a lot about MSFT, big moves expected soon!",255.3793571324257
2023-03-02,GOOGL,"Investors are talking a lot about GOOGL, big moves expected soon!",89.82595353728257
2023-03-09,MSFT,"MSFT stock is drawing attention, traders are bearish.",239.42678753583849
2023-03-27,MSFT,The way MSFT has been performing makes me feel neutral.,249.41390927844947
2023-01-09,AMZN,"I'm excited on AMZN, price action has been interesting.",91.38099100541976
2023-01-12,TSLA,Analysts believe TSLA could fall after recent news.,114.57552560976502
2023-01-09,AAPL,"I'm neutral on AAPL, price action has been interesting.",121.18533494402097
2023-02-14,GOOGL,"GOOGL outlook is excited, according to many investors.",103.92117866845123
2023-02-27,GOOGL,"I'm excited on GOOGL, price action has been interesting.",88.61815752840099
2023-01-11,GOOGL,"Investors are talking a lot about GOOGL, big moves expected soon!",99.9428024152471
2023-03-10,AAPL,"I'm excited on AAPL, price action has been interesting.",137.58685188434174
2023-03-28,TSLA,Market sentiment towards TSLA looks worried these days.,115.11576987004398
2023-03-28,AAPL,Analysts believe AAPL could stabilize after recent news.,120.49585112836192
2023-01-10,TSLA,The way TSLA has been performing makes me feel bullish.,114.80657640380984
2023-01-05,TSLA,"TSLA stock is drawing attention, traders are excited.",105.8143693455829
2023-01-09,AMZN,The way AMZN has been performing makes me feel worried.,88.92831195630367
2023-03-22,MSFT,"MSFT outlook is neutral, according to many investors.",249.41390927844947
2023-01-31,GOOGL,"Investors are talking a lot about GOOGL, big moves expected soon!",91.45167777496049
2023-02-06,TSLA,"TSLA stock is drawing attention, traders are worried.",113.86768673542504
2023-01-04,GOOGL,"Lots of chatter on GOOGL today, could this mean fall?",107.65982590422904
2023-02-27,GOOGL,The way GOOGL has been performing makes me feel worried.,89.49577838191351
2023-03-24,AAPL,Analysts believe AAPL could fall after recent news.,108.10077741317558
2023-01-19,AAPL,Analysts believe AAPL could dip after recent news.,137.2801814603673
2023-01-17,TSLA,"TSLA outlook is bullish, according to many investors.",110.39484286163304
2023-01-17,AMZN,"AMZN outlook is bullish, according to many investors.",87.35981101659057
2023-01-18,AAPL,"Lots of chatter on AAPL today, could this mean rise?",118.69104280038302
2023-02-03,AMZN,"AMZN outlook is bullish, according to many investors.",104.16824571467193
2023-03-03,AAPL,"Lots of chatter on AAPL today, could this mean dip?",110.111771602523
2023-01-26,AMZN,"AMZN outlook is excited, according to many investors.",103.97248096656855
2023-03-17,AAPL,"I'm bullish on AAPL, price action has been interesting.",129.1858806715181
2023-03-03,AMZN,Market sentiment towards AMZN looks excited these days.,89.91119166002758
2023-01-11,GOOGL,Market sentiment towards GOOGL looks neutral these days.,94.21294969027754
2023-03-15,TSLA,"I'm neutral on TSLA, price action has been interesting.",112.56845981398098
2023-03-17,AAPL,"AAPL stock is drawing attention, traders are bearish.",112.50905292656483
2023-02-14,MSFT,"Lots of chatter on MSFT today, could this mean rise?",249.41390927844947
2023-03-13,AAPL,"AAPL outlook is bearish, according to many investors.",122.04644224651518
2023-03-02,TSLA,"I'm neutral on TSLA, price action has been interesting.",115.15479892754824
2023-01-25,GOOGL,"Lots of chatter on GOOGL today, could this mean fall?",107.65982590422904
2023-01-31,GOOGL,"GOOGL outlook is neutral, according to many investors.",98.14613905684384
2023-02-21,TSLA,Analysts believe TSLA could rise after recent news.,116.2845051448232
2023-03-20,AAPL,"AAPL stock is drawing attention, traders are bullish.",105.5066884063496
2023-03-23,AAPL,The way AAPL has been performing makes me feel bearish.,110.97868978511146
2023-01-04,GOOGL,Market sentiment towards GOOGL looks bullish these days.,87.56346828310043
2023-02-08,GOOGL,The way GOOGL has been performing makes me feel excited.,103.3391401422243
2023-02-17,AAPL,Market sentiment towards AAPL looks worried these days.,107.452609474386
2023-03-27,AMZN,"AMZN outlook is bearish, according to many investors.",95.13276302912864
2023-03-16,AMZN,Market sentiment towards AMZN looks excited these days.,89.01952805283034
2023-03-29,GOOGL,"GOOGL stock is drawing attention, traders are worried.",95.3960924679492
2023-01-10,MSFT,"Investors are talking a lot about MSFT, big moves expected soon!",249.41390927844947
2023-03-09,TSLA,"I'm worried on TSLA, price action has been interesting.",115.24796470827592
2023-02-13,TSLA,The way TSLA has been performing makes me feel worried.,117.8074224945988
2023-03-22,AAPL,Analysts believe AAPL could fall after recent news.,113.98598608655568
2023-03-27,GOOGL,"I'm excited on GOOGL, price action has been interesting.",86.39351060045915
2023-02-02,TSLA,"Lots of chatter on TSLA today, could this mean fall?",120.86505772800692
2023-01-27,AMZN,"AMZN stock is drawing attention, traders are neutral.",100.05001650489336
2023-02-21,MSFT,"I'm bullish on MSFT, price action has been interesting.",239.42678753583849
2023-01-05,AMZN,"Lots of chatter on AMZN today, could this mean breakout?",91.53580168052092
2023-01-27,TSLA,The way TSLA has been performing makes me feel excited.,112.26658190056602
2023-03-24,AAPL,"Lots of chatter on AAPL today, could this mean breakout?",108.82782091448937
2023-02-02,AMZN,"AMZN outlook is excited, according to many investors.",96.81313331095652
2023-03-10,AAPL,"AAPL stock is drawing attention, traders are bullish.",107.20012142941276
2023-03-09,MSFT,"I'm excited on MSFT, price action has been interesting.",250.4815684727234
2023-03-13,AMZN,Analysts believe AMZN could rise after recent news.,87.35981101659057
2023-02-20,AAPL,"Investors are talking a lot about AAPL, big moves expected soon!",109.4462456661918
2023-02-16,AAPL,"AAPL stock is drawing attention, traders are excited.",130.99342830602245
2023-02-20,AAPL,"Lots of chatter on AAPL today, could this mean breakout?",138.96122223397512
2023-01-09,MSFT,"Lots of chatter on MSFT today, could this mean rise?",254.3746539509492
2023-02-23,GOOGL,"GOOGL stock is drawing attention, traders are excited.",87.41215474466284
2023-02-28,TSLA,"Lots of chatter on TSLA today, could this mean fall?",115.24796470827592
2023-03-22,MSFT,"Investors are talking a lot about MSFT, big moves expected soon!",253.8537717711724
2023-01-17,MSFT,"Lots of chatter on MSFT today, could this mean stabilize?",249.71601303957576
2023-01-04,AAPL,Analysts believe AAPL could rise after recent news.,125.76285888857272
2023-01-25,GOOGL,"Investors are talking a lot about GOOGL, big moves expected soon!",87.71777194950126
2023-02-24,GOOGL,Market sentiment towards GOOGL looks worried these days.,98.14613905684384
2023-01-30,AAPL,"Lots of chatter on AAPL today, could this mean fall?",119.74445509167056
2023-01-20,AAPL,Market sentiment towards AAPL looks excited these days.,137.8761021468032
2023-02-06,MSFT,"Lots of chatter on MSFT today, could this mean stabilize?",254.5032139891401
2023-01-11,MSFT,"Lots of chatter on MSFT today, could this mean rise?",238.6207084882862
2023-02-28,MSFT,Analysts believe MSFT could rise after recent news.,255.3793571324257
2023-03-02,AAPL,"Investors are talking a lot about AAPL, big moves expected soon!",130.99342830602245
2023-01-19,AMZN,"AMZN outlook is bearish, according to many investors.",90.59433197059629
2023-01-03,AAPL,Market sentiment towards AAPL looks worried these days.,108.10077741317558
2023-02-21,AMZN,"I'm neutral on AMZN, price action has been interesting.",96.7871295272007
2023-02-22,TSLA,"TSLA outlook is worried, according to many investors.",109.26821498594242
2023-02-27,MSFT,Market sentiment towards MSFT looks worried these days.,251.427817526324
2023-03-28,TSLA,"Lots of chatter on TSLA today, could this mean stabilize?",116.2845051448232
2023-03-24,TSLA,Market sentiment towards TSLA looks bullish these days.,112.09895647004323
2023-01-19,GOOGL,Analysts believe GOOGL could breakout after recent news.,103.3391401422243
2023-01-03,AMZN,"AMZN outlook is bearish, according to many investors.",90.55289027819296
2023-01-24,AAPL,Analysts believe AAPL could stabilize after recent news.,119.29457374852431
2023-02-08,AAPL,"AAPL stock is drawing attention, traders are bearish.",130.7168997036801
2023-02-17,MSFT,"MSFT outlook is neutral, according to many investors.",250.1534581332311
2023-01-06,AMZN,The way AMZN has been performing makes me feel worried.,88.92831195630367
2023-03-31,AAPL,The way AAPL has been performing makes me feel neutral.,114.77170255262348
2023-02-24,MSFT,"I'm worried on MSFT, price action has been interesting.",255.3793571324257
2023-03-20,TSLA,"TSLA stock is drawing attention, traders are excited.",112.03579327914883
2023-02-20,AMZN,"Investors are talking a lot about AMZN, big moves expected soon!",102.54447997838436
2023-03-03,AAPL,"AAPL stock is drawing attention, traders are excited.",111.12468071263706
2023-02-01,GOOGL,The way GOOGL has been performing makes me feel neutral.,86.384738769212
2023-03-07,AMZN,"Lots of chatter on AMZN today, could this mean stabilize?",99.19088779879525
2023-02-13,GOOGL,"Investors are talking a lot about GOOGL, big moves expected soon!",87.99793268801773
2023-01-16,AAPL,"Investors are talking a lot about AAPL, big moves expected soon!",119.29457374852431
2023-01-13,TSLA,"TSLA stock is drawing attention, traders are bullish.",117.73577041637893
2023-01-19,AAPL,Market sentiment towards AAPL looks worried these days.,114.09742608415914
2023-01-13,TSLA,"I'm bearish on TSLA, price action has been interesting.",113.05383568799172
2023-01-02,AMZN,"AMZN stock is drawing attention, traders are bearish.",86.26617635749504
2023-01-06,GOOGL,"GOOGL outlook is excited, according to many investors.",86.67560634834425
2023-01-27,TSLA,"TSLA stock is drawing attention, traders are bearish.",113.63097571992164
2023-01-11,TSLA,"TSLA stock is drawing attention, traders are bearish.",113.63097571992164
2023-03-01,AAPL,The way AAPL has been performing makes me feel bearish.,132.0122767798815
2023-01-02,MSFT,"MSFT outlook is bullish, according to many investors.",252.34772443328157
2023-03-21,AAPL,"AAPL outlook is neutral, according to many investors.",137.2801814603673
2023-03-30,MSFT,"MSFT outlook is bearish, according to many investors.",255.85989399460053
2023-02-08,GOOGL,"GOOGL outlook is excited, according to many investors.",86.39351060045915
2023-02-21,MSFT,Analysts believe MSFT could dip after recent news.,250.59121616293012
2023-03-07,MSFT,"Investors are talking a lot about MSFT, big moves expected soon!",239.65077902270352
2023-02-21,TSLA,"Investors are talking a lot about TSLA, big moves expected soon!",116.43656434179384
2023-03-09,AMZN,Analysts believe AMZN could fall after recent news.,91.53580168052092
2023-03-02,AAPL,The way AAPL has been performing makes me feel worried.,118.71118624893776
2023-03-20,MSFT,Analysts believe MSFT could stabilize after recent news.,249.2035675109092
2023-02-08,TSLA,"TSLA outlook is worried, according to many investors.",114.00855815065005
2023-01-09,AMZN,Analysts believe AMZN could dip after recent news.,92.0357990874798
2023-03-27,MSFT,"Investors are talking a lot about MSFT, big moves expected soon!",255.79604932771065
2023-01-27,GOOGL,"GOOGL stock is drawing attention, traders are bullish.",89.93258335656962
2023-01-03,MSFT,Analysts believe MSFT could fall after recent news.,257.8609798488129
2023-02-21,AMZN,Market sentiment towards AMZN looks bullish these days.,89.29757967336829
2023-01-27,AMZN,Market sentiment towards AMZN looks bearish these days.,93.89707748083532
2023-02-06,AAPL,"Investors are talking a lot about AAPL, big moves expected soon!",121.82459706709544
2023-02-09,TSLA,"I'm neutral on TSLA, price action has been interesting.",115.15479892754824
2023-01-02,AAPL,"I'm worried on AAPL, price action has been interesting.",107.452609474386
2023-02-17,AMZN,"Investors are talking a lot about AMZN, big moves expected soon!",89.29757967336829
2023-03-23,AMZN,"Lots of chatter on AMZN today, could this mean stabilize?",86.26617635749504
2023-02-15,TSLA,"Lots of chatter on TSLA today, could this mean breakout?",114.37058262128392
2023-03-13,GOOGL,Analysts believe GOOGL could rise after recent news.,91.05294543696355
2023-01-17,GOOGL,"GOOGL stock is drawing attention, traders are excited.",87.41215474466284
2023-01-27,AAPL,Analysts believe AAPL could rise after recent news.,111.4414380315412
2023-03-15,GOOGL,Market sentiment towards GOOGL looks excited these days.,89.75989832306075
2023-03-01,TSLA,"Investors are talking a lot about TSLA, big moves expected soon!",115.2769394274327
2023-03-10,AAPL,Market sentiment towards AAPL looks excited these days.,138.96122223397512
2023-02-09,AMZN,Analysts believe AMZN could fall after recent news.,92.91152312861108
2023-03-21,AAPL,"AAPL outlook is bullish, according to many investors.",111.12468071263706
2023-02-23,MSFT,"I'm worried on MSFT, price action has been interesting.",255.79604932771065
2023-03-20,GOOGL,"Investors are talking a lot about GOOGL, big moves expected soon!",86.79749893370014
2023-03-01,TSLA,The way TSLA has been performing makes me feel excited.,116.07381954596286
2023-03-10,MSFT,"MSFT stock is drawing attention, traders are neutral.",243.2516973040306
2023-02-01,GOOGL,"Investors are talking a lot about GOOGL, big moves expected soon!",88.61815752840099
2023-03-02,TSLA,Market sentiment towards TSLA looks bearish these days.,112.71248005714163
2023-02-22,MSFT,"MSFT outlook is worried, according to many investors.",240.67835092452796
2023-02-01,GOOGL,"I'm bearish on GOOGL, price action has been interesting.",103.98747284720118
2023-03-03,TSLA,"TSLA stock is drawing attention, traders are worried.",116.2845051448232
2023-03-14,AAPL,"I'm neutral on AAPL, price action has been interesting.",107.452609474386
2023-03-10,AMZN,Market sentiment towards AMZN looks worried these days.,94.05128089966354
2023-01-11,GOOGL,The way GOOGL has been performing makes me feel neutral.,87.56346828310043
2023-01-02,AAPL,Market sentiment towards AAPL looks worried these days.,111.12468071263706
2023-01-11,GOOGL,"GOOGL outlook is excited, according to many investors.",94.90275914774982
2023-02-09,GOOGL,Market sentiment towards GOOGL looks bearish these days.,102.59576771282129
2023-01-06,AAPL,Analysts believe AAPL could breakout after recent news.,121.82459706709544
2023-03-07,TSLA,The way TSLA has been performing makes me feel bullish.,110.07817504102144
2023-02-16,MSFT,"Investors are talking a lot about MSFT, big moves expected soon!",254.32432759160727
2023-03-31,TSLA,Market sentiment towards TSLA looks worried these days.,120.86505772800692
2023-03-17,GOOGL,"GOOGL outlook is neutral, according to many investors.",88.99064207912718
2023-03-01,AAPL,"I'm bullish on AAPL, price action has been interesting.",107.20012142941276
2023-02-10,AMZN,Analysts believe AMZN could rise after recent news.,90.55289027819296
2023-01-24,AMZN,"I'm neutral on AMZN, price action has been interesting.",89.52899291686128
2023-02-06,AAPL,"AAPL stock is drawing attention, traders are neutral.",125.62780247919687
2023-01-11,AAPL,"AAPL outlook is bullish, according to many investors.",138.8150509186731
2023-03-07,TSLA,"Investors are talking a lot about TSLA, big moves expected soon!",117.21422940849848
2023-03-06,MSFT,"Investors are talking a lot about MSFT, big moves expected soon!",241.70844629714003
2023-02-15,MSFT,"Lots of chatter on MSFT today, could this mean dip?",256.037607609795
2023-01-02,GOOGL,Analysts believe GOOGL could rise after recent news.,86.93710310368019
2023-01-26,GOOGL,"Investors are talking a lot about GOOGL, big moves expected soon!",92.64791109768308
2023-02-13,AMZN,"Investors are talking a lot about AMZN, big moves expected soon!",99.15285597194504
2023-01-19,TSLA,"TSLA outlook is excited, according to many investors.",114.73134936166689
2023-03-15,MSFT,"Lots of chatter on MSFT today, could this mean rise?",255.4070691205143
2023-03-08,MSFT,"Lots of chatter on MSFT today, could this mean stabilize?",256.3875940695456
2023-03-28,AMZN,"Lots of chatter on AMZN today, could this mean fall?",99.15285597194504
2023-03-30,MSFT,The way MSFT has been performing makes me feel bullish.,254.73482510718335
2023-03-29,TSLA,"Lots of chatter on TSLA today, could this mean dip?",112.61449191231668
2023-02-15,TSLA,"TSLA outlook is neutral, according to many investors.",113.63097750248954
2023-02-27,MSFT,Market sentiment towards MSFT looks bullish these days.,251.33964010816825
2023-03-08,AAPL,Market sentiment towards AAPL looks bearish these days.,108.82782091448937
2023-01-18,MSFT,"MSFT outlook is neutral, according to many investors.",250.59121616293012
2023-02-13,AMZN,"AMZN stock is drawing attention, traders are neutral.",94.57938143046862
2023-01-05,TSLA,The way TSLA has been performing makes me feel neutral.,105.8143693455829
2023-01-26,GOOGL,"I'm neutral on GOOGL, price action has been interesting.",89.16355432644994
2023-01-18,TSLA,"I'm bearish on TSLA, price action has been interesting.",113.05383568799172
2023-02-01,GOOGL,Analysts believe GOOGL could dip after recent news.,87.71777194950126
2023-01-02,AAPL,"I'm excited on AAPL, price action has been interesting.",120.71500291031556
2023-03-16,TSLA,Analysts believe TSLA could breakout after recent news.,115.2769394274327
2023-01-20,AAPL,Market sentiment towards AAPL looks bearish these days.,121.21232939349684
2023-03-31,TSLA,Market sentiment towards TSLA looks bullish these days.,114.05624946250992
2023-01-20,AMZN,Analysts believe AMZN could rise after recent news.,89.02016276311137
2023-01-30,MSFT,"MSFT outlook is bearish, according to many investors.",239.0029198870554
2023-01-26,GOOGL,Analysts believe GOOGL could stabilize after recent news.,89.64912995730377
2023-03-24,TSLA,"TSLA outlook is neutral, according to many investors.",114.80657640380984
2023-02-15,AMZN,"AMZN stock is drawing attention, traders are bearish.",92.14327842542612
2023-03-09,AMZN,Market sentiment towards AMZN looks bullish these days.,90.55289027819296
2023-02-17,TSLA,"I'm excited on TSLA, price action has been interesting.",112.3638206700515
2023-03-02,AMZN,Market sentiment towards AMZN looks bearish these days.,92.1193968628654
2023-01-16,AMZN,"AMZN outlook is neutral, according to many investors.",94.0224726042693
2023-03-06,TSLA,"Investors are talking a lot about TSLA, big moves expected soon!",107.27266500661185
2023-01-12,AAPL,"AAPL outlook is worried, according to many investors.",114.09742608415914
2023-01-04,AMZN,"AMZN outlook is worried, according to many investors.",103.07971095426508
2023-02-06,AMZN,"Lots of chatter on AMZN today, could this mean stabilize?",98.80649412024268
2023-03-08,GOOGL,Market sentiment towards GOOGL looks bearish these days.,86.16647590995666
2023-02-08,MSFT,"Investors are talking a lot about MSFT, big moves expected soon!",257.4091621014592
2023-02-06,AMZN,"I'm excited on AMZN, price action has been interesting.",89.09791095488092
2023-02-03,TSLA,The way TSLA has been performing makes me feel worried.,117.02897351719348
2023-01-17,TSLA,"I'm worried on TSLA, price action has been interesting.",105.8143693455829
2023-01-06,MSFT,The way MSFT has been performing makes me feel worried.,237.14084694017723
2023-03-08,AMZN,Analysts believe AMZN could dip after recent news.,98.96940265756044
2023-02-21,TSLA,"I'm bullish on TSLA, price action has been interesting.",115.26617096790577
2023-03-02,GOOGL,"I'm neutral on GOOGL, price action has been interesting.",89.75989832306075
2023-01-20,MSFT,"MSFT stock is drawing attention, traders are neutral.",252.2763125126309
2023-03-01,TSLA,Market sentiment towards TSLA looks bullish these days.,115.81012322074378
2023-03-08,AMZN,"I'm excited on AMZN, price action has been interesting.",89.91119166002758
2023-03-06,AAPL,Market sentiment towards AAPL looks worried these days.,138.0343868483502
2023-03-01,AAPL,"I'm excited on AAPL, price action has been interesting.",119.06991308610915
2023-01-30,AMZN,"AMZN stock is drawing attention, traders are neutral.",92.91152312861108
2023-02-01,TSLA,"TSLA outlook is excited, according to many investors.",110.39484286163304
2023-03-07,AAPL,The way AAPL has been performing makes me feel excited.,111.4414380315412
2023-01-20,AAPL,The way AAPL has been performing makes me feel neutral.,125.97266494499742
2023-02-03,TSLA,"Lots of chatter on TSLA today, could this mean stabilize?",111.44355272501969
2023-02-20,MSFT,"I'm excited on MSFT, price action has been interesting.",251.55173693368533
2023-03-13,MSFT,Analysts believe MSFT could rise after recent news.,251.4915430306843
2023-01-20,AAPL,Market sentiment towards AAPL looks bearish these days.,135.05833649269752
2023-01-30,TSLA,The way TSLA has been performing makes me feel bearish.,111.25909926874225
2023-01-18,GOOGL,"Investors are talking a lot about GOOGL, big moves expected soon!",99.9428024152471
2023-01-26,AAPL,"I'm bearish on AAPL, price action has been interesting.",111.12468071263706
2023-02-16,GOOGL,"Lots of chatter on GOOGL today, could this mean stabilize?",89.16355432644994
2023-03-14,AAPL,"Lots of chatter on AAPL today, could this mean stabilize?",112.1153304548266
2023-02-07,AMZN,"Investors are talking a lot about AMZN, big moves expected soon!",90.85837652129794
2023-02-09,GOOGL,Market sentiment towards GOOGL looks bearish these days.,88.08394296325406
2023-02-08,GOOGL,"I'm bearish on GOOGL, price action has been interesting.",88.99064207912718
2023-02-17,GOOGL,"I'm bearish on GOOGL, price action has been interesting.",103.98747284720118
2023-01-11,AAPL,"Lots of chatter on AAPL today, could this mean breakout?",112.50905292656483
2023-01-23,AAPL,Analysts believe AAPL could fall after recent news.,110.111771602523
2023-02-20,AAPL,"Investors are talking a lot about AAPL, big moves expected soon!",119.74445509167056
2023-02-10,TSLA,"TSLA stock is drawing attention, traders are bearish.",114.45826765072462
2023-01-25,MSFT,"MSFT outlook is excited, according to many investors.",238.6207084882862
2023-01-03,AMZN,Analysts believe AMZN could dip after recent news.,92.03902588070363
2023-03-09,AAPL,"Lots of chatter on AAPL today, could this mean fall?",114.77170255262348
2023-01-05,TSLA,Analysts believe TSLA could fall after recent news.,120.86505772800692
2023-01-10,GOOGL,The way GOOGL has been performing makes me feel excited.,92.64791109768308
2023-02-23,TSLA,Analysts believe TSLA could dip after recent news.,116.07381954596286
2023-01-18,AMZN,Market sentiment towards AMZN looks neutral these days.,91.27015849190768
2023-02-13,TSLA,"I'm bearish on TSLA, price action has been interesting.",116.07381954596286
2023-03-29,AAPL,"Lots of chatter on AAPL today, could this mean rise?",105.5066884063496
2023-03-20,AMZN,Market sentiment towards AMZN looks excited these days.,90.59433197059629
2023-02-28,GOOGL,The way GOOGL has been performing makes me feel bearish.,92.6802413334508
2023-03-27,TSLA,"I'm bearish on TSLA, price action has been interesting.",110.74399848729672
2023-02-28,AMZN,"I'm worried on AMZN, price action has been interesting.",104.63122613197449
2023-03-20,MSFT,The way MSFT has been performing makes me feel neutral.,251.54188046292808
2023-02-20,GOOGL,"Lots of chatter on GOOGL today, could this mean dip?",86.384738769212
2023-01-10,AAPL,"AAPL outlook is bearish, according to many investors.",108.82782091448937
2023-03-16,MSFT,The way MSFT has been performing makes me feel neutral.,255.4070691205143
2023-01-02,TSLA,"TSLA outlook is neutral, according to many investors.",117.73577041637893
2023-03-02,AAPL,"AAPL outlook is neutral, according to many investors.",109.26212047440468
2023-03-03,AMZN,The way AMZN has been performing makes me feel excited.,87.9040288351952
2023-03-07,AMZN,Market sentiment towards AMZN looks worried these days.,87.9040288351952
2023-01-18,TSLA,"Lots of chatter on TSLA today, could this mean fall?",110.07817504102144
2023-01-31,TSLA,"TSLA stock is drawing attention, traders are bearish.",111.25909926874225
2023-01-30,GOOGL,"I'm bearish on GOOGL, price action has been interesting.",89.21135449552935
2023-01-12,AAPL,"Lots of chatter on AAPL today, could this mean rise?",130.7168997036801
2023-02-06,MSFT,"I'm excited on MSFT, price action has been interesting.",239.3103700989465
2023-01-12,TSLA,"Investors are talking a lot about TSLA, big moves expected soon!",110.74399848729672
2023-01-20,MSFT,"Investors are talking a lot about MSFT, big moves expected soon!",249.41390927844947
2023-01-13,GOOGL,"GOOGL outlook is bearish, according to many investors.",86.49507571519749
2023-02-28,TSLA,"Investors are talking a lot about TSLA, big moves expected soon!",117.73577041637893
2023-02-02,MSFT,"I'm excited on MSFT, price action has been interesting.",237.14084694017723
2023-03-09,MSFT,"MSFT stock is drawing attention, traders are neutral.",241.70844629714003
2023-02-06,GOOGL,The way GOOGL has been performing makes me feel bullish.,86.29183002409107
2023-02-21,TSLA,Analysts believe TSLA could dip after recent news.,111.25909926874225
2023-03-10,AAPL,"Investors are talking a lot about AAPL, big moves expected soon!",134.59002974325085
2023-02-02,TSLA,"I'm bullish on TSLA, price action has been interesting.",106.62247105921196
2023-01-26,GOOGL,"Investors are talking a lot about GOOGL, big moves expected soon!",86.79749893370014
2023-03-24,GOOGL,"Investors are talking a lot about GOOGL, big moves expected soon!",105.64779114122965
2023-02-23,AMZN,Analysts believe AMZN could fall after recent news.,90.969526103566
2023-01-25,AAPL,Analysts believe AAPL could dip after recent news.,114.77170255262348
2023-01-26,TSLA,Analysts believe TSLA could dip after recent news.,115.44975062951112
2023-02-20,MSFT,"Lots of chatter on MSFT today, could this mean rise?",251.55173693368533
2023-03-17,MSFT,"I'm neutral on MSFT, price action has been interesting.",254.97225513830807
2023-03-07,AMZN,"AMZN stock is drawing attention, traders are excited.",87.9040288351952
2023-03-09,MSFT,"Investors are talking a lot about MSFT, big moves expected soon!",240.67835092452796
2023-02-15,TSLA,Analysts believe TSLA could breakout after recent news.,117.73577041637893
2023-01-30,AAPL,"Investors are talking a lot about AAPL, big moves expected soon!",119.74445509167056
2023-01-31,MSFT,"Lots of chatter on MSFT today, could this mean fall?",254.3746539509492
2023-03-08,MSFT,"MSFT stock is drawing attention, traders are worried.",249.41390927844947
2023-02-21,AMZN,"AMZN outlook is neutral, according to many investors.",104.16824571467193
2023-01-20,AMZN,"Investors are talking a lot about AMZN, big moves expected soon!",92.03902588070363
2023-02-17,AAPL,"AAPL stock is drawing attention, traders are worried.",108.82782091448937
2023-02-14,GOOGL,"GOOGL stock is drawing attention, traders are worried.",91.54455366458208
2023-01-16,MSFT,"Lots of chatter on MSFT today, could this mean dip?",251.55173693368533
2023-01-13,MSFT,The way MSFT has been performing makes me feel bearish.,256.36604823097264
2023-03-21,TSLA,Analysts believe TSLA could stabilize after recent news.,117.21422940849848
2023-02-03,TSLA,The way TSLA has been performing makes me feel excited.,117.21422940849848
2023-01-03,AMZN,Market sentiment towards AMZN looks neutral these days.,91.27015849190768
2023-03-30,TSLA,"TSLA outlook is bullish, according to many investors.",111.44355272501969
2023-02-17,AMZN,"AMZN stock is drawing attention, traders are neutral.",87.73786151172393
2023-01-10,MSFT,"I'm excited on MSFT, price action has been interesting.",250.4815684727234
2023-01-25,MSFT,"Lots of chatter on MSFT today, could this mean breakout?",241.70844629714003
2023-02-28,MSFT,Market sentiment towards MSFT looks bearish these days.,251.24849642836065
2023-02-23,GOOGL,"Investors are talking a lot about GOOGL, big moves expected soon!",87.71777194950126
2023-02-27,GOOGL,Market sentiment towards GOOGL looks worried these days.,88.08394296325406
2023-02-02,MSFT,"I'm neutral on MSFT, price action has been interesting.",249.2035675109092
2023-03-24,AMZN,The way AMZN has been performing makes me feel excited.,91.38099100541976
2023-03-06,AAPL,"Investors are talking a lot about AAPL, big moves expected soon!",120.71500291031556
2023-01-26,TSLA,"TSLA outlook is worried, according to many investors.",114.00855815065005
2023-02-28,TSLA,"I'm bearish on TSLA, price action has been interesting.",116.2845051448232
2023-02-14,AAPL,"Investors are talking a lot about AAPL, big moves expected soon!",118.71118624893776
2023-02-23,TSLA,"I'm excited on TSLA, price action has been interesting.",107.34009767559544
2023-02-20,MSFT,"MSFT stock is drawing attention, traders are neutral.",257.4091621014592
2023-02-20,AMZN,The way AMZN has been performing makes me feel excited.,96.81313331095652
2023-01-04,AAPL,Market sentiment towards AAPL looks bullish these days.,130.3104557300001
2023-01-11,TSLA,"Lots of chatter on TSLA today, could this mean rise?",108.4269243404117
2023-02-27,AAPL,"AAPL stock is drawing attention, traders are bearish.",125.62780247919687
2023-01-18,MSFT,The way MSFT has been performing makes me feel worried.,240.67835092452796
2023-03-09,AMZN,"AMZN outlook is bearish, according to many investors.",91.89867313786772
2023-03-24,TSLA,Market sentiment towards TSLA looks neutral these days.,112.09895647004323
2023-01-03,MSFT,"MSFT outlook is bullish, according to many investors.",253.22305341902452
2023-03-24,TSLA,"Investors are talking a lot about TSLA, big moves expected soon!",112.03579327914883
2023-01-06,AMZN,"AMZN outlook is bullish, according to many investors.",91.09136003888008
2023-03-02,AMZN,Analysts believe AMZN could breakout after recent news.,86.26617635749504
2023-02-07,TSLA,Market sentiment towards TSLA looks bullish these days.,107.2196372557134
2023-02-14,AMZN,Market sentiment towards AMZN looks bearish these days.,89.02016276311137
2023-01-30,MSFT,The way MSFT has been performing makes me feel bullish.,254.73482510718335
2023-01-11,AMZN,"I'm bullish on AMZN, price action has been interesting.",99.72020146527116
2023-03-10,AMZN,"Investors are talking a lot about AMZN, big moves expected soon!",89.65641888629835
2023-03-02,GOOGL,"GOOGL outlook is neutral, according to many investors.",89.75989832306075
2023-03-22,GOOGL,"I'm bearish on GOOGL, price action has been interesting.",105.11149271932508
2023-01-04,GOOGL,The way GOOGL has been performing makes me feel bullish.,88.99064207912718
2023-01-03,MSFT,"Investors are talking a lot about MSFT, big moves expected soon!",255.85989399460053
2023-03-02,AAPL,Analysts believe AAPL could rise after recent news.,138.0343868483502
2023-01-03,AAPL,The way AAPL has been performing makes me feel excited.,108.82782091448937
2023-02-17,GOOGL,The way GOOGL has been performing makes me feel bullish.,103.7271867384658
2023-02-10,TSLA,"Lots of chatter on TSLA today, could this mean dip?",109.26821498594242
2023-01-11,GOOGL,"Investors are talking a lot about GOOGL, big moves expected soon!",98.31578314324582
2023-01-31,AMZN,The way AMZN has been performing makes me feel neutral.,92.14327842542612
2023-03-02,TSLA,Market sentiment towards TSLA looks excited these days.,115.44975062951112
2023-03-22,MSFT,"MSFT outlook is worried, according to many investors.",256.037607609795
2023-02-20,AMZN,The way AMZN has been performing makes me feel worried.,89.65641888629835
2023-02-13,AMZN,"Lots of chatter on AMZN today, could this mean rise?",86.26617635749504
2023-03-07,TSLA,Analysts believe TSLA could stabilize after recent news.,115.08278432873662
2023-03-17,GOOGL,"Lots of chatter on GOOGL today, could this mean fall?",91.42717056681614
2023-03-28,MSFT,Market sentiment towards MSFT looks excited these days.,237.14084694017723
2023-02-10,GOOGL,"Lots of chatter on GOOGL today, could this mean stabilize?",88.99064207912718
2023-03-17,GOOGL,Market sentiment towards GOOGL looks worried these days.,94.21294969027754
2023-01-23,MSFT,"MSFT stock is drawing attention, traders are bullish.",250.81557924919667
2023-01-17,GOOGL,"Lots of chatter on GOOGL today, could this mean stabilize?",99.9428024152471
2023-01-24,GOOGL,Analysts believe GOOGL could rise after recent news.,95.30714445261762
2023-01-23,AAPL,"AAPL outlook is bullish, according to many investors.",118.69104280038302
2023-01-17,TSLA,Market sentiment towards TSLA looks bearish these days.,117.21422940849848
2023-01-11,AMZN,The way AMZN has been performing makes me feel bearish.,89.29757967336829
2023-01-04,TSLA,"Lots of chatter on TSLA today, could this mean breakout?",112.03579327914883
2023-01-23,TSLA,"Lots of chatter on TSLA today, could this mean breakout?",113.63097750248954
2023-02-10,MSFT,Market sentiment towards MSFT looks excited these days.,255.4070691205143
2023-02-01,MSFT,The way MSFT has been performing makes me feel excited.,256.36604823097264
2023-01-06,AAPL,"I'm neutral on AAPL, price action has been interesting.",125.76285888857272
2023-03-31,MSFT,"MSFT stock is drawing attention, traders are excited.",254.97225513830807
2023-02-10,AAPL,The way AAPL has been performing makes me feel worried.,123.14805754232684
2023-01-30,GOOGL,"GOOGL stock is drawing attention, traders are excited.",87.59981329687079
2023-01-31,TSLA,Market sentiment towards TSLA looks neutral these days.,110.07817504102144
2023-02-14,TSLA,"I'm worried on TSLA, price action has been interesting.",106.13694076891493
2023-02-15,MSFT,"I'm bearish on MSFT, price action has been interesting.",250.9171170147616
2023-01-23,GOOGL,"Investors are talking a lot about GOOGL, big moves expected soon!",103.98747284720118
2023-02-22,GOOGL,Analysts believe GOOGL could rise after recent news.,87.41215474466284
2023-01-19,MSFT,"MSFT outlook is worried, according to many investors.",252.2960828325226
2023-02-20,GOOGL,Analysts believe GOOGL could fall after recent news.,92.71093545880773
2023-02-01,TSLA,Analysts believe TSLA could rise after recent news.,116.2845051448232
2023-01-03,AMZN,"I'm worried on AMZN, price action has been interesting.",102.54447997838436
2023-03-31,MSFT,"MSFT outlook is excited, according to many investors.",254.3746539509492
2023-03-14,MSFT,Analysts believe MSFT could dip after recent news.,253.8537717711724
2023-03-28,GOOGL,"GOOGL outlook is bullish, according to many investors.",86.79749893370014
2023-02-01,TSLA,The way TSLA has been performing makes me feel excited.,110.74399848729672
2023-02-06,TSLA,"Investors are talking a lot about TSLA, big moves expected soon!",112.5579038235086
2023-03-17,GOOGL,"Lots of chatter on GOOGL today, could this mean rise?",86.49507571519749
2023-01-09,TSLA,Analysts believe TSLA could breakout after recent news.,107.74149530735816
2023-02-17,MSFT,"MSFT outlook is bearish, according to many investors.",254.5032139891401
2023-01-31,MSFT,The way MSFT has been performing makes me feel worried.,247.8969090457618
2023-03-01,TSLA,"TSLA outlook is worried, according to many investors.",115.44975062951112
2023-01-20,MSFT,"I'm worried on MSFT, price action has been interesting.",255.3793571324257
2023-03-24,TSLA,The way TSLA has been performing makes me feel bullish.,115.15479892754824
2023-01-17,MSFT,Market sentiment towards MSFT looks worried these days.,249.71601303957576
2023-03-09,TSLA,"I'm worried on TSLA, price action has been interesting.",115.2987976598603
2023-02-28,TSLA,"Lots of chatter on TSLA today, could this mean breakout?",115.81012322074378
2023-02-22,AMZN,Market sentiment towards AMZN looks neutral these days.,88.90708958366359
2023-03-03,GOOGL,"Lots of chatter on GOOGL today, could this mean rise?",89.21135449552935
2023-02-17,AMZN,Analysts believe AMZN could rise after recent news.,99.15698660075932
2023-02-10,GOOGL,"GOOGL outlook is worried, according to many investors.",95.3960924679492
2023-02-10,TSLA,"Investors are talking a lot about TSLA, big moves expected soon!",116.2845051448232
2023-01-09,AMZN,"AMZN outlook is excited, according to many investors.",102.0264607185497
2023-01-10,AMZN,"Lots of chatter on AMZN today, could this mean stabilize?",94.57938143046862
2023-03-14,AMZN,"I'm worried on AMZN, price action has been interesting.",93.89707748083532
2023-01-19,MSFT,"MSFT outlook is neutral, according to many investors.",250.822460604913
2023-01-20,AAPL,Analysts believe AAPL could rise after recent news.,132.0122767798815
2023-01-30,AAPL,Analysts believe AAPL could stabilize after recent news.,138.96122223397512
2023-02-17,MSFT,Market sentiment towards MSFT looks neutral these days.,251.33964010816825
2023-01-03,AAPL,"AAPL stock is drawing attention, traders are neutral.",137.8761021468032
2023-02-17,AMZN,Analysts believe AMZN could stabilize after recent news.,101.29797167766668
2023-01-27,GOOGL,"Investors are talking a lot about GOOGL, big moves expected soon!",90.21111369277384
2023-01-13,AAPL,"Investors are talking a lot about AAPL, big moves expected soon!",114.3287226489356
2023-02-03,GOOGL,"GOOGL outlook is neutral, according to many investors.",89.64912995730377
2023-02-03,TSLA,"Lots of chatter on TSLA today, could this mean fall?",112.03579327914883
2023-03-16,MSFT,"MSFT outlook is bearish, according to many investors.",254.97225513830807
2023-02-15,TSLA,Analysts believe TSLA could stabilize after recent news.,113.63286221620928
2023-02-20,GOOGL,"I'm bearish on GOOGL, price action has been interesting.",89.21135449552935
2023-01-19,GOOGL,"GOOGL stock is drawing attention, traders are neutral.",91.45167777496049
2023-03-31,MSFT,"Investors are talking a lot about MSFT, big moves expected soon!",251.427817526324
2023-03-16,GOOGL,"Investors are talking a lot about GOOGL, big moves expected soon!",91.05294543696355
2023-03-14,MSFT,The way MSFT has been performing makes me feel bullish.,255.85989399460053
2023-01-04,MSFT,Market sentiment towards MSFT looks worried these days.,239.0029198870554
2023-02-27,TSLA,The way TSLA has been performing makes me feel worried.,117.21422940849848
2023-01-09,AMZN,"AMZN stock is drawing attention, traders are neutral.",88.40501453588696
2023-02-03,AAPL,The way AAPL has been performing makes me feel bullish.,109.49034777729648
2023-01-18,GOOGL,"GOOGL stock is drawing attention, traders are excited.",89.82595353728257
2023-01-11,AMZN,"Investors are talking a lot about AMZN, big moves expected soon!",105.88256082750448
2023-01-30,MSFT,"Lots of chatter on MSFT today, could this mean stabilize?",250.7110413556572
2023-02-03,AAPL,"AAPL stock is drawing attention, traders are excited.",127.1602184308493
2023-03-03,MSFT,"Lots of chatter on MSFT today, could this mean rise?",254.5032139891401
2023-03-24,AMZN,Market sentiment towards AMZN looks neutral these days.,99.72020146527116
2023-01-17,TSLA,"I'm excited on TSLA, price action has been interesting.",112.56845981398098
2023-02-14,AMZN,Analysts believe AMZN could rise after recent news.,91.38099100541976
2023-01-18,TSLA,The way TSLA has been performing makes me feel neutral.,111.11020743720992
2023-02-13,TSLA,"TSLA stock is drawing attention, traders are worried.",110.39484286163304
2023-01-27,AMZN,Analysts believe AMZN could dip after recent news.,104.16824571467193
2023-01-25,TSLA,Market sentiment towards TSLA looks excited these days.,110.07817504102144
2023-03-24,MSFT,Market sentiment towards MSFT looks bullish these days.,254.9057199189457
2023-03-29,AMZN,The way AMZN has been performing makes me feel excited.,92.03902588070363
2023-01-09,AAPL,The way AAPL has been performing makes me feel worried.,105.97676885173104
2023-02-14,AMZN,"AMZN outlook is neutral, according to many investors.",89.09791095488092
2023-03-01,MSFT,The way MSFT has been performing makes me feel bullish.,250.0364394129566
2023-01-03,GOOGL,The way GOOGL has been performing makes me feel neutral.,92.60610790975478
2023-03-24,AMZN,"Investors are talking a lot about AMZN, big moves expected soon!",101.29797167766668
2023-02-01,AMZN,"AMZN outlook is neutral, according to many investors.",89.90876724578159
2023-02-13,TSLA,"I'm excited on TSLA, price action has been interesting.",116.2845051448232
2023-01-06,AMZN,The way AMZN has been performing makes me feel bullish.,88.40501453588696
2023-02-16,AMZN,"Lots of chatter on AMZN today, could this mean dip?",99.15698660075932
2023-01-13,AMZN,"I'm bullish on AMZN, price action has been interesting.",87.31005948872884
2023-01-03,TSLA,Analysts believe TSLA could breakout after recent news.,113.63097750248954
2023-01-16,AAPL,"AAPL outlook is bearish, according to many investors.",120.49585112836192
2023-03-10,AMZN,Analysts believe AMZN could rise after recent news.,91.09136003888008
2023-02-13,GOOGL,"GOOGL stock is drawing attention, traders are bullish.",103.7271867384658
2023-03-20,GOOGL,Market sentiment towards GOOGL looks worried these days.,98.14613905684384
2023-01-12,MSFT,"I'm worried on MSFT, price action has been interesting.",238.97799071361024
2023-01-30,AAPL,Market sentiment towards AAPL looks excited these days.,137.8761021468032
2023-02-08,MSFT,Analysts believe MSFT could dip after recent news.,239.65077902270352
2023-03-28,AMZN,The way AMZN has been performing makes me feel excited.,89.07407304765302
2023-01-10,TSLA,"TSLA outlook is excited, according to many investors.",111.44355272501969
2023-01-23,AAPL,"AAPL stock is drawing attention, traders are neutral.",125.62780247919687
2023-01-05,TSLA,"Investors are talking a lot about TSLA, big moves expected soon!",108.4269243404117
2023-01-05,GOOGL,"Investors are talking a lot about GOOGL, big moves expected soon!",86.29183002409107
2023-02-24,AAPL,The way AAPL has been performing makes me feel worried.,108.82782091448937
2023-01-24,MSFT,"MSFT stock is drawing attention, traders are bullish.",251.4915430306843
2023-03-14,GOOGL,"I'm excited on GOOGL, price action has been interesting.",86.89961556713949
2023-03-14,GOOGL,"Investors are talking a lot about GOOGL, big moves expected soon!",88.99064207912718
2023-02-20,GOOGL,Market sentiment towards GOOGL looks excited these days.,99.9428024152471
2023-02-22,TSLA,Market sentiment towards TSLA looks bearish these days.,115.44975062951112
2023-03-10,GOOGL,"Lots of chatter on GOOGL today, could this mean stabilize?",103.3391401422243
2023-03-29,TSLA,Market sentiment towards TSLA looks worried these days.,114.57552560976502
2023-03-29,AAPL,Market sentiment towards AAPL looks worried these days.,127.1602184308493
2023-03-28,AAPL,The way AAPL has been performing makes me feel bullish.,138.96122223397512
2023-01-10,TSLA,"TSLA outlook is excited, according to many investors.",116.84545196412247
2023-02-07,AAPL,"I'm bearish on AAPL, price action has been interesting.",134.1217558293525
2023-01-19,TSLA,"TSLA outlook is bearish, according to many investors.",116.43656434179384
2023-01-06,AMZN,"AMZN stock is drawing attention, traders are worried.",105.88256082750448
2023-03-17,AMZN,"I'm bullish on AMZN, price action has been interesting.",99.46017888956618
2023-01-03,TSLA,"Investors are talking a lot about TSLA, big moves expected soon!",107.27266500661185
2023-03-28,AMZN,"I'm neutral on AMZN, price action has been interesting.",99.15285597194504
2023-01-30,AAPL,"I'm worried on AAPL, price action has been interesting.",134.1217558293525
2023-01-30,TSLA,"Lots of chatter on TSLA today, could this mean rise?",115.2987976598603
2023-01-13,AAPL,The way AAPL has been performing makes me feel bullish.,110.5381747122457
2023-03-22,GOOGL,"GOOGL stock is drawing attention, traders are excited.",88.63862365044015
2023-02-23,AMZN,The way AMZN has been performing makes me feel worried.,100.86978418940626
2023-01-06,GOOGL,"I'm bearish on GOOGL, price action has been interesting.",102.59576771282129
2023-03-31,TSLA,Analysts believe TSLA could stabilize after recent news.,110.39484286163304
2023-01-18,AAPL,The way AAPL has been performing makes me feel bullish.,119.74445509167056
2023-03-15,AMZN,"AMZN outlook is neutral, according to many investors.",98.96940265756044
2023-03-03,AMZN,"I'm bullish on AMZN, price action has been interesting.",96.81313331095652
2023-02-14,MSFT,Analysts believe MSFT could rise after recent news.,254.73482510718335
2023-02-20,GOOGL,Analysts believe GOOGL could breakout after recent news.,88.79797393518416
2023-03-24,AAPL,The way AAPL has been performing makes me feel neutral.,117.50777302447896
2023-01-16,MSFT,"Lots of chatter on MSFT today, could this mean rise?",254.5032139891401
2023-03-29,AAPL,"AAPL stock is drawing attention, traders are excited.",130.7168997036801
2023-01-30,AMZN,"Investors are talking a lot about AMZN, big moves expected soon!",87.73786151172393
2023-03-14,AMZN,"I'm excited on AMZN, price action has been interesting.",88.20236890604593
2023-03-17,GOOGL,"Investors are talking a lot about GOOGL, big moves expected soon!",94.21294969027754
2023-02-06,MSFT,"MSFT stock is drawing attention, traders are excited.",254.5032139891401
2023-02-16,GOOGL,"GOOGL stock is drawing attention, traders are neutral.",103.9596736554112
2023-03-14,MSFT,"Investors are talking a lot about MSFT, big moves expected soon!",240.67835092452796
2023-03-14,GOOGL,The way GOOGL has been performing makes me feel excited.,94.90275914774982
2023-02-09,AMZN,Analysts believe AMZN could fall after recent news.,100.05001650489336
2023-02-22,MSFT,"I'm bullish on MSFT, price action has been interesting.",256.037607609795
2023-02-28,GOOGL,"Investors are talking a lot about GOOGL, big moves expected soon!",96.66495044526977
2023-01-30,TSLA,"TSLA stock is drawing attention, traders are bullish.",115.2769394274327
2023-02-28,TSLA,"Lots of chatter on TSLA today, could this mean dip?",105.8143693455829
2023-01-18,GOOGL,"I'm excited on GOOGL, price action has been interesting.",89.49577838191351
2023-03-30,AAPL,Market sentiment towards AAPL looks excited these days.,107.131740051138
2023-01-24,TSLA,The way TSLA has been performing makes me feel bullish.,115.11576987004398
2023-01-12,GOOGL,"I'm bullish on GOOGL, price action has been interesting.",95.30714445261762
2023-02-27,AMZN,"Lots of chatter on AMZN today, could this mean stabilize?",104.77329839040188
2023-01-02,AMZN,Analysts believe AMZN could fall after recent news.,102.0264607185497
2023-01-03,TSLA,Market sentiment towards TSLA looks bearish these days.,113.05383568799172
2023-03-24,GOOGL,"Investors are talking a lot about GOOGL, big moves expected soon!",103.98747284720118
2023-03-08,TSLA,Market sentiment towards TSLA looks bullish these days.,119.1874876554298
2023-02-09,TSLA,"TSLA stock is drawing attention, traders are bullish.",115.11576987004398
2023-01-13,TSLA,"Lots of chatter on TSLA today, could this mean breakout?",115.2769394274327
2023-03-22,MSFT,"Investors are talking a lot about MSFT, big moves expected soon!",251.427817526324
2023-03-24,MSFT,Analysts believe MSFT could breakout after recent news.,250.81557924919667
2023-01-30,TSLA,"Lots of chatter on TSLA today, could this mean stabilize?",114.37058262128392
2023-02-08,GOOGL,"Investors are talking a lot about GOOGL, big moves expected soon!",86.2810077483177
2023-02-16,AAPL,"Lots of chatter on AAPL today, could this mean fall?",109.26212047440468
2023-01-11,AAPL,"Investors are talking a lot about AAPL, big moves expected soon!",107.131740051138
2023-03-23,AMZN,"AMZN stock is drawing attention, traders are neutral.",97.46193032884544
2023-03-09,TSLA,"Investors are talking a lot about TSLA, big moves expected soon!",114.73134936166689
2023-01-24,MSFT,"I'm bearish on MSFT, price action has been interesting.",237.8564216608738
2023-03-24,GOOGL,"Investors are talking a lot about GOOGL, big moves expected soon!",98.31578314324582
2023-03-03,TSLA,Market sentiment towards TSLA looks excited these days.,112.71248005714163
2023-02-14,AMZN,"Investors are talking a lot about AMZN, big moves expected soon!",87.9040288351952
2023-03-02,MSFT,"Lots of chatter on MSFT today, could this mean breakout?",255.85989399460053
2023-03-31,TSLA,"TSLA outlook is bullish, according to many investors.",115.08278432873662
2023-01-11,TSLA,Analysts believe TSLA could dip after recent news.,106.62247105921196
2023-03-01,TSLA,"Investors are talking a lot about TSLA, big moves expected soon!",114.73134936166689
2023-01-02,AMZN,"AMZN outlook is bullish, according to many investors.",94.57938143046862
2023-03-13,GOOGL,"Lots of chatter on GOOGL today, could this mean fall?",92.6802413334508
2023-02-02,MSFT,Analysts believe MSFT could fall after recent news.,251.427817526324
2023-02-02,AAPL,Market sentiment towards AAPL looks neutral these days.,105.5066884063496
2023-01-24,MSFT,"I'm bullish on MSFT, price action has been interesting.",256.36604823097264
2023-01-06,TSLA,"Investors are talking a lot about TSLA, big moves expected soon!",117.02897351719348
2023-01-27,MSFT,"MSFT outlook is bearish, according to many investors.",240.67835092452796
2023-01-30,AMZN,Analysts believe AMZN could fall after recent news.,91.89867313786772
2023-03-22,TSLA,"Investors are talking a lot about TSLA, big moves expected soon!",107.27266500661185
2023-02-13,MSFT,The way MSFT has been performing makes me feel bearish.,240.4963585681164
2023-01-16,AMZN,Market sentiment towards AMZN looks bearish these days.,98.80649412024268
2023-03-14,TSLA,"TSLA stock is drawing attention, traders are worried.",116.27312227613815
2023-01-20,GOOGL,"Investors are talking a lot about GOOGL, big moves expected soon!",94.21294969027754
2023-01-10,AMZN,"Investors are talking a lot about AMZN, big moves expected soon!",99.46017888956618
2023-02-08,AAPL,The way AAPL has been performing makes me feel worried.,129.1858806715181
2023-03-13,TSLA,"Lots of chatter on TSLA today, could this mean stabilize?",112.09895647004323
2023-03-22,AAPL,The way AAPL has been performing makes me feel worried.,108.82782091448937
2023-01-06,MSFT,"MSFT stock is drawing attention, traders are bearish.",238.6207084882862
2023-01-06,MSFT,Market sentiment towards MSFT looks worried these days.,250.1534581332311
2023-01-11,MSFT,"Lots of chatter on MSFT today, could this mean fall?",240.7706347594577
2023-03-30,AAPL,Market sentiment towards AAPL looks bullish these days.,114.09742608415914
2023-01-13,TSLA,Market sentiment towards TSLA looks neutral these days.,110.74399848729672
2023-02-22,TSLA,Market sentiment towards TSLA looks bullish these days.,115.08278432873662
2023-01-11,AMZN,"AMZN outlook is excited, according to many investors.",88.90708958366359
2023-02-03,MSFT,"MSFT stock is drawing attention, traders are worried.",254.73482510718335
2023-03-10,AAPL,Market sentiment towards AAPL looks bullish these days.,109.09848629545628
2023-03-09,AMZN,The way AMZN has been performing makes me feel bearish.,93.89707748083532
2023-02-20,MSFT,"MSFT outlook is worried, according to many investors.",251.55173693368533
2023-02-27,AAPL,"I'm excited on AAPL, price action has been interesting.",107.89910165451091
2023-03-28,TSLA,"Investors are talking a lot about TSLA, big moves expected soon!",114.05624946250992
2023-01-13,AAPL,The way AAPL has been performing makes me feel excited.,127.78871309603984
2023-01-30,MSFT,"Investors are talking a lot about MSFT, big moves expected soon!",254.3746539509492
2023-02-20,GOOGL,Analysts believe GOOGL could breakout after recent news.,92.64791109768308
2023-01-17,TSLA,"I'm excited on TSLA, price action has been interesting.",110.07817504102144
2023-01-03,GOOGL,"I'm bullish on GOOGL, price action has been interesting.",94.21294969027754
2023-01-18,AAPL,"Lots of chatter on AAPL today, could this mean rise?",114.77170255262348
2023-03-15,TSLA,Analysts believe TSLA could breakout after recent news.,113.63286221620928
2023-02-14,AMZN,"AMZN outlook is bullish, according to many investors.",95.66659292425828
2023-01-23,AMZN,"I'm neutral on AMZN, price action has been interesting.",89.02016276311137
2023-02-14,AMZN,Market sentiment towards AMZN looks bullish these days.,93.89707748083532
2023-02-14,GOOGL,"GOOGL stock is drawing attention, traders are worried.",89.82595353728257
2023-01-16,AMZN,The way AMZN has been performing makes me feel bullish.,87.35981101659057
2023-01-13,AAPL,"AAPL stock is drawing attention, traders are bullish.",119.06991308610915
2023-01-20,GOOGL,The way GOOGL has been performing makes me feel bullish.,86.29183002409107
2023-01-24,MSFT,"Lots of chatter on MSFT today, could this mean stabilize?",252.826821580197
2023-02-24,AAPL,"I'm bullish on AAPL, price action has been interesting.",114.77170255262348
2023-01-25,AAPL,"I'm neutral on AAPL, price action has been interesting.",117.50777302447896
2023-03-17,AMZN,"AMZN outlook is bearish, according to many investors.",104.77329839040188
2023-02-03,AMZN,"AMZN outlook is bullish, according to many investors.",89.09791095488092
2023-03-23,AAPL,Market sentiment towards AAPL looks neutral these days.,118.71118624893776
2023-01-31,AMZN,"I'm worried on AMZN, price action has been interesting.",102.0264607185497
2023-02-10,TSLA,"Investors are talking a lot about TSLA, big moves expected soon!",119.1874876554298
2023-03-02,AAPL,"I'm neutral on AAPL, price action has been interesting.",125.62780247919687
2023-02-14,MSFT,"MSFT outlook is excited, according to many investors.",254.99352785022364
2023-03-13,GOOGL,"Investors are talking a lot about GOOGL, big moves expected soon!",102.59576771282129
2023-03-06,GOOGL,Market sentiment towards GOOGL looks neutral these days.,95.30714445261762
2023-01-30,TSLA,The way TSLA has been performing makes me feel neutral.,108.4269243404117
2023-02-14,TSLA,Analysts believe TSLA could dip after recent news.,112.26658190056602
2023-02-23,AMZN,Analysts believe AMZN could fall after recent news.,94.0224726042693
2023-01-17,AMZN,Analysts believe AMZN could rise after recent news.,98.96940265756044
2023-03-07,AMZN,The way AMZN has been performing makes me feel worried.,88.20236890604593
2023-01-25,AMZN,Market sentiment towards AMZN looks bearish these days.,103.07971095426508
2023-01-30,AAPL,Analysts believe AAPL could dip after recent news.,138.0343868483502
2023-01-18,AAPL,"AAPL outlook is bullish, according to many investors.",109.26212047440468
2023-01-30,AAPL,"AAPL outlook is bearish, according to many investors.",121.82459706709544
2023-01-11,AMZN,"AMZN stock is drawing attention, traders are bullish.",91.38099100541976
2023-03-06,GOOGL,"I'm excited on GOOGL, price action has been interesting.",88.96571465313265
2023-01-10,TSLA,"Investors are talking a lot about TSLA, big moves expected soon!",107.34009767559544
2023-02-01,AMZN,The way AMZN has been performing makes me feel neutral.,103.07971095426508
2023-01-31,AMZN,Market sentiment towards AMZN looks bullish these days.,89.90876724578159
2023-01-31,TSLA,"Lots of chatter on TSLA today, could this mean stabilize?",114.00855815065005
2023-02-09,AAPL,Market sentiment towards AAPL looks excited these days.,108.82782091448937
2023-01-18,MSFT,"Investors are talking a lot about MSFT, big moves expected soon!",258.7280582354071
2023-01-03,TSLA,Market sentiment towards TSLA looks worried these days.,117.26937252857788
2023-02-09,GOOGL,Market sentiment towards GOOGL looks bullish these days.,92.84076267637236
2023-03-14,MSFT,Market sentiment towards MSFT looks bullish these days.,250.59121616293012
2023-02-07,GOOGL,Market sentiment towards GOOGL looks bearish these days.,86.49507571519749
2023-03-10,TSLA,"Investors are talking a lot about TSLA, big moves expected soon!",114.37058262128392
2023-02-01,AAPL,"I'm worried on AAPL, price action has been interesting.",120.71500291031556
2023-03-02,TSLA,"Lots of chatter on TSLA today, could this mean rise?",106.62247105921196
2023-01-31,MSFT,The way MSFT has been performing makes me feel neutral.,251.55173693368533
2023-03-01,AAPL,Market sentiment towards AAPL looks bullish these days.,121.18533494402097
2023-02-21,TSLA,"TSLA outlook is worried, according to many investors.",112.09895647004323
2023-03-27,AMZN,"AMZN outlook is neutral, according to many investors.",101.29797167766668
2023-03-20,TSLA,"Lots of chatter on TSLA today, could this mean breakout?",117.44346666505422
2023-01-04,TSLA,"Investors are talking a lot about TSLA, big moves expected soon!",117.02897351719348
2023-03-29,MSFT,"Investors are talking a lot about MSFT, big moves expected soon!",240.7706347594577
2023-01-26,AAPL,Analysts believe AAPL could fall after recent news.,137.1029273412097
2023-02-01,MSFT,"Lots of chatter on MSFT today, could this mean stabilize?",254.3746539509492
2023-02-09,GOOGL,"Investors are talking a lot about GOOGL, big moves expected soon!",88.5494701524181
2023-02-10,AMZN,"AMZN stock is drawing attention, traders are bullish.",99.72020146527116
2023-02-23,AMZN,"I'm neutral on AMZN, price action has been interesting.",99.72020146527116
2023-02-03,TSLA,Analysts believe TSLA could breakout after recent news.,107.74149530735816
2023-01-11,TSLA,"Investors are talking a lot about TSLA, big moves expected soon!",114.80657640380984
2023-03-22,MSFT,"Lots of chatter on MSFT today, could this mean dip?",254.0987411020601
2023-01-23,TSLA,Market sentiment towards TSLA looks worried these days.,112.5579038235086
2023-01-02,MSFT,"Investors are talking a lot about MSFT, big moves expected soon!",256.36604823097264
2023-01-06,AAPL,"I'm bullish on AAPL, price action has been interesting.",113.49521869298056
2023-01-04,AAPL,"Investors are talking a lot about AAPL, big moves expected soon!",109.49034777729648
2023-03-31,AMZN,The way AMZN has been performing makes me feel excited.,91.09136003888008
2023-01-05,TSLA,"Lots of chatter on TSLA today, could this mean stabilize?",115.11576987004398
2023-03-30,AMZN,"Investors are talking a lot about AMZN, big moves expected soon!",89.90876724578159
2023-01-13,GOOGL,"GOOGL outlook is neutral, according to many investors.",103.98747284720118
2023-01-30,AMZN,Market sentiment towards AMZN looks bearish these days.,95.66659292425828
2023-03-06,TSLA,"Investors are talking a lot about TSLA, big moves expected soon!",112.56845981398098
2023-02-07,GOOGL,The way GOOGL has been performing makes me feel bearish.,96.66495044526977
2023-02-27,AMZN,"Lots of chatter on AMZN today, could this mean rise?",96.7871295272007
2023-01-18,TSLA,The way TSLA has been performing makes me feel bullish.,105.8143693455829
2023-01-12,TSLA,"TSLA stock is drawing attention, traders are neutral.",116.84545196412247
2023-02-20,AMZN,Market sentiment towards AMZN looks neutral these days.,87.31005948872884
2023-03-22,GOOGL,The way GOOGL has been performing makes me feel worried.,87.71777194950126
2023-03-16,TSLA,"I'm bullish on TSLA, price action has been interesting.",113.63097571992164
2023-01-17,AAPL,Analysts believe AAPL could rise after recent news.,126.07935508016996
2023-01-19,AAPL,"AAPL stock is drawing attention, traders are neutral.",132.0122767798815
2023-02-16,AMZN,Market sentiment towards AMZN looks bullish these days.,99.72020146527116
2023-03-15,GOOGL,"Lots of chatter on GOOGL today, could this mean rise?",91.54455366458208
2023-01-27,AAPL,Market sentiment towards AAPL looks excited these days.,117.50777302447896
2023-01-23,TSLA,"TSLA outlook is bullish, according to many investors.",117.26937252857788
2023-03-20,AAPL,"AAPL stock is drawing attention, traders are bullish.",118.71118624893776
2023-03-22,TSLA,Analysts believe TSLA could dip after recent news.,117.02897351719348
2023-01-05,TSLA,Analysts believe TSLA could fall after recent news.,106.62247105921196
2023-01-05,AAPL,Market sentiment towards AAPL looks excited these days.,113.49521869298056
2023-01-27,GOOGL,"I'm bearish on GOOGL, price action has been interesting.",91.45167777496049
2023-01-13,GOOGL,Analysts believe GOOGL could stabilize after recent news.,102.55376002955576
2023-02-02,AMZN,Analysts believe AMZN could stabilize after recent news.,99.19088779879525
2023-02-06,AMZN,Market sentiment towards AMZN looks worried these days.,88.90708958366359
2023-02-21,AAPL,"Investors are talking a lot about AAPL, big moves expected soon!",127.1602184308493
2023-03-16,AAPL,Market sentiment towards AAPL looks bearish these days.,105.5066884063496
2023-01-30,GOOGL,"Lots of chatter on GOOGL today, could this mean breakout?",89.82595353728257
2023-02-22,TSLA,Analysts believe TSLA could breakout after recent news.,114.05624946250992
2023-03-06,GOOGL,Analysts believe GOOGL could breakout after recent news.,86.89961556713949
2023-01-05,AMZN,"AMZN outlook is bullish, according to many investors.",104.16824571467193
2023-03-24,MSFT,Market sentiment towards MSFT looks neutral these days.,249.2035675109092
2023-03-21,AMZN,"Investors are talking a lot about AMZN, big moves expected soon!",89.90876724578159
2023-03-03,TSLA,"Investors are talking a lot about TSLA, big moves expected soon!",106.62247105921196
2023-01-27,TSLA,"TSLA outlook is bearish, according to many investors.",115.44975062951112
2023-01-24,TSLA,"Investors are talking a lot about TSLA, big moves expected soon!",113.63286221620928
2023-01-05,MSFT,"Investors are talking a lot about MSFT, big moves expected soon!",254.9057199189457
2023-01-19,AAPL,Market sentiment towards AAPL looks worried these days.,105.5066884063496
2023-01-04,TSLA,"TSLA stock is drawing attention, traders are bullish.",113.63097571992164
2023-03-22,MSFT,"Lots of chatter on MSFT today, could this mean rise?",254.9057199189457
2023-03-17,AMZN,The way AMZN has been performing makes me feel excited.,102.54447997838436
2023-01-05,MSFT,Market sentiment towards MSFT looks bullish these days.,247.8969090457618
2023-02-02,TSLA,Analysts believe TSLA could breakout after recent news.,120.86505772800692
2023-02-16,MSFT,"MSFT outlook is bearish, according to many investors.",255.5921656362433
2023-02-10,AMZN,"AMZN outlook is excited, according to many investors.",91.27015849190768
2023-01-26,MSFT,The way MSFT has been performing makes me feel bullish.,251.55173693368533
2023-02-13,GOOGL,"Lots of chatter on GOOGL today, could this mean breakout?",98.02708834472024
2023-03-24,TSLA,Analysts believe TSLA could breakout after recent news.,112.61449191231668
2023-03-24,GOOGL,Analysts believe GOOGL could rise after recent news.,92.60610790975478
2023-01-26,GOOGL,Market sentiment towards GOOGL looks neutral these days.,87.99793268801773
2023-03-09,TSLA,"I'm worried on TSLA, price action has been interesting.",113.63097571992164
2023-03-29,GOOGL,"I'm neutral on GOOGL, price action has been interesting.",87.71777194950126
2023-01-31,TSLA,"Investors are talking a lot about TSLA, big moves expected soon!",117.73577041637893
2023-02-02,TSLA,"Lots of chatter on TSLA today, could this mean stabilize?",117.2064150051684
2023-02-10,MSFT,"I'm neutral on MSFT, price action has been interesting.",251.427817526324
2023-03-22,AAPL,Market sentiment towards AAPL looks neutral these days.,111.12468071263706
2023-02-13,MSFT,"MSFT outlook is worried, according to many investors.",254.8222399169049
2023-03-30,TSLA,"Investors are talking a lot about TSLA, big moves expected soon!",115.08278432873662
2023-01-26,GOOGL,"GOOGL outlook is excited, according to many investors.",95.3960924679492
2023-03-08,MSFT,"Lots of chatter on MSFT today, could this mean breakout?",254.9057199189457
2023-03-03,TSLA,"TSLA stock is drawing attention, traders are excited.",115.08278432873662
2023-03-17,GOOGL,Analysts believe GOOGL could dip after recent news.,98.14613905684384
2023-03-17,TSLA,The way TSLA has been performing makes me feel bearish.,113.63286221620928
2023-01-25,AMZN,Market sentiment towards AMZN looks excited these days.,102.99140554903606
2023-03-29,AMZN,"AMZN stock is drawing attention, traders are excited.",95.13276302912864
2023-03-07,GOOGL,Analysts believe GOOGL could fall after recent news.,88.5494701524181
2023-03-21,AMZN,"AMZN stock is drawing attention, traders are bearish.",88.7885138526433
2023-03-03,AAPL,The way AAPL has been performing makes me feel worried.,110.5381747122457
2023-02-15,TSLA,The way TSLA has been performing makes me feel worried.,114.73134936166689
2023-01-24,AAPL,"Lots of chatter on AAPL today, could this mean breakout?",127.1602184308493
2023-01-05,AAPL,Analysts believe AAPL could dip after recent news.,122.9133625161458
2023-01-27,MSFT,"Lots of chatter on MSFT today, could this mean dip?",254.73482510718335
2023-03-07,AAPL,"Lots of chatter on AAPL today, could this mean fall?",105.97676885173104
2023-01-20,AMZN,Market sentiment towards AMZN looks neutral these days.,95.6829014695944
2023-03-07,TSLA,"TSLA outlook is excited, according to many investors.",115.2987976598603
2023-01-12,MSFT,"Investors are talking a lot about MSFT, big moves expected soon!",254.3746539509492
2023-01-23,AAPL,The way AAPL has been performing makes me feel worried.,107.20012142941276
2023-03-27,GOOGL,The way GOOGL has been performing makes me feel excited.,89.64912995730377
2023-01-13,TSLA,Market sentiment towards TSLA looks neutral these days.,111.25909926874225
2023-03-10,GOOGL,"Lots of chatter on GOOGL today, could this mean dip?",103.7271867384658
2023-01-04,MSFT,"Lots of chatter on MSFT today, could this mean fall?",251.91478909246692
2023-03-13,TSLA,"Investors are talking a lot about TSLA, big moves expected soon!",111.11020743720992
2023-01-26,AAPL,The way AAPL has been performing makes me feel bullish.,105.97676885173104
2023-02-28,AMZN,"AMZN outlook is excited, according to many investors.",92.91152312861108
2023-02-17,MSFT,"MSFT outlook is bullish, according to many investors.",250.4815684727234
2023-03-06,TSLA,The way TSLA has been performing makes me feel excited.,119.1874876554298
2023-02-06,AAPL,"Investors are talking a lot about AAPL, big moves expected soon!",111.4414380315412
2023-03-30,AMZN,The way AMZN has been performing makes me feel bullish.,95.66659292425828
2023-02-21,GOOGL,Analysts believe GOOGL could breakout after recent news.,87.56346828310043
2023-03-09,AAPL,"Lots of chatter on AAPL today, could this mean rise?",112.1153304548266
2023-01-30,GOOGL,Market sentiment towards GOOGL looks neutral these days.,103.92117866845123
2023-03-30,AAPL,Analysts believe AAPL could dip after recent news.,134.1217558293525
2023-01-06,TSLA,The way TSLA has been performing makes me feel neutral.,110.39484286163304
2023-01-05,AAPL,"AAPL stock is drawing attention, traders are bearish.",130.7168997036801
2023-02-23,MSFT,"MSFT stock is drawing attention, traders are bearish.",241.1440931999608
2023-02-17,AMZN,Analysts believe AMZN could stabilize after recent news.,101.29797167766668
2023-01-02,TSLA,"I'm neutral on TSLA, price action has been interesting.",117.8074224945988
2023-02-02,MSFT,"I'm bearish on MSFT, price action has been interesting.",251.24849642836065
2023-03-21,AAPL,"AAPL outlook is bearish, according to many investors.",134.1217558293525
2023-02-27,AMZN,Market sentiment towards AMZN looks excited these days.,102.99140554903606
2023-03-16,AAPL,"Lots of chatter on AAPL today, could this mean breakout?",119.06991308610915
2023-03-06,MSFT,"I'm neutral on MSFT, price action has been interesting.",250.5556902998358
2023-03-24,GOOGL,"Lots of chatter on GOOGL today, could this mean stabilize?",103.3391401422243
2023-03-24,AAPL,"I'm worried on AAPL, price action has been interesting.",119.74445509167056
2023-03-21,AMZN,Market sentiment towards AMZN looks neutral these days.,96.7871295272007
2023-02-13,MSFT,The way MSFT has been performing makes me feel neutral.,251.54188046292808
2023-02-02,MSFT,"MSFT stock is drawing attention, traders are bullish.",249.2035675109092
2023-02-20,AMZN,"Lots of chatter on AMZN today, could this mean stabilize?",92.1193968628654
2023-02-10,TSLA,Analysts believe TSLA could rise after recent news.,112.56845981398098
2023-02-02,MSFT,"I'm bullish on MSFT, price action has been interesting.",250.1534581332311
2023-02-10,TSLA,"TSLA outlook is bullish, according to many investors.",112.61449191231668
2023-01-10,MSFT,"Lots of chatter on MSFT today, could this mean stabilize?",254.9057199189457
2023-02-17,TSLA,"I'm bullish on TSLA, price action has been interesting.",116.27312227613815
2023-03-17,AAPL,"I'm worried on AAPL, price action has been interesting.",120.49585112836192
2023-01-19,AAPL,"Investors are talking a lot about AAPL, big moves expected soon!",137.1029273412097
2023-01-13,MSFT,"I'm neutral on MSFT, price action has been interesting.",254.5032139891401
2023-01-23,GOOGL,"Lots of chatter on GOOGL today, could this mean fall?",90.21111369277384
2023-03-16,AMZN,Analysts believe AMZN could rise after recent news.,102.0264607185497
2023-03-02,MSFT,"MSFT stock is drawing attention, traders are excited.",255.3793571324257
2023-03-03,MSFT,"Lots of chatter on MSFT today, could this mean fall?",252.826821580197
2023-03-20,TSLA,The way TSLA has been performing makes me feel excited.,114.00855815065005
2023-03-21,AAPL,Analysts believe AAPL could rise after recent news.,105.5066884063496
2023-01-30,GOOGL,Market sentiment towards GOOGL looks bullish these days.,92.6802413334508
2023-03-10,MSFT,"Lots of chatter on MSFT today, could this mean stabilize?",251.24849642836065
2023-02-15,AAPL,"I'm bullish on AAPL, price action has been interesting.",137.58685188434174
2023-01-10,AMZN,Analysts believe AMZN could rise after recent news.,88.90708958366359
2023-01-20,GOOGL,Market sentiment towards GOOGL looks neutral these days.,89.64912995730377
2023-02-14,GOOGL,"Lots of chatter on GOOGL today, could this mean rise?",90.21111369277384
2023-01-27,TSLA,The way TSLA has been performing makes me feel excited.,116.84545196412247
2023-01-20,TSLA,"I'm bearish on TSLA, price action has been interesting.",115.2987976598603
2023-03-08,TSLA,"Investors are talking a lot about TSLA, big moves expected soon!",107.34009767559544
2023-01-30,AAPL,"Lots of chatter on AAPL today, could this mean rise?",112.50905292656483
2023-02-28,TSLA,"TSLA stock is drawing attention, traders are worried.",117.21422940849848
2023-02-06,MSFT,"Lots of chatter on MSFT today, could this mean dip?",251.24849642836065
2023-01-19,AMZN,"AMZN stock is drawing attention, traders are neutral.",89.90876724578159
2023-03-21,MSFT,Market sentiment towards MSFT looks worried these days.,240.7706347594577
2023-02-21,MSFT,Market sentiment towards MSFT looks excited these days.,240.7706347594577
2023-03-22,TSLA,"Lots of chatter on TSLA today, could this mean dip?",110.07817504102144
2023-01-30,GOOGL,"GOOGL stock is drawing attention, traders are worried.",89.75989832306075
2023-01-04,AAPL,The way AAPL has been performing makes me feel bullish.,121.18533494402097
2023-02-21,AAPL,"Lots of chatter on AAPL today, could this mean dip?",117.50777302447896
2023-03-09,AMZN,"Lots of chatter on AMZN today, could this mean breakout?",104.91895621571564
2023-01-26,GOOGL,"I'm excited on GOOGL, price action has been interesting.",88.63862365044015
2023-01-17,AAPL,"I'm worried on AAPL, price action has been interesting.",125.76285888857272
2023-03-27,MSFT,"Investors are talking a lot about MSFT, big moves expected soon!",250.9171170147616
2023-02-27,AMZN,"AMZN outlook is bearish, according to many investors.",90.59433197059629
2023-02-15,GOOGL,Analysts believe GOOGL could fall after recent news.,86.67560634834425
2023-03-10,AAPL,Market sentiment towards AAPL looks bearish these days.,110.29145320597452
2023-02-15,AMZN,"AMZN outlook is bullish, according to many investors.",91.53580168052092
2023-02-02,MSFT,Market sentiment towards MSFT looks excited these days.,252.34772443328157
2023-03-27,GOOGL,"GOOGL outlook is excited, according to many investors.",103.9596736554112
2023-03-27,TSLA,"Lots of chatter on TSLA today, could this mean fall?",115.11576987004398
2023-02-08,TSLA,"TSLA stock is drawing attention, traders are worried.",112.3638206700515
2023-03-22,GOOGL,Analysts believe GOOGL could rise after recent news.,88.61815752840099
2023-03-01,GOOGL,Analysts believe GOOGL could rise after recent news.,91.45167777496049
2023-02-27,GOOGL,Market sentiment towards GOOGL looks worried these days.,86.01952659374552
2023-02-23,TSLA,"Lots of chatter on TSLA today, could this mean fall?",117.2064150051684
2023-03-09,MSFT,"MSFT stock is drawing attention, traders are neutral.",251.427817526324
2023-01-24,AAPL,Analysts believe AAPL could stabilize after recent news.,132.0122767798815
2023-03-31,MSFT,Analysts believe MSFT could fall after recent news.,254.97225513830807
2023-01-06,AAPL,Analysts believe AAPL could rise after recent news.,109.09848629545628
2023-01-03,MSFT,"MSFT outlook is bullish, according to many investors.",254.73482510718335
2023-01-31,MSFT,"MSFT stock is drawing attention, traders are bullish.",252.19675275701448
2023-03-21,GOOGL,Analysts believe GOOGL could rise after recent news.,90.88980558179196
2023-01-23,TSLA,"Investors are talking a lot about TSLA, big moves expected soon!",113.63097750248954
2023-03-13,GOOGL,"I'm neutral on GOOGL, price action has been interesting.",107.65982590422904
2023-02-23,MSFT,"Lots of chatter on MSFT today, could this mean dip?",254.3746539509492
2023-02-24,MSFT,"Investors are talking a lot about MSFT, big moves expected soon!",237.14084694017723
2023-02-22,AMZN,"AMZN outlook is bullish, according to many investors.",103.97248096656855
2023-03-24,MSFT,"Lots of chatter on MSFT today, could this mean dip?",252.2960828325226
2023-03-23,GOOGL,The way GOOGL has been performing makes me feel neutral.,91.42717056681614
2023-01-13,GOOGL,Market sentiment towards GOOGL looks excited these days.,86.384738769212
2023-03-30,GOOGL,"Investors are talking a lot about GOOGL, big moves expected soon!",88.5494701524181
2023-03-29,MSFT,Analysts believe MSFT could stabilize after recent news.,252.2960828325226
2023-03-09,MSFT,"I'm excited on MSFT, price action has been interesting.",254.32432759160727
2023-03-30,TSLA,Analysts believe TSLA could stabilize after recent news.,106.13694076891493
2023-02-14,TSLA,"TSLA outlook is excited, according to many investors.",112.61449191231668
2023-01-10,GOOGL,"GOOGL outlook is bullish, according to many investors.",87.99793268801773
2023-01-30,TSLA,The way TSLA has been performing makes me feel excited.,117.8074224945988
2023-01-27,GOOGL,Market sentiment towards GOOGL looks bullish these days.,89.21135449552935
2023-02-06,TSLA,Market sentiment towards TSLA looks neutral these days.,112.41553111626052
2023-01-20,AAPL,The way AAPL has been performing makes me feel worried.,118.69104280038302
2023-01-19,MSFT,Market sentiment towards MSFT looks worried these days.,250.5556902998358
2023-02-07,TSLA,Analysts believe TSLA could breakout after recent news.,115.44975062951112
2023-02-24,TSLA,Analysts believe TSLA could stabilize after recent news.,115.24796470827592
2023-03-22,MSFT,Market sentiment towards MSFT looks excited these days.,238.6207084882862
2023-02-08,TSLA,"Lots of chatter on TSLA today, could this mean dip?",115.62556751982744
2023-02-06,AMZN,"AMZN stock is drawing attention, traders are excited.",92.0357990874798
2023-03-29,GOOGL,The way GOOGL has been performing makes me feel bullish.,86.39351060045915
2023-02-03,TSLA,"TSLA stock is drawing attention, traders are excited.",117.2064150051684
2023-01-04,MSFT,"Lots of chatter on MSFT today, could this mean stabilize?",252.826821580197
2023-03-02,GOOGL,"Investors are talking a lot about GOOGL, big moves expected soon!",89.21135449552935
2023-02-28,TSLA,Analysts believe TSLA could breakout after recent news.,108.4269243404117
2023-01-09,GOOGL,"GOOGL stock is drawing attention, traders are neutral.",87.59981329687079
2023-02-23,AMZN,Market sentiment towards AMZN looks bearish these days.,89.01952805283034
2023-03-14,MSFT,"MSFT stock is drawing attention, traders are neutral.",255.85989399460053
2023-02-01,AAPL,"AAPL stock is drawing attention, traders are bearish.",137.1029273412097
2023-03-10,AAPL,"I'm bullish on AAPL, price action has been interesting.",113.49521869298056
2023-03-01,MSFT,Analysts believe MSFT could rise after recent news.,239.42678753583849
2023-01-26,AAPL,"Investors are talking a lot about AAPL, big moves expected soon!",121.18533494402097
2023-03-13,AAPL,Analysts believe AAPL could stabilize after recent news.,125.97266494499742
2023-01-16,AAPL,"AAPL outlook is excited, according to many investors.",121.82459706709544
2023-01-17,MSFT,"Investors are talking a lot about MSFT, big moves expected soon!",254.99352785022364
2023-01-11,AAPL,"AAPL outlook is worried, according to many investors.",125.62780247919687
2023-02-02,GOOGL,Analysts believe GOOGL could dip after recent news.,90.88980558179196
2023-02-27,AMZN,The way AMZN has been performing makes me feel neutral.,89.29757967336829
2023-02-20,AAPL,"Lots of chatter on AAPL today, could this mean rise?",118.2733156103735
2023-03-17,AMZN,"AMZN stock is drawing attention, traders are neutral.",105.88256082750448
2023-01-12,AAPL,"AAPL outlook is neutral, according to many investors.",121.82459706709544
2023-03-07,GOOGL,"GOOGL stock is drawing attention, traders are bullish.",87.56346828310043
2023-01-20,AMZN,"Lots of chatter on AMZN today, could this mean rise?",90.59433197059629
2023-03-08,TSLA,The way TSLA has been performing makes me feel bullish.,112.03579327914883
2023-02-28,AMZN,The way AMZN has been performing makes me feel bearish.,96.81313331095652
2023-03-24,AMZN,"Investors are talking a lot about AMZN, big moves expected soon!",91.09136003888008
2023-01-17,GOOGL,"Lots of chatter on GOOGL today, could this mean stabilize?",103.3391401422243
2023-01-03,MSFT,"I'm worried on MSFT, price action has been interesting.",254.73482510718335
2023-01-10,AMZN,Analysts believe AMZN could dip after recent news.,99.15698660075932
2023-01-04,MSFT,Analysts believe MSFT could fall after recent news.,255.5921656362433
2023-01-04,AAPL,"AAPL outlook is worried, according to many investors.",118.69104280038302
2023-02-07,AAPL,Market sentiment towards AAPL looks bearish these days.,107.452609474386
2023-02-24,TSLA,"TSLA stock is drawing attention, traders are bullish.",108.4269243404117
2023-02-15,TSLA,"I'm bullish on TSLA, price action has been interesting.",113.86768673542504
2023-01-02,TSLA,"I'm excited on TSLA, price action has been interesting.",112.62746341532046
2023-01-11,AAPL,"Lots of chatter on AAPL today, could this mean rise?",126.07935508016996
2023-02-14,GOOGL,"GOOGL outlook is bullish, according to many investors.",88.41417458413825
2023-03-08,TSLA,"TSLA stock is drawing attention, traders are worried.",113.63286221620928
2023-01-05,AAPL,Analysts believe AAPL could breakout after recent news.,110.5381747122457
2023-01-26,TSLA,"Investors are talking a lot about TSLA, big moves expected soon!",117.73577041637893
2023-02-14,AMZN,"AMZN outlook is excited, according to many investors.",95.66659292425828
2023-01-12,MSFT,"MSFT outlook is bullish, according to many investors.",249.2035675109092
2023-01-17,GOOGL,"Investors are talking a lot about GOOGL, big moves expected soon!",89.21135449552935
2023-01-16,TSLA,"Investors are talking a lot about TSLA, big moves expected soon!",113.63286221620928
2023-03-06,GOOGL,"I'm excited on GOOGL, price action has been interesting.",88.08394296325406
2023-01-23,AAPL,"I'm excited on AAPL, price action has been interesting.",113.49521869298056
2023-01-02,MSFT,Market sentiment towards MSFT looks excited these days.,257.8609798488129
2023-03-29,TSLA,Market sentiment towards TSLA looks bearish these days.,110.07817504102144
2023-01-30,AAPL,Analysts believe AAPL could dip after recent news.,132.0122767798815
2023-02-10,GOOGL,"GOOGL stock is drawing attention, traders are bearish.",87.41215474466284
2023-01-18,GOOGL,Market sentiment towards GOOGL looks bearish these days.,90.88980558179196
2023-02-16,AMZN,Analysts believe AMZN could rise after recent news.,102.0264607185497
2023-01-05,TSLA,Market sentiment towards TSLA looks bullish these days.,117.21422940849848
2023-02-08,TSLA,"Lots of chatter on TSLA today, could this mean breakout?",110.07817504102144
2023-03-23,MSFT,"MSFT stock is drawing attention, traders are bullish.",252.2763125126309
2023-02-07,MSFT,"I'm bullish on MSFT, price action has been interesting.",237.14084694017723
2023-02-03,AAPL,"AAPL stock is drawing attention, traders are worried.",118.71118624893776
2023-01-04,AMZN,Analysts believe AMZN could stabilize after recent news.,89.29757967336829
2023-02-03,TSLA,"TSLA outlook is neutral, according to many investors.",109.26821498594242
2023-01-27,MSFT,"Lots of chatter on MSFT today, could this mean rise?",256.9250075615008
2023-02-16,TSLA,Analysts believe TSLA could dip after recent news.,120.86505772800692
2023-02-06,TSLA,"Lots of chatter on TSLA today, could this mean rise?",117.26937252857788
2023-01-06,AAPL,"AAPL outlook is bullish, according to many investors.",114.3287226489356
2023-03-27,GOOGL,"I'm worried on GOOGL, price action has been interesting.",88.79797393518416
2023-01-12,TSLA,Analysts believe TSLA could dip after recent news.,112.61449191231668
2023-03-10,TSLA,"Lots of chatter on TSLA today, could this mean rise?",112.71248005714163
2023-01-09,GOOGL,"I'm neutral on GOOGL, price action has been interesting.",102.59576771282129
2023-03-24,TSLA,"Lots of chatter on TSLA today, could this mean fall?",117.2064150051684
2023-03-02,AMZN,Analysts believe AMZN could fall after recent news.,91.27015849190768
2023-01-16,GOOGL,"Investors are talking a lot about GOOGL, big moves expected soon!",103.92117866845123
2023-03-07,AAPL,"AAPL stock is drawing attention, traders are bearish.",114.09742608415914
2023-01-04,GOOGL,"I'm bullish on GOOGL, price action has been interesting.",87.59981329687079
2023-02-10,AMZN,"AMZN stock is drawing attention, traders are bearish.",91.89867313786772
2023-01-30,AMZN,"Investors are talking a lot about AMZN, big moves expected soon!",99.46017888956618
2023-02-08,GOOGL,"GOOGL outlook is neutral, according to many investors.",86.01952659374552
2023-03-28,GOOGL,Market sentiment towards GOOGL looks worried these days.,88.96571465313265
2023-02-15,AAPL,Analysts believe AAPL could stabilize after recent news.,133.76029139502614
2023-02-17,MSFT,Market sentiment towards MSFT looks excited these days.,256.3875940695456
2023-03-14,MSFT,"Investors are talking a lot about MSFT, big moves expected soon!",237.14084694017723
2023-02-16,AMZN,Market sentiment towards AMZN looks worried these days.,89.91119166002758
2023-02-27,AAPL,Analysts believe AAPL could rise after recent news.,107.131740051138
2023-03-13,AMZN,Analysts believe AMZN could stabilize after recent news.,89.81734526186513
2023-03-07,GOOGL,"Lots of chatter on GOOGL today, could this mean breakout?",87.59981329687079
2023-03-22,TSLA,"Lots of chatter on TSLA today, could this mean stabilize?",112.26658190056602
2023-03-21,MSFT,Market sentiment towards MSFT looks excited these days.,253.93499282328747
2023-02-01,GOOGL,Market sentiment towards GOOGL looks bearish these days.,86.29183002409107
2023-03-08,MSFT,The way MSFT has been performing makes me feel neutral.,240.4963585681164
2023-01-31,TSLA,"TSLA stock is drawing attention, traders are worried.",119.1874876554298
2023-01-24,AMZN,Analysts believe AMZN could stabilize after recent news.,91.09136003888008
2023-01-16,TSLA,"I'm bullish on TSLA, price action has been interesting.",117.73577041637893
2023-01-20,AAPL,"Investors are talking a lot about AAPL, big moves expected soon!",112.1153304548266
2023-02-17,AAPL,The way AAPL has been performing makes me feel bullish.,120.49585112836192
2023-02-15,AAPL,"Investors are talking a lot about AAPL, big moves expected soon!",137.2801814603673
2023-01-23,TSLA,"I'm bullish on TSLA, price action has been interesting.",115.2987976598603
2023-02-16,GOOGL,"GOOGL outlook is bullish, according to many investors.",107.65982590422904
2023-02-24,GOOGL,The way GOOGL has been performing makes me feel worried.,91.42717056681614
2023-02-08,MSFT,"Investors are talking a lot about MSFT, big moves expected soon!",250.822460604913
2023-03-07,GOOGL,"Lots of chatter on GOOGL today, could this mean breakout?",86.49507571519749
2023-02-23,AMZN,"Investors are talking a lot about AMZN, big moves expected soon!",100.05001650489336
2023-01-27,MSFT,"MSFT stock is drawing attention, traders are bullish.",254.32432759160727
2023-01-02,AMZN,Analysts believe AMZN could rise after recent news.,87.9040288351952
2023-03-29,MSFT,"I'm neutral on MSFT, price action has been interesting.",250.5556902998358
2023-01-05,TSLA,Market sentiment towards TSLA looks worried these days.,114.45826765072462
2023-03-22,GOOGL,"Investors are talking a lot about GOOGL, big moves expected soon!",90.88980558179196
2023-02-03,MSFT,"MSFT stock is drawing attention, traders are worried.",252.2960828325226
2023-03-07,MSFT,Analysts believe MSFT could stabilize after recent news.,240.4963585681164
2023-02-22,GOOGL,"Lots of chatter on GOOGL today, could this mean breakout?",92.64791109768308
2023-01-20,MSFT,"Investors are talking a lot about MSFT, big moves expected soon!",240.67835092452796
2023-03-29,GOOGL,"GOOGL outlook is bearish, according to many investors.",89.49577838191351
2023-01-30,GOOGL,Analysts believe GOOGL could stabilize after recent news.,94.21294969027754
2023-03-21,TSLA,"I'm bearish on TSLA, price action has been interesting.",112.41553111626052
2023-03-15,TSLA,"Investors are talking a lot about TSLA, big moves expected soon!",112.71248005714163
2023-03-06,AMZN,"Investors are talking a lot about AMZN, big moves expected soon!",99.46017888956618
2023-01-19,AAPL,The way AAPL has been performing makes me feel neutral.,112.1153304548266
2023-01-24,MSFT,"I'm excited on MSFT, price action has been interesting.",240.7706347594577
2023-02-23,GOOGL,"GOOGL outlook is excited, according to many investors.",88.61815752840099
2023-01-12,AMZN,"AMZN stock is drawing attention, traders are excited.",105.88256082750448
2023-01-09,AAPL,"I'm excited on AAPL, price action has been interesting.",130.7168997036801
2023-02-01,AAPL,"Lots of chatter on AAPL today, could this mean stabilize?",108.82782091448937
2023-03-23,TSLA,"I'm worried on TSLA, price action has been interesting.",112.71248005714163
2023-03-06,AAPL,"Investors are talking a lot about AAPL, big moves expected soon!",125.97266494499742
2023-02-22,AAPL,"AAPL outlook is bearish, according to many investors.",113.98598608655568
2023-01-19,TSLA,"TSLA stock is drawing attention, traders are neutral.",110.74399848729672
2023-03-28,GOOGL,"Investors are talking a lot about GOOGL, big moves expected soon!",86.384738769212
2023-02-17,AMZN,"Investors are talking a lot about AMZN, big moves expected soon!",99.72020146527116
2023-01-26,AMZN,"Investors are talking a lot about AMZN, big moves expected soon!",87.35981101659057
2023-02-10,MSFT,Market sentiment towards MSFT looks excited these days.,249.41390927844947
2023-02-03,GOOGL,The way GOOGL has been performing makes me feel excited.,86.79749893370014
2023-02-24,AMZN,Analysts believe AMZN could fall after recent news.,87.9040288351952
2023-01-19,TSLA,"TSLA outlook is bearish, according to many investors.",116.84545196412247
2023-02-06,AMZN,Market sentiment towards AMZN looks bullish these days.,89.81734526186513
2023-01-31,GOOGL,Market sentiment towards GOOGL looks excited these days.,88.77606573440579
2023-03-08,GOOGL,Market sentiment towards GOOGL looks bearish these days.,86.49507571519749
2023-03-13,AAPL,The way AAPL has been performing makes me feel bullish.,126.07935508016996
2023-01-04,GOOGL,"Lots of chatter on GOOGL today, could this mean rise?",91.42717056681614
2023-02-28,AMZN,"Investors are talking a lot about AMZN, big moves expected soon!",92.91152312861108
2023-01-26,MSFT,"Lots of chatter on MSFT today, could this mean breakout?",240.7706347594577
2023-02-08,MSFT,"I'm neutral on MSFT, price action has been interesting.",247.8969090457618
2023-03-03,AMZN,Market sentiment towards AMZN looks bullish these days.,86.26617635749504
2023-03-29,AMZN,"AMZN stock is drawing attention, traders are neutral.",91.38099100541976
2023-01-26,AAPL,Market sentiment towards AAPL looks bullish these days.,129.1858806715181
2023-03-07,AMZN,"AMZN outlook is bearish, according to many investors.",92.0357990874798
2023-01-19,GOOGL,Analysts believe GOOGL could stabilize after recent news.,98.31578314324582
2023-02-22,TSLA,The way TSLA has been performing makes me feel bearish.,115.24796470827592
2023-03-15,AAPL,"I'm bullish on AAPL, price action has been interesting.",125.62780247919687
2023-03-27,GOOGL,"I'm worried on GOOGL, price action has been interesting.",91.45167777496049
2023-02-20,MSFT,The way MSFT has been performing makes me feel bearish.,253.14061648859337
2023-02-24,MSFT,"Lots of chatter on MSFT today, could this mean stabilize?",239.0029198870554
2023-02-10,AMZN,"I'm excited on AMZN, price action has been interesting.",99.72020146527116
2023-01-12,MSFT,Market sentiment towards MSFT looks excited these days.,254.32432759160727
2023-03-30,TSLA,"Lots of chatter on TSLA today, could this mean breakout?",110.74399848729672
2023-02-15,AAPL,The way AAPL has been performing makes me feel excited.,127.78871309603984
2023-03-14,AAPL,Market sentiment towards AAPL looks neutral these days.,137.1029273412097
2023-01-19,AAPL,Market sentiment towards AAPL looks bearish these days.,108.10077741317558
2023-03-15,GOOGL,"GOOGL stock is drawing attention, traders are bearish.",92.64791109768308
2023-03-23,AAPL,The way AAPL has been performing makes me feel bearish.,133.76029139502614
2023-02-27,TSLA,The way TSLA has been performing makes me feel excited.,110.74399848729672
2023-01-11,TSLA,"Lots of chatter on TSLA today, could this mean fall?",113.63286221620928
2023-01-03,AAPL,"I'm bearish on AAPL, price action has been interesting.",118.71118624893776
2023-02-27,AMZN,"Lots of chatter on AMZN today, could this mean dip?",86.26617635749504
2023-03-17,MSFT,"MSFT stock is drawing attention, traders are neutral.",250.822460604913
2023-01-23,MSFT,Market sentiment towards MSFT looks excited these days.,251.427817526324
2023-03-28,AMZN,"AMZN outlook is excited, according to many investors.",97.46193032884544
2023-03-08,AAPL,"Lots of chatter on AAPL today, could this mean breakout?",107.452609474386
2023-02-10,MSFT,The way MSFT has been performing makes me feel bullish.,249.2035675109092
2023-01-17,MSFT,"Investors are talking a lot about MSFT, big moves expected soon!",254.0987411020601
2023-02-17,GOOGL,"I'm worried on GOOGL, price action has been interesting.",95.3960924679492
2023-01-16,MSFT,"I'm bearish on MSFT, price action has been interesting.",255.4070691205143
2023-03-30,TSLA,Market sentiment towards TSLA looks neutral these days.,115.2769394274327
2023-03-10,GOOGL,"GOOGL outlook is worried, according to many investors.",87.99793268801773
2023-01-30,MSFT,Analysts believe MSFT could breakout after recent news.,252.23778094824587
2023-03-08,MSFT,"Investors are talking a lot about MSFT, big moves expected soon!",256.9250075615008
2023-01-27,MSFT,"I'm bearish on MSFT, price action has been interesting.",254.0987411020601
2023-03-02,AAPL,"Lots of chatter on AAPL today, could this mean rise?",108.82782091448937
2023-02-15,AMZN,The way AMZN has been performing makes me feel worried.,100.86978418940626
2023-03-27,AMZN,"Lots of chatter on AMZN today, could this mean dip?",104.77329839040188
2023-01-12,AMZN,"I'm bullish on AMZN, price action has been interesting.",87.35981101659057
2023-02-17,AAPL,Analysts believe AAPL could stabilize after recent news.,112.1153304548266
2023-03-31,AMZN,"Investors are talking a lot about AMZN, big moves expected soon!",86.26617635749504
2023-01-11,AAPL,"Investors are talking a lot about AAPL, big moves expected soon!",135.05833649269752
2023-03-03,GOOGL,"Investors are talking a lot about GOOGL, big moves expected soon!",105.64779114122965
2023-03-07,AAPL,"Investors are talking a lot about AAPL, big moves expected soon!",107.20012142941276
2023-02-24,GOOGL,Market sentiment towards GOOGL looks worried these days.,86.384738769212
2023-03-16,GOOGL,"Investors are talking a lot about GOOGL, big moves expected soon!",107.65982590422904
2023-03-06,TSLA,Analysts believe TSLA could breakout after recent news.,112.3638206700515
2023-03-07,AMZN,The way AMZN has been performing makes me feel worried.,89.91119166002758
2023-01-20,AMZN,"AMZN stock is drawing attention, traders are worried.",104.63122613197449
2023-01-26,AMZN,Market sentiment towards AMZN looks worried these days.,93.89707748083532
2023-02-06,TSLA,"TSLA stock is drawing attention, traders are bearish.",107.27266500661185
2023-03-14,TSLA,"Investors are talking a lot about TSLA, big moves expected soon!",113.32871705534018
2023-01-31,TSLA,"Lots of chatter on TSLA today, could this mean stabilize?",107.34009767559544
2023-01-30,MSFT,"Investors are talking a lot about MSFT, big moves expected soon!",252.34772443328157
2023-03-13,GOOGL,The way GOOGL has been performing makes me feel excited.,88.47249554433462
2023-02-22,MSFT,"Lots of chatter on MSFT today, could this mean stabilize?",238.6207084882862
2023-01-27,TSLA,The way TSLA has been performing makes me feel bearish.,113.63097750248954
2023-02-09,GOOGL,"I'm neutral on GOOGL, price action has been interesting.",92.60610790975478
2023-03-13,GOOGL,The way GOOGL has been performing makes me feel worried.,86.89961556713949
2023-01-05,TSLA,Analysts believe TSLA could stabilize after recent news.,112.09895647004323
2023-03-17,AAPL,"Lots of chatter on AAPL today, could this mean stabilize?",107.452609474386
2023-02-08,TSLA,"Investors are talking a lot about TSLA, big moves expected soon!",117.21422940849848
2023-01-05,GOOGL,The way GOOGL has been performing makes me feel bullish.,86.49507571519749
2023-01-31,TSLA,"Investors are talking a lot about TSLA, big moves expected soon!",108.4269243404117
2023-03-03,GOOGL,The way GOOGL has been performing makes me feel bearish.,90.88980558179196
2023-02-16,MSFT,"Lots of chatter on MSFT today, could this mean breakout?",253.93499282328747
2023-03-17,GOOGL,Market sentiment towards GOOGL looks bearish these days.,92.84076267637236
2023-01-02,TSLA,Market sentiment towards TSLA looks bullish these days.,114.05624946250992
2023-02-22,AMZN,"I'm excited on AMZN, price action has been interesting.",105.88256082750448
2023-01-09,TSLA,Market sentiment towards TSLA looks bearish these days.,112.26658190056602
2023-02-03,TSLA,"TSLA outlook is excited, according to many investors.",117.44346666505422
2023-01-24,GOOGL,"I'm bullish on GOOGL, price action has been interesting.",88.47249554433462
2023-03-27,AAPL,"AAPL stock is drawing attention, traders are bullish.",109.4462456661918
2023-01-17,GOOGL,Analysts believe GOOGL could breakout after recent news.,88.63862365044015
2023-01-09,TSLA,"TSLA outlook is neutral, according to many investors.",115.2987976598603
2023-02-07,MSFT,Analysts believe MSFT could breakout after recent news.,238.97799071361024
2023-01-11,AMZN,"AMZN stock is drawing attention, traders are bullish.",91.09136003888008
2023-03-31,MSFT,"I'm bullish on MSFT, price action has been interesting.",238.97799071361024
2023-03-21,MSFT,Analysts believe MSFT could fall after recent news.,254.9057199189457
2023-02-24,GOOGL,"I'm worried on GOOGL, price action has been interesting.",95.30714445261762
2023-01-19,AMZN,Analysts believe AMZN could dip after recent news.,100.86978418940626
2023-02-17,AMZN,"Investors are talking a lot about AMZN, big moves expected soon!",91.53580168052092
2023-03-08,TSLA,The way TSLA has been performing makes me feel worried.,120.86505772800692
2023-03-20,TSLA,"Lots of chatter on TSLA today, could this mean dip?",107.2196372557134
2023-03-09,AAPL,"AAPL outlook is bearish, according to many investors.",108.1772087535367
2023-01-18,AMZN,"Investors are talking a lot about AMZN, big moves expected soon!",91.89867313786772
2023-03-27,AMZN,"I'm bearish on AMZN, price action has been interesting.",90.55289027819296
2023-03-09,TSLA,"TSLA outlook is neutral, according to many investors.",112.09895647004323
2023-03-06,GOOGL,The way GOOGL has been performing makes me feel excited.,94.4673967412954
2023-03-28,AMZN,"I'm bearish on AMZN, price action has been interesting.",86.26617635749504
2023-01-11,MSFT,"Lots of chatter on MSFT today, could this mean breakout?",240.67835092452796
2023-03-01,MSFT,The way MSFT has been performing makes me feel excited.,254.3746539509492
2023-01-27,MSFT,"MSFT outlook is bullish, according to many investors.",249.71601303957576
2023-02-23,AMZN,"AMZN stock is drawing attention, traders are bearish.",104.77329839040188
2023-03-09,AMZN,"I'm bearish on AMZN, price action has been interesting.",87.31005948872884
2023-03-30,AMZN,Market sentiment towards AMZN looks neutral these days.,87.73786151172393
2023-03-28,GOOGL,"Investors are talking a lot about GOOGL, big moves expected soon!",103.92117866845123
2023-03-16,MSFT,"I'm excited on MSFT, price action has been interesting.",251.55173693368533
2023-01-12,GOOGL,"I'm bearish on GOOGL, price action has been interesting.",86.79749893370014
2023-02-21,AAPL,"Lots of chatter on AAPL today, could this mean dip?",121.21232939349684
2023-03-09,AAPL,"Lots of chatter on AAPL today, could this mean stabilize?",120.71500291031556
2023-02-27,TSLA,Analysts believe TSLA could stabilize after recent news.,107.27266500661185
2023-01-24,AMZN,"I'm bullish on AMZN, price action has been interesting.",88.40501453588696
2023-01-30,AMZN,"Investors are talking a lot about AMZN, big moves expected soon!",92.91152312861108
2023-03-13,MSFT,"I'm excited on MSFT, price action has been interesting.",252.2960828325226
2023-03-23,GOOGL,"GOOGL stock is drawing attention, traders are worried.",96.66495044526977
2023-02-23,AMZN,Analysts believe AMZN could stabilize after recent news.,90.55289027819296
2023-03-17,AAPL,Market sentiment towards AAPL looks excited these days.,121.82459706709544
2023-02-27,AAPL,Market sentiment towards AAPL looks excited these days.,138.0343868483502
2023-02-23,AAPL,"AAPL stock is drawing attention, traders are bullish.",133.76029139502614
2023-01-18,GOOGL,"Lots of chatter on GOOGL today, could this mean rise?",96.66495044526977
2023-03-30,AAPL,"I'm neutral on AAPL, price action has been interesting.",117.50777302447896
2023-01-16,TSLA,The way TSLA has been performing makes me feel worried.,115.08278432873662
2023-01-26,AAPL,Analysts believe AAPL could rise after recent news.,109.09848629545628
2023-01-16,AAPL,The way AAPL has been performing makes me feel worried.,109.26212047440468
2023-03-06,MSFT,"MSFT outlook is neutral, according to many investors.",240.7706347594577
2023-03-03,AMZN,"Lots of chatter on AMZN today, could this mean fall?",87.31005948872884
2023-01-02,AAPL,Analysts believe AAPL could fall after recent news.,125.76285888857272
2023-02-24,GOOGL,The way GOOGL has been performing makes me feel bullish.,91.05294543696355
2023-01-26,TSLA,"Lots of chatter on TSLA today, could this mean dip?",114.57552560976502
2023-03-27,TSLA,"Investors are talking a lot about TSLA, big moves expected soon!",115.26617096790577
2023-01-17,AAPL,The way AAPL has been performing makes me feel bearish.,134.1217558293525
2023-03-27,AAPL,"Investors are talking a lot about AAPL, big moves expected soon!",107.89910165451091
2023-02-15,TSLA,"Investors are talking a lot about TSLA, big moves expected soon!",117.73577041637893
2023-03-03,AMZN,The way AMZN has been performing makes me feel worried.,103.07971095426508
2023-01-11,AAPL,Market sentiment towards AAPL looks excited these days.,105.5066884063496
2023-02-03,TSLA,Market sentiment towards TSLA looks neutral these days.,115.81012322074378
2023-03-06,MSFT,Analysts believe MSFT could breakout after recent news.,240.67835092452796
2023-02-10,GOOGL,"GOOGL outlook is excited, according to many investors.",95.30714445261762
2023-03-07,AAPL,Analysts believe AAPL could breakout after recent news.,137.8761021468032
2023-03-09,MSFT,"MSFT stock is drawing attention, traders are excited.",256.36604823097264
2023-03-07,TSLA,"TSLA stock is drawing attention, traders are bullish.",105.8143693455829
2023-01-25,GOOGL,"Investors are talking a lot about GOOGL, big moves expected soon!",87.99793268801773
2023-02-15,AMZN,Analysts believe AMZN could breakout after recent news.,89.29757967336829
2023-02-20,GOOGL,"I'm bullish on GOOGL, price action has been interesting.",87.56346828310043
2023-01-26,AMZN,Analysts believe AMZN could rise after recent news.,89.02016276311137
2023-02-08,TSLA,Analysts believe TSLA could breakout after recent news.,113.63286221620928
2023-02-24,AMZN,"AMZN outlook is bullish, according to many investors.",91.53580168052092
2023-01-20,GOOGL,"GOOGL stock is drawing attention, traders are bearish.",89.64912995730377
2023-02-27,GOOGL,Market sentiment towards GOOGL looks bullish these days.,92.60610790975478
2023-02-23,AMZN,"Lots of chatter on AMZN today, could this mean dip?",104.77329839040188
2023-01-03,MSFT,"MSFT outlook is excited, according to many investors.",252.34772443328157
2023-03-29,AAPL,"I'm bullish on AAPL, price action has been interesting.",109.09848629545628
2023-02-09,AMZN,"Investors are talking a lot about AMZN, big moves expected soon!",92.0357990874798
2023-03-13,GOOGL,"GOOGL stock is drawing attention, traders are excited.",88.79797393518416
2023-01-13,TSLA,"Investors are talking a lot about TSLA, big moves expected soon!",113.63286221620928
2023-01-19,MSFT,"Lots of chatter on MSFT today, could this mean stabilize?",254.99352785022364
2023-03-13,AMZN,The way AMZN has been performing makes me feel neutral.,98.80649412024268
2023-02-23,AAPL,"AAPL outlook is bullish, according to many investors.",111.4414380315412
2023-02-08,AAPL,"AAPL outlook is worried, according to many investors.",111.4414380315412
2023-01-04,AMZN,Analysts believe AMZN could rise after recent news.,94.05128089966354
2023-02-07,MSFT,Analysts believe MSFT could breakout after recent news.,241.70844629714003
2023-01-03,GOOGL,Analysts believe GOOGL could dip after recent news.,91.05294543696355
2023-02-22,GOOGL,Analysts believe GOOGL could breakout after recent news.,92.60610790975478
2023-01-04,TSLA,"TSLA stock is drawing attention, traders are excited.",112.09895647004323
2023-01-23,GOOGL,"Lots of chatter on GOOGL today, could this mean breakout?",102.55376002955576
2023-02-24,MSFT,"I'm bullish on MSFT, price action has been interesting.",250.7110413556572
2023-01-03,AAPL,"I'm worried on AAPL, price action has been interesting.",121.18533494402097
2023-02-27,AAPL,"Investors are talking a lot about AAPL, big moves expected soon!",118.71118624893776
2023-01-17,AAPL,"AAPL outlook is excited, according to many investors.",110.5381747122457
2023-02-17,GOOGL,"Investors are talking a lot about GOOGL, big moves expected soon!",92.64791109768308
2023-03-31,AAPL,Market sentiment towards AAPL looks bearish these days.,127.78871309603984
2023-03-17,TSLA,"I'm bullish on TSLA, price action has been interesting.",112.09895647004323
2023-03-03,TSLA,The way TSLA has been performing makes me feel bullish.,117.73577041637893
2023-03-28,AAPL,Market sentiment towards AAPL looks bullish these days.,107.20012142941276
2023-03-09,AAPL,"I'm bearish on AAPL, price action has been interesting.",112.50905292656483
2023-02-03,AAPL,Analysts believe AAPL could fall after recent news.,109.26212047440468
2023-02-01,AAPL,Market sentiment towards AAPL looks excited these days.,120.71500291031556
2023-02-02,AMZN,"Investors are talking a lot about AMZN, big moves expected soon!",91.09136003888008
2023-02-22,TSLA,Analysts believe TSLA could rise after recent news.,110.07817504102144
2023-02-08,MSFT,"MSFT outlook is bullish, according to many investors.",238.6207084882862
2023-01-30,GOOGL,"GOOGL stock is drawing attention, traders are bullish.",86.67560634834425
2023-03-16,AMZN,"I'm bullish on AMZN, price action has been interesting.",93.89707748083532
2023-01-25,AAPL,"AAPL outlook is bullish, according to many investors.",125.76285888857272
2023-02-20,AMZN,The way AMZN has been performing makes me feel neutral.,94.05128089966354
2023-03-03,AAPL,"Investors are talking a lot about AAPL, big moves expected soon!",112.1153304548266
2023-03-15,TSLA,"Investors are talking a lot about TSLA, big moves expected soon!",115.62556751982744
2023-02-10,AMZN,"Lots of chatter on AMZN today, could this mean rise?",89.91119166002758
2023-03-24,AAPL,The way AAPL has been performing makes me feel bullish.,107.20012142941276
2023-02-14,MSFT,Market sentiment towards MSFT looks bullish these days.,255.85989399460053
2023-02-08,TSLA,"TSLA stock is drawing attention, traders are bearish.",112.09895647004323
2023-03-02,AAPL,Analysts believe AAPL could stabilize after recent news.,138.8150509186731
2023-02-27,AAPL,"Investors are talking a lot about AAPL, big moves expected soon!",110.29145320597452
2023-03-29,AAPL,"I'm bearish on AAPL, price action has been interesting.",107.20012142941276
2023-02-01,MSFT,"Lots of chatter on MSFT today, could this mean stabilize?",251.54188046292808
2023-03-08,GOOGL,The way GOOGL has been performing makes me feel worried.,95.3960924679492
2023-02-14,GOOGL,"Lots of chatter on GOOGL today, could this mean fall?",95.3960924679492
2023-03-21,MSFT,"Investors are talking a lot about MSFT, big moves expected soon!",252.2960828325226
2023-02-15,AMZN,Analysts believe AMZN could stabilize after recent news.,102.54447997838436
2023-02-02,MSFT,"MSFT stock is drawing attention, traders are bearish.",257.4091621014592
2023-02-23,AMZN,"Investors are talking a lot about AMZN, big moves expected soon!",92.0357990874798
2023-02-16,GOOGL,"GOOGL stock is drawing attention, traders are worried.",92.71093545880773
2023-03-20,AAPL,"Investors are talking a lot about AAPL, big moves expected soon!",108.1772087535367
2023-02-08,AMZN,The way AMZN has been performing makes me feel bullish.,91.53580168052092
2023-02-21,GOOGL,"Investors are talking a lot about GOOGL, big moves expected soon!",103.98747284720118
2023-01-10,GOOGL,Market sentiment towards GOOGL looks bullish these days.,88.5494701524181
2023-02-21,GOOGL,"Investors are talking a lot about GOOGL, big moves expected soon!",103.7271867384658
2023-03-20,AAPL,Market sentiment towards AAPL looks bearish these days.,109.26212047440468
2023-03-31,AMZN,The way AMZN has been performing makes me feel bullish.,99.46017888956618
2023-03-31,AMZN,Analysts believe AMZN could dip after recent news.,87.9040288351952
2023-03-07,AMZN,"AMZN stock is drawing attention, traders are bearish.",89.07407304765302
2023-01-27,GOOGL,Analysts believe GOOGL could breakout after recent news.,86.384738769212
2023-01-26,AMZN,"Investors are talking a lot about AMZN, big moves expected soon!",89.81734526186513
2023-02-09,MSFT,"MSFT stock is drawing attention, traders are neutral.",251.4915430306843
2023-03-24,TSLA,The way TSLA has been performing makes me feel bullish.,116.27312227613815
2023-01-25,TSLA,"I'm neutral on TSLA, price action has been interesting.",111.25909926874225
2023-02-17,TSLA,Market sentiment towards TSLA looks bearish these days.,116.07381954596286
2023-03-01,AMZN,Analysts believe AMZN could fall after recent news.,95.13276302912864
2023-01-16,TSLA,Analysts believe TSLA could breakout after recent news.,117.21422940849848
2023-03-09,AMZN,"Investors are talking a lot about AMZN, big moves expected soon!",89.90876724578159
2023-02-22,AAPL,"Lots of chatter on AAPL today, could this mean breakout?",117.50777302447896
2023-03-30,AMZN,"Lots of chatter on AMZN today, could this mean stabilize?",102.99140554903606
2023-01-11,AMZN,"AMZN stock is drawing attention, traders are neutral.",94.57938143046862
2023-02-16,GOOGL,"I'm neutral on GOOGL, price action has been interesting.",91.54455366458208
2023-03-08,AAPL,"Investors are talking a lot about AAPL, big moves expected soon!",122.04644224651518
2023-03-20,AAPL,"AAPL stock is drawing attention, traders are bearish.",114.77170255262348
2023-03-31,AAPL,"Investors are talking a lot about AAPL, big moves expected soon!",109.49034777729648
2023-02-13,TSLA,"TSLA outlook is bearish, according to many investors.",110.39484286163304
2023-01-05,MSFT,"Investors are talking a lot about MSFT, big moves expected soon!",253.8537717711724
2023-03-10,GOOGL,Analysts believe GOOGL could breakout after recent news.,90.21111369277384
2023-02-10,TSLA,Analysts believe TSLA could stabilize after recent news.,115.44975062951112
2023-03-23,GOOGL,"I'm neutral on GOOGL, price action has been interesting.",95.3960924679492
2023-03-03,MSFT,"I'm worried on MSFT, price action has been interesting.",243.2516973040306
2023-01-05,AAPL,Market sentiment towards AAPL looks bearish these days.,109.09848629545628
2023-02-06,TSLA,"I'm excited on TSLA, price action has been interesting.",114.05624946250992
2023-02-07,TSLA,Analysts believe TSLA could dip after recent news.,111.88185997100378
2023-03-06,TSLA,Market sentiment towards TSLA looks bearish these days.,107.2196372557134
2023-03-30,GOOGL,"Lots of chatter on GOOGL today, could this mean breakout?",94.21294969027754
2023-03-13,TSLA,"TSLA outlook is neutral, according to many investors.",110.07817504102144
2023-03-10,TSLA,"TSLA outlook is excited, according to many investors.",115.15479892754824
2023-01-09,TSLA,"TSLA stock is drawing attention, traders are excited.",115.15479892754824
2023-03-23,GOOGL,Market sentiment towards GOOGL looks bullish these days.,87.56346828310043
2023-01-20,MSFT,Analysts believe MSFT could stabilize after recent news.,251.4915430306843
2023-02-10,GOOGL,"Lots of chatter on GOOGL today, could this mean stabilize?",87.99793268801773
2023-02-28,MSFT,"MSFT stock is drawing attention, traders are neutral.",241.70844629714003
2023-02-21,AAPL,"AAPL stock is drawing attention, traders are bearish.",107.89910165451091
2023-02-28,AAPL,"Lots of chatter on AAPL today, could this mean fall?",109.49034777729648
2023-02-17,AAPL,Analysts believe AAPL could rise after recent news.,126.07935508016996
2023-01-09,TSLA,"Investors are talking a lot about TSLA, big moves expected soon!",116.43656434179384
2023-01-25,MSFT,"Lots of chatter on MSFT today, could this mean dip?",251.33964010816825
2023-02-09,AMZN,Analysts believe AMZN could stabilize after recent news.,86.26617635749504
2023-03-23,GOOGL,"Lots of chatter on GOOGL today, could this mean stabilize?",88.99064207912718
2023-03-07,AMZN,"AMZN stock is drawing attention, traders are neutral.",91.27015849190768
2023-01-24,GOOGL,Market sentiment towards GOOGL looks excited these days.,91.45167777496049
2023-01-31,AAPL,"I'm worried on AAPL, price action has been interesting.",109.4462456661918
2023-02-21,AAPL,"I'm bullish on AAPL, price action has been interesting.",130.7168997036801
2023-03-09,GOOGL,Market sentiment towards GOOGL looks neutral these days.,89.75989832306075
2023-01-18,GOOGL,The way GOOGL has been performing makes me feel worried.,99.9428024152471
2023-02-16,AMZN,"I'm bearish on AMZN, price action has been interesting.",89.81734526186513
2023-03-15,GOOGL,"Investors are talking a lot about GOOGL, big moves expected soon!",103.3391401422243
2023-03-13,MSFT,"Lots of chatter on MSFT today, could this mean dip?",257.4091621014592
2023-01-04,TSLA,Analysts believe TSLA could stabilize after recent news.,113.86768673542504
2023-02-28,TSLA,Analysts believe TSLA could dip after recent news.,115.2769394274327
2023-02-14,AAPL,"I'm bullish on AAPL, price action has been interesting.",138.96122223397512
2023-03-13,AMZN,"AMZN outlook is worried, according to many investors.",95.6829014695944
2023-03-06,AMZN,"Investors are talking a lot about AMZN, big moves expected soon!",100.05001650489336
2023-01-30,AMZN,Analysts believe AMZN could rise after recent news.,91.09136003888008
2023-03-02,TSLA,Market sentiment towards TSLA looks excited these days.,117.2064150051684
2023-01-16,AAPL,The way AAPL has been performing makes me feel worried.,109.09848629545628
2023-01-02,GOOGL,"Lots of chatter on GOOGL today, could this mean stabilize?",91.45167777496049
2023-03-29,AAPL,"Lots of chatter on AAPL today, could this mean dip?",118.71118624893776
2023-02-02,AMZN,"Investors are talking a lot about AMZN, big moves expected soon!",99.46017888956618
2023-01-18,MSFT,Analysts believe MSFT could dip after recent news.,253.22305341902452
2023-01-16,AAPL,"AAPL outlook is excited, according to many investors.",130.7168997036801
2023-03-13,TSLA,"I'm worried on TSLA, price action has been interesting.",111.11020743720992
2023-01-24,AMZN,"AMZN stock is drawing attention, traders are bullish.",102.54447997838436
2023-02-02,TSLA,Market sentiment towards TSLA looks bullish these days.,114.57552560976502
2023-01-26,TSLA,"TSLA stock is drawing attention, traders are neutral.",111.25909926874225
2023-02-21,TSLA,Market sentiment towards TSLA looks worried these days.,114.00855815065005
2023-01-11,AMZN,"Lots of chatter on AMZN today, could this mean breakout?",98.96940265756044
2023-02-08,MSFT,"I'm excited on MSFT, price action has been interesting.",252.2763125126309
2023-01-06,GOOGL,The way GOOGL has been performing makes me feel bearish.,88.47249554433462
2023-01-24,AAPL,The way AAPL has been performing makes me feel neutral.,125.76285888857272
2023-02-20,MSFT,"Investors are talking a lot about MSFT, big moves expected soon!",252.23778094824587
2023-01-26,GOOGL,"Lots of chatter on GOOGL today, could this mean breakout?",87.71777194950126
2023-03-30,TSLA,"TSLA stock is drawing attention, traders are excited.",112.41553111626052
2023-01-16,MSFT,"Lots of chatter on MSFT today, could this mean stabilize?",254.97225513830807
2023-03-16,AAPL,"Investors are talking a lot about AAPL, big moves expected soon!",112.1153304548266
2023-03-03,MSFT,Analysts believe MSFT could breakout after recent news.,255.4070691205143
2023-03-07,TSLA,The way TSLA has been performing makes me feel bearish.,115.26617096790577
2023-01-17,GOOGL,"I'm bullish on GOOGL, price action has been interesting.",92.84076267637236
2023-01-30,AMZN,"Investors are talking a lot about AMZN, big moves expected soon!",95.13276302912864
2023-01-16,AMZN,The way AMZN has been performing makes me feel bullish.,90.59433197059629
2023-01-06,AMZN,Analysts believe AMZN could dip after recent news.,91.09136003888008
2023-03-20,AAPL,The way AAPL has been performing makes me feel worried.,113.98598608655568
2023-01-27,AAPL,Market sentiment towards AAPL looks worried these days.,108.1772087535367
2023-02-27,AAPL,Market sentiment towards AAPL looks bearish these days.,111.4414380315412
2023-03-06,AAPL,The way AAPL has been performing makes me feel bearish.,109.4462456661918
2023-01-17,MSFT,"I'm worried on MSFT, price action has been interesting.",253.14061648859337
2023-01-24,MSFT,"I'm worried on MSFT, price action has been interesting.",257.4091621014592
2023-01-26,TSLA,"TSLA outlook is excited, according to many investors.",117.44346666505422
2023-02-06,GOOGL,The way GOOGL has been performing makes me feel excited.,89.93258335656962
2023-03-08,AMZN,Market sentiment towards AMZN looks neutral these days.,102.0264607185497
2023-03-14,AAPL,Analysts believe AAPL could rise after recent news.,109.09848629545628
2023-03-17,AMZN,Analysts believe AMZN could rise after recent news.,89.91119166002758
2023-02-15,AMZN,"AMZN outlook is bullish, according to many investors.",104.16824571467193
2023-03-28,AAPL,"AAPL outlook is bullish, according to many investors.",114.09742608415914
2023-02-01,GOOGL,Analysts believe GOOGL could fall after recent news.,103.47505135285812
2023-01-20,AMZN,Analysts believe AMZN could dip after recent news.,90.55289027819296
2023-02-07,TSLA,Analysts believe TSLA could fall after recent news.,107.34009767559544
2023-03-30,TSLA,"TSLA stock is drawing attention, traders are excited.",116.2845051448232
2023-03-13,MSFT,"Investors are talking a lot about MSFT, big moves expected soon!",254.99352785022364
2023-03-15,GOOGL,"GOOGL outlook is excited, according to many investors.",92.84076267637236
2023-03-13,AMZN,The way AMZN has been performing makes me feel worried.,87.73786151172393
2023-03-07,GOOGL,Analysts believe GOOGL could stabilize after recent news.,88.79797393518416
2023-01-05,MSFT,"Investors are talking a lot about MSFT, big moves expected soon!",254.5032139891401
2023-01-10,GOOGL,"I'm neutral on GOOGL, price action has been interesting.",87.71777194950126
2023-02-17,TSLA,"Investors are talking a lot about TSLA, big moves expected soon!",114.57552560976502
2023-03-08,AMZN,Market sentiment towards AMZN looks bullish these days.,90.85837652129794
2023-03-03,MSFT,"Lots of chatter on MSFT today, could this mean stabilize?",258.7280582354071
2023-01-26,AMZN,Market sentiment towards AMZN looks neutral these days.,105.88256082750448
2023-03-29,GOOGL,Analysts believe GOOGL could rise after recent news.,92.84076267637236
2023-02-22,AAPL,"AAPL stock is drawing attention, traders are bearish.",112.1153304548266
2023-03-23,AMZN,Analysts believe AMZN could stabilize after recent news.,96.7871295272007
2023-01-18,GOOGL,The way GOOGL has been performing makes me feel bearish.,89.82595353728257
2023-03-07,AMZN,Analysts believe AMZN could dip after recent news.,94.57938143046862
2023-03-27,TSLA,"Investors are talking a lot about TSLA, big moves expected soon!",117.02897351719348
2023-02-13,GOOGL,"GOOGL outlook is worried, according to many investors.",102.59576771282129
2023-01-31,GOOGL,"Investors are talking a lot about GOOGL, big moves expected soon!",86.49507571519749
2023-03-01,GOOGL,The way GOOGL has been performing makes me feel bearish.,91.54455366458208
2023-03-16,TSLA,"TSLA stock is drawing attention, traders are worried.",117.44346666505422
2023-01-13,AMZN,"I'm bullish on AMZN, price action has been interesting.",87.9040288351952
2023-02-28,TSLA,Analysts believe TSLA could fall after recent news.,110.74399848729672
2023-03-30,TSLA,Market sentiment towards TSLA looks bearish these days.,112.484954655671
2023-01-30,AAPL,"AAPL stock is drawing attention, traders are neutral.",118.2733156103735
2023-02-27,AMZN,"Lots of chatter on AMZN today, could this mean breakout?",87.31005948872884
2023-02-02,GOOGL,"GOOGL stock is drawing attention, traders are neutral.",103.98747284720118
2023-02-17,GOOGL,"I'm worried on GOOGL, price action has been interesting.",86.29183002409107
2023-03-20,GOOGL,Analysts believe GOOGL could rise after recent news.,86.79749893370014
2023-02-10,GOOGL,Analysts believe GOOGL could breakout after recent news.,94.4673967412954
2023-03-21,GOOGL,"I'm bearish on GOOGL, price action has been interesting.",103.3391401422243
2023-03-07,MSFT,Analysts believe MSFT could stabilize after recent news.,255.4070691205143
2023-02-17,AMZN,"I'm neutral on AMZN, price action has been interesting.",88.20236890604593
2023-01-26,AAPL,"AAPL stock is drawing attention, traders are bullish.",125.76285888857272
2023-01-11,AAPL,"Investors are talking a lot about AAPL, big moves expected soon!",111.12468071263706
2023-02-06,AMZN,"Lots of chatter on AMZN today, could this mean stabilize?",104.16824571467193
2023-02-10,TSLA,"TSLA stock is drawing attention, traders are excited.",116.07381954596286
2023-01-10,TSLA,"TSLA stock is drawing attention, traders are bullish.",117.2064150051684
2023-03-31,GOOGL,"Investors are talking a lot about GOOGL, big moves expected soon!",94.21294969027754
2023-02-20,AAPL,"I'm neutral on AAPL, price action has been interesting.",108.82782091448937
2023-02-03,GOOGL,The way GOOGL has been performing makes me feel bearish.,88.63862365044015
2023-02-21,MSFT,Analysts believe MSFT could dip after recent news.,255.4070691205143
2023-01-02,GOOGL,The way GOOGL has been performing makes me feel bearish.,86.29183002409107
2023-01-20,AMZN,The way AMZN has been performing makes me feel bullish.,94.57938143046862
2023-02-21,AMZN,"AMZN outlook is neutral, according to many investors.",87.31005948872884
2023-01-18,AMZN,"I'm bullish on AMZN, price action has been interesting.",89.29757967336829
2023-01-11,AMZN,"I'm neutral on AMZN, price action has been interesting.",92.03902588070363
2023-01-06,MSFT,The way MSFT has been performing makes me feel worried.,255.4070691205143
2023-03-24,MSFT,"MSFT stock is drawing attention, traders are excited.",256.9250075615008
2023-01-02,AMZN,"Lots of chatter on AMZN today, could this mean dip?",99.19088779879525
2023-02-20,GOOGL,The way GOOGL has been performing makes me feel excited.,86.384738769212
2023-02-17,AMZN,The way AMZN has been performing makes me feel neutral.,95.13276302912864
2023-03-29,GOOGL,The way GOOGL has been performing makes me feel excited.,87.99793268801773
2023-02-01,AAPL,"I'm neutral on AAPL, price action has been interesting.",123.14805754232684
2023-01-12,MSFT,"Lots of chatter on MSFT today, could this mean stabilize?",249.71601303957576
2023-02-16,AMZN,"I'm bearish on AMZN, price action has been interesting.",99.72020146527116
2023-03-06,GOOGL,"GOOGL stock is drawing attention, traders are worried.",86.93710310368019
2023-01-05,AMZN,The way AMZN has been performing makes me feel bullish.,98.96940265756044
2023-02-10,AMZN,"Investors are talking a lot about AMZN, big moves expected soon!",86.26617635749504
2023-01-04,TSLA,Market sentiment towards TSLA looks worried these days.,106.13694076891493
2023-01-19,AMZN,"I'm bullish on AMZN, price action has been interesting.",90.59433197059629
2023-03-24,AMZN,"Lots of chatter on AMZN today, could this mean rise?",96.7871295272007
2023-03-03,AAPL,"AAPL outlook is neutral, according to many investors.",127.78871309603984
2023-02-16,GOOGL,"GOOGL outlook is neutral, according to many investors.",87.71777194950126
2023-03-03,TSLA,Market sentiment towards TSLA looks bullish these days.,114.45826765072462
2023-03-27,AMZN,Analysts believe AMZN could breakout after recent news.,104.63122613197449
2023-01-23,GOOGL,Analysts believe GOOGL could breakout after recent news.,88.99064207912718
2023-02-24,GOOGL,"Lots of chatter on GOOGL today, could this mean rise?",89.93258335656962
2023-01-24,AMZN,"I'm worried on AMZN, price action has been interesting.",93.89707748083532
2023-02-16,AMZN,Market sentiment towards AMZN looks worried these days.,94.0224726042693
2023-01-23,GOOGL,"Lots of chatter on GOOGL today, could this mean dip?",89.82595353728257
2023-03-24,GOOGL,Analysts believe GOOGL could fall after recent news.,89.21135449552935
2023-01-18,AMZN,"Lots of chatter on AMZN today, could this mean fall?",93.1969107503963
2023-03-20,AAPL,"AAPL outlook is neutral, according to many investors.",119.06991308610915
2023-02-13,GOOGL,Analysts believe GOOGL could rise after recent news.,87.56346828310043
2023-02-16,MSFT,"MSFT outlook is bearish, according to many investors.",255.79604932771065
2023-02-23,AMZN,Market sentiment towards AMZN looks worried these days.,89.29757967336829
2023-01-11,TSLA,"I'm bearish on TSLA, price action has been interesting.",115.44975062951112
2023-03-17,GOOGL,"I'm bearish on GOOGL, price action has been interesting.",92.60610790975478
2023-02-07,AMZN,"Investors are talking a lot about AMZN, big moves expected soon!",95.13276302912864
2023-03-15,GOOGL,"Lots of chatter on GOOGL today, could this mean dip?",86.2810077483177
2023-02-23,TSLA,"Lots of chatter on TSLA today, could this mean stabilize?",116.27312227613815
2023-03-31,TSLA,Market sentiment towards TSLA looks bullish these days.,111.88185997100378
2023-01-24,TSLA,"Investors are talking a lot about TSLA, big moves expected soon!",115.2769394274327
2023-02-10,AMZN,Analysts believe AMZN could breakout after recent news.,90.85837652129794
2023-03-15,TSLA,"Investors are talking a lot about TSLA, big moves expected soon!",111.25909926874225
2023-01-18,GOOGL,The way GOOGL has been performing makes me feel neutral.,105.64779114122965
2023-01-30,AAPL,"Lots of chatter on AAPL today, could this mean breakout?",138.8150509186731
2023-01-26,AMZN,Market sentiment towards AMZN looks excited these days.,89.29757967336829
2023-03-15,AAPL,"Investors are talking a lot about AAPL, big moves expected soon!",122.04644224651518
2023-01-26,TSLA,"Lots of chatter on TSLA today, could this mean breakout?",111.25909926874225
2023-03-21,MSFT,Analysts believe MSFT could stabilize after recent news.,252.2763125126309
2023-02-03,AAPL,"Lots of chatter on AAPL today, could this mean breakout?",130.3104557300001
2023-02-13,MSFT,"MSFT stock is drawing attention, traders are excited.",240.4963585681164
2023-03-17,AMZN,"AMZN stock is drawing attention, traders are excited.",94.0224726042693
2023-02-01,AAPL,"I'm excited on AAPL, price action has been interesting.",126.07935508016996
2023-02-14,MSFT,"Lots of chatter on MSFT today, could this mean stabilize?",250.7110413556572
2023-03-28,AAPL,"AAPL outlook is excited, according to many investors.",109.49034777729648
2023-01-13,MSFT,The way MSFT has been performing makes me feel excited.,251.55173693368533
2023-03-16,TSLA,"I'm worried on TSLA, price action has been interesting.",111.25909926874225
2023-03-14,TSLA,"TSLA stock is drawing attention, traders are bullish.",116.07381954596286
2023-01-27,AAPL,"Lots of chatter on AAPL today, could this mean breakout?",117.50777302447896
2023-02-14,MSFT,"MSFT stock is drawing attention, traders are neutral.",250.59121616293012
2023-01-19,MSFT,"Lots of chatter on MSFT today, could this mean stabilize?",254.5032139891401
2023-03-10,TSLA,Market sentiment towards TSLA looks neutral these days.,117.26937252857788
2023-02-08,MSFT,"MSFT outlook is bearish, according to many investors.",237.8564216608738
2023-03-15,AMZN,The way AMZN has been performing makes me feel bearish.,87.31005948872884
2023-02-02,TSLA,"Investors are talking a lot about TSLA, big moves expected soon!",113.32871705534018
2023-01-31,MSFT,Market sentiment towards MSFT looks excited these days.,255.79604932771065
2023-02-10,MSFT,"MSFT stock is drawing attention, traders are excited.",249.2035675109092
2023-03-29,AAPL,Market sentiment towards AAPL looks bullish these days.,130.99342830602245
2023-01-05,TSLA,"TSLA outlook is worried, according to many investors.",113.63097750248954
2023-03-23,AAPL,Market sentiment towards AAPL looks bullish these days.,137.58685188434174
2023-01-11,TSLA,"Investors are talking a lot about TSLA, big moves expected soon!",116.27312227613815
2023-01-17,TSLA,"TSLA outlook is worried, according to many investors.",112.484954655671
2023-02-13,AMZN,"AMZN outlook is neutral, according to many investors.",89.90876724578159
2023-02-16,AMZN,"I'm bullish on AMZN, price action has been interesting.",104.16824571467193
2023-03-09,TSLA,The way TSLA has been performing makes me feel worried.,112.71248005714163
2023-03-21,GOOGL,Analysts believe GOOGL could dip after recent news.,102.55376002955576
2023-02-06,AAPL,"Lots of chatter on AAPL today, could this mean fall?",121.18533494402097
2023-01-25,MSFT,"Investors are talking a lot about MSFT, big moves expected soon!",257.4091621014592
2023-02-22,MSFT,Market sentiment towards MSFT looks excited these days.,253.8537717711724
2023-03-10,AAPL,"I'm neutral on AAPL, price action has been interesting.",114.3287226489356
2023-01-11,TSLA,The way TSLA has been performing makes me feel worried.,117.73577041637893
2023-02-27,AMZN,"AMZN stock is drawing attention, traders are excited.",96.81313331095652
2023-01-09,AAPL,"Lots of chatter on AAPL today, could this mean dip?",137.8761021468032
2023-03-02,AAPL,"Lots of chatter on AAPL today, could this mean dip?",121.18533494402097
2023-03-30,AAPL,"I'm bearish on AAPL, price action has been interesting.",107.452609474386
2023-02-09,MSFT,Market sentiment towards MSFT looks neutral these days.,250.5556902998358
2023-02-08,MSFT,"MSFT stock is drawing attention, traders are neutral.",255.79604932771065
2023-01-16,AMZN,The way AMZN has been performing makes me feel bullish.,88.92831195630367
2023-03-31,TSLA,Analysts believe TSLA could stabilize after recent news.,115.81012322074378
2023-01-26,AMZN,The way AMZN has been performing makes me feel bullish.,87.73786151172393
2023-01-12,AAPL,Analysts believe AAPL could dip after recent news.,105.5066884063496
2023-02-07,TSLA,"I'm bearish on TSLA, price action has been interesting.",115.81012322074378
2023-02-16,GOOGL,"GOOGL outlook is worried, according to many investors.",88.47249554433462
2023-03-02,TSLA,Analysts believe TSLA could rise after recent news.,112.3638206700515
2023-01-20,AMZN,Market sentiment towards AMZN looks neutral these days.,88.92831195630367
2023-03-13,AAPL,Market sentiment towards AAPL looks worried these days.,110.97868978511146
2023-01-18,TSLA,"TSLA outlook is bullish, according to many investors.",116.43656434179384
2023-03-09,MSFT,"Lots of chatter on MSFT today, could this mean fall?",252.19675275701448
2023-03-20,GOOGL,Market sentiment towards GOOGL looks bearish these days.,89.49577838191351
2023-03-13,GOOGL,"Lots of chatter on GOOGL today, could this mean dip?",86.49507571519749
2023-02-21,MSFT,The way MSFT has been performing makes me feel neutral.,250.0364394129566
2023-01-24,GOOGL,"GOOGL stock is drawing attention, traders are bearish.",89.49577838191351
2023-03-22,MSFT,"MSFT stock is drawing attention, traders are bullish.",240.4963585681164
2023-02-09,AAPL,Analysts believe AAPL could stabilize after recent news.,108.10077741317558
2023-02-15,TSLA,"I'm neutral on TSLA, price action has been interesting.",111.25909926874225
2023-03-24,AAPL,Analysts believe AAPL could rise after recent news.,122.04644224651518
2023-03-17,GOOGL,Market sentiment towards GOOGL looks bullish these days.,94.90275914774982
2023-01-13,AMZN,"I'm worried on AMZN, price action has been interesting.",92.0357990874798
2023-03-07,GOOGL,"I'm bullish on GOOGL, price action has been interesting.",94.21294969027754
2023-02-01,MSFT,"Lots of chatter on MSFT today, could this mean stabilize?",250.1534581332311
2023-01-30,AAPL,"I'm bearish on AAPL, price action has been interesting.",110.29145320597452
2023-01-18,TSLA,"I'm bearish on TSLA, price action has been interesting.",117.2064150051684
2023-02-15,AMZN,"AMZN stock is drawing attention, traders are neutral.",88.20236890604593
2023-02-02,TSLA,"TSLA stock is drawing attention, traders are neutral.",111.11020743720992
2023-01-16,AAPL,"Investors are talking a lot about AAPL, big moves expected soon!",130.3104557300001
2023-01-24,GOOGL,"I'm excited on GOOGL, price action has been interesting.",88.5494701524181
2023-03-07,MSFT,Analysts believe MSFT could breakout after recent news.,252.19675275701448
2023-02-03,GOOGL,Market sentiment towards GOOGL looks worried these days.,86.29183002409107
2023-01-30,MSFT,"Investors are talking a lot about MSFT, big moves expected soon!",257.4091621014592
2023-01-17,GOOGL,"GOOGL outlook is excited, according to many investors.",92.60610790975478
2023-02-21,AMZN,"Investors are talking a lot about AMZN, big moves expected soon!",90.55289027819296
2023-02-28,AAPL,The way AAPL has been performing makes me feel neutral.,137.8761021468032
2023-01-24,MSFT,"I'm neutral on MSFT, price action has been interesting.",250.0364394129566
2023-03-08,GOOGL,Market sentiment towards GOOGL looks bullish these days.,98.14613905684384
2023-02-08,TSLA,"I'm bullish on TSLA, price action has been interesting.",115.62556751982744
2023-02-27,TSLA,"TSLA outlook is bearish, according to many investors.",107.34009767559544
2023-03-07,TSLA,Market sentiment towards TSLA looks worried these days.,114.73134936166689
2023-01-25,MSFT,The way MSFT has been performing makes me feel worried.,251.427817526324
2023-01-18,MSFT,"MSFT outlook is bullish, according to many investors.",240.7706347594577
2023-01-18,GOOGL,Market sentiment towards GOOGL looks bearish these days.,88.99064207912718
2023-02-13,MSFT,Market sentiment towards MSFT looks worried these days.,252.34772443328157
2023-01-03,TSLA,The way TSLA has been performing makes me feel bearish.,115.15479892754824
2023-01-23,GOOGL,"GOOGL outlook is neutral, according to many investors.",86.2810077483177
2023-01-12,AMZN,The way AMZN has been performing makes me feel bearish.,95.6829014695944
2023-02-22,TSLA,The way TSLA has been performing makes me feel neutral.,115.26617096790577
2023-03-16,TSLA,"Investors are talking a lot about TSLA, big moves expected soon!",113.63286221620928
2023-03-20,MSFT,"Investors are talking a lot about MSFT, big moves expected soon!",237.8564216608738
2023-03-03,GOOGL,Analysts believe GOOGL could fall after recent news.,107.65982590422904
2023-02-16,MSFT,Market sentiment towards MSFT looks neutral these days.,241.1440931999608
2023-01-12,AAPL,Analysts believe AAPL could breakout after recent news.,137.2801814603673
2023-01-11,TSLA,"Lots of chatter on TSLA today, could this mean dip?",114.57552560976502
2023-01-10,AAPL,"Lots of chatter on AAPL today, could this mean stabilize?",117.50777302447896
2023-02-20,AMZN,"AMZN stock is drawing attention, traders are worried.",100.86978418940626
2023-01-25,MSFT,"MSFT outlook is neutral, according to many investors.",250.7110413556572
2023-01-04,GOOGL,"Investors are talking a lot about GOOGL, big moves expected soon!",94.4673967412954
2023-02-08,MSFT,"Lots of chatter on MSFT today, could this mean rise?",250.0364394129566
2023-03-02,AAPL,"I'm excited on AAPL, price action has been interesting.",137.8761021468032
2023-01-30,AAPL,"AAPL stock is drawing attention, traders are neutral.",119.74445509167056
2023-02-08,GOOGL,The way GOOGL has been performing makes me feel bullish.,92.84076267637236
2023-03-16,GOOGL,"GOOGL stock is drawing attention, traders are neutral.",87.56346828310043
2023-03-16,MSFT,"Investors are talking a lot about MSFT, big moves expected soon!",240.67835092452796
2023-03-31,TSLA,"TSLA stock is drawing attention, traders are neutral.",117.2064150051684
2023-01-30,AAPL,The way AAPL has been performing makes me feel neutral.,126.07935508016996
2023-01-18,AMZN,"Investors are talking a lot about AMZN, big moves expected soon!",96.7871295272007
2023-03-21,GOOGL,"GOOGL stock is drawing attention, traders are bearish.",87.59981329687079
2023-03-09,GOOGL,Analysts believe GOOGL could dip after recent news.,88.47249554433462
2023-03-16,TSLA,"TSLA stock is drawing attention, traders are worried.",114.45826765072462
2023-01-13,MSFT,The way MSFT has been performing makes me feel excited.,252.2763125126309
2023-03-15,TSLA,The way TSLA has been performing makes me feel worried.,114.80657640380984
2023-03-02,TSLA,"Investors are talking a lot about TSLA, big moves expected soon!",111.25909926874225
2023-03-07,AAPL,"Lots of chatter on AAPL today, could this mean fall?",130.7168997036801
2023-03-15,MSFT,"MSFT outlook is bullish, according to many investors.",256.9250075615008
2023-03-06,MSFT,Market sentiment towards MSFT looks bearish these days.,257.8609798488129
2023-01-18,AAPL,"Lots of chatter on AAPL today, could this mean dip?",107.452609474386
2023-02-21,AMZN,Market sentiment towards AMZN looks worried these days.,89.91119166002758
2023-02-02,GOOGL,"Lots of chatter on GOOGL today, could this mean breakout?",94.90275914774982
2023-01-03,AMZN,"Investors are talking a lot about AMZN, big moves expected soon!",89.09791095488092
2023-01-19,AMZN,"AMZN outlook is neutral, according to many investors.",96.81313331095652
2023-01-13,GOOGL,Analysts believe GOOGL could fall after recent news.,95.30714445261762
2023-02-17,MSFT,Analysts believe MSFT could breakout after recent news.,251.54188046292808
2023-02-03,AAPL,"AAPL stock is drawing attention, traders are bullish.",137.58685188434174
2023-01-04,TSLA,"I'm neutral on TSLA, price action has been interesting.",115.26617096790577
2023-01-24,AMZN,"Investors are talking a lot about AMZN, big moves expected soon!",95.13276302912864
2023-01-17,AAPL,"Lots of chatter on AAPL today, could this mean stabilize?",108.1772087535367
2023-03-16,AAPL,Market sentiment towards AAPL looks excited these days.,121.18533494402097
2023-02-02,AMZN,The way AMZN has been performing makes me feel worried.,104.91895621571564
2023-02-09,MSFT,Analysts believe MSFT could stabilize after recent news.,258.7280582354071
2023-03-01,AAPL,"AAPL outlook is excited, according to many investors.",112.1153304548266
2023-02-03,MSFT,"Investors are talking a lot about MSFT, big moves expected soon!",251.33964010816825
2023-03-24,AAPL,"I'm worried on AAPL, price action has been interesting.",117.50777302447896
2023-03-31,AMZN,"Lots of chatter on AMZN today, could this mean dip?",88.90708958366359
2023-02-08,TSLA,"I'm excited on TSLA, price action has been interesting.",114.73134936166689
2023-01-23,TSLA,"I'm excited on TSLA, price action has been interesting.",112.56845981398098
2023-03-07,AAPL,"Investors are talking a lot about AAPL, big moves expected soon!",121.18533494402097
2023-03-22,AMZN,"I'm worried on AMZN, price action has been interesting.",91.09136003888008
2023-02-07,MSFT,Analysts believe MSFT could rise after recent news.,250.59121616293012
2023-03-15,GOOGL,"Lots of chatter on GOOGL today, could this mean dip?",88.41417458413825
2023-02-28,AMZN,"Lots of chatter on AMZN today, could this mean stabilize?",92.1193968628654
2023-03-23,AAPL,"I'm worried on AAPL, price action has been interesting.",114.77170255262348
2023-03-07,TSLA,"I'm worried on TSLA, price action has been interesting.",113.63097750248954
2023-02-16,GOOGL,"GOOGL stock is drawing attention, traders are bearish.",88.41417458413825
2023-02-21,AMZN,"Lots of chatter on AMZN today, could this mean fall?",94.0224726042693
2023-01-09,AMZN,Analysts believe AMZN could rise after recent news.,88.90708958366359
2023-01-10,GOOGL,"GOOGL stock is drawing attention, traders are excited.",107.65982590422904
2023-02-03,AAPL,"I'm excited on AAPL, price action has been interesting.",125.76285888857272
2023-02-15,GOOGL,Analysts believe GOOGL could rise after recent news.,88.61815752840099
2023-03-17,MSFT,The way MSFT has been performing makes me feel neutral.,241.70844629714003
2023-03-22,AAPL,Analysts believe AAPL could breakout after recent news.,138.8150509186731
2023-01-10,MSFT,"MSFT stock is drawing attention, traders are excited.",241.1440931999608
2023-03-21,TSLA,"TSLA outlook is bearish, according to many investors.",115.11576987004398
2023-01-17,AMZN,"AMZN stock is drawing attention, traders are excited.",104.91895621571564
2023-01-23,AMZN,The way AMZN has been performing makes me feel bearish.,92.1193968628654
2023-03-01,AMZN,"I'm neutral on AMZN, price action has been interesting.",90.55289027819296
2023-01-10,MSFT,"MSFT stock is drawing attention, traders are excited.",250.822460604913
2023-03-13,MSFT,The way MSFT has been performing makes me feel worried.,254.99352785022364
2023-02-14,GOOGL,"I'm bearish on GOOGL, price action has been interesting.",96.66495044526977
2023-01-11,TSLA,Analysts believe TSLA could rise after recent news.,116.07381954596286
2023-03-03,GOOGL,The way GOOGL has been performing makes me feel bullish.,86.2810077483177
2023-03-23,GOOGL,Analysts believe GOOGL could stabilize after recent news.,90.88980558179196
2023-01-05,MSFT,The way MSFT has been performing makes me feel neutral.,241.70844629714003
2023-02-09,MSFT,The way MSFT has been performing makes me feel bearish.,240.4963585681164
2023-02-09,MSFT,Analysts believe MSFT could rise after recent news.,253.93499282328747
2023-02-08,MSFT,Market sentiment towards MSFT looks bullish these days.,254.8222399169049
2023-03-02,MSFT,Analysts believe MSFT could fall after recent news.,256.36604823097264
2023-01-05,GOOGL,"Lots of chatter on GOOGL today, could this mean stabilize?",87.99793268801773
2023-01-12,MSFT,"Investors are talking a lot about MSFT, big moves expected soon!",239.3103700989465
2023-01-06,AMZN,"I'm neutral on AMZN, price action has been interesting.",91.38099100541976
2023-03-20,GOOGL,Market sentiment towards GOOGL looks worried these days.,88.47249554433462
2023-03-10,GOOGL,"GOOGL stock is drawing attention, traders are neutral.",86.2810077483177
2023-01-20,GOOGL,Market sentiment towards GOOGL looks excited these days.,88.61815752840099
2023-02-14,MSFT,"MSFT outlook is worried, according to many investors.",256.36604823097264
2023-02-08,GOOGL,"GOOGL stock is drawing attention, traders are neutral.",94.90275914774982
2023-01-31,MSFT,Analysts believe MSFT could breakout after recent news.,254.8222399169049
2023-01-24,AMZN,"Investors are talking a lot about AMZN, big moves expected soon!",89.65641888629835
2023-03-23,AMZN,"I'm bullish on AMZN, price action has been interesting.",99.72020146527116
2023-03-21,AAPL,"AAPL stock is drawing attention, traders are excited.",138.96122223397512
2023-02-06,AAPL,"Investors are talking a lot about AAPL, big moves expected soon!",137.58685188434174
2023-02-03,MSFT,"Investors are talking a lot about MSFT, big moves expected soon!",249.2035675109092
2023-01-13,AMZN,Analysts believe AMZN could fall after recent news.,88.40501453588696
2023-03-03,GOOGL,Market sentiment towards GOOGL looks bearish these days.,89.49577838191351
2023-01-16,MSFT,The way MSFT has been performing makes me feel bearish.,250.81557924919667
2023-03-15,GOOGL,"Lots of chatter on GOOGL today, could this mean fall?",89.93258335656962
2023-02-08,AAPL,"I'm neutral on AAPL, price action has been interesting.",119.06991308610915
2023-03-31,AAPL,Analysts believe AAPL could fall after recent news.,130.99342830602245
2023-03-09,AAPL,Market sentiment towards AAPL looks excited these days.,121.18533494402097
2023-03-07,GOOGL,"I'm bullish on GOOGL, price action has been interesting.",89.16355432644994
2023-03-14,TSLA,The way TSLA has been performing makes me feel worried.,114.57552560976502
2023-03-16,TSLA,"I'm bullish on TSLA, price action has been interesting.",112.5579038235086
2023-03-24,AAPL,"Investors are talking a lot about AAPL, big moves expected soon!",118.71118624893776
2023-03-21,AAPL,"AAPL stock is drawing attention, traders are neutral.",107.89910165451091
2023-03-07,AAPL,"Investors are talking a lot about AAPL, big moves expected soon!",132.0122767798815
2023-02-13,AAPL,"Lots of chatter on AAPL today, could this mean breakout?",107.131740051138
2023-03-06,AMZN,The way AMZN has been performing makes me feel bullish.,92.0357990874798
2023-02-06,AAPL,"AAPL outlook is worried, according to many investors.",109.09848629545628
2023-01-06,TSLA,Market sentiment towards TSLA looks excited these days.,113.63097571992164
2023-03-14,GOOGL,"Lots of chatter on GOOGL today, could this mean rise?",86.89961556713949
2023-03-16,AAPL,"AAPL outlook is excited, according to many investors.",125.62780247919687
2023-02-15,MSFT,Analysts believe MSFT could breakout after recent news.,237.8564216608738
2023-03-10,MSFT,Market sentiment towards MSFT looks neutral these days.,250.9171170147616
2023-02-22,AAPL,Analysts believe AAPL could breakout after recent news.,109.09848629545628
2023-02-07,TSLA,"I'm bullish on TSLA, price action has been interesting.",117.8074224945988
2023-01-20,GOOGL,"I'm bearish on GOOGL, price action has been interesting.",89.21135449552935
2023-03-27,AMZN,"AMZN outlook is worried, according to many investors.",89.09791095488092
2023-01-30,TSLA,"TSLA outlook is excited, according to many investors.",114.00855815065005
2023-03-06,AAPL,"AAPL stock is drawing attention, traders are excited.",138.0343868483502
2023-01-09,AAPL,"I'm bullish on AAPL, price action has been interesting.",138.96122223397512
2023-02-22,TSLA,"I'm bullish on TSLA, price action has been interesting.",106.13694076891493
2023-03-28,TSLA,"Investors are talking a lot about TSLA, big moves expected soon!",106.62247105921196
2023-03-28,GOOGL,"GOOGL stock is drawing attention, traders are bullish.",96.66495044526977
2023-03-06,MSFT,"Investors are talking a lot about MSFT, big moves expected soon!",253.14061648859337
2023-01-18,AAPL,"AAPL stock is drawing attention, traders are bearish.",114.3287226489356
2023-01-04,AMZN,"AMZN outlook is worried, according to many investors.",88.90708958366359
2023-01-09,MSFT,"MSFT outlook is bullish, according to many investors.",250.5556902998358
2023-01-11,AAPL,"Investors are talking a lot about AAPL, big moves expected soon!",109.4462456661918
2023-03-02,GOOGL,Analysts believe GOOGL could dip after recent news.,98.02708834472024
2023-02-15,AMZN,The way AMZN has been performing makes me feel neutral.,87.35981101659057
2023-03-10,GOOGL,"GOOGL stock is drawing attention, traders are neutral.",87.59981329687079
2023-01-16,GOOGL,"GOOGL outlook is excited, according to many investors.",86.2810077483177
2023-02-08,AMZN,"AMZN stock is drawing attention, traders are bullish.",100.86978418940626
2023-02-27,GOOGL,"GOOGL outlook is worried, according to many investors.",94.90275914774982
2023-01-23,AAPL,Market sentiment towards AAPL looks bullish these days.,127.1602184308493
2023-03-08,AMZN,"Lots of chatter on AMZN today, could this mean stabilize?",92.14327842542612
2023-03-20,AAPL,"Lots of chatter on AAPL today, could this mean stabilize?",133.76029139502614
2023-03-30,AAPL,"AAPL stock is drawing attention, traders are worried.",109.49034777729648
2023-03-23,GOOGL,"I'm worried on GOOGL, price action has been interesting.",103.3391401422243
2023-03-28,TSLA,"Lots of chatter on TSLA today, could this mean rise?",116.2845051448232
2023-01-16,GOOGL,"Investors are talking a lot about GOOGL, big moves expected soon!",103.3391401422243
2023-01-25,AAPL,"Lots of chatter on AAPL today, could this mean stabilize?",119.06991308610915
2023-01-26,TSLA,"TSLA stock is drawing attention, traders are bullish.",111.44355272501969
2023-03-17,AMZN,"AMZN stock is drawing attention, traders are worried.",88.40501453588696
2023-02-06,AMZN,Analysts believe AMZN could breakout after recent news.,88.40501453588696
2023-01-09,GOOGL,Market sentiment towards GOOGL looks neutral these days.,87.71777194950126
2023-01-05,AAPL,Market sentiment towards AAPL looks neutral these days.,119.74445509167056
2023-02-09,TSLA,"Investors are talking a lot about TSLA, big moves expected soon!",112.09895647004323
2023-03-23,AAPL,The way AAPL has been performing makes me feel neutral.,111.4414380315412
2023-01-24,MSFT,The way MSFT has been performing makes me feel excited.,250.59121616293012
2023-03-01,GOOGL,Analysts believe GOOGL could fall after recent news.,102.55376002955576
2023-02-16,GOOGL,"Investors are talking a lot about GOOGL, big moves expected soon!",103.47505135285812
2023-01-11,AAPL,"AAPL stock is drawing attention, traders are worried.",109.4462456661918
2023-01-18,GOOGL,"I'm excited on GOOGL, price action has been interesting.",88.08394296325406
2023-01-11,TSLA,The way TSLA has been performing makes me feel neutral.,114.00855815065005
2023-03-31,MSFT,"Investors are talking a lot about MSFT, big moves expected soon!",249.2035675109092
2023-03-01,GOOGL,Analysts believe GOOGL could breakout after recent news.,91.45167777496049
2023-02-23,AMZN,The way AMZN has been performing makes me feel bullish.,92.1193968628654
2023-03-23,MSFT,Analysts believe MSFT could breakout after recent news.,255.85989399460053
2023-03-02,MSFT,Market sentiment towards MSFT looks neutral these days.,240.7706347594577
2023-01-12,TSLA,"TSLA stock is drawing attention, traders are excited.",117.8074224945988
2023-02-21,AAPL,"Lots of chatter on AAPL today, could this mean rise?",114.77170255262348
2023-02-20,GOOGL,Analysts believe GOOGL could fall after recent news.,86.01952659374552
2023-02-08,GOOGL,"GOOGL stock is drawing attention, traders are bearish.",86.29183002409107
2023-02-28,MSFT,Market sentiment towards MSFT looks worried these days.,250.5556902998358
2023-03-01,GOOGL,Market sentiment towards GOOGL looks excited these days.,87.41215474466284
2023-02-28,AAPL,"AAPL stock is drawing attention, traders are bullish.",135.05833649269752
2023-03-17,GOOGL,"I'm worried on GOOGL, price action has been interesting.",88.5494701524181
2023-03-08,MSFT,"Investors are talking a lot about MSFT, big moves expected soon!",251.54188046292808
2023-01-31,GOOGL,"GOOGL outlook is excited, according to many investors.",107.65982590422904
2023-02-07,MSFT,"MSFT outlook is neutral, according to many investors.",251.24849642836065
2023-01-18,TSLA,Market sentiment towards TSLA looks bullish these days.,113.63097750248954
2023-03-03,AAPL,Analysts believe AAPL could stabilize after recent news.,132.0122767798815
2023-01-13,GOOGL,"GOOGL stock is drawing attention, traders are neutral.",95.3960924679492
2023-01-12,AAPL,The way AAPL has been performing makes me feel neutral.,118.71118624893776
2023-03-16,TSLA,Market sentiment towards TSLA looks bearish these days.,115.08278432873662
2023-02-07,TSLA,"Investors are talking a lot about TSLA, big moves expected soon!",112.41553111626052
2023-02-16,AAPL,The way AAPL has been performing makes me feel neutral.,114.09742608415914
2023-01-02,GOOGL,"Lots of chatter on GOOGL today, could this mean stabilize?",91.05294543696355
2023-02-14,AMZN,"I'm neutral on AMZN, price action has been interesting.",104.91895621571564
2023-01-27,AMZN,"AMZN stock is drawing attention, traders are neutral.",104.91895621571564
2023-02-17,AAPL,"Lots of chatter on AAPL today, could this mean fall?",130.7168997036801
2023-01-24,MSFT,"I'm bullish on MSFT, price action has been interesting.",254.5032139891401
2023-01-25,AMZN,Analysts believe AMZN could dip after recent news.,93.1969107503963
2023-03-03,AMZN,"I'm worried on AMZN, price action has been interesting.",88.20236890604593
2023-03-15,GOOGL,"GOOGL outlook is excited, according to many investors.",91.54455366458208
2023-03-31,AMZN,"Lots of chatter on AMZN today, could this mean stabilize?",91.09136003888008
2023-01-02,GOOGL,Market sentiment towards GOOGL looks bearish these days.,88.77606573440579
2023-03-22,AAPL,The way AAPL has been performing makes me feel bullish.,127.78871309603984
2023-02-06,GOOGL,"GOOGL outlook is bullish, according to many investors.",88.79797393518416
2023-01-27,TSLA,Market sentiment towards TSLA looks neutral these days.,109.26821498594242
2023-01-13,TSLA,"I'm bullish on TSLA, price action has been interesting.",106.13694076891493
2023-03-23,AAPL,"AAPL stock is drawing attention, traders are bullish.",109.49034777729648
2023-02-27,AMZN,"AMZN outlook is neutral, according to many investors.",89.07407304765302
2023-01-06,TSLA,"TSLA outlook is bullish, according to many investors.",115.11576987004398
2023-03-31,TSLA,"TSLA outlook is neutral, according to many investors.",117.26937252857788
2023-01-24,AAPL,"Investors are talking a lot about AAPL, big moves expected soon!",123.14805754232684
2023-01-31,AMZN,Analysts believe AMZN could fall after recent news.,104.63122613197449
2023-02-27,TSLA,"I'm worried on TSLA, price action has been interesting.",107.34009767559544
2023-01-16,MSFT,Analysts believe MSFT could fall after recent news.,247.8969090457618
2023-03-20,AAPL,"Lots of chatter on AAPL today, could this mean rise?",137.1029273412097
2023-03-13,AAPL,"AAPL outlook is bearish, according to many investors.",105.5066884063496
2023-01-30,TSLA,"TSLA stock is drawing attention, traders are bullish.",110.07817504102144
2023-02-06,MSFT,"Lots of chatter on MSFT today, could this mean dip?",255.4070691205143
2023-01-26,AMZN,"AMZN stock is drawing attention, traders are neutral.",87.9040288351952
2023-03-24,AMZN,Market sentiment towards AMZN looks excited these days.,94.05128089966354
2023-03-07,MSFT,Analysts believe MSFT could stabilize after recent news.,254.9057199189457
2023-02-06,TSLA,Market sentiment towards TSLA looks bullish these days.,114.73134936166689
2023-02-24,TSLA,Analysts believe TSLA could stabilize after recent news.,115.81012322074378
2023-01-06,GOOGL,"Lots of chatter on GOOGL today, could this mean stabilize?",94.21294969027754
2023-01-30,AAPL,"AAPL outlook is bullish, according to many investors.",125.76285888857272
2023-01-05,AMZN,"Lots of chatter on AMZN today, could this mean dip?",95.66659292425828
2023-02-01,AMZN,The way AMZN has been performing makes me feel bearish.,89.01952805283034
2023-01-20,AMZN,The way AMZN has been performing makes me feel bearish.,87.31005948872884
2023-01-11,MSFT,"I'm worried on MSFT, price action has been interesting.",254.97225513830807
2023-02-27,AMZN,"I'm excited on AMZN, price action has been interesting.",99.15698660075932
2023-01-26,AAPL,"AAPL stock is drawing attention, traders are worried.",113.98598608655568
2023-03-06,GOOGL,"Lots of chatter on GOOGL today, could this mean breakout?",88.77606573440579
2023-02-08,AAPL,The way AAPL has been performing makes me feel neutral.,137.8761021468032
2023-01-20,AAPL,"AAPL stock is drawing attention, traders are excited.",108.10077741317558
2023-02-21,GOOGL,The way GOOGL has been performing makes me feel bullish.,103.9596736554112
2023-01-02,MSFT,"Lots of chatter on MSFT today, could this mean dip?",239.3103700989465
2023-02-02,TSLA,Analysts believe TSLA could stabilize after recent news.,114.00855815065005
2023-02-07,AAPL,Market sentiment towards AAPL looks worried these days.,123.14805754232684
2023-02-24,MSFT,The way MSFT has been performing makes me feel bearish.,249.41390927844947
2023-03-29,AAPL,Analysts believe AAPL could breakout after recent news.,138.0343868483502
2023-03-27,AAPL,Analysts believe AAPL could rise after recent news.,109.49034777729648
2023-02-20,GOOGL,"I'm worried on GOOGL, price action has been interesting.",88.5494701524181
2023-02-02,AAPL,Analysts believe AAPL could breakout after recent news.,138.96122223397512
2023-02-02,GOOGL,"Investors are talking a lot about GOOGL, big moves expected soon!",105.64779114122965
2023-01-05,AMZN,Analysts believe AMZN could rise after recent news.,86.26617635749504
2023-02-16,AMZN,Market sentiment towards AMZN looks excited these days.,86.26617635749504
2023-03-21,AAPL,The way AAPL has been performing makes me feel bullish.,121.82459706709544
2023-03-09,AAPL,The way AAPL has been performing makes me feel excited.,119.74445509167056
2023-03-15,GOOGL,Analysts believe GOOGL could rise after recent news.,88.77606573440579
2023-02-01,GOOGL,"GOOGL outlook is bullish, according to many investors.",86.384738769212
2023-03-15,TSLA,Market sentiment towards TSLA looks worried these days.,112.5579038235086
2023-03-28,TSLA,"I'm bullish on TSLA, price action has been interesting.",112.5579038235086
2023-02-27,TSLA,"TSLA stock is drawing attention, traders are excited.",114.37058262128392
2023-03-21,TSLA,The way TSLA has been performing makes me feel excited.,106.13694076891493
2023-03-24,MSFT,Analysts believe MSFT could breakout after recent news.,255.85989399460053
2023-03-16,AMZN,"AMZN outlook is worried, according to many investors.",99.19088779879525
2023-03-21,AAPL,Market sentiment towards AAPL looks excited these days.,107.131740051138
2023-01-13,AAPL,"I'm excited on AAPL, price action has been interesting.",133.76029139502614
2023-02-24,TSLA,"TSLA stock is drawing attention, traders are neutral.",112.56845981398098
2023-01-10,TSLA,"Lots of chatter on TSLA today, could this mean rise?",110.39484286163304
2023-02-22,GOOGL,"GOOGL stock is drawing attention, traders are bullish.",86.93710310368019
2023-03-27,MSFT,"MSFT stock is drawing attention, traders are bearish.",250.822460604913
2023-01-04,AMZN,"Investors are talking a lot about AMZN, big moves expected soon!",97.46193032884544
2023-03-13,MSFT,"MSFT outlook is worried, according to many investors.",250.0364394129566
2023-03-07,MSFT,"Investors are talking a lot about MSFT, big moves expected soon!",255.4070691205143
2023-02-22,MSFT,Market sentiment towards MSFT looks excited these days.,239.65077902270352
2023-02-20,AAPL,"I'm bullish on AAPL, price action has been interesting.",110.48308955585064
2023-02-27,AMZN,"AMZN stock is drawing attention, traders are bearish.",92.1193968628654
2023-01-18,AAPL,"I'm bullish on AAPL, price action has been interesting.",132.0122767798815
2023-03-22,AMZN,"AMZN outlook is worried, according to many investors.",94.0224726042693
2023-03-10,AAPL,"AAPL stock is drawing attention, traders are bullish.",121.18533494402097
2023-02-10,AMZN,"I'm excited on AMZN, price action has been interesting.",88.20236890604593
2023-03-28,AMZN,"Investors are talking a lot about AMZN, big moves expected soon!",98.80649412024268
2023-02-03,AMZN,"AMZN outlook is bearish, according to many investors.",92.0357990874798
2023-02-07,MSFT,"MSFT stock is drawing attention, traders are worried.",240.7706347594577
2023-03-13,AMZN,"Investors are talking a lot about AMZN, big moves expected soon!",98.80649412024268
2023-03-21,AAPL,"AAPL stock is drawing attention, traders are bullish.",110.97868978511146
2023-03-07,GOOGL,Market sentiment towards GOOGL looks worried these days.,105.64779114122965
2023-02-23,AAPL,The way AAPL has been performing makes me feel bearish.,111.4414380315412
2023-01-23,MSFT,Analysts believe MSFT could stabilize after recent news.,255.5921656362433
2023-01-31,AMZN,Analysts believe AMZN could dip after recent news.,88.40501453588696
2023-03-16,AAPL,"AAPL outlook is worried, according to many investors.",138.0343868483502
2023-01-30,AAPL,"Investors are talking a lot about AAPL, big moves expected soon!",118.71118624893776
2023-01-23,TSLA,"Lots of chatter on TSLA today, could this mean stabilize?",117.21422940849848
2023-03-23,AMZN,"Investors are talking a lot about AMZN, big moves expected soon!",99.72020146527116
2023-02-13,GOOGL,"Lots of chatter on GOOGL today, could this mean fall?",86.16647590995666
2023-02-28,AAPL,"Lots of chatter on AAPL today, could this mean breakout?",118.71118624893776
2023-02-14,GOOGL,Market sentiment towards GOOGL looks bearish these days.,86.49507571519749
2023-03-23,AAPL,"AAPL outlook is bearish, according to many investors.",138.0343868483502
2023-02-16,MSFT,Analysts believe MSFT could fall after recent news.,239.65077902270352
2023-01-12,AMZN,"Lots of chatter on AMZN today, could this mean breakout?",87.35981101659057
2023-01-16,MSFT,"I'm bearish on MSFT, price action has been interesting.",254.9057199189457
2023-01-13,GOOGL,"Investors are talking a lot about GOOGL, big moves expected soon!",103.7271867384658
2023-01-24,AMZN,"Lots of chatter on AMZN today, could this mean rise?",104.63122613197449
2023-03-08,AAPL,"Lots of chatter on AAPL today, could this mean stabilize?",109.4462456661918
2023-03-14,GOOGL,"Lots of chatter on GOOGL today, could this mean dip?",88.77606573440579
2023-02-03,AMZN,"Lots of chatter on AMZN today, could this mean stabilize?",103.07971095426508
2023-01-30,GOOGL,"GOOGL outlook is worried, according to many investors.",87.59981329687079
2023-03-31,MSFT,"MSFT outlook is bullish, according to many investors.",250.7110413556572
2023-03-29,AAPL,"AAPL stock is drawing attention, traders are bearish.",130.99342830602245
2023-03-13,AAPL,"AAPL outlook is worried, according to many investors.",113.49521869298056
2023-02-20,AAPL,"AAPL stock is drawing attention, traders are bearish.",110.48308955585064
2023-01-20,AAPL,Analysts believe AAPL could breakout after recent news.,109.49034777729648
2023-02-23,GOOGL,"Lots of chatter on GOOGL today, could this mean fall?",103.3391401422243
2023-01-02,MSFT,Market sentiment towards MSFT looks excited these days.,251.55173693368533
2023-02-01,TSLA,Market sentiment towards TSLA looks bearish these days.,115.2987976598603
2023-02-23,MSFT,"Lots of chatter on MSFT today, could this mean breakout?",238.97799071361024
2023-03-21,AMZN,"AMZN stock is drawing attention, traders are worried.",103.97248096656855
2023-02-16,GOOGL,Analysts believe GOOGL could rise after recent news.,88.63862365044015
2023-02-27,AMZN,"Lots of chatter on AMZN today, could this mean dip?",88.92831195630367
2023-01-18,AAPL,"Investors are talking a lot about AAPL, big moves expected soon!",113.49521869298056
2023-01-09,MSFT,"MSFT stock is drawing attention, traders are worried.",240.7706347594577
2023-03-14,MSFT,"MSFT stock is drawing attention, traders are bullish.",251.91478909246692
2023-01-04,TSLA,"TSLA outlook is neutral, according to many investors.",116.07381954596286
2023-03-29,TSLA,"Investors are talking a lot about TSLA, big moves expected soon!",114.73134936166689
2023-03-09,TSLA,"I'm bearish on TSLA, price action has been interesting.",116.27312227613815
2023-03-07,TSLA,Analysts believe TSLA could dip after recent news.,112.484954655671
2023-03-17,GOOGL,"I'm excited on GOOGL, price action has been interesting.",88.99064207912718
2023-03-30,AMZN,The way AMZN has been performing makes me feel neutral.,90.59433197059629
2023-03-31,AMZN,"AMZN outlook is neutral, according to many investors.",86.26617635749504
2023-01-20,AMZN,"AMZN outlook is excited, according to many investors.",89.81734526186513
2023-02-14,MSFT,"MSFT stock is drawing attention, traders are excited.",240.7706347594577
2023-01-25,AAPL,"AAPL stock is drawing attention, traders are worried.",134.59002974325085
2023-03-01,MSFT,"MSFT stock is drawing attention, traders are worried.",240.67835092452796
2023-02-17,AAPL,Analysts believe AAPL could breakout after recent news.,125.97266494499742
2023-03-22,AMZN,The way AMZN has been performing makes me feel neutral.,92.1193968628654
2023-02-15,TSLA,Analysts believe TSLA could fall after recent news.,111.11020743720992
2023-01-19,TSLA,"Investors are talking a lot about TSLA, big moves expected soon!",117.44346666505422
2023-02-16,MSFT,"Lots of chatter on MSFT today, could this mean fall?",254.99352785022364
2023-03-27,AAPL,"AAPL stock is drawing attention, traders are neutral.",108.1772087535367
2023-01-05,GOOGL,"Lots of chatter on GOOGL today, could this mean breakout?",90.88980558179196
2023-03-23,AAPL,"Lots of chatter on AAPL today, could this mean dip?",110.111771602523
2023-02-09,AAPL,Market sentiment towards AAPL looks neutral these days.,110.111771602523
2023-01-09,AAPL,Analysts believe AAPL could breakout after recent news.,127.78871309603984
2023-03-09,AMZN,"Investors are talking a lot about AMZN, big moves expected soon!",91.89867313786772
2023-02-24,AMZN,The way AMZN has been performing makes me feel bullish.,88.90708958366359
2023-03-31,GOOGL,"GOOGL stock is drawing attention, traders are bullish.",105.11149271932508
2023-02-07,AMZN,The way AMZN has been performing makes me feel bearish.,91.27015849190768
2023-01-09,AAPL,"AAPL outlook is bearish, according to many investors.",110.97868978511146
2023-01-18,MSFT,Market sentiment towards MSFT looks worried these days.,254.8222399169049
2023-03-30,GOOGL,"Investors are talking a lot about GOOGL, big moves expected soon!",103.92117866845123
2023-03-28,AMZN,Market sentiment towards AMZN looks bullish these days.,89.07407304765302
2023-01-26,MSFT,"MSFT stock is drawing attention, traders are bullish.",239.0029198870554
2023-03-01,GOOGL,Market sentiment towards GOOGL looks excited these days.,94.4673967412954
2023-01-27,AAPL,"Investors are talking a lot about AAPL, big moves expected soon!",127.1602184308493
2023-03-02,GOOGL,Market sentiment towards GOOGL looks excited these days.,94.90275914774982
2023-02-01,AAPL,Market sentiment towards AAPL looks excited these days.,137.1029273412097
2023-01-03,MSFT,"I'm neutral on MSFT, price action has been interesting.",240.4963585681164
2023-01-31,GOOGL,Analysts believe GOOGL could stabilize after recent news.,87.59981329687079
2023-03-21,TSLA,"Lots of chatter on TSLA today, could this mean fall?",112.3638206700515
2023-01-10,GOOGL,"I'm bullish on GOOGL, price action has been interesting.",103.47505135285812
2023-03-20,GOOGL,"Lots of chatter on GOOGL today, could this mean fall?",98.31578314324582
2023-01-23,MSFT,"I'm neutral on MSFT, price action has been interesting.",250.822460604913
2023-03-13,AAPL,"AAPL outlook is neutral, according to many investors.",126.07935508016996
2023-01-17,TSLA,"TSLA stock is drawing attention, traders are excited.",116.27312227613815
2023-03-15,MSFT,The way MSFT has been performing makes me feel neutral.,254.5032139891401
2023-01-06,AMZN,"AMZN stock is drawing attention, traders are bearish.",92.91152312861108
2023-02-07,AMZN,"Investors are talking a lot about AMZN, big moves expected soon!",92.03902588070363
2023-01-17,GOOGL,"Lots of chatter on GOOGL today, could this mean breakout?",91.05294543696355
2023-01-24,TSLA,"TSLA stock is drawing attention, traders are bearish.",115.2987976598603
2023-01-09,AAPL,"I'm worried on AAPL, price action has been interesting.",120.71500291031556
2023-01-06,TSLA,"TSLA stock is drawing attention, traders are bearish.",112.56813073679352
2023-03-21,AAPL,"AAPL stock is drawing attention, traders are bearish.",127.78871309603984
2023-02-08,AMZN,"I'm worried on AMZN, price action has been interesting.",87.35981101659057
2023-03-23,TSLA,"TSLA stock is drawing attention, traders are excited.",119.1874876554298
2023-02-15,MSFT,"MSFT outlook is excited, according to many investors.",251.54188046292808
2023-03-28,TSLA,"TSLA stock is drawing attention, traders are bullish.",120.86505772800692
2023-03-10,AAPL,"AAPL stock is drawing attention, traders are excited.",105.5066884063496
2023-01-26,MSFT,"MSFT outlook is neutral, according to many investors.",254.99352785022364
2023-03-07,GOOGL,"Lots of chatter on GOOGL today, could this mean fall?",92.84076267637236
2023-02-23,AAPL,Analysts believe AAPL could rise after recent news.,137.2801814603673
2023-02-15,AMZN,Market sentiment towards AMZN looks neutral these days.,88.92831195630367
2023-01-18,TSLA,Market sentiment towards TSLA looks worried these days.,116.84545196412247
2023-03-16,GOOGL,"Investors are talking a lot about GOOGL, big moves expected soon!",86.2810077483177
2023-01-10,MSFT,The way MSFT has been performing makes me feel excited.,241.1440931999608
2023-01-19,TSLA,"I'm excited on TSLA, price action has been interesting.",110.07817504102144
2023-01-26,TSLA,"Lots of chatter on TSLA today, could this mean breakout?",112.71248005714163
2023-03-16,TSLA,The way TSLA has been performing makes me feel worried.,113.63097571992164
2023-01-27,TSLA,"Investors are talking a lot about TSLA, big moves expected soon!",113.63097571992164
2023-02-09,GOOGL,"GOOGL outlook is bullish, according to many investors.",105.11149271932508
2023-02-02,AMZN,"Lots of chatter on AMZN today, could this mean stabilize?",92.03902588070363
2023-03-29,AAPL,"I'm excited on AAPL, price action has been interesting.",130.3104557300001
2023-03-21,GOOGL,"Lots of chatter on GOOGL today, could this mean dip?",103.3391401422243
2023-01-11,MSFT,"I'm worried on MSFT, price action has been interesting.",255.4070691205143
2023-03-28,MSFT,Market sentiment towards MSFT looks bearish these days.,251.55173693368533
2023-02-09,TSLA,Market sentiment towards TSLA looks excited these days.,119.1874876554298
2023-01-24,GOOGL,"GOOGL stock is drawing attention, traders are worried.",87.41215474466284
2023-01-09,TSLA,"I'm excited on TSLA, price action has been interesting.",110.39484286163304
2023-03-22,AAPL,"Investors are talking a lot about AAPL, big moves expected soon!",110.48308955585064
2023-02-08,GOOGL,"GOOGL outlook is neutral, according to many investors.",105.64779114122965
2023-03-28,GOOGL,The way GOOGL has been performing makes me feel neutral.,89.82595353728257
2023-02-27,GOOGL,Market sentiment towards GOOGL looks neutral these days.,89.93258335656962
2023-02-27,AAPL,"AAPL stock is drawing attention, traders are neutral.",138.8150509186731
2023-03-09,AMZN,"Lots of chatter on AMZN today, could this mean breakout?",104.16824571467193
2023-03-09,AAPL,"I'm excited on AAPL, price action has been interesting.",108.82782091448937
2023-01-04,TSLA,"TSLA outlook is neutral, according to many investors.",111.44355272501969
2023-01-13,AAPL,The way AAPL has been performing makes me feel bearish.,125.76285888857272
2023-02-17,TSLA,"TSLA outlook is worried, according to many investors.",114.80657640380984
2023-01-03,GOOGL,"GOOGL outlook is neutral, according to many investors.",92.64791109768308
2023-02-02,TSLA,Analysts believe TSLA could dip after recent news.,111.44355272501969
2023-02-22,GOOGL,Analysts believe GOOGL could breakout after recent news.,102.55376002955576
2023-01-31,AAPL,"I'm bearish on AAPL, price action has been interesting.",125.62780247919687
2023-02-06,AMZN,"I'm excited on AMZN, price action has been interesting.",87.31005948872884
2023-03-01,AAPL,"AAPL stock is drawing attention, traders are bullish.",108.82782091448937
2023-03-17,GOOGL,"Investors are talking a lot about GOOGL, big moves expected soon!",86.2810077483177
2023-02-23,GOOGL,The way GOOGL has been performing makes me feel neutral.,86.89961556713949
2023-02-09,GOOGL,"Lots of chatter on GOOGL today, could this mean fall?",88.41417458413825
2023-01-27,GOOGL,Market sentiment towards GOOGL looks bullish these days.,88.99064207912718
2023-02-27,GOOGL,"GOOGL outlook is neutral, according to many investors.",92.71093545880773
2023-03-16,AMZN,"I'm neutral on AMZN, price action has been interesting.",94.05128089966354
2023-01-27,GOOGL,"Investors are talking a lot about GOOGL, big moves expected soon!",86.2810077483177
2023-01-26,TSLA,"I'm neutral on TSLA, price action has been interesting.",114.45826765072462
2023-02-10,TSLA,Analysts believe TSLA could fall after recent news.,110.39484286163304
2023-03-15,TSLA,Market sentiment towards TSLA looks bearish these days.,116.07381954596286
2023-02-16,TSLA,"Investors are talking a lot about TSLA, big moves expected soon!",117.21422940849848
2023-01-31,GOOGL,"GOOGL stock is drawing attention, traders are neutral.",98.31578314324582
2023-01-09,AMZN,"I'm worried on AMZN, price action has been interesting.",90.59433197059629
2023-02-07,MSFT,"I'm excited on MSFT, price action has been interesting.",249.41390927844947
2023-01-13,TSLA,"Investors are talking a lot about TSLA, big moves expected soon!",117.44346666505422
2023-03-08,TSLA,Market sentiment towards TSLA looks bullish these days.,112.484954655671
2023-03-23,TSLA,"TSLA stock is drawing attention, traders are neutral.",111.11020743720992
2023-03-23,TSLA,Analysts believe TSLA could breakout after recent news.,120.86505772800692
2023-01-03,AMZN,"AMZN outlook is excited, according to many investors.",101.29797167766668
2023-02-09,MSFT,"MSFT stock is drawing attention, traders are neutral.",256.037607609795
2023-03-31,MSFT,"Investors are talking a lot about MSFT, big moves expected soon!",254.5032139891401
2023-02-06,GOOGL,Analysts believe GOOGL could fall after recent news.,87.56346828310043
2023-01-13,TSLA,"TSLA stock is drawing attention, traders are neutral.",112.62746341532046
2023-03-15,TSLA,"TSLA outlook is neutral, according to many investors.",109.26821498594242
2023-03-23,AAPL,"Lots of chatter on AAPL today, could this mean fall?",105.97676885173104
2023-01-31,AAPL,The way AAPL has been performing makes me feel worried.,127.78871309603984
2023-03-13,MSFT,"MSFT outlook is bearish, according to many investors.",251.24849642836065
2023-03-08,TSLA,"Investors are talking a lot about TSLA, big moves expected soon!",115.81012322074378
2023-01-30,GOOGL,"Lots of chatter on GOOGL today, could this mean breakout?",103.9596736554112
2023-01-31,MSFT,"MSFT stock is drawing attention, traders are worried.",254.73482510718335
2023-02-10,MSFT,"Investors are talking a lot about MSFT, big moves expected soon!",250.59121616293012
2023-02-03,TSLA,"TSLA outlook is neutral, according to many investors.",112.484954655671
2023-02-08,MSFT,"MSFT outlook is bearish, according to many investors.",254.9057199189457
2023-03-31,GOOGL,Market sentiment towards GOOGL looks bearish these days.,105.11149271932508
2023-03-03,AAPL,"I'm neutral on AAPL, price action has been interesting.",111.4414380315412
2023-01-10,TSLA,"TSLA outlook is bearish, according to many investors.",112.09895647004323
2023-03-09,GOOGL,"Investors are talking a lot about GOOGL, big moves expected soon!",91.42717056681614
2023-01-12,MSFT,Analysts believe MSFT could breakout after recent news.,252.23778094824587
2023-02-20,GOOGL,"Lots of chatter on GOOGL today, could this mean fall?",86.67560634834425
2023-01-02,MSFT,Analysts believe MSFT could rise after recent news.,255.85989399460053
2023-01-13,MSFT,"Investors are talking a lot about MSFT, big moves expected soon!",254.73482510718335
2023-02-20,TSLA,"TSLA stock is drawing attention, traders are bearish.",112.71248005714163
2023-03-06,AAPL,Analysts believe AAPL could rise after recent news.,133.76029139502614
2023-02-14,AMZN,"AMZN outlook is excited, according to many investors.",104.91895621571564
2023-02-14,AAPL,"AAPL stock is drawing attention, traders are bearish.",114.77170255262348
2023-01-09,MSFT,Market sentiment towards MSFT looks worried these days.,250.1534581332311
2023-03-08,AAPL,Market sentiment towards AAPL looks worried these days.,109.4462456661918
2023-02-22,TSLA,"Investors are talking a lot about TSLA, big moves expected soon!",115.62556751982744
2023-01-24,TSLA,"Lots of chatter on TSLA today, could this mean dip?",111.44355272501969
2023-02-07,GOOGL,Market sentiment towards GOOGL looks bullish these days.,92.71093545880773
2023-03-16,AAPL,"AAPL stock is drawing attention, traders are worried.",137.1029273412097
2023-03-10,AAPL,The way AAPL has been performing makes me feel neutral.,110.5381747122457
2023-02-17,GOOGL,"GOOGL stock is drawing attention, traders are excited.",102.55376002955576
2023-02-03,GOOGL,"GOOGL outlook is neutral, according to many investors.",86.67560634834425
2023-02-08,MSFT,Analysts believe MSFT could fall after recent news.,254.73482510718335
2023-01-20,MSFT,"Investors are talking a lot about MSFT, big moves expected soon!",250.4815684727234
2023-01-05,MSFT,Market sentiment towards MSFT looks bullish these days.,255.3793571324257
2023-02-07,AAPL,The way AAPL has been performing makes me feel excited.,107.20012142941276
2023-02-06,TSLA,"TSLA stock is drawing attention, traders are excited.",115.08278432873662
2023-01-26,TSLA,"Investors are talking a lot about TSLA, big moves expected soon!",120.86505772800692
2023-01-24,MSFT,"MSFT outlook is bearish, according to many investors.",240.67835092452796
2023-03-01,MSFT,"I'm worried on MSFT, price action has been interesting.",251.33964010816825
2023-02-27,AAPL,"I'm excited on AAPL, price action has been interesting.",114.09742608415914
2023-02-28,MSFT,"Lots of chatter on MSFT today, could this mean dip?",249.71601303957576
2023-03-10,MSFT,"MSFT stock is drawing attention, traders are neutral.",252.34772443328157
2023-02-24,GOOGL,Market sentiment towards GOOGL looks worried these days.,92.60610790975478
2023-02-23,GOOGL,The way GOOGL has been performing makes me feel bearish.,94.21294969027754
2023-02-01,AMZN,Market sentiment towards AMZN looks bullish these days.,87.9040288351952
2023-03-14,TSLA,"TSLA stock is drawing attention, traders are bearish.",117.8074224945988
2023-03-07,GOOGL,"I'm excited on GOOGL, price action has been interesting.",95.3960924679492
2023-03-29,TSLA,The way TSLA has been performing makes me feel neutral.,117.26937252857788
2023-03-01,TSLA,"TSLA stock is drawing attention, traders are worried.",112.56813073679352
2023-03-08,MSFT,"MSFT outlook is worried, according to many investors.",253.14061648859337
2023-02-16,MSFT,The way MSFT has been performing makes me feel bullish.,256.36604823097264
2023-02-24,MSFT,Market sentiment towards MSFT looks neutral these days.,239.42678753583849
2023-03-27,AAPL,"Lots of chatter on AAPL today, could this mean stabilize?",137.8761021468032
2023-03-10,TSLA,"TSLA stock is drawing attention, traders are bullish.",114.73134936166689
2023-03-28,TSLA,Market sentiment towards TSLA looks neutral these days.,107.2196372557134
2023-03-22,TSLA,"I'm neutral on TSLA, price action has been interesting.",115.26617096790577
2023-02-15,AAPL,Market sentiment towards AAPL looks neutral these days.,118.69104280038302
2023-01-23,AAPL,"Lots of chatter on AAPL today, could this mean stabilize?",107.33061285234297
2023-03-08,AAPL,Market sentiment towards AAPL looks neutral these days.,110.111771602523
2023-01-13,TSLA,The way TSLA has been performing makes me feel neutral.,116.07381954596286
2023-02-22,GOOGL,The way GOOGL has been performing makes me feel bearish.,88.41417458413825
2023-01-26,MSFT,"Investors are talking a lot about MSFT, big moves expected soon!",255.3793571324257
2023-02-20,GOOGL,Market sentiment towards GOOGL looks bearish these days.,91.54455366458208
2023-03-23,MSFT,The way MSFT has been performing makes me feel bearish.,251.54188046292808
2023-03-29,AAPL,"Investors are talking a lot about AAPL, big moves expected soon!",109.4462456661918
2023-03-06,AMZN,"AMZN outlook is bullish, according to many investors.",96.7871295272007
2023-01-04,AMZN,"AMZN outlook is worried, according to many investors.",91.53580168052092
2023-03-31,AMZN,"Lots of chatter on AMZN today, could this mean rise?",91.53580168052092
2023-01-11,MSFT,Market sentiment towards MSFT looks excited these days.,254.0987411020601
2023-03-13,MSFT,Market sentiment towards MSFT looks neutral these days.,249.2035675109092
2023-01-09,MSFT,"MSFT stock is drawing attention, traders are bearish.",252.826821580197
2023-02-23,AMZN,"AMZN stock is drawing attention, traders are bullish.",95.13276302912864
2023-03-24,AMZN,"Lots of chatter on AMZN today, could this mean stabilize?",91.89867313786772
2023-02-08,MSFT,"Lots of chatter on MSFT today, could this mean fall?",255.5921656362433
2023-03-16,MSFT,The way MSFT has been performing makes me feel excited.,254.8222399169049
2023-02-21,TSLA,"TSLA outlook is excited, according to many investors.",110.07817504102144
2023-01-12,MSFT,"I'm neutral on MSFT, price action has been interesting.",255.5921656362433
2023-03-20,MSFT,"Lots of chatter on MSFT today, could this mean fall?",250.59121616293012
2023-03-23,AMZN,The way AMZN has been performing makes me feel bearish.,99.15698660075932
2023-01-03,AAPL,"AAPL outlook is neutral, according to many investors.",121.82459706709544
2023-03-27,AMZN,"Lots of chatter on AMZN today, could this mean breakout?",90.55289027819296
2023-03-22,GOOGL,"Investors are talking a lot about GOOGL, big moves expected soon!",105.64779114122965
2023-03-24,TSLA,"TSLA stock is drawing attention, traders are excited.",116.2845051448232
2023-02-24,MSFT,"MSFT outlook is excited, according to many investors.",241.1440931999608
2023-02-20,AMZN,"Investors are talking a lot about AMZN, big moves expected soon!",105.88256082750448
2023-02-21,GOOGL,Market sentiment towards GOOGL looks bearish these days.,87.71777194950126
2023-01-25,TSLA,"TSLA outlook is worried, according to many investors.",113.63097750248954
2023-03-29,MSFT,Analysts believe MSFT could dip after recent news.,237.8564216608738
2023-01-31,GOOGL,"Investors are talking a lot about GOOGL, big moves expected soon!",98.02708834472024
2023-01-16,TSLA,"TSLA outlook is bearish, according to many investors.",115.24796470827592
2023-03-22,TSLA,"TSLA outlook is excited, according to many investors.",112.26658190056602
2023-03-21,TSLA,"Lots of chatter on TSLA today, could this mean fall?",106.62247105921196
2023-01-05,MSFT,"MSFT stock is drawing attention, traders are bullish.",237.8564216608738
2023-01-10,GOOGL,"Investors are talking a lot about GOOGL, big moves expected soon!",91.45167777496049
2023-03-27,MSFT,Analysts believe MSFT could rise after recent news.,252.2960828325226
2023-03-16,TSLA,The way TSLA has been performing makes me feel worried.,112.03579327914883
2023-01-02,MSFT,"MSFT stock is drawing attention, traders are bullish.",254.0987411020601
2023-03-17,AMZN,"AMZN outlook is neutral, according to many investors.",91.27015849190768
2023-01-04,AAPL,"AAPL outlook is excited, according to many investors.",134.59002974325085
2023-02-22,GOOGL,Market sentiment towards GOOGL looks bearish these days.,98.31578314324582
2023-01-02,TSLA,Analysts believe TSLA could breakout after recent news.,113.63097750248954
2023-02-22,MSFT,"Investors are talking a lot about MSFT, big moves expected soon!",255.4070691205143
2023-02-09,MSFT,Market sentiment towards MSFT looks bullish these days.,239.65077902270352
2023-01-06,TSLA,The way TSLA has been performing makes me feel worried.,112.41553111626052
2023-01-30,GOOGL,Analysts believe GOOGL could fall after recent news.,87.99793268801773
2023-03-07,GOOGL,"I'm bearish on GOOGL, price action has been interesting.",90.88980558179196
2023-02-17,GOOGL,"GOOGL stock is drawing attention, traders are neutral.",94.90275914774982
2023-01-02,GOOGL,"GOOGL stock is drawing attention, traders are excited.",98.14613905684384
2023-01-17,AAPL,"AAPL stock is drawing attention, traders are neutral.",118.71118624893776
2023-03-24,TSLA,The way TSLA has been performing makes me feel excited.,113.63097750248954
2023-02-07,TSLA,"Investors are talking a lot about TSLA, big moves expected soon!",108.4269243404117
2023-03-20,TSLA,"TSLA outlook is worried, according to many investors.",111.88185997100378
2023-02-01,AAPL,"Investors are talking a lot about AAPL, big moves expected soon!",109.49034777729648
2023-02-03,MSFT,The way MSFT has been performing makes me feel bullish.,240.7706347594577
2023-01-30,MSFT,"MSFT outlook is excited, according to many investors.",240.7706347594577
2023-03-27,AMZN,"AMZN outlook is worried, according to many investors.",91.89867313786772
2023-03-29,TSLA,"TSLA stock is drawing attention, traders are neutral.",116.43656434179384
2023-03-14,GOOGL,"I'm bullish on GOOGL, price action has been interesting.",87.59981329687079
2023-02-03,AAPL,The way AAPL has been performing makes me feel neutral.,117.50777302447896
2023-03-17,GOOGL,"Investors are talking a lot about GOOGL, big moves expected soon!",89.16355432644994
2023-03-06,AMZN,Market sentiment towards AMZN looks bearish these days.,89.65641888629835
2023-02-14,AAPL,Analysts believe AAPL could dip after recent news.,107.20012142941276
2023-03-17,MSFT,"Investors are talking a lot about MSFT, big moves expected soon!",250.4815684727234
2023-01-06,AMZN,"Investors are talking a lot about AMZN, big moves expected soon!",100.86978418940626
2023-02-20,AAPL,"AAPL outlook is neutral, according to many investors.",107.89910165451091
2023-03-09,TSLA,The way TSLA has been performing makes me feel bearish.,113.32871705534018
2023-03-22,MSFT,Analysts believe MSFT could fall after recent news.,252.23778094824587
2023-02-23,AMZN,Market sentiment towards AMZN looks excited these days.,86.26617635749504
2023-03-27,GOOGL,"GOOGL outlook is excited, according to many investors.",90.88980558179196
2023-01-12,MSFT,The way MSFT has been performing makes me feel bearish.,237.8564216608738
2023-01-09,AMZN,"I'm neutral on AMZN, price action has been interesting.",86.26617635749504
2023-02-17,TSLA,"I'm bullish on TSLA, price action has been interesting.",115.2769394274327
2023-02-23,AMZN,The way AMZN has been performing makes me feel bullish.,91.27015849190768
2023-01-31,AAPL,"AAPL stock is drawing attention, traders are bullish.",119.29457374852431
2023-02-27,MSFT,"MSFT stock is drawing attention, traders are neutral.",257.4091621014592
2023-01-06,GOOGL,"I'm neutral on GOOGL, price action has been interesting.",86.93710310368019
2023-02-28,AMZN,Market sentiment towards AMZN looks neutral these days.,86.26617635749504
2023-02-10,GOOGL,"I'm worried on GOOGL, price action has been interesting.",88.61815752840099
2023-03-21,MSFT,"I'm bullish on MSFT, price action has been interesting.",247.8969090457618
2023-02-09,MSFT,The way MSFT has been performing makes me feel bullish.,254.9057199189457
2023-02-21,GOOGL,"Investors are talking a lot about GOOGL, big moves expected soon!",103.92117866845123
2023-01-18,MSFT,The way MSFT has been performing makes me feel worried.,254.99352785022364
2023-02-14,GOOGL,Market sentiment towards GOOGL looks neutral these days.,86.384738769212
2023-03-06,GOOGL,The way GOOGL has been performing makes me feel bearish.,98.02708834472024
2023-02-01,AAPL,Analysts believe AAPL could dip after recent news.,127.78871309603984
2023-03-03,TSLA,"Lots of chatter on TSLA today, could this mean dip?",114.73134936166689
2023-01-24,GOOGL,The way GOOGL has been performing makes me feel excited.,86.93710310368019
2023-01-09,MSFT,"I'm excited on MSFT, price action has been interesting.",252.23778094824587
2023-01-25,MSFT,"Lots of chatter on MSFT today, could this mean rise?",239.42678753583849
2023-01-31,AMZN,The way AMZN has been performing makes me feel neutral.,88.90708958366359
2023-02-15,GOOGL,"Investors are talking a lot about GOOGL, big moves expected soon!",107.65982590422904
2023-02-10,AMZN,"AMZN outlook is excited, according to many investors.",93.1969107503963
2023-02-14,AMZN,"Lots of chatter on AMZN today, could this mean breakout?",92.0357990874798
2023-02-28,GOOGL,"I'm excited on GOOGL, price action has been interesting.",99.9428024152471
2023-01-13,AMZN,"I'm neutral on AMZN, price action has been interesting.",99.15285597194504
2023-02-20,AAPL,"Lots of chatter on AAPL today, could this mean dip?",117.50777302447896
2023-02-16,TSLA,"I'm worried on TSLA, price action has been interesting.",113.63097750248954
2023-02-08,GOOGL,"Investors are talking a lot about GOOGL, big moves expected soon!",87.59981329687079
2023-01-16,GOOGL,"I'm worried on GOOGL, price action has been interesting.",89.82595353728257
2023-02-23,GOOGL,"GOOGL outlook is excited, according to many investors.",89.16355432644994
2023-03-07,GOOGL,Market sentiment towards GOOGL looks bullish these days.,86.2810077483177
2023-01-26,GOOGL,Market sentiment towards GOOGL looks bullish these days.,86.49507571519749
2023-01-20,GOOGL,Market sentiment towards GOOGL looks neutral these days.,91.45167777496049
2023-02-08,TSLA,Analysts believe TSLA could stabilize after recent news.,111.88185997100378
2023-02-02,GOOGL,The way GOOGL has been performing makes me feel worried.,86.01952659374552
2023-01-12,AAPL,Market sentiment towards AAPL looks neutral these days.,110.29145320597452
2023-03-07,GOOGL,Market sentiment towards GOOGL looks excited these days.,87.99793268801773
2023-02-15,AMZN,"Investors are talking a lot about AMZN, big moves expected soon!",89.07407304765302
2023-03-28,TSLA,Market sentiment towards TSLA looks neutral these days.,115.81012322074378
2023-01-26,AAPL,"Investors are talking a lot about AAPL, big moves expected soon!",118.2733156103735
2023-02-24,MSFT,"Lots of chatter on MSFT today, could this mean fall?",253.14061648859337
2023-03-07,AMZN,"AMZN outlook is neutral, according to many investors.",101.29797167766668
2023-03-31,TSLA,"Lots of chatter on TSLA today, could this mean rise?",112.03579327914883
2023-02-09,MSFT,"Investors are talking a lot about MSFT, big moves expected soon!",254.99352785022364
2023-03-10,TSLA,"Investors are talking a lot about TSLA, big moves expected soon!",110.07817504102144
2023-01-18,MSFT,Market sentiment towards MSFT looks excited these days.,249.2035675109092
2023-01-02,AAPL,"Investors are talking a lot about AAPL, big moves expected soon!",114.09742608415914
2023-02-16,AMZN,Analysts believe AMZN could rise after recent news.,102.0264607185497
2023-03-08,MSFT,"I'm neutral on MSFT, price action has been interesting.",251.4915430306843
2023-03-08,MSFT,"MSFT stock is drawing attention, traders are excited.",249.2035675109092
2023-03-09,GOOGL,Market sentiment towards GOOGL looks excited these days.,98.02708834472024
2023-03-30,AMZN,"Lots of chatter on AMZN today, could this mean fall?",86.26617635749504
2023-03-27,AAPL,Market sentiment towards AAPL looks neutral these days.,111.4414380315412
2023-02-09,AAPL,Market sentiment towards AAPL looks bullish these days.,122.9133625161458
2023-02-23,MSFT,"MSFT outlook is bearish, according to many investors.",251.55173693368533
2023-02-06,AAPL,Market sentiment towards AAPL looks bullish these days.,135.05833649269752
2023-01-24,TSLA,"TSLA stock is drawing attention, traders are bullish.",114.45826765072462
2023-01-18,AAPL,The way AAPL has been performing makes me feel bearish.,107.452609474386
2023-02-06,MSFT,"MSFT stock is drawing attention, traders are worried.",254.99352785022364
2023-03-09,GOOGL,The way GOOGL has been performing makes me feel neutral.,86.2810077483177
2023-01-10,AMZN,"I'm bearish on AMZN, price action has been interesting.",92.14327842542612
2023-03-22,AAPL,"Investors are talking a lot about AAPL, big moves expected soon!",122.9133625161458
2023-03-09,TSLA,Analysts believe TSLA could stabilize after recent news.,115.81012322074378
2023-03-15,GOOGL,"GOOGL stock is drawing attention, traders are bullish.",88.08394296325406
2023-03-31,GOOGL,"I'm neutral on GOOGL, price action has been interesting.",91.42717056681614
2023-03-28,TSLA,"Investors are talking a lot about TSLA, big moves expected soon!",115.81012322074378
2023-01-24,GOOGL,"Lots of chatter on GOOGL today, could this mean breakout?",95.30714445261762
2023-03-01,GOOGL,Market sentiment towards GOOGL looks bullish these days.,86.67560634834425
2023-02-03,AMZN,"Investors are talking a lot about AMZN, big moves expected soon!",89.01952805283034
2023-01-04,AMZN,"AMZN stock is drawing attention, traders are worried.",89.65641888629835
2023-02-09,GOOGL,"GOOGL outlook is excited, according to many investors.",103.47505135285812
2023-02-14,AMZN,Market sentiment towards AMZN looks neutral these days.,99.15285597194504
2023-02-06,MSFT,Market sentiment towards MSFT looks bearish these days.,237.8564216608738
2023-01-23,TSLA,"Lots of chatter on TSLA today, could this mean breakout?",113.05383568799172
2023-02-03,AMZN,Market sentiment towards AMZN looks worried these days.,91.38099100541976
2023-03-16,AMZN,Analysts believe AMZN could rise after recent news.,91.53580168052092
2023-02-08,AAPL,Analysts believe AAPL could stabilize after recent news.,125.97266494499742
2023-03-20,AAPL,"I'm worried on AAPL, price action has been interesting.",108.1772087535367
2023-03-31,AAPL,"AAPL stock is drawing attention, traders are bullish.",138.8150509186731
2023-02-27,MSFT,"MSFT outlook is bearish, according to many investors.",240.4963585681164
2023-03-13,MSFT,"Investors are talking a lot about MSFT, big moves expected soon!",258.7280582354071
2023-02-09,AAPL,The way AAPL has been performing makes me feel worried.,109.26212047440468
2023-01-26,AAPL,"I'm neutral on AAPL, price action has been interesting.",109.09848629545628
2023-02-27,AMZN,"Lots of chatter on AMZN today, could this mean fall?",98.96940265756044
2023-03-03,GOOGL,Analysts believe GOOGL could rise after recent news.,89.82595353728257
2023-01-20,TSLA,"Investors are talking a lot about TSLA, big moves expected soon!",114.73134936166689
2023-01-04,TSLA,"I'm bearish on TSLA, price action has been interesting.",119.1874876554298
2023-01-16,AAPL,The way AAPL has been performing makes me feel excited.,138.8150509186731
2023-03-15,AAPL,"AAPL outlook is excited, according to many investors.",107.33061285234297
2023-03-06,AMZN,The way AMZN has been performing makes me feel worried.,87.31005948872884
2023-02-10,TSLA,"I'm bullish on TSLA, price action has been interesting.",113.63286221620928
2023-03-21,AMZN,"Investors are talking a lot about AMZN, big moves expected soon!",89.90876724578159
2023-01-25,GOOGL,Market sentiment towards GOOGL looks neutral these days.,89.75989832306075
2023-03-13,MSFT,"I'm worried on MSFT, price action has been interesting.",254.99352785022364
2023-03-08,MSFT,"MSFT outlook is bullish, according to many investors.",238.6207084882862
2023-01-11,TSLA,"TSLA stock is drawing attention, traders are bullish.",112.26658190056602
2023-01-31,TSLA,"I'm excited on TSLA, price action has been interesting.",114.05624946250992
2023-01-09,TSLA,"TSLA outlook is excited, according to many investors.",117.2064150051684
2023-03-21,AMZN,"AMZN outlook is bullish, according to many investors.",104.63122613197449
2023-02-20,MSFT,"Investors are talking a lot about MSFT, big moves expected soon!",254.3746539509492
2023-03-21,TSLA,"Investors are talking a lot about TSLA, big moves expected soon!",116.2845051448232
2023-03-09,AMZN,"AMZN outlook is neutral, according to many investors.",99.15698660075932
2023-03-03,GOOGL,The way GOOGL has been performing makes me feel neutral.,98.31578314324582
2023-03-03,TSLA,"Lots of chatter on TSLA today, could this mean fall?",107.34009767559544
2023-01-27,TSLA,"I'm bearish on TSLA, price action has been interesting.",115.2769394274327
2023-03-30,MSFT,Analysts believe MSFT could stabilize after recent news.,253.8537717711724
2023-01-04,AAPL,"AAPL outlook is bullish, according to many investors.",111.12468071263706
2023-03-16,TSLA,Analysts believe TSLA could breakout after recent news.,115.2987976598603
2023-03-30,MSFT,Market sentiment towards MSFT looks neutral these days.,241.1440931999608
2023-02-24,TSLA,Analysts believe TSLA could breakout after recent news.,110.39484286163304
2023-03-23,GOOGL,Market sentiment towards GOOGL looks worried these days.,103.92117866845123
2023-03-17,TSLA,"Lots of chatter on TSLA today, could this mean fall?",112.26658190056602
2023-03-28,AAPL,"Lots of chatter on AAPL today, could this mean fall?",134.1217558293525
2023-01-05,AMZN,"AMZN outlook is neutral, according to many investors.",91.38099100541976
2023-03-24,AAPL,"Investors are talking a lot about AAPL, big moves expected soon!",119.74445509167056
2023-02-10,AAPL,"I'm bearish on AAPL, price action has been interesting.",129.1858806715181
2023-01-03,AAPL,"Lots of chatter on AAPL today, could this mean fall?",134.1217558293525
2023-03-28,MSFT,The way MSFT has been performing makes me feel bullish.,255.4070691205143
2023-03-09,GOOGL,Analysts believe GOOGL could fall after recent news.,88.47249554433462
2023-01-12,AMZN,"Investors are talking a lot about AMZN, big moves expected soon!",94.05128089966354
2023-02-13,AAPL,The way AAPL has been performing makes me feel bullish.,125.97266494499742
2023-03-27,AMZN,"I'm excited on AMZN, price action has been interesting.",100.05001650489336
2023-03-08,AAPL,"Lots of chatter on AAPL today, could this mean breakout?",109.26212047440468
2023-02-03,AAPL,"AAPL outlook is excited, according to many investors.",113.98598608655568
2023-02-20,GOOGL,"Investors are talking a lot about GOOGL, big moves expected soon!",89.64912995730377
2023-01-11,TSLA,"I'm worried on TSLA, price action has been interesting.",115.81012322074378
2023-03-22,TSLA,Analysts believe TSLA could fall after recent news.,113.05383568799172
2023-03-03,MSFT,"I'm excited on MSFT, price action has been interesting.",254.73482510718335
2023-03-28,AAPL,"I'm neutral on AAPL, price action has been interesting.",123.14805754232684
2023-02-23,AMZN,"Investors are talking a lot about AMZN, big moves expected soon!",89.29757967336829
2023-03-22,AAPL,The way AAPL has been performing makes me feel bearish.,119.74445509167056
2023-03-30,MSFT,The way MSFT has been performing makes me feel excited.,254.99352785022364
2023-03-02,AMZN,"I'm bearish on AMZN, price action has been interesting.",104.16824571467193
2023-02-09,AMZN,Market sentiment towards AMZN looks neutral these days.,89.52899291686128
2023-03-23,GOOGL,"GOOGL stock is drawing attention, traders are worried.",105.11149271932508
2023-01-12,AAPL,Analysts believe AAPL could rise after recent news.,119.74445509167056
2023-01-09,GOOGL,Market sentiment towards GOOGL looks bullish these days.,87.41215474466284
2023-02-09,AAPL,Analysts believe AAPL could dip after recent news.,134.1217558293525
2023-03-22,GOOGL,Market sentiment towards GOOGL looks bearish these days.,86.79749893370014
2023-01-24,AMZN,"AMZN stock is drawing attention, traders are worried.",92.91152312861108
2023-01-23,MSFT,Market sentiment towards MSFT looks bullish these days.,252.2763125126309
2023-01-04,AMZN,"AMZN stock is drawing attention, traders are worried.",95.6829014695944
2023-01-30,GOOGL,"GOOGL outlook is neutral, according to many investors.",98.02708834472024
2023-03-30,AAPL,The way AAPL has been performing makes me feel bullish.,123.14805754232684
2023-02-20,MSFT,"Lots of chatter on MSFT today, could this mean fall?",250.81557924919667
2023-03-28,MSFT,"Investors are talking a lot about MSFT, big moves expected soon!",254.32432759160727
2023-02-28,AMZN,Analysts believe AMZN could dip after recent news.,104.77329839040188
2023-02-28,TSLA,"I'm excited on TSLA, price action has been interesting.",112.3638206700515
2023-03-27,TSLA,"Investors are talking a lot about TSLA, big moves expected soon!",117.2064150051684
2023-01-18,AAPL,"Investors are talking a lot about AAPL, big moves expected soon!",112.1153304548266
2023-01-16,GOOGL,Analysts believe GOOGL could dip after recent news.,86.29183002409107
2023-03-16,AMZN,Market sentiment towards AMZN looks bullish these days.,93.89707748083532
2023-01-23,TSLA,"TSLA outlook is excited, according to many investors.",110.74399848729672
2023-01-11,GOOGL,"GOOGL outlook is bearish, according to many investors.",88.47249554433462
2023-03-23,TSLA,"TSLA outlook is bearish, according to many investors.",106.62247105921196
2023-03-21,GOOGL,"GOOGL outlook is worried, according to many investors.",88.47249554433462
2023-02-24,GOOGL,Analysts believe GOOGL could stabilize after recent news.,87.56346828310043
2023-03-23,GOOGL,"GOOGL stock is drawing attention, traders are excited.",95.3960924679492
2023-01-03,MSFT,"I'm worried on MSFT, price action has been interesting.",240.67835092452796
2023-01-13,AAPL,"I'm bullish on AAPL, price action has been interesting.",111.12468071263706
2023-03-02,AMZN,"AMZN outlook is excited, according to many investors.",103.97248096656855
2023-01-16,TSLA,"TSLA stock is drawing attention, traders are worried.",106.13694076891493
2023-01-03,TSLA,"Lots of chatter on TSLA today, could this mean stabilize?",120.86505772800692
2023-03-10,AMZN,"I'm neutral on AMZN, price action has been interesting.",94.05128089966354
2023-01-17,MSFT,"I'm bearish on MSFT, price action has been interesting.",239.3103700989465
2023-02-01,AMZN,"Investors are talking a lot about AMZN, big moves expected soon!",91.09136003888008
2023-01-25,AMZN,"AMZN stock is drawing attention, traders are neutral.",103.97248096656855
2023-03-28,GOOGL,Market sentiment towards GOOGL looks worried these days.,92.6802413334508
2023-03-28,AAPL,The way AAPL has been performing makes me feel bearish.,110.29145320597452
2023-02-22,MSFT,"MSFT stock is drawing attention, traders are bearish.",241.70844629714003
2023-02-22,AAPL,Analysts believe AAPL could stabilize after recent news.,120.49585112836192
2023-03-27,TSLA,"TSLA outlook is bullish, according to many investors.",117.21422940849848
2023-01-02,AMZN,Market sentiment towards AMZN looks excited these days.,104.16824571467193
2023-03-03,AMZN,"I'm neutral on AMZN, price action has been interesting.",89.01952805283034
2023-02-08,AAPL,"Investors are talking a lot about AAPL, big moves expected soon!",118.2733156103735
2023-01-30,TSLA,Analysts believe TSLA could breakout after recent news.,112.3638206700515
2023-01-18,AMZN,"AMZN outlook is excited, according to many investors.",101.29797167766668
2023-02-07,GOOGL,The way GOOGL has been performing makes me feel bullish.,105.64779114122965
2023-01-10,MSFT,"MSFT outlook is bullish, according to many investors.",252.34772443328157
2023-01-31,AMZN,"I'm worried on AMZN, price action has been interesting.",91.09136003888008
2023-03-15,GOOGL,"GOOGL stock is drawing attention, traders are bullish.",88.41417458413825
2023-01-05,MSFT,Market sentiment towards MSFT looks bearish these days.,253.8537717711724
2023-02-01,TSLA,Market sentiment towards TSLA looks excited these days.,117.02897351719348
2023-02-15,AMZN,"Lots of chatter on AMZN today, could this mean stabilize?",93.89707748083532
2023-02-08,GOOGL,Market sentiment towards GOOGL looks neutral these days.,88.5494701524181
2023-01-11,TSLA,"I'm bullish on TSLA, price action has been interesting.",112.03579327914883
2023-01-02,AAPL,Analysts believe AAPL could fall after recent news.,105.97676885173104
2023-02-21,AMZN,"Investors are talking a lot about AMZN, big moves expected soon!",90.85837652129794
2023-03-29,MSFT,Market sentiment towards MSFT looks worried these days.,256.3875940695456
2023-01-31,MSFT,Analysts believe MSFT could rise after recent news.,254.9057199189457
2023-01-30,AMZN,"AMZN stock is drawing attention, traders are bearish.",88.7885138526433
2023-02-17,TSLA,"TSLA stock is drawing attention, traders are excited.",114.05624946250992
2023-01-06,AAPL,Analysts believe AAPL could breakout after recent news.,137.2801814603673
2023-03-24,AMZN,"AMZN outlook is neutral, according to many investors.",103.97248096656855
2023-03-06,AMZN,"Lots of chatter on AMZN today, could this mean fall?",89.81734526186513
2023-03-10,AMZN,"Investors are talking a lot about AMZN, big moves expected soon!",89.52899291686128
2023-03-08,MSFT,"MSFT stock is drawing attention, traders are worried.",251.4915430306843
2023-01-09,GOOGL,Market sentiment towards GOOGL looks excited these days.,88.63862365044015
2023-03-20,MSFT,The way MSFT has been performing makes me feel worried.,254.73482510718335
2023-03-23,MSFT,The way MSFT has been performing makes me feel worried.,247.8969090457618
2023-02-09,MSFT,"MSFT outlook is bullish, according to many investors.",250.9171170147616
2023-01-25,AAPL,"AAPL stock is drawing attention, traders are excited.",130.7168997036801
2023-01-03,GOOGL,"I'm bearish on GOOGL, price action has been interesting.",88.47249554433462
2023-01-11,TSLA,"TSLA stock is drawing attention, traders are bearish.",113.86768673542504
2023-03-16,MSFT,"Lots of chatter on MSFT today, could this mean breakout?",255.85989399460053
2023-02-22,TSLA,"TSLA outlook is worried, according to many investors.",113.63097571992164
2023-03-08,AAPL,"Investors are talking a lot about AAPL, big moves expected soon!",107.89910165451091
2023-02-07,TSLA,Analysts believe TSLA could breakout after recent news.,112.71248005714163
2023-01-27,AAPL,"AAPL stock is drawing attention, traders are excited.",120.71500291031556
2023-01-17,AMZN,"I'm excited on AMZN, price action has been interesting.",86.26617635749504
2023-03-01,GOOGL,Analysts believe GOOGL could breakout after recent news.,103.7271867384658
2023-03-27,AAPL,"AAPL outlook is excited, according to many investors.",110.97868978511146
2023-02-13,AMZN,"Lots of chatter on AMZN today, could this mean rise?",89.52899291686128
2023-03-27,MSFT,The way MSFT has been performing makes me feel excited.,255.5921656362433
2023-02-17,MSFT,The way MSFT has been performing makes me feel bearish.,250.1534581332311
2023-01-20,AAPL,"I'm worried on AAPL, price action has been interesting.",138.96122223397512
2023-01-23,GOOGL,"Investors are talking a lot about GOOGL, big moves expected soon!",98.14613905684384
2023-01-18,AAPL,"Lots of chatter on AAPL today, could this mean stabilize?",111.12468071263706
2023-02-17,AAPL,Analysts believe AAPL could breakout after recent news.,110.48308955585064
2023-03-23,GOOGL,"GOOGL stock is drawing attention, traders are neutral.",89.64912995730377
2023-01-30,TSLA,"TSLA outlook is excited, according to many investors.",110.07817504102144
2023-03-16,AAPL,Analysts believe AAPL could breakout after recent news.,132.0122767798815
2023-02-10,AMZN,The way AMZN has been performing makes me feel bearish.,86.26617635749504
2023-03-08,MSFT,"I'm neutral on MSFT, price action has been interesting.",252.826821580197
2023-02-17,AMZN,"I'm worried on AMZN, price action has been interesting.",89.01952805283034
2023-02-22,AAPL,"AAPL stock is drawing attention, traders are excited.",129.1858806715181
2023-02-13,AMZN,Analysts believe AMZN could breakout after recent news.,88.40501453588696
2023-02-02,GOOGL,"Lots of chatter on GOOGL today, could this mean rise?",95.30714445261762
2023-03-09,GOOGL,Analysts believe GOOGL could breakout after recent news.,103.3391401422243
2023-02-14,TSLA,"Investors are talking a lot about TSLA, big moves expected soon!",116.27312227613815
2023-03-17,AMZN,"I'm bullish on AMZN, price action has been interesting.",103.07971095426508
2023-03-22,MSFT,Market sentiment towards MSFT looks bullish these days.,238.6207084882862
2023-01-04,MSFT,"MSFT outlook is worried, according to many investors.",254.9057199189457
2023-01-13,TSLA,"TSLA stock is drawing attention, traders are neutral.",110.07817504102144
2023-02-03,MSFT,Analysts believe MSFT could dip after recent news.,251.33964010816825
2023-03-27,TSLA,The way TSLA has been performing makes me feel bullish.,114.45826765072462
2023-02-09,AMZN,"AMZN stock is drawing attention, traders are worried.",90.55289027819296
2023-01-26,MSFT,Market sentiment towards MSFT looks excited these days.,254.8222399169049
2023-03-01,AAPL,"Lots of chatter on AAPL today, could this mean rise?",137.2801814603673
2023-03-27,TSLA,"TSLA outlook is bearish, according to many investors.",114.73134936166689
2023-03-01,AMZN,The way AMZN has been performing makes me feel excited.,92.03902588070363
2023-02-03,TSLA,"TSLA outlook is excited, according to many investors.",114.57552560976502
2023-01-27,AMZN,Analysts believe AMZN could dip after recent news.,91.53580168052092
2023-03-08,GOOGL,Analysts believe GOOGL could rise after recent news.,103.98747284720118
2023-02-02,MSFT,Analysts believe MSFT could rise after recent news.,243.2516973040306
2023-01-16,GOOGL,Market sentiment towards GOOGL looks excited these days.,86.79749893370014
2023-03-17,TSLA,"TSLA stock is drawing attention, traders are excited.",117.44346666505422
2023-02-08,AMZN,"AMZN stock is drawing attention, traders are excited.",102.99140554903606
2023-03-29,MSFT,"MSFT stock is drawing attention, traders are worried.",239.65077902270352
2023-03-23,AMZN,"AMZN stock is drawing attention, traders are neutral.",93.89707748083532
2023-01-06,TSLA,Market sentiment towards TSLA looks worried these days.,114.73134936166689
2023-03-13,MSFT,"MSFT outlook is excited, according to many investors.",240.67835092452796
2023-01-30,GOOGL,"Lots of chatter on GOOGL today, could this mean fall?",91.42717056681614
2023-01-17,GOOGL,"GOOGL stock is drawing attention, traders are bearish.",98.02708834472024
2023-03-10,GOOGL,Market sentiment towards GOOGL looks excited these days.,98.02708834472024
2023-01-05,AMZN,Market sentiment towards AMZN looks excited these days.,96.81313331095652
2023-02-28,GOOGL,"Investors are talking a lot about GOOGL, big moves expected soon!",102.59576771282129
2023-02-22,AMZN,"Investors are talking a lot about AMZN, big moves expected soon!",89.65641888629835
2023-02-03,GOOGL,Market sentiment towards GOOGL looks excited these days.,87.41215474466284
2023-01-19,TSLA,"I'm bullish on TSLA, price action has been interesting.",116.43656434179384
2023-02-14,TSLA,Market sentiment towards TSLA looks excited these days.,113.63097571992164
2023-01-16,TSLA,"TSLA stock is drawing attention, traders are neutral.",115.11576987004398
2023-03-27,TSLA,Market sentiment towards TSLA looks bullish these days.,112.61449191231668
2023-01-25,MSFT,Market sentiment towards MSFT looks worried these days.,239.3103700989465
2023-02-07,TSLA,"Lots of chatter on TSLA today, could this mean fall?",112.484954655671
2023-03-17,AMZN,Analysts believe AMZN could breakout after recent news.,105.88256082750448
2023-03-16,AAPL,"I'm neutral on AAPL, price action has been interesting.",121.18533494402097
2023-01-30,GOOGL,"GOOGL outlook is neutral, according to many investors.",107.65982590422904
2023-03-02,AMZN,"AMZN outlook is bullish, according to many investors.",86.26617635749504
2023-01-06,AMZN,"I'm worried on AMZN, price action has been interesting.",86.26617635749504
2023-02-27,AAPL,"AAPL stock is drawing attention, traders are bearish.",138.0343868483502
2023-03-23,TSLA,The way TSLA has been performing makes me feel excited.,107.34009767559544
2023-03-16,MSFT,Analysts believe MSFT could stabilize after recent news.,254.9057199189457
2023-01-31,TSLA,Market sentiment towards TSLA looks bearish these days.,105.8143693455829
2023-03-31,GOOGL,"GOOGL stock is drawing attention, traders are excited.",103.3391401422243
2023-03-30,TSLA,"I'm worried on TSLA, price action has been interesting.",115.62556751982744
2023-01-05,MSFT,Analysts believe MSFT could fall after recent news.,239.42678753583849
2023-03-31,AMZN,"AMZN stock is drawing attention, traders are excited.",92.1193968628654
2023-01-20,GOOGL,Market sentiment towards GOOGL looks bullish these days.,90.21111369277384
2023-01-31,GOOGL,"Lots of chatter on GOOGL today, could this mean stabilize?",86.2810077483177
2023-03-07,GOOGL,"Investors are talking a lot about GOOGL, big moves expected soon!",88.79797393518416
2023-03-06,AMZN,"I'm bearish on AMZN, price action has been interesting.",101.29797167766668
2023-01-19,AAPL,The way AAPL has been performing makes me feel bearish.,114.77170255262348
2023-03-10,GOOGL,"I'm bullish on GOOGL, price action has been interesting.",103.9596736554112
2023-01-27,TSLA,Market sentiment towards TSLA looks excited these days.,117.8074224945988
2023-03-10,GOOGL,Market sentiment towards GOOGL looks bullish these days.,88.79797393518416
2023-02-15,AAPL,"I'm bearish on AAPL, price action has been interesting.",118.2733156103735
2023-03-23,GOOGL,"Lots of chatter on GOOGL today, could this mean breakout?",86.93710310368019
2023-03-01,TSLA,"I'm bearish on TSLA, price action has been interesting.",115.11576987004398
2023-01-17,MSFT,"MSFT outlook is worried, according to many investors.",254.8222399169049
2023-02-24,AAPL,"Lots of chatter on AAPL today, could this mean dip?",127.78871309603984
2023-01-27,AAPL,Market sentiment towards AAPL looks worried these days.,125.62780247919687
2023-02-22,AAPL,"AAPL stock is drawing attention, traders are neutral.",112.1153304548266
2023-01-04,MSFT,"Lots of chatter on MSFT today, could this mean breakout?",253.22305341902452
2023-02-08,GOOGL,Market sentiment towards GOOGL looks bearish these days.,94.90275914774982
2023-03-20,TSLA,The way TSLA has been performing makes me feel neutral.,107.27266500661185
2023-01-18,GOOGL,"GOOGL outlook is bearish, according to many investors.",86.01952659374552
2023-02-21,AMZN,"Lots of chatter on AMZN today, could this mean fall?",88.7885138526433
2023-03-09,TSLA,"TSLA outlook is bearish, according to many investors.",120.86505772800692
2023-02-20,AAPL,Market sentiment towards AAPL looks neutral these days.,118.71118624893776
2023-03-16,AAPL,Analysts believe AAPL could rise after recent news.,120.49585112836192
2023-02-06,AAPL,The way AAPL has been performing makes me feel excited.,119.29457374852431
2023-02-24,GOOGL,"GOOGL outlook is bearish, according to many investors.",92.71093545880773
2023-03-01,AMZN,Market sentiment towards AMZN looks neutral these days.,94.0224726042693
2023-01-31,AMZN,"Lots of chatter on AMZN today, could this mean stabilize?",89.81734526186513
2023-01-27,TSLA,"Lots of chatter on TSLA today, could this mean stabilize?",107.34009767559544
2023-01-11,AMZN,"AMZN outlook is bearish, according to many investors.",91.27015849190768
2023-02-09,AAPL,The way AAPL has been performing makes me feel excited.,109.26212047440468
2023-02-24,TSLA,"TSLA outlook is neutral, according to many investors.",114.57552560976502
2023-02-10,AAPL,The way AAPL has been performing makes me feel excited.,109.26212047440468
2023-03-17,AAPL,Market sentiment towards AAPL looks bullish these days.,138.8150509186731
2023-01-23,AAPL,"AAPL stock is drawing attention, traders are neutral.",109.49034777729648
2023-03-06,MSFT,"Investors are talking a lot about MSFT, big moves expected soon!",251.55173693368533
2023-03-28,GOOGL,Market sentiment towards GOOGL looks excited these days.,105.64779114122965
2023-01-10,TSLA,"TSLA outlook is neutral, according to many investors.",115.2769394274327
2023-03-03,MSFT,"I'm bullish on MSFT, price action has been interesting.",240.67835092452796
2023-03-23,MSFT,Market sentiment towards MSFT looks neutral these days.,239.3103700989465
2023-03-20,AAPL,The way AAPL has been performing makes me feel bearish.,122.04644224651518
2023-03-08,TSLA,"I'm worried on TSLA, price action has been interesting.",114.00855815065005
2023-02-07,AMZN,"AMZN outlook is bearish, according to many investors.",87.9040288351952
2023-03-15,GOOGL,"GOOGL outlook is excited, according to many investors.",86.89961556713949
2023-02-17,GOOGL,"Lots of chatter on GOOGL today, could this mean stabilize?",95.30714445261762
2023-03-13,AAPL,"Lots of chatter on AAPL today, could this mean dip?",123.14805754232684
2023-02-21,MSFT,Analysts believe MSFT could breakout after recent news.,254.5032139891401
2023-03-21,MSFT,"I'm worried on MSFT, price action has been interesting.",254.32432759160727
2023-01-11,GOOGL,"Lots of chatter on GOOGL today, could this mean rise?",98.02708834472024
2023-01-27,TSLA,"I'm neutral on TSLA, price action has been interesting.",109.26821498594242
2023-03-15,TSLA,"TSLA outlook is excited, according to many investors.",111.88185997100378
2023-01-17,MSFT,Market sentiment towards MSFT looks bullish these days.,257.4091621014592
2023-03-09,AMZN,"AMZN stock is drawing attention, traders are bullish.",91.27015849190768
2023-01-24,TSLA,Market sentiment towards TSLA looks bullish these days.,112.56845981398098
2023-03-30,GOOGL,"I'm worried on GOOGL, price action has been interesting.",103.98747284720118
2023-02-28,AAPL,"AAPL stock is drawing attention, traders are excited.",107.33061285234297
2023-02-09,AMZN,"AMZN stock is drawing attention, traders are bullish.",104.91895621571564
2023-01-26,GOOGL,"I'm neutral on GOOGL, price action has been interesting.",91.45167777496049
2023-01-16,MSFT,"Investors are talking a lot about MSFT, big moves expected soon!",255.79604932771065
2023-03-10,GOOGL,"I'm bearish on GOOGL, price action has been interesting.",92.84076267637236
2023-03-22,MSFT,"MSFT outlook is worried, according to many investors.",250.9171170147616
2023-02-16,AMZN,"Investors are talking a lot about AMZN, big moves expected soon!",93.89707748083532
2023-01-27,TSLA,"TSLA outlook is bullish, according to many investors.",115.62556751982744
2023-03-10,AAPL,Market sentiment towards AAPL looks excited these days.,114.3287226489356
2023-01-13,TSLA,The way TSLA has been performing makes me feel neutral.,113.63097750248954
2023-02-14,GOOGL,Analysts believe GOOGL could stabilize after recent news.,88.41417458413825
2023-03-14,TSLA,"Lots of chatter on TSLA today, could this mean dip?",111.44355272501969
2023-01-20,MSFT,Analysts believe MSFT could fall after recent news.,250.4815684727234
2023-01-04,GOOGL,Analysts believe GOOGL could fall after recent news.,90.21111369277384
2023-02-21,AMZN,"I'm worried on AMZN, price action has been interesting.",97.46193032884544
2023-02-24,AAPL,"Investors are talking a lot about AAPL, big moves expected soon!",108.10077741317558
2023-02-24,AMZN,"I'm bullish on AMZN, price action has been interesting.",92.91152312861108
2023-03-20,GOOGL,"I'm excited on GOOGL, price action has been interesting.",98.02708834472024
2023-02-01,TSLA,"TSLA stock is drawing attention, traders are excited.",117.21422940849848
2023-01-16,MSFT,"MSFT stock is drawing attention, traders are neutral.",240.4963585681164
2023-03-30,AMZN,"Lots of chatter on AMZN today, could this mean rise?",104.77329839040188
2023-01-11,AMZN,"AMZN outlook is neutral, according to many investors.",90.969526103566
2023-03-20,GOOGL,"I'm neutral on GOOGL, price action has been interesting.",90.88980558179196
2023-03-24,AAPL,"I'm excited on AAPL, price action has been interesting.",130.3104557300001
2023-01-13,GOOGL,"Lots of chatter on GOOGL today, could this mean fall?",86.2810077483177
2023-02-23,AMZN,"I'm neutral on AMZN, price action has been interesting.",103.97248096656855
2023-02-08,GOOGL,"GOOGL stock is drawing attention, traders are bearish.",86.01952659374552
2023-03-09,AAPL,The way AAPL has been performing makes me feel bullish.,107.33061285234297
2023-02-20,AAPL,"I'm excited on AAPL, price action has been interesting.",121.82459706709544
2023-01-18,GOOGL,"I'm worried on GOOGL, price action has been interesting.",88.79797393518416
2023-02-20,TSLA,"I'm bearish on TSLA, price action has been interesting.",111.11020743720992
2023-02-06,AMZN,"Lots of chatter on AMZN today, could this mean breakout?",89.02016276311137
2023-01-05,GOOGL,Market sentiment towards GOOGL looks worried these days.,107.65982590422904
2023-03-30,GOOGL,"Investors are talking a lot about GOOGL, big moves expected soon!",102.59576771282129
2023-02-22,AAPL,"I'm bearish on AAPL, price action has been interesting.",121.18533494402097
2023-01-31,MSFT,"Lots of chatter on MSFT today, could this mean rise?",240.4963585681164
2023-01-03,MSFT,"MSFT stock is drawing attention, traders are excited.",250.0364394129566
2023-02-13,AAPL,"AAPL outlook is excited, according to many investors.",114.09742608415914
2023-01-16,TSLA,Market sentiment towards TSLA looks neutral these days.,113.63097571992164
2023-03-06,AMZN,"AMZN outlook is worried, according to many investors.",96.7871295272007
2023-03-28,TSLA,Analysts believe TSLA could dip after recent news.,112.484954655671
2023-03-30,AAPL,The way AAPL has been performing makes me feel worried.,110.48308955585064
2023-01-13,MSFT,Market sentiment towards MSFT looks bearish these days.,249.41390927844947
2023-02-24,TSLA,"Lots of chatter on TSLA today, could this mean dip?",113.05383568799172
2023-02-02,AMZN,Market sentiment towards AMZN looks neutral these days.,104.77329839040188
2023-03-02,MSFT,Market sentiment towards MSFT looks bullish these days.,251.24849642836065
2023-03-24,GOOGL,"GOOGL outlook is worried, according to many investors.",91.45167777496049
2023-03-28,TSLA,"I'm neutral on TSLA, price action has been interesting.",107.34009767559544
2023-01-24,MSFT,"MSFT stock is drawing attention, traders are bullish.",240.4963585681164
2023-03-31,GOOGL,Market sentiment towards GOOGL looks worried these days.,91.05294543696355
2023-03-21,AAPL,"Lots of chatter on AAPL today, could this mean breakout?",127.1602184308493
2023-03-17,TSLA,"TSLA outlook is bullish, according to many investors.",116.2845051448232
2023-03-15,MSFT,The way MSFT has been performing makes me feel bearish.,258.7280582354071
2023-03-20,AMZN,The way AMZN has been performing makes me feel worried.,103.07971095426508
2023-01-12,AMZN,"I'm worried on AMZN, price action has been interesting.",103.07971095426508
2023-01-31,MSFT,"Investors are talking a lot about MSFT, big moves expected soon!",253.8537717711724
2023-01-18,TSLA,"Lots of chatter on TSLA today, could this mean fall?",112.3638206700515
2023-03-08,GOOGL,Market sentiment towards GOOGL looks excited these days.,94.4673967412954
2023-01-25,MSFT,"MSFT outlook is neutral, according to many investors.",251.91478909246692
2023-02-24,AMZN,Market sentiment towards AMZN looks worried these days.,89.91119166002758
2023-01-24,AAPL,"Investors are talking a lot about AAPL, big moves expected soon!",114.77170255262348
2023-01-20,TSLA,"TSLA outlook is worried, according to many investors.",111.44355272501969
2023-01-20,MSFT,"MSFT stock is drawing attention, traders are neutral.",249.2035675109092
2023-03-29,MSFT,Analysts believe MSFT could dip after recent news.,239.65077902270352
2023-02-23,TSLA,"TSLA stock is drawing attention, traders are bullish.",112.03579327914883
2023-01-18,AAPL,"I'm bullish on AAPL, price action has been interesting.",127.78871309603984
2023-02-14,AMZN,Analysts believe AMZN could fall after recent news.,92.0357990874798
2023-01-12,TSLA,"I'm excited on TSLA, price action has been interesting.",107.2196372557134
2023-02-24,AAPL,The way AAPL has been performing makes me feel bullish.,123.14805754232684
2023-01-27,AMZN,"Investors are talking a lot about AMZN, big moves expected soon!",94.57938143046862
2023-03-29,GOOGL,"GOOGL stock is drawing attention, traders are bearish.",86.49507571519749
2023-03-02,MSFT,"I'm neutral on MSFT, price action has been interesting.",254.97225513830807
2023-02-22,MSFT,The way MSFT has been performing makes me feel neutral.,254.97225513830807
2023-03-24,GOOGL,"Investors are talking a lot about GOOGL, big moves expected soon!",89.16355432644994
2023-03-08,AAPL,"Investors are talking a lot about AAPL, big moves expected soon!",122.9133625161458
2023-01-25,MSFT,"Lots of chatter on MSFT today, could this mean fall?",252.2763125126309
2023-01-23,TSLA,"I'm bearish on TSLA, price action has been interesting.",116.07381954596286
2023-03-17,AMZN,"AMZN outlook is neutral, according to many investors.",100.05001650489336
2023-02-23,TSLA,Market sentiment towards TSLA looks neutral these days.,107.74149530735816
2023-03-23,TSLA,The way TSLA has been performing makes me feel neutral.,105.8143693455829
2023-03-28,AAPL,Market sentiment towards AAPL looks bullish these days.,122.9133625161458
2023-01-18,AMZN,Market sentiment towards AMZN looks bearish these days.,95.66659292425828
2023-01-09,AAPL,The way AAPL has been performing makes me feel excited.,109.4462456661918
2023-03-24,MSFT,"I'm excited on MSFT, price action has been interesting.",237.14084694017723
2023-01-19,AMZN,"I'm bullish on AMZN, price action has been interesting.",92.03902588070363
2023-03-16,GOOGL,Analysts believe GOOGL could fall after recent news.,98.31578314324582
2023-01-05,TSLA,Analysts believe TSLA could rise after recent news.,106.62247105921196
2023-02-23,TSLA,"TSLA stock is drawing attention, traders are excited.",116.2845051448232
2023-02-03,GOOGL,Analysts believe GOOGL could fall after recent news.,89.49577838191351
2023-02-14,AAPL,"I'm neutral on AAPL, price action has been interesting.",117.50777302447896
2023-03-23,AMZN,"AMZN outlook is excited, according to many investors.",94.0224726042693
2023-03-29,AMZN,The way AMZN has been performing makes me feel excited.,94.05128089966354
2023-02-22,AAPL,"I'm bullish on AAPL, price action has been interesting.",111.12468071263706
2023-03-15,TSLA,"TSLA outlook is neutral, according to many investors.",114.05624946250992
2023-02-08,TSLA,"TSLA outlook is bullish, according to many investors.",110.39484286163304
2023-01-04,TSLA,The way TSLA has been performing makes me feel worried.,115.11576987004398
2023-01-31,MSFT,Market sentiment towards MSFT looks excited these days.,251.54188046292808
2023-02-22,MSFT,The way MSFT has been performing makes me feel bullish.,249.2035675109092
2023-03-28,AMZN,Market sentiment towards AMZN looks bearish these days.,87.9040288351952
2023-03-21,TSLA,Market sentiment towards TSLA looks worried these days.,115.24796470827592
2023-01-09,MSFT,"Lots of chatter on MSFT today, could this mean stabilize?",253.22305341902452
2023-02-14,TSLA,"Lots of chatter on TSLA today, could this mean rise?",112.3638206700515
2023-01-13,GOOGL,"Lots of chatter on GOOGL today, could this mean rise?",88.77606573440579
2023-01-04,MSFT,"I'm worried on MSFT, price action has been interesting.",249.71601303957576
2023-03-23,AMZN,Analysts believe AMZN could fall after recent news.,99.15285597194504
2023-03-09,GOOGL,"GOOGL outlook is bullish, according to many investors.",95.30714445261762
2023-03-23,TSLA,Analysts believe TSLA could dip after recent news.,110.07817504102144
2023-02-13,AAPL,"Lots of chatter on AAPL today, could this mean rise?",109.4462456661918
2023-03-28,MSFT,"MSFT outlook is excited, according to many investors.",250.1534581332311
2023-03-14,MSFT,"MSFT outlook is bearish, according to many investors.",254.8222399169049
2023-02-27,AAPL,"AAPL stock is drawing attention, traders are bearish.",137.8761021468032
2023-02-13,AAPL,The way AAPL has been performing makes me feel bullish.,133.76029139502614
2023-01-31,AAPL,Market sentiment towards AAPL looks worried these days.,121.21232939349684
2023-01-05,TSLA,"I'm bearish on TSLA, price action has been interesting.",107.27266500661185
2023-01-18,MSFT,The way MSFT has been performing makes me feel bullish.,250.0364394129566
2023-03-03,AAPL,"Lots of chatter on AAPL today, could this mean breakout?",113.49521869298056
2023-02-28,AAPL,"AAPL outlook is excited, according to many investors.",137.2801814603673
2023-03-09,GOOGL,"Lots of chatter on GOOGL today, could this mean fall?",95.30714445261762
2023-01-27,MSFT,Analysts believe MSFT could breakout after recent news.,250.9171170147616
2023-03-16,GOOGL,"GOOGL outlook is neutral, according to many investors.",89.93258335656962
2023-02-20,MSFT,"Lots of chatter on MSFT today, could this mean rise?",249.71601303957576
2023-01-02,GOOGL,"GOOGL stock is drawing attention, traders are excited.",88.47249554433462
2023-01-20,GOOGL,The way GOOGL has been performing makes me feel bullish.,86.2810077483177
2023-01-24,GOOGL,"Lots of chatter on GOOGL today, could this mean dip?",92.6802413334508
2023-02-02,GOOGL,Analysts believe GOOGL could breakout after recent news.,88.77606573440579
2023-03-22,GOOGL,Analysts believe GOOGL could stabilize after recent news.,94.90275914774982
2023-02-01,AAPL,"AAPL outlook is worried, according to many investors.",114.77170255262348
2023-03-06,MSFT,Analysts believe MSFT could rise after recent news.,254.8222399169049
2023-01-11,AAPL,"Lots of chatter on AAPL today, could this mean dip?",117.50777302447896
2023-03-23,GOOGL,"GOOGL stock is drawing attention, traders are neutral.",107.65982590422904
2023-03-23,MSFT,Analysts believe MSFT could breakout after recent news.,254.8222399169049
2023-01-18,GOOGL,"I'm bullish on GOOGL, price action has been interesting.",87.59981329687079
2023-02-23,AAPL,"AAPL stock is drawing attention, traders are bullish.",110.111771602523
2023-02-08,GOOGL,"Lots of chatter on GOOGL today, could this mean rise?",88.41417458413825
2023-03-27,GOOGL,Analysts believe GOOGL could dip after recent news.,86.93710310368019
2023-01-23,AMZN,"AMZN stock is drawing attention, traders are worried.",88.20236890604593
2023-01-03,AMZN,"Investors are talking a lot about AMZN, big moves expected soon!",88.40501453588696
2023-01-24,AMZN,Analysts believe AMZN could stabilize after recent news.,105.88256082750448
2023-02-10,TSLA,"Lots of chatter on TSLA today, could this mean stabilize?",115.81012322074378
2023-01-18,MSFT,"Investors are talking a lot about MSFT, big moves expected soon!",254.97225513830807
2023-01-18,AMZN,Market sentiment towards AMZN looks excited these days.,102.99140554903606
2023-03-01,AAPL,"AAPL outlook is worried, according to many investors.",113.98598608655568
2023-01-30,TSLA,"TSLA stock is drawing attention, traders are bullish.",113.63097750248954
2023-03-17,AMZN,"AMZN outlook is neutral, according to many investors.",89.90876724578159
2023-02-24,TSLA,Analysts believe TSLA could fall after recent news.,107.27266500661185
2023-01-20,AAPL,Market sentiment towards AAPL looks neutral these days.,105.97676885173104
2023-03-14,TSLA,The way TSLA has been performing makes me feel worried.,112.484954655671
2023-03-15,AAPL,The way AAPL has been performing makes me feel neutral.,133.76029139502614
2023-03-14,AAPL,Analysts believe AAPL could stabilize after recent news.,107.20012142941276
2023-02-10,MSFT,Market sentiment towards MSFT looks bullish these days.,250.7110413556572
2023-02-15,GOOGL,"I'm worried on GOOGL, price action has been interesting.",103.9596736554112
2023-03-21,TSLA,"I'm worried on TSLA, price action has been interesting.",111.88185997100378
2023-03-14,TSLA,"Investors are talking a lot about TSLA, big moves expected soon!",117.2064150051684
2023-01-12,TSLA,"Investors are talking a lot about TSLA, big moves expected soon!",105.8143693455829
2023-03-16,MSFT,"MSFT outlook is excited, according to many investors.",239.42678753583849
2023-01-02,AMZN,"AMZN stock is drawing attention, traders are bullish.",103.07971095426508
2023-03-02,TSLA,"Lots of chatter on TSLA today, could this mean dip?",114.00855815065005
2023-01-12,AMZN,The way AMZN has been performing makes me feel neutral.,96.81313331095652
2023-02-14,MSFT,"Investors are talking a lot about MSFT, big moves expected soon!",239.3103700989465
2023-01-20,TSLA,Market sentiment towards TSLA looks bullish these days.,116.43656434179384
2023-01-17,GOOGL,Market sentiment towards GOOGL looks bullish these days.,87.56346828310043
2023-03-21,AMZN,The way AMZN has been performing makes me feel excited.,93.89707748083532
2023-01-11,MSFT,"I'm bearish on MSFT, price action has been interesting.",254.0987411020601
2023-02-07,TSLA,Analysts believe TSLA could breakout after recent news.,114.73134936166689
2023-03-28,AMZN,"Investors are talking a lot about AMZN, big moves expected soon!",87.31005948872884
2023-01-17,AAPL,Analysts believe AAPL could breakout after recent news.,125.62780247919687
2023-03-31,AAPL,"AAPL outlook is bullish, according to many investors.",107.131740051138
2023-02-28,TSLA,"I'm worried on TSLA, price action has been interesting.",112.62746341532046
2023-03-28,MSFT,"MSFT outlook is bullish, according to many investors.",255.79604932771065
2023-01-16,AMZN,"AMZN stock is drawing attention, traders are bullish.",94.05128089966354
2023-03-01,TSLA,Analysts believe TSLA could dip after recent news.,112.56845981398098
2023-01-24,AMZN,"AMZN stock is drawing attention, traders are bearish.",90.85837652129794
2023-02-14,MSFT,"Lots of chatter on MSFT today, could this mean dip?",255.5921656362433
2023-02-24,MSFT,"MSFT outlook is excited, according to many investors.",239.0029198870554
2023-02-01,GOOGL,Analysts believe GOOGL could dip after recent news.,87.41215474466284
2023-03-20,AMZN,"AMZN stock is drawing attention, traders are neutral.",94.05128089966354
2023-01-09,GOOGL,The way GOOGL has been performing makes me feel bullish.,87.41215474466284
2023-03-10,MSFT,Analysts believe MSFT could fall after recent news.,252.2960828325226
2023-02-21,TSLA,"TSLA outlook is bearish, according to many investors.",117.44346666505422
2023-03-30,AMZN,Market sentiment towards AMZN looks worried these days.,102.54447997838436
2023-03-16,TSLA,"TSLA outlook is excited, according to many investors.",113.32871705534018
2023-03-09,AMZN,The way AMZN has been performing makes me feel neutral.,92.91152312861108
2023-01-16,MSFT,"I'm bearish on MSFT, price action has been interesting.",240.4963585681164
2023-03-09,MSFT,"I'm bullish on MSFT, price action has been interesting.",250.5556902998358
2023-01-30,TSLA,"Investors are talking a lot about TSLA, big moves expected soon!",112.56813073679352
2023-03-29,MSFT,"MSFT stock is drawing attention, traders are bearish.",251.24849642836065
2023-02-08,TSLA,"TSLA stock is drawing attention, traders are bearish.",117.73577041637893
2023-01-24,GOOGL,The way GOOGL has been performing makes me feel worried.,86.384738769212
2023-01-09,AAPL,The way AAPL has been performing makes me feel worried.,119.29457374852431
2023-01-26,AMZN,"Investors are talking a lot about AMZN, big moves expected soon!",88.20236890604593
2023-03-20,TSLA,"Lots of chatter on TSLA today, could this mean rise?",116.07381954596286
2023-02-08,TSLA,"TSLA stock is drawing attention, traders are bearish.",111.44355272501969
2023-02-22,MSFT,The way MSFT has been performing makes me feel bearish.,239.65077902270352
2023-02-21,TSLA,"Investors are talking a lot about TSLA, big moves expected soon!",115.62556751982744
2023-03-09,TSLA,Market sentiment towards TSLA looks worried these days.,112.3638206700515
2023-03-01,TSLA,"I'm excited on TSLA, price action has been interesting.",107.74149530735816
2023-02-20,AAPL,"AAPL outlook is excited, according to many investors.",120.71500291031556
2023-03-22,TSLA,"TSLA outlook is excited, according to many investors.",112.3638206700515
2023-01-18,TSLA,Market sentiment towards TSLA looks bullish these days.,116.07381954596286
2023-03-14,AMZN,"AMZN stock is drawing attention, traders are excited.",89.29757967336829
2023-03-22,MSFT,"Lots of chatter on MSFT today, could this mean rise?",251.55173693368533
2023-02-14,GOOGL,"Investors are talking a lot about GOOGL, big moves expected soon!",103.7271867384658
2023-03-24,GOOGL,Market sentiment towards GOOGL looks bullish these days.,102.59576771282129
2023-03-22,TSLA,Analysts believe TSLA could stabilize after recent news.,106.62247105921196
2023-03-20,AAPL,Market sentiment towards AAPL looks bullish these days.,138.8150509186731
2023-02-08,TSLA,The way TSLA has been performing makes me feel bullish.,112.41553111626052
2023-01-02,GOOGL,"GOOGL outlook is neutral, according to many investors.",92.64791109768308
2023-02-28,MSFT,Market sentiment towards MSFT looks worried these days.,254.5032139891401
2023-03-08,TSLA,Market sentiment towards TSLA looks excited these days.,115.2769394274327
2023-02-24,GOOGL,The way GOOGL has been performing makes me feel worried.,89.75989832306075
2023-03-29,AMZN,"AMZN outlook is bullish, according to many investors.",89.07407304765302
2023-01-05,GOOGL,"GOOGL outlook is bearish, according to many investors.",89.75989832306075
2023-02-22,TSLA,"TSLA outlook is worried, according to many investors.",107.27266500661185
2023-02-07,MSFT,Market sentiment towards MSFT looks bullish these days.,250.1534581332311
2023-01-12,AMZN,The way AMZN has been performing makes me feel bullish.,89.91119166002758
2023-01-23,AMZN,"Lots of chatter on AMZN today, could this mean dip?",97.46193032884544
2023-03-20,GOOGL,Analysts believe GOOGL could rise after recent news.,86.93710310368019
2023-02-13,AAPL,"Lots of chatter on AAPL today, could this mean rise?",118.2733156103735
2023-01-19,TSLA,The way TSLA has been performing makes me feel neutral.,116.27312227613815
2023-02-03,AMZN,"Investors are talking a lot about AMZN, big moves expected soon!",91.89867313786772
2023-02-16,TSLA,"TSLA outlook is neutral, according to many investors.",112.5579038235086
2023-02-02,TSLA,"TSLA stock is drawing attention, traders are bearish.",113.63097750248954
2023-02-06,GOOGL,"I'm excited on GOOGL, price action has been interesting.",88.5494701524181
2023-01-27,MSFT,The way MSFT has been performing makes me feel excited.,250.5556902998358
2023-03-30,TSLA,"I'm neutral on TSLA, price action has been interesting.",116.2845051448232
2023-01-13,GOOGL,"GOOGL outlook is worried, according to many investors.",87.41215474466284
2023-02-02,AAPL,"AAPL stock is drawing attention, traders are bearish.",133.76029139502614
2023-01-06,AMZN,Analysts believe AMZN could dip after recent news.,92.0357990874798
2023-03-22,AMZN,Market sentiment towards AMZN looks bearish these days.,99.15698660075932
2023-02-07,TSLA,"TSLA stock is drawing attention, traders are neutral.",114.57552560976502
2023-01-20,AAPL,"AAPL outlook is excited, according to many investors.",119.74445509167056
2023-02-17,MSFT,Analysts believe MSFT could stabilize after recent news.,247.8969090457618
2023-03-15,MSFT,"Investors are talking a lot about MSFT, big moves expected soon!",250.81557924919667
2023-03-02,MSFT,The way MSFT has been performing makes me feel worried.,251.55173693368533
2023-02-06,MSFT,"Investors are talking a lot about MSFT, big moves expected soon!",254.9057199189457
2023-03-07,TSLA,"TSLA stock is drawing attention, traders are neutral.",112.03579327914883
2023-02-16,GOOGL,"GOOGL stock is drawing attention, traders are bullish.",94.90275914774982
2023-03-10,TSLA,"Lots of chatter on TSLA today, could this mean dip?",107.34009767559544
2023-01-17,AMZN,"Investors are talking a lot about AMZN, big moves expected soon!",86.26617635749504
2023-01-05,TSLA,"Investors are talking a lot about TSLA, big moves expected soon!",117.26937252857788
2023-03-08,TSLA,Market sentiment towards TSLA looks bullish these days.,115.2769394274327
2023-03-17,GOOGL,"I'm excited on GOOGL, price action has been interesting.",91.05294543696355
2023-01-02,AAPL,"Investors are talking a lot about AAPL, big moves expected soon!",130.3104557300001
2023-02-10,AAPL,"AAPL outlook is bearish, according to many investors.",138.0343868483502
2023-01-04,MSFT,Market sentiment towards MSFT looks bullish these days.,252.23778094824587
2023-01-30,MSFT,"Lots of chatter on MSFT today, could this mean dip?",254.0987411020601
2023-03-09,AMZN,"Lots of chatter on AMZN today, could this mean breakout?",99.72020146527116
2023-03-28,MSFT,Market sentiment towards MSFT looks bullish these days.,254.99352785022364
2023-02-22,MSFT,"Investors are talking a lot about MSFT, big moves expected soon!",253.22305341902452
2023-01-20,AAPL,"I'm worried on AAPL, price action has been interesting.",121.18533494402097
2023-03-14,GOOGL,"GOOGL outlook is bullish, according to many investors.",89.49577838191351
2023-03-06,AMZN,"Lots of chatter on AMZN today, could this mean fall?",89.65641888629835
2023-02-03,AMZN,The way AMZN has been performing makes me feel excited.,88.40501453588696
2023-01-30,TSLA,The way TSLA has been performing makes me feel bearish.,113.32871705534018
2023-01-06,AAPL,"Lots of chatter on AAPL today, could this mean fall?",138.8150509186731
2023-03-07,TSLA,"Lots of chatter on TSLA today, could this mean rise?",116.27312227613815
2023-01-25,AAPL,"Investors are talking a lot about AAPL, big moves expected soon!",138.0343868483502
2023-01-30,TSLA,"I'm neutral on TSLA, price action has been interesting.",112.56845981398098
2023-02-01,GOOGL,Market sentiment towards GOOGL looks bullish these days.,88.63862365044015
2023-03-30,AMZN,Analysts believe AMZN could stabilize after recent news.,94.05128089966354
2023-02-24,AAPL,"AAPL outlook is excited, according to many investors.",137.2801814603673
2023-01-13,AMZN,"AMZN outlook is worried, according to many investors.",93.1969107503963
2023-03-14,TSLA,The way TSLA has been performing makes me feel neutral.,115.2769394274327
2023-03-27,AMZN,"I'm excited on AMZN, price action has been interesting.",101.29797167766668
2023-03-30,GOOGL,"Lots of chatter on GOOGL today, could this mean stabilize?",91.05294543696355
2023-01-06,MSFT,"I'm neutral on MSFT, price action has been interesting.",250.4815684727234
2023-03-15,GOOGL,The way GOOGL has been performing makes me feel neutral.,105.64779114122965
2023-03-17,MSFT,Analysts believe MSFT could breakout after recent news.,254.8222399169049
2023-02-21,AAPL,Analysts believe AAPL could fall after recent news.,133.76029139502614
2023-03-20,AMZN,"I'm bearish on AMZN, price action has been interesting.",94.0224726042693
2023-03-23,GOOGL,Market sentiment towards GOOGL looks excited these days.,103.92117866845123
2023-03-23,AMZN,"AMZN stock is drawing attention, traders are worried.",101.29797167766668
2023-01-03,MSFT,"MSFT outlook is neutral, according to many investors.",250.822460604913
2023-03-31,MSFT,Market sentiment towards MSFT looks worried these days.,250.59121616293012
2023-03-24,GOOGL,"I'm bullish on GOOGL, price action has been interesting.",102.59576771282129
2023-03-13,AMZN,"Lots of chatter on AMZN today, could this mean breakout?",99.19088779879525
2023-02-10,AAPL,"AAPL outlook is neutral, according to many investors.",119.06991308610915
2023-01-16,GOOGL,"GOOGL stock is drawing attention, traders are excited.",94.21294969027754
2023-02-23,AMZN,The way AMZN has been performing makes me feel neutral.,97.46193032884544
2023-03-29,MSFT,The way MSFT has been performing makes me feel neutral.,240.4963585681164
2023-03-30,AAPL,"Investors are talking a lot about AAPL, big moves expected soon!",121.18533494402097
2023-03-27,MSFT,Market sentiment towards MSFT looks neutral these days.,252.34772443328157
2023-03-16,AMZN,"AMZN stock is drawing attention, traders are bearish.",92.91152312861108
2023-03-22,MSFT,"MSFT stock is drawing attention, traders are bullish.",251.33964010816825
2023-03-20,AMZN,"AMZN stock is drawing attention, traders are bearish.",98.96940265756044
2023-02-16,AMZN,Analysts believe AMZN could fall after recent news.,92.0357990874798
2023-02-13,MSFT,"Lots of chatter on MSFT today, could this mean dip?",252.826821580197
2023-03-14,AMZN,"Lots of chatter on AMZN today, could this mean breakout?",88.92831195630367
2023-01-02,GOOGL,"GOOGL stock is drawing attention, traders are excited.",86.384738769212
2023-03-17,AMZN,Market sentiment towards AMZN looks bullish these days.,89.02016276311137
2023-01-31,GOOGL,Market sentiment towards GOOGL looks worried these days.,98.31578314324582
2023-02-24,MSFT,Analysts believe MSFT could dip after recent news.,240.4963585681164
2023-01-02,TSLA,"TSLA stock is drawing attention, traders are neutral.",116.84545196412247
2023-03-31,AMZN,The way AMZN has been performing makes me feel neutral.,99.72020146527116
2023-03-29,MSFT,"Investors are talking a lot about MSFT, big moves expected soon!",251.24849642836065
2023-03-16,MSFT,"Lots of chatter on MSFT today, could this mean dip?",252.826821580197
2023-02-28,AMZN,Analysts believe AMZN could breakout after recent news.,89.90876724578159
2023-01-30,AAPL,"Investors are talking a lot about AAPL, big moves expected soon!",111.4414380315412
2023-01-31,MSFT,"Lots of chatter on MSFT today, could this mean breakout?",255.3793571324257
2023-02-22,AMZN,"AMZN stock is drawing attention, traders are excited.",86.26617635749504
2023-01-11,MSFT,The way MSFT has been performing makes me feel bullish.,251.91478909246692
2023-03-28,TSLA,"Investors are talking a lot about TSLA, big moves expected soon!",114.80657640380984
2023-03-07,AAPL,"Lots of chatter on AAPL today, could this mean breakout?",125.97266494499742
2023-01-24,AMZN,"AMZN outlook is bullish, according to many investors.",89.07407304765302
2023-01-24,TSLA,The way TSLA has been performing makes me feel neutral.,113.63286221620928
2023-01-18,GOOGL,"Lots of chatter on GOOGL today, could this mean stabilize?",92.60610790975478
2023-01-24,AMZN,"AMZN stock is drawing attention, traders are bullish.",102.0264607185497
2023-02-22,TSLA,The way TSLA has been performing makes me feel worried.,107.27266500661185
2023-03-03,AMZN,The way AMZN has been performing makes me feel excited.,89.65641888629835
2023-01-09,TSLA,Analysts believe TSLA could stabilize after recent news.,114.73134936166689
2023-02-17,AMZN,The way AMZN has been performing makes me feel neutral.,95.13276302912864
2023-01-19,MSFT,Market sentiment towards MSFT looks worried these days.,250.1534581332311
2023-03-27,MSFT,"I'm worried on MSFT, price action has been interesting.",251.33964010816825
2023-01-20,AMZN,The way AMZN has been performing makes me feel neutral.,104.16824571467193
2023-03-16,GOOGL,Market sentiment towards GOOGL looks excited these days.,89.49577838191351
2023-02-07,TSLA,Analysts believe TSLA could stabilize after recent news.,115.81012322074378
2023-01-18,AAPL,"AAPL stock is drawing attention, traders are bearish.",118.69104280038302
2023-02-13,TSLA,The way TSLA has been performing makes me feel bearish.,112.09895647004323
2023-02-17,AMZN,Market sentiment towards AMZN looks bearish these days.,94.05128089966354
2023-03-24,AAPL,The way AAPL has been performing makes me feel neutral.,121.18533494402097
2023-01-09,GOOGL,"Lots of chatter on GOOGL today, could this mean dip?",92.71093545880773
2023-03-22,AAPL,"AAPL outlook is excited, according to many investors.",110.97868978511146
2023-03-09,AAPL,"Investors are talking a lot about AAPL, big moves expected soon!",105.97676885173104
2023-02-01,AAPL,"AAPL stock is drawing attention, traders are bearish.",125.97266494499742
2023-02-16,MSFT,"MSFT stock is drawing attention, traders are neutral.",237.14084694017723
2023-02-06,AAPL,"I'm worried on AAPL, price action has been interesting.",121.18533494402097
2023-03-07,AAPL,Market sentiment towards AAPL looks worried these days.,107.452609474386
2023-01-06,TSLA,The way TSLA has been performing makes me feel bearish.,115.2769394274327
2023-01-27,TSLA,Market sentiment towards TSLA looks excited these days.,108.4269243404117
2023-01-09,GOOGL,"GOOGL outlook is bearish, according to many investors.",90.21111369277384
2023-03-23,GOOGL,Analysts believe GOOGL could fall after recent news.,87.59981329687079
2023-03-30,AAPL,"Investors are talking a lot about AAPL, big moves expected soon!",113.49521869298056
2023-01-25,AMZN,Analysts believe AMZN could fall after recent news.,87.35981101659057
2023-01-05,AAPL,"AAPL outlook is excited, according to many investors.",122.04644224651518
2023-01-24,AMZN,"Investors are talking a lot about AMZN, big moves expected soon!",104.63122613197449
2023-01-19,TSLA,"TSLA stock is drawing attention, traders are neutral.",117.44346666505422
2023-01-18,MSFT,"Investors are talking a lot about MSFT, big moves expected soon!",251.91478909246692
2023-01-10,MSFT,The way MSFT has been performing makes me feel bullish.,239.42678753583849
2023-03-02,GOOGL,"Lots of chatter on GOOGL today, could this mean breakout?",87.56346828310043
2023-01-20,MSFT,Analysts believe MSFT could rise after recent news.,239.65077902270352
2023-01-26,GOOGL,"GOOGL stock is drawing attention, traders are neutral.",92.84076267637236
2023-03-29,AMZN,Analysts believe AMZN could breakout after recent news.,92.14327842542612
2023-02-17,TSLA,"Lots of chatter on TSLA today, could this mean dip?",114.05624946250992
2023-02-17,AAPL,"I'm bearish on AAPL, price action has been interesting.",121.21232939349684
2023-01-26,GOOGL,The way GOOGL has been performing makes me feel neutral.,91.54455366458208
2023-01-27,GOOGL,"Lots of chatter on GOOGL today, could this mean fall?",88.63862365044015
2023-02-17,AAPL,"AAPL stock is drawing attention, traders are bearish.",112.50905292656483
2023-02-14,TSLA,"TSLA outlook is worried, according to many investors.",107.27266500661185
2023-03-08,GOOGL,"Investors are talking a lot about GOOGL, big moves expected soon!",95.30714445261762
2023-03-02,GOOGL,Market sentiment towards GOOGL looks worried these days.,89.16355432644994
2023-02-02,MSFT,"MSFT stock is drawing attention, traders are excited.",254.0987411020601
2023-03-27,TSLA,"Investors are talking a lot about TSLA, big moves expected soon!",113.05383568799172
2023-01-24,MSFT,Market sentiment towards MSFT looks excited these days.,251.33964010816825
2023-03-10,AAPL,"I'm worried on AAPL, price action has been interesting.",110.111771602523
2023-03-31,AMZN,"I'm worried on AMZN, price action has been interesting.",95.66659292425828
2023-02-14,TSLA,"I'm worried on TSLA, price action has been interesting.",116.27312227613815
2023-02-20,AAPL,Market sentiment towards AAPL looks neutral these days.,138.96122223397512
2023-01-18,AAPL,"I'm worried on AAPL, price action has been interesting.",121.18533494402097
2023-03-22,GOOGL,The way GOOGL has been performing makes me feel excited.,92.71093545880773
2023-01-19,AMZN,The way AMZN has been performing makes me feel neutral.,105.88256082750448
2023-02-21,AAPL,Analysts believe AAPL could fall after recent news.,121.21232939349684
2023-02-24,TSLA,"Lots of chatter on TSLA today, could this mean dip?",111.11020743720992
2023-03-23,TSLA,Market sentiment towards TSLA looks neutral these days.,114.80657640380984
2023-01-23,AAPL,"Investors are talking a lot about AAPL, big moves expected soon!",122.04644224651518
2023-03-28,GOOGL,Market sentiment towards GOOGL looks worried these days.,88.61815752840099
2023-01-05,MSFT,"MSFT stock is drawing attention, traders are excited.",252.19675275701448
2023-03-03,AMZN,"Investors are talking a lot about AMZN, big moves expected soon!",90.59433197059629
2023-02-08,MSFT,The way MSFT has been performing makes me feel bullish.,252.2960828325226
2023-02-13,GOOGL,"I'm bearish on GOOGL, price action has been interesting.",86.16647590995666
2023-01-04,MSFT,Analysts believe MSFT could rise after recent news.,252.34772443328157
2023-01-11,AAPL,Analysts believe AAPL could breakout after recent news.,109.26212047440468
2023-02-02,AAPL,"Lots of chatter on AAPL today, could this mean dip?",137.8761021468032
2023-01-20,AMZN,Analysts believe AMZN could stabilize after recent news.,100.05001650489336
2023-03-01,GOOGL,"Lots of chatter on GOOGL today, could this mean dip?",86.89961556713949
2023-02-13,AAPL,"Lots of chatter on AAPL today, could this mean fall?",120.49585112836192
2023-03-03,AAPL,"Lots of chatter on AAPL today, could this mean stabilize?",110.97868978511146
2023-01-11,AAPL,"AAPL stock is drawing attention, traders are worried.",108.10077741317558
2023-03-21,AMZN,"AMZN stock is drawing attention, traders are neutral.",99.15698660075932
2023-02-10,AMZN,"I'm excited on AMZN, price action has been interesting.",89.07407304765302
2023-01-25,MSFT,Analysts believe MSFT could stabilize after recent news.,238.6207084882862
2023-02-23,GOOGL,"I'm neutral on GOOGL, price action has been interesting.",91.54455366458208
2023-03-24,TSLA,"Lots of chatter on TSLA today, could this mean breakout?",115.11576987004398
2023-03-01,MSFT,"MSFT outlook is worried, according to many investors.",258.7280582354071
2023-03-03,MSFT,"Investors are talking a lot about MSFT, big moves expected soon!",255.85989399460053
2023-02-01,MSFT,Analysts believe MSFT could fall after recent news.,252.34772443328157
2023-01-09,MSFT,"Investors are talking a lot about MSFT, big moves expected soon!",250.7110413556572
2023-03-20,TSLA,"TSLA stock is drawing attention, traders are bearish.",115.2769394274327
2023-01-05,TSLA,The way TSLA has been performing makes me feel excited.,115.2987976598603
2023-02-01,AMZN,"AMZN stock is drawing attention, traders are neutral.",89.90876724578159
2023-01-09,MSFT,"I'm excited on MSFT, price action has been interesting.",240.7706347594577
2023-02-14,AMZN,Analysts believe AMZN could breakout after recent news.,89.81734526186513
2023-01-25,AMZN,"I'm neutral on AMZN, price action has been interesting.",101.29797167766668
2023-01-20,AMZN,"AMZN outlook is worried, according to many investors.",89.29757967336829
2023-02-24,GOOGL,"GOOGL outlook is neutral, according to many investors.",103.7271867384658
2023-01-09,GOOGL,Analysts believe GOOGL could fall after recent news.,86.2810077483177
2023-03-29,AMZN,Analysts believe AMZN could fall after recent news.,102.54447997838436
2023-01-16,MSFT,Analysts believe MSFT could fall after recent news.,255.4070691205143
2023-03-01,TSLA,Analysts believe TSLA could dip after recent news.,108.4269243404117
2023-01-24,AAPL,The way AAPL has been performing makes me feel excited.,121.21232939349684
2023-01-05,AAPL,"Investors are talking a lot about AAPL, big moves expected soon!",110.5381747122457
2023-03-29,MSFT,The way MSFT has been performing makes me feel excited.,250.5556902998358
2023-02-27,TSLA,"TSLA outlook is excited, according to many investors.",113.05383568799172
2023-01-06,AAPL,"I'm bearish on AAPL, price action has been interesting.",109.49034777729648
2023-02-14,GOOGL,"Investors are talking a lot about GOOGL, big moves expected soon!",88.79797393518416
2023-02-17,GOOGL,"GOOGL stock is drawing attention, traders are bearish.",94.90275914774982
2023-01-31,AAPL,"I'm worried on AAPL, price action has been interesting.",119.74445509167056
2023-03-31,GOOGL,"I'm bullish on GOOGL, price action has been interesting.",92.60610790975478
2023-01-31,MSFT,"Investors are talking a lot about MSFT, big moves expected soon!",254.3746539509492
2023-01-16,TSLA,"TSLA outlook is bearish, according to many investors.",112.26658190056602
2023-01-04,MSFT,Analysts believe MSFT could fall after recent news.,252.19675275701448
2023-01-12,AAPL,Analysts believe AAPL could stabilize after recent news.,125.76285888857272
2023-03-24,AMZN,"AMZN outlook is worried, according to many investors.",88.90708958366359
2023-01-19,MSFT,Market sentiment towards MSFT looks neutral these days.,250.81557924919667
2023-01-25,GOOGL,Market sentiment towards GOOGL looks worried these days.,92.71093545880773
2023-02-01,MSFT,Analysts believe MSFT could rise after recent news.,256.037607609795
2023-03-07,GOOGL,"I'm neutral on GOOGL, price action has been interesting.",88.41417458413825
2023-03-07,AAPL,Analysts believe AAPL could dip after recent news.,137.8761021468032
2023-02-10,MSFT,"MSFT stock is drawing attention, traders are worried.",254.9057199189457
2023-02-03,MSFT,"I'm worried on MSFT, price action has been interesting.",237.14084694017723
2023-02-08,AMZN,Market sentiment towards AMZN looks excited these days.,91.09136003888008
2023-02-03,GOOGL,The way GOOGL has been performing makes me feel worried.,91.45167777496049
2023-03-22,TSLA,"I'm excited on TSLA, price action has been interesting.",115.81012322074378
2023-02-27,TSLA,"Investors are talking a lot about TSLA, big moves expected soon!",115.44975062951112
2023-02-03,GOOGL,"Lots of chatter on GOOGL today, could this mean stabilize?",87.71777194950126
2023-03-08,GOOGL,"Investors are talking a lot about GOOGL, big moves expected soon!",89.49577838191351
2023-01-13,AMZN,"AMZN outlook is neutral, according to many investors.",91.27015849190768
2023-01-16,GOOGL,"Lots of chatter on GOOGL today, could this mean rise?",92.84076267637236
2023-01-30,GOOGL,The way GOOGL has been performing makes me feel bullish.,92.60610790975478
2023-03-03,TSLA,"TSLA stock is drawing attention, traders are bullish.",116.43656434179384
2023-01-10,MSFT,Market sentiment towards MSFT looks worried these days.,254.3746539509492
2023-03-30,TSLA,Market sentiment towards TSLA looks bullish these days.,107.34009767559544
2023-03-30,GOOGL,"I'm bullish on GOOGL, price action has been interesting.",103.3391401422243
2023-01-03,TSLA,Analysts believe TSLA could dip after recent news.,116.84545196412247
2023-02-28,AAPL,"AAPL stock is drawing attention, traders are neutral.",110.111771602523
2023-03-16,TSLA,"TSLA outlook is excited, according to many investors.",114.73134936166689
2023-01-23,GOOGL,"GOOGL stock is drawing attention, traders are excited.",88.79797393518416
2023-01-25,AMZN,Market sentiment towards AMZN looks bullish these days.,102.54447997838436
2023-03-23,GOOGL,"Lots of chatter on GOOGL today, could this mean breakout?",91.45167777496049
2023-01-23,AMZN,Analysts believe AMZN could breakout after recent news.,95.6829014695944
2023-01-09,MSFT,Analysts believe MSFT could dip after recent news.,252.826821580197
2023-03-21,GOOGL,Analysts believe GOOGL could rise after recent news.,90.21111369277384
2023-03-07,MSFT,Analysts believe MSFT could stabilize after recent news.,251.33964010816825
2023-03-08,AMZN,"Investors are talking a lot about AMZN, big moves expected soon!",102.0264607185497
2023-02-28,AAPL,Analysts believe AAPL could fall after recent news.,121.82459706709544
2023-03-24,AMZN,The way AMZN has been performing makes me feel neutral.,102.99140554903606
2023-01-05,AAPL,The way AAPL has been performing makes me feel neutral.,110.97868978511146
2023-01-03,AMZN,Analysts believe AMZN could fall after recent news.,94.05128089966354
2023-03-23,AMZN,Analysts believe AMZN could rise after recent news.,104.77329839040188
2023-02-07,AAPL,Analysts believe AAPL could dip after recent news.,137.2801814603673
2023-02-07,AAPL,"Investors are talking a lot about AAPL, big moves expected soon!",109.26212047440468
2023-01-10,AMZN,Market sentiment towards AMZN looks worried these days.,88.92831195630367
2023-03-29,AAPL,Analysts believe AAPL could breakout after recent news.,137.1029273412097
2023-03-06,GOOGL,Market sentiment towards GOOGL looks excited these days.,92.64791109768308
2023-03-29,AAPL,"I'm bullish on AAPL, price action has been interesting.",108.1772087535367
2023-01-17,AAPL,"I'm worried on AAPL, price action has been interesting.",114.3287226489356
2023-01-18,TSLA,Analysts believe TSLA could fall after recent news.,115.26617096790577
2023-03-01,AMZN,Market sentiment towards AMZN looks bearish these days.,89.90876724578159
2023-01-24,TSLA,Analysts believe TSLA could stabilize after recent news.,115.26617096790577
2023-03-29,GOOGL,"GOOGL outlook is bullish, according to many investors.",89.16355432644994
2023-02-20,MSFT,The way MSFT has been performing makes me feel bullish.,240.67835092452796
2023-01-11,MSFT,Analysts believe MSFT could fall after recent news.,253.22305341902452
2023-02-20,AAPL,"AAPL outlook is bearish, according to many investors.",107.20012142941276
2023-02-08,AMZN,"Investors are talking a lot about AMZN, big moves expected soon!",98.80649412024268
2023-03-07,MSFT,"MSFT stock is drawing attention, traders are worried.",238.97799071361024
2023-02-10,GOOGL,Market sentiment towards GOOGL looks bearish these days.,92.71093545880773
2023-02-01,AMZN,The way AMZN has been performing makes me feel bullish.,99.19088779879525
2023-01-23,AAPL,"AAPL stock is drawing attention, traders are neutral.",108.1772087535367
2023-01-19,AAPL,The way AAPL has been performing makes me feel bullish.,107.89910165451091
2023-03-14,AAPL,Market sentiment towards AAPL looks neutral these days.,138.8150509186731
2023-02-21,GOOGL,"I'm bullish on GOOGL, price action has been interesting.",91.05294543696355
2023-02-09,AMZN,"AMZN stock is drawing attention, traders are bearish.",89.01952805283034
2023-01-20,GOOGL,"GOOGL outlook is bullish, according to many investors.",105.64779114122965
2023-03-07,GOOGL,"Lots of chatter on GOOGL today, could this mean stabilize?",86.93710310368019
2023-03-06,AMZN,Market sentiment towards AMZN looks bearish these days.,103.07971095426508
2023-03-14,TSLA,"TSLA stock is drawing attention, traders are bearish.",117.8074224945988
2023-01-26,TSLA,The way TSLA has been performing makes me feel worried.,113.63097571992164
2023-01-30,TSLA,Market sentiment towards TSLA looks bearish these days.,117.8074224945988
2023-03-30,AAPL,"I'm neutral on AAPL, price action has been interesting.",109.49034777729648
2023-02-21,AAPL,Analysts believe AAPL could stabilize after recent news.,133.76029139502614
2023-02-07,MSFT,"Investors are talking a lot about MSFT, big moves expected soon!",252.23778094824587
2023-03-17,AMZN,"AMZN stock is drawing attention, traders are worried.",92.03902588070363
2023-02-09,AAPL,"I'm neutral on AAPL, price action has been interesting.",114.3287226489356
2023-01-27,GOOGL,"GOOGL stock is drawing attention, traders are worried.",86.2810077483177
2023-02-03,AMZN,"AMZN stock is drawing attention, traders are neutral.",90.85837652129794
2023-03-29,GOOGL,"Investors are talking a lot about GOOGL, big moves expected soon!",88.79797393518416
2023-02-20,MSFT,"MSFT stock is drawing attention, traders are neutral.",237.8564216608738
2023-01-03,TSLA,Market sentiment towards TSLA looks neutral these days.,117.26937252857788
2023-01-31,MSFT,"Investors are talking a lot about MSFT, big moves expected soon!",251.55173693368533
2023-01-23,TSLA,"Lots of chatter on TSLA today, could this mean fall?",114.00855815065005
2023-01-25,GOOGL,"Investors are talking a lot about GOOGL, big moves expected soon!",92.64791109768308
2023-03-16,TSLA,The way TSLA has been performing makes me feel bullish.,112.62746341532046
2023-02-10,TSLA,"I'm bullish on TSLA, price action has been interesting.",106.62247105921196
2023-03-03,AAPL,"Investors are talking a lot about AAPL, big moves expected soon!",107.131740051138
2023-01-26,GOOGL,The way GOOGL has been performing makes me feel bearish.,87.99793268801773
2023-02-16,MSFT,"MSFT outlook is excited, according to many investors.",252.34772443328157
2023-01-18,GOOGL,Market sentiment towards GOOGL looks bearish these days.,90.21111369277384
2023-03-01,MSFT,"I'm worried on MSFT, price action has been interesting.",254.32432759160727
2023-03-28,GOOGL,Analysts believe GOOGL could stabilize after recent news.,89.75989832306075
2023-01-31,TSLA,Market sentiment towards TSLA looks bullish these days.,111.25909926874225
2023-03-14,TSLA,Analysts believe TSLA could dip after recent news.,112.5579038235086
2023-03-14,TSLA,Analysts believe TSLA could breakout after recent news.,107.34009767559544
2023-02-20,TSLA,Analysts believe TSLA could breakout after recent news.,115.24796470827592
2023-01-26,TSLA,Market sentiment towards TSLA looks worried these days.,112.5579038235086
2023-02-22,AAPL,"Lots of chatter on AAPL today, could this mean fall?",107.452609474386
2023-03-21,AAPL,"AAPL outlook is excited, according to many investors.",112.50905292656483
2023-01-27,TSLA,"TSLA outlook is excited, according to many investors.",116.2845051448232
2023-01-12,AAPL,"Lots of chatter on AAPL today, could this mean breakout?",118.71118624893776
2023-02-14,AAPL,"Lots of chatter on AAPL today, could this mean rise?",119.74445509167056
2023-01-05,MSFT,"MSFT stock is drawing attention, traders are bullish.",251.91478909246692
2023-03-10,MSFT,"Lots of chatter on MSFT today, could this mean dip?",238.6207084882862
2023-01-06,MSFT,"Investors are talking a lot about MSFT, big moves expected soon!",256.36604823097264
2023-01-27,GOOGL,"I'm worried on GOOGL, price action has been interesting.",103.9596736554112
2023-02-21,MSFT,Market sentiment towards MSFT looks bullish these days.,256.037607609795
2023-01-31,GOOGL,Analysts believe GOOGL could rise after recent news.,87.56346828310043
2023-03-22,TSLA,The way TSLA has been performing makes me feel neutral.,119.1874876554298
2023-03-02,MSFT,The way MSFT has been performing makes me feel neutral.,250.1534581332311
2023-02-16,MSFT,Market sentiment towards MSFT looks neutral these days.,255.79604932771065
2023-02-28,GOOGL,"I'm bearish on GOOGL, price action has been interesting.",86.01952659374552
2023-01-12,GOOGL,"GOOGL outlook is bullish, according to many investors.",105.11149271932508
2023-01-10,GOOGL,Market sentiment towards GOOGL looks worried these days.,96.66495044526977
2023-01-26,MSFT,"I'm bearish on MSFT, price action has been interesting.",254.8222399169049
2023-02-13,TSLA,"Lots of chatter on TSLA today, could this mean rise?",114.37058262128392
2023-02-17,TSLA,The way TSLA has been performing makes me feel bearish.,114.37058262128392
2023-03-21,AAPL,Analysts believe AAPL could breakout after recent news.,122.04644224651518
2023-03-27,TSLA,"TSLA outlook is excited, according to many investors.",114.73134936166689
2023-02-13,AMZN,Market sentiment towards AMZN looks worried these days.,100.86978418940626
2023-03-15,MSFT,The way MSFT has been performing makes me feel excited.,253.93499282328747
2023-02-14,TSLA,"TSLA stock is drawing attention, traders are excited.",108.4269243404117
2023-03-23,GOOGL,"I'm bearish on GOOGL, price action has been interesting.",92.60610790975478
2023-01-13,MSFT,Analysts believe MSFT could breakout after recent news.,254.32432759160727
2023-01-03,TSLA,"Lots of chatter on TSLA today, could this mean stabilize?",106.62247105921196
2023-03-24,AMZN,The way AMZN has been performing makes me feel neutral.,93.1969107503963
2023-01-24,AMZN,"AMZN outlook is worried, according to many investors.",94.57938143046862
2023-01-23,AMZN,"AMZN stock is drawing attention, traders are bullish.",94.0224726042693
2023-01-23,AMZN,"AMZN stock is drawing attention, traders are bullish.",87.31005948872884
2023-03-06,TSLA,"TSLA outlook is excited, according to many investors.",116.2845051448232
2023-02-23,GOOGL,"Lots of chatter on GOOGL today, could this mean stabilize?",86.89961556713949
2023-02-13,MSFT,Market sentiment towards MSFT looks bullish these days.,238.97799071361024
2023-01-02,GOOGL,Analysts believe GOOGL could fall after recent news.,98.31578314324582
2023-01-16,MSFT,Market sentiment towards MSFT looks excited these days.,254.8222399169049
2023-01-05,MSFT,Analysts believe MSFT could breakout after recent news.,250.9171170147616
2023-02-06,AAPL,"Investors are talking a lot about AAPL, big moves expected soon!",133.76029139502614
2023-03-10,AMZN,"AMZN outlook is neutral, according to many investors.",91.53580168052092
2023-01-17,TSLA,"TSLA stock is drawing attention, traders are bearish.",107.2196372557134
2023-03-31,TSLA,"TSLA stock is drawing attention, traders are bearish.",111.25909926874225
2023-03-07,AAPL,"Investors are talking a lot about AAPL, big moves expected soon!",122.9133625161458
2023-03-15,AMZN,The way AMZN has been performing makes me feel bullish.,99.15285597194504
2023-01-03,GOOGL,"GOOGL outlook is bearish, according to many investors.",88.5494701524181
2023-02-02,MSFT,"Investors are talking a lot about MSFT, big moves expected soon!",256.9250075615008
2023-01-05,AAPL,"AAPL outlook is neutral, according to many investors.",137.1029273412097
2023-01-26,TSLA,"Lots of chatter on TSLA today, could this mean stabilize?",116.84545196412247
2023-02-06,AMZN,"AMZN stock is drawing attention, traders are bearish.",89.29757967336829
2023-02-24,AMZN,"AMZN stock is drawing attention, traders are excited.",92.03902588070363
2023-03-10,AAPL,Market sentiment towards AAPL looks excited these days.,134.59002974325085
2023-03-01,GOOGL,"GOOGL outlook is worried, according to many investors.",88.99064207912718
2023-01-17,MSFT,"Investors are talking a lot about MSFT, big moves expected soon!",255.79604932771065
2023-02-07,TSLA,"TSLA stock is drawing attention, traders are neutral.",116.27312227613815
2023-03-16,AAPL,The way AAPL has been performing makes me feel excited.,110.111771602523
2023-03-09,TSLA,Analysts believe TSLA could stabilize after recent news.,112.61449191231668
2023-01-23,MSFT,"Investors are talking a lot about MSFT, big moves expected soon!",255.85989399460053
2023-01-03,TSLA,"TSLA stock is drawing attention, traders are worried.",117.44346666505422
2023-03-24,AAPL,Market sentiment towards AAPL looks neutral these days.,107.33061285234297
2023-03-16,MSFT,"I'm neutral on MSFT, price action has been interesting.",250.81557924919667
2023-02-10,AMZN,Analysts believe AMZN could fall after recent news.,91.38099100541976
2023-02-22,MSFT,The way MSFT has been performing makes me feel bullish.,253.93499282328747
2023-02-08,AMZN,Analysts believe AMZN could fall after recent news.,95.13276302912864
2023-02-03,GOOGL,"Investors are talking a lot about GOOGL, big moves expected soon!",86.39351060045915
2023-01-13,MSFT,"Investors are talking a lot about MSFT, big moves expected soon!",238.97799071361024
2023-03-24,GOOGL,"Lots of chatter on GOOGL today, could this mean stabilize?",103.98747284720118
2023-02-28,AAPL,Analysts believe AAPL could rise after recent news.,125.62780247919687
2023-02-24,AAPL,"Investors are talking a lot about AAPL, big moves expected soon!",110.29145320597452
2023-02-28,MSFT,Analysts believe MSFT could rise after recent news.,251.24849642836065
2023-03-07,TSLA,"I'm bullish on TSLA, price action has been interesting.",115.26617096790577
2023-02-21,MSFT,"MSFT stock is drawing attention, traders are bearish.",252.826821580197
2023-01-31,TSLA,"I'm bearish on TSLA, price action has been interesting.",112.5579038235086
2023-03-21,AMZN,"I'm worried on AMZN, price action has been interesting.",94.0224726042693
2023-02-07,AMZN,"Lots of chatter on AMZN today, could this mean fall?",102.99140554903606
2023-02-27,AMZN,"Investors are talking a lot about AMZN, big moves expected soon!",91.53580168052092
2023-02-16,TSLA,Analysts believe TSLA could rise after recent news.,115.2987976598603
2023-02-14,GOOGL,"I'm neutral on GOOGL, price action has been interesting.",103.9596736554112
2023-01-17,AAPL,Analysts believe AAPL could dip after recent news.,138.96122223397512
2023-02-24,AAPL,Market sentiment towards AAPL looks neutral these days.,121.21232939349684
2023-01-13,MSFT,"MSFT stock is drawing attention, traders are neutral.",252.2763125126309
2023-03-08,TSLA,"Lots of chatter on TSLA today, could this mean stabilize?",115.15479892754824
2023-01-27,MSFT,The way MSFT has been performing makes me feel bullish.,241.70844629714003
2023-02-23,TSLA,"Investors are talking a lot about TSLA, big moves expected soon!",112.61449191231668
2023-03-24,TSLA,Analysts believe TSLA could stabilize after recent news.,112.41553111626052
2023-03-31,AMZN,The way AMZN has been performing makes me feel worried.,104.77329839040188
2023-03-13,AAPL,Analysts believe AAPL could stabilize after recent news.,112.1153304548266
2023-02-20,AAPL,"AAPL stock is drawing attention, traders are neutral.",138.8150509186731
2023-02-02,TSLA,Analysts believe TSLA could fall after recent news.,112.03579327914883
2023-02-07,TSLA,The way TSLA has been performing makes me feel worried.,113.05383568799172
2023-01-03,AMZN,"Investors are talking a lot about AMZN, big moves expected soon!",94.57938143046862
2023-02-13,TSLA,"TSLA outlook is bearish, according to many investors.",112.3638206700515
2023-03-21,TSLA,Market sentiment towards TSLA looks bullish these days.,117.2064150051684
2023-02-09,TSLA,Analysts believe TSLA could fall after recent news.,112.3638206700515
2023-01-20,MSFT,"MSFT stock is drawing attention, traders are worried.",250.0364394129566
2023-01-17,AAPL,"AAPL stock is drawing attention, traders are excited.",130.3104557300001
2023-02-08,AMZN,"AMZN stock is drawing attention, traders are excited.",91.27015849190768
2023-02-02,TSLA,Analysts believe TSLA could breakout after recent news.,110.74399848729672
2023-01-30,AMZN,"I'm bullish on AMZN, price action has been interesting.",89.52899291686128
2023-01-13,TSLA,The way TSLA has been performing makes me feel worried.,112.41553111626052
2023-01-25,AMZN,"AMZN outlook is bullish, according to many investors.",95.13276302912864
2023-01-19,AAPL,Market sentiment towards AAPL looks neutral these days.,117.50777302447896
2023-02-16,TSLA,"I'm bearish on TSLA, price action has been interesting.",113.86768673542504
2023-03-22,TSLA,"Investors are talking a lot about TSLA, big moves expected soon!",115.81012322074378
2023-01-31,MSFT,The way MSFT has been performing makes me feel excited.,252.23778094824587
2023-02-20,AAPL,"AAPL outlook is bearish, according to many investors.",134.1217558293525
2023-03-03,GOOGL,Analysts believe GOOGL could stabilize after recent news.,86.384738769212
2023-02-20,MSFT,"MSFT stock is drawing attention, traders are bullish.",250.5556902998358
2023-01-31,GOOGL,Market sentiment towards GOOGL looks worried these days.,88.61815752840099
2023-03-27,AMZN,"AMZN stock is drawing attention, traders are bullish.",89.07407304765302
2023-03-20,AAPL,"Investors are talking a lot about AAPL, big moves expected soon!",129.1858806715181
2023-02-15,AAPL,Analysts believe AAPL could rise after recent news.,113.49521869298056
2023-03-03,AAPL,"AAPL stock is drawing attention, traders are neutral.",107.33061285234297
2023-02-20,MSFT,"MSFT outlook is bullish, according to many investors.",255.3793571324257
2023-01-27,AMZN,Market sentiment towards AMZN looks excited these days.,104.77329839040188
2023-01-25,MSFT,The way MSFT has been performing makes me feel bearish.,250.7110413556572
2023-02-22,GOOGL,Analysts believe GOOGL could rise after recent news.,92.84076267637236
2023-02-01,AMZN,Market sentiment towards AMZN looks excited these days.,96.7871295272007
2023-01-23,AMZN,Analysts believe AMZN could fall after recent news.,90.55289027819296
2023-03-23,GOOGL,Market sentiment towards GOOGL looks bullish these days.,98.02708834472024
2023-01-30,AAPL,"AAPL stock is drawing attention, traders are neutral.",118.69104280038302
2023-01-17,GOOGL,"Lots of chatter on GOOGL today, could this mean fall?",102.59576771282129
2023-01-23,TSLA,"TSLA outlook is bearish, according to many investors.",113.05383568799172
2023-01-19,AAPL,Analysts believe AAPL could fall after recent news.,137.2801814603673
2023-03-27,AAPL,Analysts believe AAPL could dip after recent news.,123.14805754232684
2023-03-06,MSFT,"MSFT outlook is excited, according to many investors.",241.1440931999608
2023-02-14,AAPL,Analysts believe AAPL could rise after recent news.,109.26212047440468
2023-01-20,MSFT,The way MSFT has been performing makes me feel bearish.,249.41390927844947
2023-03-02,AAPL,"Lots of chatter on AAPL today, could this mean rise?",113.98598608655568
2023-01-24,MSFT,"MSFT stock is drawing attention, traders are bullish.",239.3103700989465
2023-02-27,AAPL,"AAPL stock is drawing attention, traders are bearish.",114.3287226489356
2023-03-16,AMZN,"AMZN outlook is excited, according to many investors.",92.91152312861108
2023-03-02,AMZN,Market sentiment towards AMZN looks bullish these days.,89.07407304765302
2023-01-06,MSFT,Market sentiment towards MSFT looks bullish these days.,239.65077902270352
2023-02-07,TSLA,Market sentiment towards TSLA looks bearish these days.,109.26821498594242
2023-03-01,TSLA,The way TSLA has been performing makes me feel worried.,107.27266500661185
2023-02-13,AAPL,The way AAPL has been performing makes me feel excited.,111.4414380315412
2023-01-24,AMZN,Market sentiment towards AMZN looks bearish these days.,95.13276302912864
2023-03-16,TSLA,The way TSLA has been performing makes me feel bearish.,111.25909926874225
2023-03-28,AMZN,"AMZN stock is drawing attention, traders are neutral.",90.969526103566
2023-02-14,TSLA,"Investors are talking a lot about TSLA, big moves expected soon!",115.15479892754824
2023-02-24,TSLA,"Lots of chatter on TSLA today, could this mean stabilize?",115.81012322074378
2023-01-18,MSFT,"Investors are talking a lot about MSFT, big moves expected soon!",249.71601303957576
2023-02-17,AMZN,Market sentiment towards AMZN looks bullish these days.,99.46017888956618
2023-01-06,AMZN,"AMZN outlook is bullish, according to many investors.",89.09791095488092
2023-02-09,AMZN,"AMZN outlook is bullish, according to many investors.",92.1193968628654
2023-02-03,GOOGL,The way GOOGL has been performing makes me feel bullish.,86.89961556713949
2023-01-31,AAPL,Analysts believe AAPL could stabilize after recent news.,114.09742608415914
2023-03-03,GOOGL,Market sentiment towards GOOGL looks worried these days.,103.92117866845123
2023-01-02,GOOGL,"I'm bullish on GOOGL, price action has been interesting.",86.39351060045915
2023-03-02,AAPL,"AAPL stock is drawing attention, traders are bearish.",130.3104557300001
2023-02-23,GOOGL,Analysts believe GOOGL could rise after recent news.,86.16647590995666
2023-03-16,TSLA,"I'm excited on TSLA, price action has been interesting.",115.2987976598603
2023-02-09,TSLA,"TSLA outlook is excited, according to many investors.",115.08278432873662
2023-03-16,GOOGL,"GOOGL stock is drawing attention, traders are bearish.",105.64779114122965
2023-01-23,MSFT,"Investors are talking a lot about MSFT, big moves expected soon!",254.5032139891401
2023-01-27,GOOGL,Market sentiment towards GOOGL looks worried these days.,89.64912995730377
2023-03-06,MSFT,"MSFT stock is drawing attention, traders are bearish.",241.1440931999608
2023-03-31,TSLA,Market sentiment towards TSLA looks worried these days.,113.63097750248954
2023-03-22,MSFT,The way MSFT has been performing makes me feel bearish.,254.97225513830807
2023-03-15,AAPL,"AAPL outlook is neutral, according to many investors.",120.49585112836192
2023-01-02,AMZN,"AMZN stock is drawing attention, traders are bullish.",98.96940265756044
2023-02-09,TSLA,Analysts believe TSLA could breakout after recent news.,116.84545196412247
2023-01-11,GOOGL,The way GOOGL has been performing makes me feel bearish.,91.45167777496049
2023-02-09,TSLA,"Investors are talking a lot about TSLA, big moves expected soon!",107.27266500661185
2023-03-13,AAPL,The way AAPL has been performing makes me feel neutral.,137.8761021468032
2023-02-15,TSLA,"TSLA stock is drawing attention, traders are bullish.",115.44975062951112
2023-01-04,MSFT,"Lots of chatter on MSFT today, could this mean breakout?",255.3793571324257
2023-03-24,AAPL,Analysts believe AAPL could breakout after recent news.,138.8150509186731
2023-02-17,MSFT,"Lots of chatter on MSFT today, could this mean dip?",250.59121616293012
2023-01-27,AMZN,"AMZN outlook is bearish, according to many investors.",95.66659292425828
2023-02-23,MSFT,"Lots of chatter on MSFT today, could this mean stabilize?",252.826821580197
2023-01-05,GOOGL,The way GOOGL has been performing makes me feel worried.,87.99793268801773
2023-01-26,GOOGL,"GOOGL outlook is neutral, according to many investors.",89.75989832306075
2023-03-03,AAPL,The way AAPL has been performing makes me feel worried.,111.4414380315412
2023-03-01,TSLA,"I'm bearish on TSLA, price action has been interesting.",116.07381954596286
2023-01-18,AMZN,Analysts believe AMZN could breakout after recent news.,91.09136003888008
2023-01-18,AAPL,"Investors are talking a lot about AAPL, big moves expected soon!",113.98598608655568
2023-03-24,MSFT,Analysts believe MSFT could rise after recent news.,254.32432759160727
2023-03-21,TSLA,The way TSLA has been performing makes me feel bullish.,109.26821498594242
2023-03-14,MSFT,"MSFT outlook is bearish, according to many investors.",254.9057199189457
2023-03-15,AAPL,Analysts believe AAPL could breakout after recent news.,125.62780247919687
2023-03-01,MSFT,"MSFT outlook is bullish, according to many investors.",254.8222399169049
2023-02-28,TSLA,"I'm bearish on TSLA, price action has been interesting.",115.15479892754824
2023-02-06,GOOGL,"GOOGL stock is drawing attention, traders are bullish.",92.60610790975478
2023-02-01,MSFT,"MSFT stock is drawing attention, traders are excited.",250.4815684727234
2023-03-01,MSFT,The way MSFT has been performing makes me feel bullish.,256.3875940695456
2023-02-08,GOOGL,"GOOGL stock is drawing attention, traders are bearish.",95.30714445261762
2023-01-12,GOOGL,Market sentiment towards GOOGL looks excited these days.,102.59576771282129
2023-01-27,TSLA,The way TSLA has been performing makes me feel neutral.,114.45826765072462
2023-03-20,AMZN,"Investors are talking a lot about AMZN, big moves expected soon!",89.29757967336829
2023-02-23,GOOGL,Analysts believe GOOGL could dip after recent news.,91.05294543696355
2023-03-13,GOOGL,"GOOGL stock is drawing attention, traders are bullish.",103.47505135285812
2023-01-17,TSLA,"I'm excited on TSLA, price action has been interesting.",115.08278432873662
2023-03-17,TSLA,The way TSLA has been performing makes me feel excited.,116.84545196412247
2023-01-16,AMZN,"AMZN outlook is bearish, according to many investors.",92.03902588070363
2023-02-06,AAPL,Market sentiment towards AAPL looks bearish these days.,109.26212047440468
2023-02-28,GOOGL,The way GOOGL has been performing makes me feel bearish.,102.55376002955576
2023-02-07,GOOGL,"Investors are talking a lot about GOOGL, big moves expected soon!",87.59981329687079
2023-01-16,GOOGL,"Investors are talking a lot about GOOGL, big moves expected soon!",88.77606573440579
2023-02-22,GOOGL,"I'm bullish on GOOGL, price action has been interesting.",88.63862365044015
2023-03-01,TSLA,"TSLA stock is drawing attention, traders are worried.",113.86768673542504
2023-01-26,TSLA,Market sentiment towards TSLA looks worried these days.,108.4269243404117
2023-03-30,MSFT,The way MSFT has been performing makes me feel bullish.,239.65077902270352
2023-01-09,AMZN,"AMZN outlook is neutral, according to many investors.",100.86978418940626
2023-03-06,AAPL,"Investors are talking a lot about AAPL, big moves expected soon!",118.2733156103735
2023-02-28,MSFT,The way MSFT has been performing makes me feel bullish.,254.99352785022364
2023-03-31,AAPL,"AAPL outlook is worried, according to many investors.",114.77170255262348
2023-03-23,GOOGL,The way GOOGL has been performing makes me feel bearish.,89.82595353728257
2023-03-14,AMZN,Market sentiment towards AMZN looks excited these days.,92.1193968628654
2023-03-07,AMZN,"AMZN stock is drawing attention, traders are bearish.",92.14327842542612
2023-01-10,TSLA,The way TSLA has been performing makes me feel excited.,116.84545196412247
2023-01-16,TSLA,"Lots of chatter on TSLA today, could this mean breakout?",114.05624946250992
2023-03-27,AMZN,"AMZN stock is drawing attention, traders are bearish.",99.15285597194504
2023-02-03,TSLA,The way TSLA has been performing makes me feel worried.,116.84545196412247
2023-01-17,AMZN,"Investors are talking a lot about AMZN, big moves expected soon!",93.89707748083532
2023-02-06,GOOGL,"Investors are talking a lot about GOOGL, big moves expected soon!",98.02708834472024
2023-01-17,AAPL,"Investors are talking a lot about AAPL, big moves expected soon!",125.97266494499742
2023-03-01,TSLA,"Lots of chatter on TSLA today, could this mean stabilize?",105.8143693455829
2023-03-13,MSFT,"MSFT stock is drawing attention, traders are neutral.",251.55173693368533
2023-02-21,MSFT,The way MSFT has been performing makes me feel bearish.,258.7280582354071
2023-03-06,AAPL,"AAPL outlook is bullish, according to many investors.",113.49521869298056
2023-03-15,AMZN,Analysts believe AMZN could dip after recent news.,89.29757967336829
2023-01-18,GOOGL,"GOOGL outlook is bearish, according to many investors.",89.93258335656962
2023-03-16,GOOGL,"GOOGL stock is drawing attention, traders are neutral.",87.59981329687079
2023-03-21,MSFT,"MSFT outlook is excited, according to many investors.",247.8969090457618
2023-01-05,AMZN,Market sentiment towards AMZN looks neutral these days.,87.73786151172393
2023-03-09,MSFT,Analysts believe MSFT could dip after recent news.,251.91478909246692
2023-01-10,GOOGL,"GOOGL stock is drawing attention, traders are bullish.",89.64912995730377
2023-01-16,AMZN,"Investors are talking a lot about AMZN, big moves expected soon!",88.20236890604593
2023-03-16,AMZN,"Lots of chatter on AMZN today, could this mean dip?",87.9040288351952
2023-03-03,GOOGL,Analysts believe GOOGL could breakout after recent news.,88.41417458413825
2023-02-01,AMZN,"Lots of chatter on AMZN today, could this mean rise?",89.91119166002758
2023-02-08,GOOGL,"Investors are talking a lot about GOOGL, big moves expected soon!",86.29183002409107
2023-03-21,MSFT,Analysts believe MSFT could fall after recent news.,241.70844629714003
2023-02-06,AAPL,"Lots of chatter on AAPL today, could this mean breakout?",125.97266494499742
2023-02-03,AAPL,"Investors are talking a lot about AAPL, big moves expected soon!",126.07935508016996
2023-03-16,TSLA,"I'm bearish on TSLA, price action has been interesting.",109.26821498594242
2023-02-09,AMZN,"AMZN stock is drawing attention, traders are bearish.",89.07407304765302
2023-02-20,TSLA,Analysts believe TSLA could breakout after recent news.,113.63097750248954
2023-01-19,GOOGL,Market sentiment towards GOOGL looks excited these days.,89.16355432644994
2023-02-17,AAPL,"I'm bullish on AAPL, price action has been interesting.",109.49034777729648
2023-02-10,AAPL,The way AAPL has been performing makes me feel neutral.,119.29457374852431
2023-01-24,TSLA,"TSLA stock is drawing attention, traders are excited.",114.37058262128392
2023-02-10,MSFT,The way MSFT has been performing makes me feel bearish.,250.1534581332311
2023-03-03,AAPL,"AAPL outlook is bearish, according to many investors.",110.97868978511146
2023-03-13,MSFT,"I'm neutral on MSFT, price action has been interesting.",257.4091621014592
2023-03-07,AMZN,"AMZN outlook is neutral, according to many investors.",91.38099100541976
2023-03-15,AAPL,"Investors are talking a lot about AAPL, big moves expected soon!",109.26212047440468
2023-03-30,AMZN,"I'm bearish on AMZN, price action has been interesting.",92.1193968628654
2023-02-22,AAPL,The way AAPL has been performing makes me feel excited.,118.69104280038302
2023-03-30,AAPL,"AAPL stock is drawing attention, traders are excited.",130.99342830602245
2023-01-10,TSLA,Market sentiment towards TSLA looks bullish these days.,105.8143693455829
2023-01-31,AAPL,The way AAPL has been performing makes me feel excited.,107.33061285234297
2023-02-27,TSLA,The way TSLA has been performing makes me feel bullish.,112.56845981398098
2023-01-13,AMZN,"I'm neutral on AMZN, price action has been interesting.",93.89707748083532
2023-03-21,MSFT,"MSFT outlook is worried, according to many investors.",239.0029198870554
2023-01-10,AMZN,The way AMZN has been performing makes me feel excited.,89.91119166002758
2023-03-10,MSFT,The way MSFT has been performing makes me feel bearish.,253.93499282328747
2023-03-14,GOOGL,"GOOGL stock is drawing attention, traders are bearish.",87.56346828310043
2023-02-15,MSFT,"Investors are talking a lot about MSFT, big moves expected soon!",251.91478909246692
2023-01-02,GOOGL,"Investors are talking a lot about GOOGL, big moves expected soon!",88.41417458413825
2023-03-15,AMZN,"AMZN outlook is bearish, according to many investors.",94.05128089966354
2023-03-24,TSLA,The way TSLA has been performing makes me feel bearish.,111.88185997100378
2023-02-16,GOOGL,Analysts believe GOOGL could rise after recent news.,92.64791109768308
2023-01-05,MSFT,"MSFT stock is drawing attention, traders are worried.",250.4815684727234
2023-01-24,AAPL,Analysts believe AAPL could fall after recent news.,137.1029273412097
2023-01-05,TSLA,"Lots of chatter on TSLA today, could this mean breakout?",112.56845981398098
2023-03-01,AMZN,"Investors are talking a lot about AMZN, big moves expected soon!",93.89707748083532
2023-01-05,TSLA,"I'm bearish on TSLA, price action has been interesting.",112.03579327914883
2023-01-02,GOOGL,The way GOOGL has been performing makes me feel bearish.,88.41417458413825
2023-03-10,TSLA,"Lots of chatter on TSLA today, could this mean fall?",112.56813073679352
2023-03-27,AAPL,Market sentiment towards AAPL looks bullish these days.,109.09848629545628
2023-02-17,AAPL,Market sentiment towards AAPL looks neutral these days.,138.8150509186731
2023-01-11,AAPL,Market sentiment towards AAPL looks bullish these days.,137.8761021468032
2023-02-02,TSLA,"Investors are talking a lot about TSLA, big moves expected soon!",117.02897351719348
2023-02-20,MSFT,The way MSFT has been performing makes me feel bullish.,254.5032139891401
2023-03-10,MSFT,Analysts believe MSFT could dip after recent news.,254.9057199189457
2023-03-01,GOOGL,"I'm bullish on GOOGL, price action has been interesting.",88.61815752840099
2023-02-07,MSFT,"MSFT outlook is neutral, according to many investors.",250.1534581332311
2023-02-14,GOOGL,"I'm bullish on GOOGL, price action has been interesting.",92.60610790975478
2023-01-25,MSFT,"Lots of chatter on MSFT today, could this mean breakout?",250.59121616293012
2023-02-08,AMZN,"I'm excited on AMZN, price action has been interesting.",92.91152312861108
2023-02-09,GOOGL,The way GOOGL has been performing makes me feel worried.,89.82595353728257
2023-01-23,AMZN,Market sentiment towards AMZN looks bearish these days.,91.53580168052092
2023-03-07,MSFT,The way MSFT has been performing makes me feel neutral.,251.33964010816825
2023-03-23,AAPL,Market sentiment towards AAPL looks neutral these days.,110.111771602523
2023-02-13,AMZN,"I'm bullish on AMZN, price action has been interesting.",100.86978418940626
2023-01-05,GOOGL,Analysts believe GOOGL could rise after recent news.,103.9596736554112
2023-02-21,MSFT,"MSFT stock is drawing attention, traders are worried.",241.1440931999608
2023-01-24,AMZN,"Lots of chatter on AMZN today, could this mean dip?",99.15285597194504
2023-02-23,GOOGL,The way GOOGL has been performing makes me feel bearish.,88.41417458413825
2023-03-08,MSFT,"I'm bearish on MSFT, price action has been interesting.",239.65077902270352
2023-03-06,GOOGL,The way GOOGL has been performing makes me feel excited.,98.14613905684384
2023-03-08,AMZN,The way AMZN has been performing makes me feel excited.,89.09791095488092
2023-02-23,GOOGL,"GOOGL outlook is bearish, according to many investors.",92.64791109768308
2023-01-05,TSLA,"I'm excited on TSLA, price action has been interesting.",105.8143693455829
2023-02-10,MSFT,"Lots of chatter on MSFT today, could this mean stabilize?",252.2763125126309
2023-02-10,AMZN,Market sentiment towards AMZN looks worried these days.,89.65641888629835
2023-01-31,AMZN,"AMZN stock is drawing attention, traders are bullish.",89.01952805283034
2023-01-17,GOOGL,"GOOGL outlook is bullish, according to many investors.",92.60610790975478
2023-02-20,MSFT,"MSFT outlook is bullish, according to many investors.",256.3875940695456
2023-01-25,AMZN,"AMZN stock is drawing attention, traders are worried.",89.09791095488092
2023-03-15,GOOGL,Analysts believe GOOGL could dip after recent news.,86.16647590995666
2023-01-02,GOOGL,Analysts believe GOOGL could stabilize after recent news.,98.14613905684384
2023-03-22,TSLA,"TSLA stock is drawing attention, traders are neutral.",116.43656434179384
2023-01-09,GOOGL,"Lots of chatter on GOOGL today, could this mean stabilize?",86.16647590995666
2023-03-02,AAPL,"Investors are talking a lot about AAPL, big moves expected soon!",109.49034777729648
2023-02-02,GOOGL,"GOOGL stock is drawing attention, traders are excited.",86.49507571519749
2023-01-26,MSFT,Analysts believe MSFT could fall after recent news.,251.55173693368533
2023-01-25,TSLA,"TSLA outlook is worried, according to many investors.",116.07381954596286
2023-02-10,AMZN,"Lots of chatter on AMZN today, could this mean breakout?",88.7885138526433
2023-02-28,AAPL,"I'm bullish on AAPL, price action has been interesting.",107.89910165451091
2023-02-15,TSLA,"Investors are talking a lot about TSLA, big moves expected soon!",116.07381954596286
2023-01-17,MSFT,The way MSFT has been performing makes me feel excited.,239.65077902270352
2023-02-07,TSLA,"Lots of chatter on TSLA today, could this mean fall?",112.56845981398098
2023-02-23,GOOGL,Market sentiment towards GOOGL looks bullish these days.,103.92117866845123
2023-01-12,GOOGL,"I'm neutral on GOOGL, price action has been interesting.",91.42717056681614
2023-01-30,MSFT,"I'm worried on MSFT, price action has been interesting.",250.81557924919667
2023-02-09,TSLA,"I'm worried on TSLA, price action has been interesting.",115.08278432873662
2023-02-15,MSFT,"I'm neutral on MSFT, price action has been interesting.",251.24849642836065
2023-03-28,AMZN,The way AMZN has been performing makes me feel bearish.,100.05001650489336
2023-01-20,TSLA,"I'm bullish on TSLA, price action has been interesting.",115.44975062951112
2023-01-03,TSLA,Market sentiment towards TSLA looks excited these days.,111.88185997100378
2023-03-14,MSFT,Market sentiment towards MSFT looks bullish these days.,241.1440931999608
2023-03-02,MSFT,"Investors are talking a lot about MSFT, big moves expected soon!",251.33964010816825
2023-03-16,TSLA,"Lots of chatter on TSLA today, could this mean breakout?",115.24796470827592
2023-01-25,TSLA,Market sentiment towards TSLA looks bearish these days.,116.27312227613815
2023-01-04,MSFT,"Investors are talking a lot about MSFT, big moves expected soon!",252.826821580197
2023-01-10,TSLA,"I'm worried on TSLA, price action has been interesting.",112.56845981398098
2023-03-01,AMZN,Market sentiment towards AMZN looks excited these days.,105.88256082750448
2023-02-22,AMZN,"AMZN stock is drawing attention, traders are neutral.",89.07407304765302
2023-02-21,GOOGL,"Investors are talking a lot about GOOGL, big moves expected soon!",86.49507571519749
2023-03-22,AMZN,Analysts believe AMZN could dip after recent news.,92.14327842542612
2023-02-15,AAPL,"Investors are talking a lot about AAPL, big moves expected soon!",130.3104557300001
2023-03-23,TSLA,The way TSLA has been performing makes me feel worried.,112.3638206700515
2023-01-16,AAPL,Market sentiment towards AAPL looks bearish these days.,125.97266494499742
2023-01-31,AMZN,"I'm bearish on AMZN, price action has been interesting.",92.03902588070363
2023-03-02,GOOGL,"I'm worried on GOOGL, price action has been interesting.",103.47505135285812
2023-01-09,MSFT,"MSFT outlook is bullish, according to many investors.",255.3793571324257
2023-02-28,MSFT,"I'm neutral on MSFT, price action has been interesting.",252.2763125126309
2023-02-03,GOOGL,"GOOGL stock is drawing attention, traders are bullish.",103.47505135285812
2023-03-21,AMZN,"I'm bullish on AMZN, price action has been interesting.",102.0264607185497
2023-03-17,TSLA,"I'm neutral on TSLA, price action has been interesting.",112.61449191231668
2023-01-23,MSFT,"I'm worried on MSFT, price action has been interesting.",250.59121616293012
2023-01-19,TSLA,Market sentiment towards TSLA looks neutral these days.,115.2769394274327
2023-02-23,AAPL,Analysts believe AAPL could fall after recent news.,125.97266494499742
2023-02-08,AAPL,The way AAPL has been performing makes me feel bullish.,119.29457374852431
2023-03-13,GOOGL,"GOOGL outlook is neutral, according to many investors.",99.9428024152471
2023-03-09,GOOGL,"GOOGL stock is drawing attention, traders are excited.",103.3391401422243
2023-01-12,GOOGL,"Investors are talking a lot about GOOGL, big moves expected soon!",88.77606573440579
2023-03-22,GOOGL,"I'm bullish on GOOGL, price action has been interesting.",90.21111369277384
2023-03-03,TSLA,"Lots of chatter on TSLA today, could this mean dip?",110.39484286163304
2023-01-31,AMZN,Analysts believe AMZN could fall after recent news.,95.66659292425828
2023-02-14,TSLA,The way TSLA has been performing makes me feel excited.,107.2196372557134
2023-02-28,AMZN,Market sentiment towards AMZN looks excited these days.,92.1193968628654
2023-03-15,TSLA,Market sentiment towards TSLA looks bearish these days.,114.80657640380984
2023-03-23,TSLA,Market sentiment towards TSLA looks worried these days.,112.41553111626052
2023-02-23,AMZN,Analysts believe AMZN could rise after recent news.,99.72020146527116
2023-01-20,GOOGL,"Lots of chatter on GOOGL today, could this mean fall?",89.21135449552935
2023-02-09,AAPL,"AAPL stock is drawing attention, traders are bullish.",120.71500291031556
2023-01-04,AAPL,"AAPL stock is drawing attention, traders are bullish.",105.5066884063496
2023-01-13,GOOGL,"GOOGL outlook is worried, according to many investors.",92.71093545880773
2023-02-09,AMZN,"AMZN stock is drawing attention, traders are worried.",98.96940265756044
2023-02-17,GOOGL,"GOOGL stock is drawing attention, traders are excited.",89.16355432644994
2023-01-09,TSLA,The way TSLA has been performing makes me feel bullish.,105.8143693455829
2023-01-17,MSFT,"I'm bearish on MSFT, price action has been interesting.",243.2516973040306
2023-02-22,AMZN,"Investors are talking a lot about AMZN, big moves expected soon!",102.54447997838436
2023-01-26,GOOGL,"GOOGL outlook is bearish, according to many investors.",94.90275914774982
2023-01-11,AAPL,Analysts believe AAPL could fall after recent news.,137.58685188434174
2023-01-11,MSFT,"Lots of chatter on MSFT today, could this mean fall?",255.85989399460053
2023-03-07,TSLA,Analysts believe TSLA could dip after recent news.,110.74399848729672
2023-01-05,MSFT,"MSFT stock is drawing attention, traders are bullish.",250.9171170147616
2023-03-13,AAPL,"Investors are talking a lot about AAPL, big moves expected soon!",133.76029139502614
2023-03-03,TSLA,"TSLA stock is drawing attention, traders are worried.",115.08278432873662
2023-01-11,AAPL,"I'm excited on AAPL, price action has been interesting.",107.33061285234297
2023-01-23,MSFT,"Investors are talking a lot about MSFT, big moves expected soon!",254.5032139891401
2023-01-12,TSLA,"I'm excited on TSLA, price action has been interesting.",114.57552560976502
2023-03-24,GOOGL,Analysts believe GOOGL could fall after recent news.,86.67560634834425
2023-01-20,TSLA,"I'm worried on TSLA, price action has been interesting.",117.8074224945988
2023-02-27,TSLA,"TSLA stock is drawing attention, traders are excited.",109.26821498594242
2023-01-31,TSLA,"TSLA outlook is bullish, according to many investors.",110.74399848729672
2023-02-02,TSLA,"Investors are talking a lot about TSLA, big moves expected soon!",108.4269243404117
2023-03-02,TSLA,Market sentiment towards TSLA looks neutral these days.,114.00855815065005
2023-01-02,AMZN,"Investors are talking a lot about AMZN, big moves expected soon!",92.14327842542612
2023-01-13,AAPL,"Investors are talking a lot about AAPL, big moves expected soon!",134.1217558293525
2023-03-20,MSFT,"Lots of chatter on MSFT today, could this mean dip?",252.826821580197
2023-03-10,MSFT,"MSFT outlook is neutral, according to many investors.",256.037607609795
2023-01-17,MSFT,Market sentiment towards MSFT looks worried these days.,243.2516973040306
2023-03-24,GOOGL,"Investors are talking a lot about GOOGL, big moves expected soon!",92.64791109768308
2023-02-06,MSFT,"MSFT outlook is bullish, according to many investors.",252.2960828325226
2023-02-27,AAPL,Market sentiment towards AAPL looks bearish these days.,125.97266494499742
2023-02-20,AAPL,"AAPL outlook is excited, according to many investors.",110.97868978511146
2023-02-01,TSLA,"TSLA stock is drawing attention, traders are excited.",111.88185997100378
2023-03-01,AAPL,"Investors are talking a lot about AAPL, big moves expected soon!",113.49521869298056
2023-01-09,MSFT,"I'm bearish on MSFT, price action has been interesting.",252.23778094824587
2023-03-01,AMZN,"AMZN stock is drawing attention, traders are bearish.",89.81734526186513
2023-02-03,TSLA,"Investors are talking a lot about TSLA, big moves expected soon!",117.8074224945988
2023-01-25,GOOGL,"Lots of chatter on GOOGL today, could this mean dip?",95.30714445261762
2023-03-28,GOOGL,"GOOGL outlook is neutral, according to many investors.",86.79749893370014
2023-01-18,GOOGL,"GOOGL outlook is bullish, according to many investors.",90.88980558179196
2023-03-01,AMZN,The way AMZN has been performing makes me feel neutral.,92.1193968628654
2023-02-08,AAPL,Analysts believe AAPL could stabilize after recent news.,108.10077741317558
2023-01-25,GOOGL,"I'm worried on GOOGL, price action has been interesting.",91.54455366458208
2023-03-23,AAPL,"AAPL outlook is neutral, according to many investors.",130.99342830602245
2023-03-24,TSLA,Analysts believe TSLA could dip after recent news.,112.5579038235086
2023-03-29,MSFT,Market sentiment towards MSFT looks bearish these days.,251.33964010816825
2023-03-21,TSLA,"Lots of chatter on TSLA today, could this mean stabilize?",115.26617096790577
2023-03-13,GOOGL,Market sentiment towards GOOGL looks neutral these days.,87.71777194950126
2023-03-20,AAPL,"AAPL outlook is excited, according to many investors.",123.14805754232684
2023-02-07,MSFT,Analysts believe MSFT could fall after recent news.,250.822460604913
2023-02-14,MSFT,"MSFT stock is drawing attention, traders are bearish.",253.14061648859337
2023-01-12,MSFT,"MSFT outlook is worried, according to many investors.",254.99352785022364
2023-03-06,MSFT,"I'm worried on MSFT, price action has been interesting.",247.8969090457618
2023-02-06,AMZN,"AMZN outlook is excited, according to many investors.",94.0224726042693
2023-01-11,GOOGL,"I'm bullish on GOOGL, price action has been interesting.",88.99064207912718
2023-01-09,TSLA,The way TSLA has been performing makes me feel excited.,112.71248005714163
2023-02-02,AMZN,Analysts believe AMZN could fall after recent news.,101.29797167766668
2023-03-08,AMZN,"AMZN outlook is worried, according to many investors.",101.29797167766668
2023-03-03,AAPL,Analysts believe AAPL could stabilize after recent news.,113.98598608655568
2023-01-18,GOOGL,Market sentiment towards GOOGL looks bearish these days.,92.84076267637236
2023-02-03,GOOGL,Analysts believe GOOGL could fall after recent news.,86.79749893370014
2023-01-27,TSLA,"Investors are talking a lot about TSLA, big moves expected soon!",113.32871705534018
2023-03-03,MSFT,Analysts believe MSFT could rise after recent news.,255.85989399460053
2023-03-07,AAPL,"AAPL stock is drawing attention, traders are excited.",135.05833649269752
2023-03-29,TSLA,"TSLA stock is drawing attention, traders are worried.",116.2845051448232
2023-03-17,MSFT,Market sentiment towards MSFT looks bearish these days.,251.55173693368533
2023-01-26,TSLA,"Lots of chatter on TSLA today, could this mean dip?",116.2845051448232
2023-02-17,AMZN,"Investors are talking a lot about AMZN, big moves expected soon!",89.81734526186513
2023-03-15,TSLA,The way TSLA has been performing makes me feel worried.,114.80657640380984
2023-02-06,MSFT,"Investors are talking a lot about MSFT, big moves expected soon!",243.2516973040306
2023-01-19,GOOGL,"GOOGL outlook is neutral, according to many investors.",87.71777194950126
2023-03-03,GOOGL,Analysts believe GOOGL could dip after recent news.,92.84076267637236
2023-03-02,AMZN,"I'm bearish on AMZN, price action has been interesting.",99.46017888956618
2023-03-31,MSFT,The way MSFT has been performing makes me feel bearish.,256.3875940695456
2023-03-13,TSLA,"Lots of chatter on TSLA today, could this mean breakout?",113.63097571992164
2023-03-01,AMZN,"I'm bearish on AMZN, price action has been interesting.",89.52899291686128
2023-02-01,GOOGL,The way GOOGL has been performing makes me feel excited.,88.77606573440579
2023-03-20,MSFT,"Investors are talking a lot about MSFT, big moves expected soon!",254.73482510718335
2023-01-26,AMZN,"AMZN stock is drawing attention, traders are worried.",100.05001650489336
2023-03-17,AAPL,"AAPL stock is drawing attention, traders are excited.",107.20012142941276
2023-03-24,AMZN,Analysts believe AMZN could rise after recent news.,92.14327842542612
2023-03-23,MSFT,"MSFT outlook is bullish, according to many investors.",254.0987411020601
2023-02-15,AMZN,Market sentiment towards AMZN looks bearish these days.,97.46193032884544
2023-01-26,TSLA,"Investors are talking a lot about TSLA, big moves expected soon!",117.73577041637893
2023-02-08,MSFT,"I'm bullish on MSFT, price action has been interesting.",255.85989399460053
2023-03-14,GOOGL,Market sentiment towards GOOGL looks excited these days.,88.41417458413825
2023-03-09,MSFT,The way MSFT has been performing makes me feel worried.,250.7110413556572
2023-02-21,MSFT,"MSFT stock is drawing attention, traders are excited.",257.8609798488129
2023-02-06,TSLA,"TSLA outlook is bearish, according to many investors.",112.56813073679352
2023-02-24,TSLA,The way TSLA has been performing makes me feel neutral.,112.26658190056602
2023-02-22,MSFT,"Lots of chatter on MSFT today, could this mean stabilize?",254.73482510718335
2023-03-16,AMZN,Analysts believe AMZN could fall after recent news.,94.57938143046862
2023-01-31,GOOGL,"GOOGL outlook is bullish, according to many investors.",88.08394296325406
2023-01-23,GOOGL,"Investors are talking a lot about GOOGL, big moves expected soon!",98.31578314324582
2023-02-08,MSFT,"MSFT stock is drawing attention, traders are excited.",251.24849642836065
2023-02-17,GOOGL,"GOOGL stock is drawing attention, traders are neutral.",105.64779114122965
2023-03-24,TSLA,"TSLA stock is drawing attention, traders are bearish.",115.11576987004398
2023-03-03,AMZN,Analysts believe AMZN could dip after recent news.,90.969526103566
2023-03-06,AMZN,"AMZN outlook is worried, according to many investors.",87.73786151172393
2023-03-17,AMZN,"I'm neutral on AMZN, price action has been interesting.",87.73786151172393
2023-02-06,GOOGL,"Lots of chatter on GOOGL today, could this mean dip?",87.71777194950126
2023-02-03,AAPL,"AAPL stock is drawing attention, traders are bullish.",122.9133625161458
2023-03-31,AMZN,The way AMZN has been performing makes me feel bearish.,94.05128089966354
2023-01-09,GOOGL,"Investors are talking a lot about GOOGL, big moves expected soon!",107.65982590422904
2023-02-01,GOOGL,"GOOGL outlook is excited, according to many investors.",98.14613905684384
2023-03-30,MSFT,Analysts believe MSFT could stabilize after recent news.,254.32432759160727
2023-03-01,AMZN,"Lots of chatter on AMZN today, could this mean dip?",102.54447997838436
2023-02-01,TSLA,"TSLA stock is drawing attention, traders are worried.",114.80657640380984
2023-02-10,AMZN,"AMZN outlook is bearish, according to many investors.",93.89707748083532
2023-01-25,TSLA,"Investors are talking a lot about TSLA, big moves expected soon!",106.13694076891493
2023-01-30,MSFT,"Lots of chatter on MSFT today, could this mean fall?",240.67835092452796
2023-03-21,AAPL,The way AAPL has been performing makes me feel bullish.,107.20012142941276
2023-02-01,AAPL,"Lots of chatter on AAPL today, could this mean stabilize?",110.48308955585064
2023-03-03,MSFT,Market sentiment towards MSFT looks neutral these days.,255.5921656362433
2023-03-02,AAPL,Analysts believe AAPL could stabilize after recent news.,134.59002974325085
2023-03-07,MSFT,"Lots of chatter on MSFT today, could this mean breakout?",251.33964010816825
2023-02-24,TSLA,Analysts believe TSLA could rise after recent news.,107.27266500661185
2023-03-13,AAPL,Analysts believe AAPL could fall after recent news.,127.1602184308493
2023-02-28,MSFT,The way MSFT has been performing makes me feel neutral.,238.97799071361024
2023-01-10,MSFT,Market sentiment towards MSFT looks bearish these days.,255.5921656362433
2023-03-10,TSLA,"I'm worried on TSLA, price action has been interesting.",112.56813073679352
2023-03-08,MSFT,Analysts believe MSFT could fall after recent news.,239.3103700989465
2023-01-09,TSLA,"TSLA outlook is neutral, according to many investors.",114.37058262128392
2023-01-12,GOOGL,Analysts believe GOOGL could dip after recent news.,86.2810077483177
2023-03-21,AMZN,"Investors are talking a lot about AMZN, big moves expected soon!",91.09136003888008
2023-02-13,AMZN,The way AMZN has been performing makes me feel bearish.,88.40501453588696
2023-01-30,GOOGL,Market sentiment towards GOOGL looks bearish these days.,89.16355432644994
2023-02-24,TSLA,"Investors are talking a lot about TSLA, big moves expected soon!",110.39484286163304
2023-03-03,AAPL,"Investors are talking a lot about AAPL, big moves expected soon!",135.05833649269752
2023-03-09,TSLA,"TSLA stock is drawing attention, traders are neutral.",115.08278432873662
2023-01-27,TSLA,Analysts believe TSLA could stabilize after recent news.,114.45826765072462
2023-01-24,AMZN,"I'm worried on AMZN, price action has been interesting.",92.14327842542612
2023-02-08,AAPL,"AAPL stock is drawing attention, traders are bearish.",114.09742608415914
2023-02-27,AMZN,"Lots of chatter on AMZN today, could this mean breakout?",88.90708958366359
2023-02-03,GOOGL,"GOOGL outlook is bullish, according to many investors.",98.31578314324582
2023-03-22,AMZN,"Investors are talking a lot about AMZN, big moves expected soon!",102.99140554903606
2023-02-27,AAPL,The way AAPL has been performing makes me feel neutral.,114.3287226489356
2023-01-09,AMZN,"I'm worried on AMZN, price action has been interesting.",89.81734526186513
2023-02-22,TSLA,"Lots of chatter on TSLA today, could this mean breakout?",116.07381954596286
2023-01-09,MSFT,Analysts believe MSFT could fall after recent news.,251.55173693368533
2023-03-03,AMZN,"Investors are talking a lot about AMZN, big moves expected soon!",87.31005948872884
2023-01-19,AMZN,The way AMZN has been performing makes me feel neutral.,86.26617635749504
2023-02-24,MSFT,Analysts believe MSFT could fall after recent news.,250.5556902998358
2023-01-04,AMZN,"Lots of chatter on AMZN today, could this mean breakout?",92.14327842542612
2023-02-02,AMZN,"AMZN stock is drawing attention, traders are worried.",90.59433197059629
2023-01-26,TSLA,"Lots of chatter on TSLA today, could this mean dip?",107.2196372557134
2023-01-25,AMZN,"AMZN outlook is bullish, according to many investors.",99.46017888956618
2023-03-30,AMZN,"Lots of chatter on AMZN today, could this mean stabilize?",87.31005948872884
2023-02-17,AMZN,"AMZN stock is drawing attention, traders are worried.",90.59433197059629
2023-03-28,TSLA,The way TSLA has been performing makes me feel worried.,119.1874876554298
2023-01-02,GOOGL,"GOOGL stock is drawing attention, traders are bullish.",86.29183002409107
2023-02-03,MSFT,Analysts believe MSFT could rise after recent news.,250.5556902998358
2023-03-03,AAPL,"AAPL stock is drawing attention, traders are bullish.",122.9133625161458
2023-03-09,MSFT,"Investors are talking a lot about MSFT, big moves expected soon!",255.4070691205143
2023-01-23,AMZN,"AMZN stock is drawing attention, traders are bullish.",87.35981101659057
2023-01-26,MSFT,"Investors are talking a lot about MSFT, big moves expected soon!",250.81557924919667
2023-02-01,MSFT,Analysts believe MSFT could stabilize after recent news.,252.19675275701448
2023-02-03,AAPL,Market sentiment towards AAPL looks neutral these days.,130.7168997036801
2023-01-23,AAPL,"Investors are talking a lot about AAPL, big moves expected soon!",121.21232939349684
2023-03-16,MSFT,"MSFT outlook is excited, according to many investors.",237.14084694017723
2023-01-02,AMZN,The way AMZN has been performing makes me feel neutral.,89.07407304765302
2023-02-28,GOOGL,"GOOGL stock is drawing attention, traders are neutral.",86.89961556713949
2023-01-26,AMZN,Analysts believe AMZN could breakout after recent news.,102.99140554903606
2023-02-16,GOOGL,"Lots of chatter on GOOGL today, could this mean rise?",103.98747284720118
2023-03-17,GOOGL,"Investors are talking a lot about GOOGL, big moves expected soon!",89.93258335656962
2023-01-25,AAPL,"I'm bullish on AAPL, price action has been interesting.",120.71500291031556
2023-02-16,MSFT,Market sentiment towards MSFT looks neutral these days.,250.5556902998358
2023-03-03,AMZN,"Lots of chatter on AMZN today, could this mean rise?",86.26617635749504
2023-01-09,TSLA,"TSLA outlook is bullish, according to many investors.",116.84545196412247
2023-01-30,AMZN,Market sentiment towards AMZN looks excited these days.,88.7885138526433
2023-03-08,AAPL,"Lots of chatter on AAPL today, could this mean stabilize?",122.04644224651518
2023-02-23,GOOGL,"GOOGL outlook is bearish, according to many investors.",89.64912995730377
2023-02-13,GOOGL,Market sentiment towards GOOGL looks bullish these days.,88.79797393518416
2023-01-13,AAPL,"Investors are talking a lot about AAPL, big moves expected soon!",119.74445509167056
2023-02-10,GOOGL,Market sentiment towards GOOGL looks bearish these days.,88.08394296325406
2023-01-25,GOOGL,Analysts believe GOOGL could stabilize after recent news.,98.02708834472024
2023-03-24,TSLA,"I'm worried on TSLA, price action has been interesting.",115.15479892754824
2023-01-20,MSFT,"Lots of chatter on MSFT today, could this mean dip?",256.037607609795
2023-01-05,AMZN,"Lots of chatter on AMZN today, could this mean dip?",92.91152312861108
2023-03-29,TSLA,"Lots of chatter on TSLA today, could this mean dip?",114.73134936166689
2023-02-24,TSLA,Analysts believe TSLA could rise after recent news.,107.27266500661185
2023-01-12,AMZN,"AMZN stock is drawing attention, traders are bullish.",89.09791095488092
2023-01-12,MSFT,"I'm bullish on MSFT, price action has been interesting.",250.9171170147616
2023-02-06,AMZN,The way AMZN has been performing makes me feel neutral.,92.14327842542612
2023-01-05,AMZN,"AMZN outlook is excited, according to many investors.",88.20236890604593
2023-01-23,AMZN,"AMZN stock is drawing attention, traders are bearish.",88.40501453588696
2023-01-20,AMZN,"AMZN outlook is worried, according to many investors.",87.73786151172393
2023-03-14,MSFT,The way MSFT has been performing makes me feel excited.,252.2960828325226
2023-01-06,AMZN,"AMZN outlook is worried, according to many investors.",94.57938143046862
2023-01-27,AMZN,Analysts believe AMZN could stabilize after recent news.,92.0357990874798
2023-01-25,AAPL,"I'm bearish on AAPL, price action has been interesting.",110.48308955585064
2023-01-03,AAPL,"Lots of chatter on AAPL today, could this mean fall?",107.452609474386
2023-01-18,AMZN,"Lots of chatter on AMZN today, could this mean fall?",86.26617635749504
2023-01-05,AAPL,Analysts believe AAPL could rise after recent news.,137.2801814603673
2023-02-28,AMZN,Analysts believe AMZN could breakout after recent news.,93.1969107503963
2023-03-27,TSLA,"Investors are talking a lot about TSLA, big moves expected soon!",112.5579038235086
2023-01-11,TSLA,"TSLA stock is drawing attention, traders are bearish.",115.26617096790577
2023-03-29,TSLA,Analysts believe TSLA could stabilize after recent news.,116.84545196412247
2023-01-12,TSLA,"Investors are talking a lot about TSLA, big moves expected soon!",112.56813073679352
2023-01-16,GOOGL,Market sentiment towards GOOGL looks neutral these days.,98.31578314324582
2023-02-28,MSFT,Analysts believe MSFT could fall after recent news.,252.34772443328157
2023-01-18,MSFT,Analysts believe MSFT could rise after recent news.,243.2516973040306
2023-02-20,AMZN,Analysts believe AMZN could stabilize after recent news.,99.19088779879525
2023-01-18,TSLA,"I'm worried on TSLA, price action has been interesting.",106.62247105921196
2023-01-17,AMZN,The way AMZN has been performing makes me feel excited.,89.90876724578159
2023-02-21,AMZN,"Lots of chatter on AMZN today, could this mean stabilize?",105.88256082750448
2023-03-14,AAPL,The way AAPL has been performing makes me feel bearish.,138.0343868483502
2023-01-03,AMZN,"AMZN stock is drawing attention, traders are bearish.",91.53580168052092
2023-03-20,TSLA,The way TSLA has been performing makes me feel excited.,117.21422940849848
2023-03-24,GOOGL,Market sentiment towards GOOGL looks excited these days.,94.4673967412954
2023-02-01,AMZN,Analysts believe AMZN could breakout after recent news.,92.14327842542612
2023-02-24,MSFT,"MSFT stock is drawing attention, traders are excited.",250.5556902998358
2023-03-30,GOOGL,Analysts believe GOOGL could stabilize after recent news.,88.47249554433462
2023-02-01,MSFT,Market sentiment towards MSFT looks bearish these days.,252.826821580197
2023-02-09,AMZN,"AMZN stock is drawing attention, traders are bearish.",92.0357990874798
2023-03-13,MSFT,Analysts believe MSFT could stabilize after recent news.,252.2960828325226
2023-02-13,MSFT,Market sentiment towards MSFT looks neutral these days.,252.34772443328157
2023-03-10,MSFT,"Investors are talking a lot about MSFT, big moves expected soon!",251.33964010816825
2023-01-27,AAPL,Market sentiment towards AAPL looks bullish these days.,138.96122223397512
2023-03-17,AMZN,"AMZN stock is drawing attention, traders are excited.",87.31005948872884
2023-01-03,GOOGL,"I'm worried on GOOGL, price action has been interesting.",94.90275914774982
2023-02-03,GOOGL,"GOOGL outlook is bearish, according to many investors.",103.98747284720118
2023-01-18,GOOGL,Market sentiment towards GOOGL looks bullish these days.,88.79797393518416
2023-03-22,AAPL,"AAPL stock is drawing attention, traders are bullish.",113.98598608655568
2023-03-30,GOOGL,"Lots of chatter on GOOGL today, could this mean stabilize?",88.96571465313265
2023-03-23,GOOGL,"GOOGL outlook is neutral, according to many investors.",98.02708834472024
2023-03-24,AAPL,"Investors are talking a lot about AAPL, big moves expected soon!",113.98598608655568
2023-03-28,AMZN,Market sentiment towards AMZN looks bearish these days.,104.77329839040188
2023-01-23,AMZN,"AMZN outlook is bearish, according to many investors.",91.09136003888008
2023-01-20,AAPL,The way AAPL has been performing makes me feel neutral.,110.97868978511146
2023-03-17,TSLA,The way TSLA has been performing makes me feel worried.,107.74149530735816
2023-02-17,TSLA,"Investors are talking a lot about TSLA, big moves expected soon!",112.61449191231668
2023-03-17,MSFT,Market sentiment towards MSFT looks excited these days.,254.5032139891401
2023-01-19,GOOGL,Analysts believe GOOGL could dip after recent news.,98.31578314324582
2023-03-09,AMZN,"I'm worried on AMZN, price action has been interesting.",90.969526103566
2023-01-10,GOOGL,The way GOOGL has been performing makes me feel neutral.,88.61815752840099
2023-02-10,MSFT,"Lots of chatter on MSFT today, could this mean rise?",250.81557924919667
2023-03-09,MSFT,"Investors are talking a lot about MSFT, big moves expected soon!",255.3793571324257
2023-01-23,AAPL,"Lots of chatter on AAPL today, could this mean stabilize?",113.98598608655568
2023-03-13,AAPL,"AAPL stock is drawing attention, traders are worried.",120.49585112836192
2023-02-28,TSLA,"Lots of chatter on TSLA today, could this mean rise?",116.27312227613815
2023-01-24,TSLA,"Investors are talking a lot about TSLA, big moves expected soon!",113.63097750248954
2023-03-29,GOOGL,Market sentiment towards GOOGL looks worried these days.,86.89961556713949
2023-03-03,AMZN,"I'm bullish on AMZN, price action has been interesting.",94.57938143046862
2023-01-10,TSLA,"Investors are talking a lot about TSLA, big moves expected soon!",113.32871705534018
2023-02-07,GOOGL,Market sentiment towards GOOGL looks bullish these days.,88.79797393518416
2023-01-13,GOOGL,"I'm worried on GOOGL, price action has been interesting.",98.31578314324582
2023-02-16,GOOGL,Analysts believe GOOGL could rise after recent news.,91.54455366458208
2023-02-20,TSLA,"Lots of chatter on TSLA today, could this mean fall?",113.63097571992164
2023-02-03,AAPL,"Investors are talking a lot about AAPL, big moves expected soon!",119.74445509167056
2023-01-09,MSFT,The way MSFT has been performing makes me feel excited.,249.2035675109092
2023-02-02,AMZN,"Investors are talking a lot about AMZN, big moves expected soon!",104.16824571467193
2023-01-25,MSFT,The way MSFT has been performing makes me feel worried.,250.0364394129566
2023-01-09,GOOGL,"GOOGL outlook is excited, according to many investors.",94.90275914774982
2023-02-09,MSFT,Analysts believe MSFT could fall after recent news.,251.91478909246692
2023-02-03,GOOGL,The way GOOGL has been performing makes me feel worried.,89.82595353728257
2023-03-17,MSFT,Market sentiment towards MSFT looks bullish these days.,251.91478909246692
2023-03-06,AMZN,"AMZN outlook is worried, according to many investors.",101.29797167766668
2023-02-02,GOOGL,"I'm bullish on GOOGL, price action has been interesting.",89.16355432644994
2023-02-06,AMZN,"AMZN outlook is bullish, according to many investors.",95.66659292425828
2023-02-08,MSFT,"Lots of chatter on MSFT today, could this mean dip?",252.2763125126309
2023-01-04,GOOGL,"GOOGL outlook is excited, according to many investors.",90.88980558179196
2023-02-22,AAPL,"Lots of chatter on AAPL today, could this mean rise?",134.59002974325085
2023-03-27,AAPL,"AAPL stock is drawing attention, traders are neutral.",121.18533494402097
2023-03-13,AMZN,"I'm worried on AMZN, price action has been interesting.",99.15698660075932
2023-03-08,TSLA,Market sentiment towards TSLA looks bearish these days.,113.63286221620928
2023-01-30,AAPL,"AAPL outlook is bearish, according to many investors.",109.49034777729648
2023-03-16,TSLA,"TSLA outlook is neutral, according to many investors.",111.88185997100378
2023-03-20,TSLA,"I'm worried on TSLA, price action has been interesting.",114.45826765072462
2023-03-23,GOOGL,"GOOGL outlook is bullish, according to many investors.",86.67560634834425
2023-03-13,GOOGL,Analysts believe GOOGL could stabilize after recent news.,92.64791109768308
2023-01-27,TSLA,"TSLA outlook is bullish, according to many investors.",108.4269243404117
2023-03-23,MSFT,The way MSFT has been performing makes me feel excited.,237.14084694017723
2023-01-12,GOOGL,"Investors are talking a lot about GOOGL, big moves expected soon!",96.66495044526977
2023-01-02,AAPL,Analysts believe AAPL could breakout after recent news.,112.1153304548266
2023-02-09,AMZN,The way AMZN has been performing makes me feel worried.,89.91119166002758
2023-03-29,AMZN,Market sentiment towards AMZN looks bearish these days.,102.54447997838436
2023-03-20,TSLA,The way TSLA has been performing makes me feel worried.,116.2845051448232
2023-02-17,AMZN,Analysts believe AMZN could dip after recent news.,86.26617635749504
2023-01-04,AAPL,"Investors are talking a lot about AAPL, big moves expected soon!",122.9133625161458
2023-01-10,MSFT,"Investors are talking a lot about MSFT, big moves expected soon!",250.9171170147616
2023-02-07,TSLA,Analysts believe TSLA could dip after recent news.,107.27266500661185
2023-01-02,AMZN,"AMZN stock is drawing attention, traders are worried.",89.52899291686128
2023-03-02,TSLA,"Investors are talking a lot about TSLA, big moves expected soon!",114.57552560976502
2023-02-27,TSLA,"Investors are talking a lot about TSLA, big moves expected soon!",114.05624946250992
2023-02-28,GOOGL,"GOOGL outlook is bearish, according to many investors.",89.82595353728257
2023-02-15,AMZN,"Lots of chatter on AMZN today, could this mean fall?",102.0264607185497
2023-03-10,AMZN,Analysts believe AMZN could stabilize after recent news.,101.29797167766668
2023-03-29,AAPL,Analysts believe AAPL could fall after recent news.,109.09848629545628
2023-02-21,GOOGL,"Investors are talking a lot about GOOGL, big moves expected soon!",89.93258335656962
2023-03-23,AMZN,The way AMZN has been performing makes me feel worried.,105.88256082750448
2023-03-08,TSLA,"TSLA stock is drawing attention, traders are neutral.",114.37058262128392
2023-01-06,AMZN,The way AMZN has been performing makes me feel worried.,95.66659292425828
2023-03-08,MSFT,"MSFT stock is drawing attention, traders are worried.",252.826821580197
2023-01-04,TSLA,"Lots of chatter on TSLA today, could this mean dip?",106.62247105921196
2023-03-07,TSLA,"I'm excited on TSLA, price action has been interesting.",107.27266500661185
2023-03-28,TSLA,Analysts believe TSLA could rise after recent news.,109.26821498594242
2023-01-19,AAPL,"AAPL outlook is worried, according to many investors.",108.82782091448937
2023-03-29,TSLA,"Lots of chatter on TSLA today, could this mean dip?",107.27266500661185
2023-03-27,MSFT,The way MSFT has been performing makes me feel worried.,250.9171170147616
2023-02-13,AAPL,The way AAPL has been performing makes me feel bearish.,134.1217558293525
2023-01-24,TSLA,"Lots of chatter on TSLA today, could this mean dip?",117.02897351719348
2023-02-02,AAPL,"Lots of chatter on AAPL today, could this mean stabilize?",110.48308955585064
2023-02-01,TSLA,Market sentiment towards TSLA looks excited these days.,112.56845981398098
2023-03-10,AAPL,Analysts believe AAPL could breakout after recent news.,108.82782091448937
2023-02-07,TSLA,Market sentiment towards TSLA looks worried these days.,113.63097750248954
2023-01-20,AMZN,"AMZN stock is drawing attention, traders are bullish.",97.46193032884544
2023-03-10,AAPL,Market sentiment towards AAPL looks bullish these days.,137.8761021468032
2023-02-20,AAPL,The way AAPL has been performing makes me feel neutral.,121.18533494402097
2023-01-11,MSFT,"Lots of chatter on MSFT today, could this mean dip?",249.2035675109092
2023-01-04,TSLA,"Lots of chatter on TSLA today, could this mean stabilize?",112.484954655671
2023-03-28,AMZN,"AMZN outlook is bearish, according to many investors.",96.7871295272007
2023-03-07,TSLA,"TSLA stock is drawing attention, traders are excited.",115.11576987004398
2023-03-27,MSFT,Analysts believe MSFT could breakout after recent news.,252.23778094824587
2023-02-14,GOOGL,The way GOOGL has been performing makes me feel neutral.,96.66495044526977
2023-01-18,AAPL,The way AAPL has been performing makes me feel worried.,135.05833649269752
2023-01-02,MSFT,"MSFT outlook is excited, according to many investors.",258.7280582354071
2023-02-16,AAPL,Market sentiment towards AAPL looks excited these days.,135.05833649269752
2023-03-28,GOOGL,"Lots of chatter on GOOGL today, could this mean fall?",86.79749893370014
2023-02-13,GOOGL,"Investors are talking a lot about GOOGL, big moves expected soon!",88.77606573440579
2023-03-30,AMZN,"AMZN outlook is worried, according to many investors.",92.1193968628654
2023-02-03,GOOGL,The way GOOGL has been performing makes me feel excited.,86.79749893370014
2023-02-22,TSLA,The way TSLA has been performing makes me feel excited.,115.24796470827592
2023-01-19,TSLA,"I'm excited on TSLA, price action has been interesting.",116.43656434179384
2023-01-11,AAPL,Market sentiment towards AAPL looks bullish these days.,107.20012142941276
2023-03-16,MSFT,"MSFT outlook is neutral, according to many investors.",254.0987411020601
2023-01-03,AMZN,"AMZN stock is drawing attention, traders are excited.",86.26617635749504
2023-03-20,TSLA,Market sentiment towards TSLA looks excited these days.,116.43656434179384
2023-03-27,AMZN,"Investors are talking a lot about AMZN, big moves expected soon!",99.15285597194504
2023-01-31,AAPL,"I'm excited on AAPL, price action has been interesting.",108.10077741317558
2023-02-17,TSLA,"TSLA outlook is bearish, according to many investors.",111.88185997100378
2023-01-23,TSLA,"TSLA outlook is bullish, according to many investors.",110.74399848729672
2023-03-10,AAPL,"I'm bearish on AAPL, price action has been interesting.",118.69104280038302
2023-03-01,AMZN,"AMZN stock is drawing attention, traders are worried.",99.19088779879525
2023-01-24,AMZN,Analysts believe AMZN could rise after recent news.,100.05001650489336
2023-03-22,AAPL,"Investors are talking a lot about AAPL, big moves expected soon!",137.8761021468032
2023-01-03,AMZN,"AMZN outlook is excited, according to many investors.",87.31005948872884
2023-01-05,AAPL,"Lots of chatter on AAPL today, could this mean fall?",122.04644224651518
2023-02-23,MSFT,The way MSFT has been performing makes me feel neutral.,250.0364394129566
2023-01-09,AMZN,Analysts believe AMZN could breakout after recent news.,98.96940265756044
2023-01-27,TSLA,Analysts believe TSLA could dip after recent news.,109.26821498594242
2023-03-30,MSFT,"Investors are talking a lot about MSFT, big moves expected soon!",243.2516973040306
2023-01-23,AAPL,"I'm bullish on AAPL, price action has been interesting.",137.58685188434174
2023-03-13,GOOGL,"GOOGL outlook is bearish, according to many investors.",107.65982590422904
2023-02-21,MSFT,"Investors are talking a lot about MSFT, big moves expected soon!",250.1534581332311
2023-02-28,AAPL,Market sentiment towards AAPL looks bullish these days.,105.97676885173104
2023-03-21,MSFT,The way MSFT has been performing makes me feel bearish.,253.93499282328747
2023-01-12,TSLA,"TSLA stock is drawing attention, traders are neutral.",107.34009767559544
2023-03-30,TSLA,The way TSLA has been performing makes me feel bearish.,117.8074224945988
2023-01-31,AAPL,"I'm neutral on AAPL, price action has been interesting.",107.131740051138
2023-02-16,GOOGL,"I'm worried on GOOGL, price action has been interesting.",96.66495044526977
2023-03-17,AAPL,Analysts believe AAPL could rise after recent news.,110.29145320597452
2023-02-09,GOOGL,Market sentiment towards GOOGL looks bullish these days.,91.54455366458208
2023-02-22,AAPL,"I'm worried on AAPL, price action has been interesting.",132.0122767798815
2023-01-25,AAPL,"I'm bearish on AAPL, price action has been interesting.",125.97266494499742
2023-03-31,GOOGL,"GOOGL outlook is bearish, according to many investors.",86.67560634834425
2023-01-02,MSFT,"Investors are talking a lot about MSFT, big moves expected soon!",237.14084694017723
2023-01-05,AMZN,The way AMZN has been performing makes me feel excited.,91.38099100541976
2023-01-05,GOOGL,Analysts believe GOOGL could breakout after recent news.,103.98747284720118
2023-02-07,MSFT,"Investors are talking a lot about MSFT, big moves expected soon!",241.70844629714003
2023-03-01,TSLA,"TSLA outlook is bullish, according to many investors.",114.80657640380984
2023-03-23,AAPL,"Investors are talking a lot about AAPL, big moves expected soon!",118.69104280038302
2023-02-14,MSFT,Market sentiment towards MSFT looks bullish these days.,256.3875940695456
2023-02-15,MSFT,Market sentiment towards MSFT looks bearish these days.,252.2960828325226
2023-02-08,GOOGL,"GOOGL stock is drawing attention, traders are excited.",99.9428024152471
2023-03-17,AMZN,"I'm worried on AMZN, price action has been interesting.",92.0357990874798
2023-03-24,AAPL,"Lots of chatter on AAPL today, could this mean stabilize?",132.0122767798815
2023-03-28,TSLA,"Investors are talking a lot about TSLA, big moves expected soon!",117.21422940849848
2023-02-16,MSFT,"Lots of chatter on MSFT today, could this mean breakout?",250.0364394129566
2023-03-20,AAPL,"AAPL outlook is bullish, according to many investors.",114.3287226489356
2023-01-18,TSLA,Analysts believe TSLA could dip after recent news.,115.15479892754824
2023-03-20,MSFT,"Investors are talking a lot about MSFT, big moves expected soon!",253.14061648859337
2023-01-25,MSFT,"MSFT outlook is bearish, according to many investors.",240.7706347594577
2023-03-16,MSFT,The way MSFT has been performing makes me feel neutral.,239.3103700989465
2023-03-01,AAPL,Market sentiment towards AAPL looks excited these days.,135.05833649269752
2023-02-23,AMZN,Market sentiment towards AMZN looks excited these days.,96.7871295272007
2023-03-27,MSFT,"Investors are talking a lot about MSFT, big moves expected soon!",249.2035675109092
2023-02-28,GOOGL,"Investors are talking a lot about GOOGL, big moves expected soon!",94.90275914774982
2023-01-25,AAPL,Analysts believe AAPL could stabilize after recent news.,110.97868978511146
2023-02-01,TSLA,Market sentiment towards TSLA looks worried these days.,115.26617096790577
2023-03-16,TSLA,"Lots of chatter on TSLA today, could this mean fall?",117.02897351719348
2023-02-10,AMZN,Market sentiment towards AMZN looks bearish these days.,89.90876724578159
2023-03-22,MSFT,Analysts believe MSFT could dip after recent news.,253.93499282328747
2023-01-25,TSLA,The way TSLA has been performing makes me feel neutral.,107.34009767559544
2023-01-10,MSFT,"Lots of chatter on MSFT today, could this mean dip?",250.7110413556572
2023-02-24,AAPL,Analysts believe AAPL could fall after recent news.,137.58685188434174
2023-03-31,AMZN,Analysts believe AMZN could dip after recent news.,98.80649412024268
2023-03-09,GOOGL,Market sentiment towards GOOGL looks bearish these days.,94.90275914774982
2023-03-14,AMZN,"Investors are talking a lot about AMZN, big moves expected soon!",89.29757967336829
2023-02-09,GOOGL,Market sentiment towards GOOGL looks excited these days.,99.9428024152471
2023-01-30,AAPL,"Investors are talking a lot about AAPL, big moves expected soon!",130.3104557300001
2023-01-12,TSLA,"I'm worried on TSLA, price action has been interesting.",112.3638206700515
2023-03-07,AMZN,"I'm neutral on AMZN, price action has been interesting.",87.9040288351952
2023-02-28,MSFT,"MSFT outlook is excited, according to many investors.",252.23778094824587
2023-03-13,AMZN,"I'm bearish on AMZN, price action has been interesting.",88.92831195630367
2023-03-20,TSLA,"TSLA outlook is bullish, according to many investors.",110.07817504102144
2023-03-13,MSFT,"MSFT stock is drawing attention, traders are bullish.",250.7110413556572
2023-01-27,MSFT,"MSFT outlook is worried, according to many investors.",256.3875940695456
2023-02-07,AAPL,"I'm bullish on AAPL, price action has been interesting.",127.78871309603984
2023-02-22,MSFT,Analysts believe MSFT could stabilize after recent news.,254.0987411020601
2023-03-31,AMZN,"AMZN stock is drawing attention, traders are worried.",88.20236890604593
2023-03-16,AAPL,"AAPL outlook is neutral, according to many investors.",121.82459706709544
2023-02-02,GOOGL,"GOOGL stock is drawing attention, traders are neutral.",88.63862365044015
2023-03-07,TSLA,Market sentiment towards TSLA looks bullish these days.,112.26658190056602
2023-03-29,TSLA,"TSLA stock is drawing attention, traders are excited.",114.80657640380984
2023-03-21,MSFT,Analysts believe MSFT could breakout after recent news.,250.4815684727234
2023-03-17,AMZN,Analysts believe AMZN could breakout after recent news.,104.91895621571564
2023-03-24,GOOGL,The way GOOGL has been performing makes me feel excited.,88.96571465313265
2023-03-28,MSFT,The way MSFT has been performing makes me feel worried.,251.4915430306843
2023-02-10,MSFT,"MSFT stock is drawing attention, traders are worried.",251.427817526324
2023-01-31,TSLA,"Lots of chatter on TSLA today, could this mean stabilize?",112.62746341532046
2023-02-09,MSFT,"I'm worried on MSFT, price action has been interesting.",254.5032139891401
2023-02-27,GOOGL,"Investors are talking a lot about GOOGL, big moves expected soon!",103.47505135285812
2023-02-28,TSLA,"Investors are talking a lot about TSLA, big moves expected soon!",112.5579038235086
2023-03-31,GOOGL,"GOOGL outlook is worried, according to many investors.",98.02708834472024
2023-02-13,AAPL,"Investors are talking a lot about AAPL, big moves expected soon!",125.62780247919687
2023-02-10,AMZN,The way AMZN has been performing makes me feel excited.,93.1969107503963
2023-01-25,AAPL,"AAPL stock is drawing attention, traders are worried.",113.49521869298056
2023-01-24,AAPL,"AAPL stock is drawing attention, traders are bearish.",120.71500291031556
2023-02-22,MSFT,Market sentiment towards MSFT looks worried these days.,254.32432759160727
2023-01-19,GOOGL,Analysts believe GOOGL could dip after recent news.,92.71093545880773
2023-03-20,AMZN,"I'm excited on AMZN, price action has been interesting.",86.26617635749504
2023-01-31,TSLA,"Investors are talking a lot about TSLA, big moves expected soon!",114.45826765072462
2023-03-20,GOOGL,Market sentiment towards GOOGL looks bearish these days.,102.55376002955576
2023-01-26,TSLA,The way TSLA has been performing makes me feel worried.,113.05383568799172
2023-03-21,AMZN,"AMZN outlook is bullish, according to many investors.",88.90708958366359
2023-03-02,MSFT,Analysts believe MSFT could fall after recent news.,243.2516973040306
2023-02-17,TSLA,"I'm neutral on TSLA, price action has been interesting.",115.15479892754824
2023-01-02,AMZN,"AMZN outlook is bullish, according to many investors.",91.09136003888008
2023-03-14,MSFT,"Lots of chatter on MSFT today, could this mean rise?",239.65077902270352
2023-02-21,TSLA,"TSLA outlook is bearish, according to many investors.",110.74399848729672
2023-03-31,AAPL,"Lots of chatter on AAPL today, could this mean breakout?",107.452609474386
2023-03-13,AAPL,Market sentiment towards AAPL looks bearish these days.,110.29145320597452
2023-01-02,AAPL,Market sentiment towards AAPL looks neutral these days.,117.50777302447896
2023-01-30,MSFT,"MSFT stock is drawing attention, traders are bullish.",251.24849642836065
2023-03-15,MSFT,Market sentiment towards MSFT looks neutral these days.,253.8537717711724
2023-01-23,AAPL,"Lots of chatter on AAPL today, could this mean breakout?",109.49034777729648
2023-03-27,GOOGL,"Investors are talking a lot about GOOGL, big moves expected soon!",87.56346828310043
2023-03-16,AAPL,"AAPL stock is drawing attention, traders are bearish.",120.71500291031556
2023-02-24,GOOGL,"GOOGL outlook is excited, according to many investors.",94.4673967412954
2023-02-06,GOOGL,Analysts believe GOOGL could stabilize after recent news.,92.64791109768308
2023-03-31,AAPL,The way AAPL has been performing makes me feel bullish.,107.452609474386
2023-03-30,TSLA,"Investors are talking a lot about TSLA, big moves expected soon!",115.44975062951112
2023-03-01,GOOGL,"GOOGL outlook is excited, according to many investors.",91.42717056681614
2023-01-24,GOOGL,"Lots of chatter on GOOGL today, could this mean stabilize?",89.64912995730377
2023-03-23,AMZN,"Investors are talking a lot about AMZN, big moves expected soon!",103.97248096656855
2023-02-01,AAPL,"I'm bullish on AAPL, price action has been interesting.",119.06991308610915
2023-01-10,MSFT,"Investors are talking a lot about MSFT, big moves expected soon!",250.1534581332311
2023-03-02,TSLA,"Lots of chatter on TSLA today, could this mean dip?",116.27312227613815
2023-03-15,MSFT,"Lots of chatter on MSFT today, could this mean rise?",256.3875940695456
2023-02-16,AAPL,Analysts believe AAPL could breakout after recent news.,132.0122767798815
2023-03-06,TSLA,"Lots of chatter on TSLA today, could this mean fall?",116.43656434179384
2023-01-23,GOOGL,The way GOOGL has been performing makes me feel bullish.,91.45167777496049
2023-01-26,GOOGL,Market sentiment towards GOOGL looks worried these days.,96.66495044526977
2023-01-03,MSFT,"MSFT stock is drawing attention, traders are bullish.",251.4915430306843
2023-01-13,AMZN,The way AMZN has been performing makes me feel bullish.,96.81313331095652
2023-03-10,AMZN,"AMZN stock is drawing attention, traders are worried.",89.01952805283034
2023-01-17,AMZN,Analysts believe AMZN could fall after recent news.,91.38099100541976
2023-01-31,MSFT,"MSFT outlook is worried, according to many investors.",254.3746539509492
2023-02-14,GOOGL,"I'm excited on GOOGL, price action has been interesting.",87.41215474466284
2023-01-02,GOOGL,"GOOGL stock is drawing attention, traders are worried.",89.21135449552935
2023-03-16,AAPL,"AAPL stock is drawing attention, traders are worried.",105.97676885173104
2023-03-22,MSFT,The way MSFT has been performing makes me feel bullish.,251.4915430306843
2023-01-25,GOOGL,"GOOGL stock is drawing attention, traders are neutral.",86.2810077483177
2023-01-09,TSLA,"TSLA stock is drawing attention, traders are bullish.",112.41553111626052
2023-03-03,TSLA,The way TSLA has been performing makes me feel bullish.,117.02897351719348
2023-02-01,MSFT,"MSFT stock is drawing attention, traders are excited.",254.5032139891401
2023-02-01,MSFT,"I'm bearish on MSFT, price action has been interesting.",252.826821580197
2023-02-06,TSLA,"Investors are talking a lot about TSLA, big moves expected soon!",106.13694076891493
2023-01-10,AMZN,"Lots of chatter on AMZN today, could this mean breakout?",92.0357990874798
2023-03-02,TSLA,"TSLA stock is drawing attention, traders are worried.",120.86505772800692
2023-02-07,TSLA,"Lots of chatter on TSLA today, could this mean dip?",117.21422940849848
2023-02-06,TSLA,"TSLA stock is drawing attention, traders are bearish.",113.32871705534018
2023-02-20,AMZN,Analysts believe AMZN could breakout after recent news.,95.13276302912864
2023-03-17,AAPL,"Investors are talking a lot about AAPL, big moves expected soon!",130.7168997036801
2023-03-30,AMZN,"I'm bullish on AMZN, price action has been interesting.",89.91119166002758
2023-03-21,AMZN,"Lots of chatter on AMZN today, could this mean rise?",87.9040288351952
2023-03-27,GOOGL,"I'm bearish on GOOGL, price action has been interesting.",86.29183002409107
2023-01-03,AMZN,The way AMZN has been performing makes me feel bearish.,95.66659292425828
2023-03-17,TSLA,"Lots of chatter on TSLA today, could this mean fall?",107.34009767559544
2023-02-22,GOOGL,"Investors are talking a lot about GOOGL, big moves expected soon!",107.65982590422904
2023-02-09,TSLA,The way TSLA has been performing makes me feel bearish.,116.43656434179384
2023-02-06,AAPL,Analysts believe AAPL could dip after recent news.,117.50777302447896
2023-02-17,AMZN,"AMZN stock is drawing attention, traders are worried.",103.07971095426508
2023-02-09,TSLA,"Lots of chatter on TSLA today, could this mean breakout?",117.73577041637893
2023-02-16,AMZN,"I'm neutral on AMZN, price action has been interesting.",92.14327842542612
2023-02-27,GOOGL,"Lots of chatter on GOOGL today, could this mean breakout?",86.49507571519749
2023-02-27,TSLA,"Lots of chatter on TSLA today, could this mean rise?",112.5579038235086
2023-02-01,AMZN,The way AMZN has been performing makes me feel bearish.,89.09791095488092
2023-01-04,GOOGL,Analysts believe GOOGL could fall after recent news.,92.84076267637236
2023-03-22,GOOGL,Market sentiment towards GOOGL looks excited these days.,103.7271867384658
2023-02-14,MSFT,The way MSFT has been performing makes me feel neutral.,255.79604932771065
2023-02-13,AMZN,Analysts believe AMZN could dip after recent news.,101.29797167766668
2023-03-01,AAPL,"AAPL stock is drawing attention, traders are bearish.",123.14805754232684
2023-01-10,MSFT,"Lots of chatter on MSFT today, could this mean rise?",254.8222399169049
2023-01-02,AMZN,Market sentiment towards AMZN looks bullish these days.,89.90876724578159
2023-03-27,AMZN,The way AMZN has been performing makes me feel bullish.,103.07971095426508
2023-01-19,MSFT,The way MSFT has been performing makes me feel worried.,250.81557924919667
2023-03-14,MSFT,Analysts believe MSFT could fall after recent news.,253.22305341902452
2023-01-09,MSFT,Market sentiment towards MSFT looks excited these days.,251.4915430306843
2023-01-13,MSFT,"I'm bearish on MSFT, price action has been interesting.",252.19675275701448
2023-02-10,AMZN,The way AMZN has been performing makes me feel excited.,90.85837652129794
2023-01-30,TSLA,Analysts believe TSLA could dip after recent news.,111.44355272501969
2023-03-24,AAPL,The way AAPL has been performing makes me feel worried.,114.77170255262348
2023-03-29,TSLA,"TSLA outlook is excited, according to many investors.",113.32871705534018
2023-02-28,GOOGL,"I'm excited on GOOGL, price action has been interesting.",92.64791109768308
2023-03-13,GOOGL,"Investors are talking a lot about GOOGL, big moves expected soon!",86.01952659374552
2023-03-30,AAPL,"Investors are talking a lot about AAPL, big moves expected soon!",120.71500291031556
2023-03-20,MSFT,The way MSFT has been performing makes me feel bullish.,241.1440931999608
2023-02-27,MSFT,"Investors are talking a lot about MSFT, big moves expected soon!",250.7110413556572
2023-02-14,GOOGL,"Lots of chatter on GOOGL today, could this mean rise?",98.31578314324582
2023-01-20,MSFT,"Investors are talking a lot about MSFT, big moves expected soon!",247.8969090457618
2023-03-28,MSFT,Market sentiment towards MSFT looks neutral these days.,251.33964010816825
2023-02-07,TSLA,"Lots of chatter on TSLA today, could this mean breakout?",117.44346666505422
2023-02-08,AAPL,"Investors are talking a lot about AAPL, big moves expected soon!",121.21232939349684
2023-03-30,MSFT,The way MSFT has been performing makes me feel worried.,253.8537717711724
2023-03-23,TSLA,The way TSLA has been performing makes me feel excited.,115.62556751982744
2023-03-22,AAPL,"I'm bearish on AAPL, price action has been interesting.",138.8150509186731
2023-01-03,AMZN,"Investors are talking a lot about AMZN, big moves expected soon!",89.65641888629835
2023-02-20,AAPL,"I'm bullish on AAPL, price action has been interesting.",110.111771602523
2023-01-18,AAPL,The way AAPL has been performing makes me feel worried.,112.1153304548266
2023-01-20,AAPL,Analysts believe AAPL could breakout after recent news.,125.97266494499742
2023-03-24,AMZN,"AMZN outlook is bearish, according to many investors.",87.31005948872884
2023-01-31,AAPL,The way AAPL has been performing makes me feel bullish.,134.59002974325085
2023-03-29,TSLA,Market sentiment towards TSLA looks bullish these days.,117.73577041637893
2023-02-03,GOOGL,"Investors are talking a lot about GOOGL, big moves expected soon!",88.63862365044015
2023-03-08,AMZN,"AMZN outlook is neutral, according to many investors.",100.05001650489336
2023-03-01,MSFT,Analysts believe MSFT could rise after recent news.,237.14084694017723
2023-02-22,TSLA,Analysts believe TSLA could rise after recent news.,116.27312227613815
2023-02-27,AAPL,The way AAPL has been performing makes me feel bearish.,121.21232939349684
2023-03-03,AAPL,"Investors are talking a lot about AAPL, big moves expected soon!",138.8150509186731
2023-02-24,GOOGL,"GOOGL outlook is bearish, according to many investors.",102.59576771282129
2023-01-24,AMZN,"Investors are talking a lot about AMZN, big moves expected soon!",93.1969107503963
2023-03-21,AAPL,"AAPL stock is drawing attention, traders are bearish.",109.4462456661918
2023-01-03,MSFT,"Investors are talking a lot about MSFT, big moves expected soon!",251.33964010816825
2023-03-28,AAPL,"I'm bearish on AAPL, price action has been interesting.",118.71118624893776
2023-01-12,AMZN,Analysts believe AMZN could breakout after recent news.,87.31005948872884
2023-01-24,MSFT,"Investors are talking a lot about MSFT, big moves expected soon!",250.4815684727234
2023-03-10,GOOGL,Market sentiment towards GOOGL looks bullish these days.,91.05294543696355
2023-02-24,GOOGL,Market sentiment towards GOOGL looks bullish these days.,89.49577838191351
2023-03-22,AMZN,"AMZN stock is drawing attention, traders are neutral.",92.0357990874798
2023-01-30,AAPL,"I'm neutral on AAPL, price action has been interesting.",118.2733156103735
2023-01-25,AAPL,"AAPL stock is drawing attention, traders are neutral.",110.111771602523
2023-03-17,TSLA,"Investors are talking a lot about TSLA, big moves expected soon!",107.27266500661185
2023-02-09,AAPL,Market sentiment towards AAPL looks neutral these days.,137.1029273412097
2023-02-02,TSLA,Analysts believe TSLA could dip after recent news.,117.2064150051684
2023-01-24,GOOGL,The way GOOGL has been performing makes me feel bearish.,105.11149271932508
2023-01-25,AAPL,Market sentiment towards AAPL looks excited these days.,108.82782091448937
2023-02-28,AMZN,"AMZN stock is drawing attention, traders are bearish.",99.19088779879525
2023-03-03,GOOGL,"I'm excited on GOOGL, price action has been interesting.",91.42717056681614
2023-01-24,MSFT,Market sentiment towards MSFT looks bearish these days.,239.3103700989465
2023-01-19,GOOGL,Analysts believe GOOGL could rise after recent news.,92.60610790975478
2023-03-09,AMZN,"Lots of chatter on AMZN today, could this mean stabilize?",88.20236890604593
2023-02-09,TSLA,"TSLA stock is drawing attention, traders are neutral.",115.62556751982744
2023-01-05,MSFT,"MSFT stock is drawing attention, traders are bullish.",250.4815684727234
2023-01-27,TSLA,"TSLA outlook is worried, according to many investors.",115.26617096790577
2023-03-07,AAPL,Analysts believe AAPL could breakout after recent news.,110.97868978511146
2023-01-12,MSFT,"MSFT outlook is worried, according to many investors.",254.3746539509492
2023-02-07,TSLA,"TSLA stock is drawing attention, traders are neutral.",111.11020743720992
2023-01-20,MSFT,Market sentiment towards MSFT looks excited these days.,238.6207084882862
2023-01-26,AMZN,"AMZN outlook is worried, according to many investors.",91.27015849190768
2023-03-14,TSLA,"Investors are talking a lot about TSLA, big moves expected soon!",112.71248005714163
2023-02-06,MSFT,"MSFT outlook is bullish, according to many investors.",240.7706347594577
2023-02-06,AAPL,"Investors are talking a lot about AAPL, big moves expected soon!",129.1858806715181
2023-02-06,AAPL,"Investors are talking a lot about AAPL, big moves expected soon!",107.131740051138
2023-03-06,AMZN,The way AMZN has been performing makes me feel bullish.,102.99140554903606
2023-03-09,TSLA,The way TSLA has been performing makes me feel excited.,111.44355272501969
2023-03-15,TSLA,"Lots of chatter on TSLA today, could this mean fall?",112.62746341532046
2023-01-04,MSFT,Analysts believe MSFT could stabilize after recent news.,240.7706347594577
2023-02-28,GOOGL,"GOOGL stock is drawing attention, traders are excited.",91.05294543696355
2023-01-26,TSLA,Analysts believe TSLA could dip after recent news.,115.81012322074378
2023-01-24,GOOGL,"Lots of chatter on GOOGL today, could this mean rise?",96.66495044526977
2023-02-15,TSLA,"TSLA stock is drawing attention, traders are bearish.",107.74149530735816
2023-03-09,TSLA,"TSLA stock is drawing attention, traders are worried.",109.26821498594242
2023-03-20,GOOGL,"Investors are talking a lot about GOOGL, big moves expected soon!",99.9428024152471
2023-03-29,MSFT,"MSFT outlook is bullish, according to many investors.",255.79604932771065
2023-01-04,AMZN,The way AMZN has been performing makes me feel worried.,99.46017888956618
2023-03-09,TSLA,"Lots of chatter on TSLA today, could this mean stabilize?",119.1874876554298
2023-03-17,GOOGL,The way GOOGL has been performing makes me feel bullish.,98.31578314324582
2023-02-06,TSLA,"TSLA outlook is excited, according to many investors.",114.00855815065005
2023-03-14,TSLA,"TSLA stock is drawing attention, traders are bearish.",115.2987976598603
2023-01-10,GOOGL,"Lots of chatter on GOOGL today, could this mean dip?",86.2810077483177
2023-03-06,AMZN,"AMZN outlook is worried, according to many investors.",88.40501453588696
2023-03-06,TSLA,"I'm neutral on TSLA, price action has been interesting.",108.4269243404117
2023-01-23,MSFT,"MSFT outlook is neutral, according to many investors.",252.23778094824587
2023-02-02,AAPL,"I'm bullish on AAPL, price action has been interesting.",118.69104280038302
2023-03-27,AMZN,"AMZN outlook is bullish, according to many investors.",103.07971095426508
2023-03-16,AMZN,Market sentiment towards AMZN looks worried these days.,94.05128089966354
2023-03-28,TSLA,Analysts believe TSLA could rise after recent news.,106.13694076891493
2023-01-02,AMZN,"Investors are talking a lot about AMZN, big moves expected soon!",91.89867313786772
2023-03-09,MSFT,"Investors are talking a lot about MSFT, big moves expected soon!",241.70844629714003
2023-02-03,AMZN,"AMZN stock is drawing attention, traders are excited.",98.96940265756044
2023-01-13,TSLA,Market sentiment towards TSLA looks worried these days.,112.71248005714163
2023-01-23,MSFT,Analysts believe MSFT could fall after recent news.,251.24849642836065
2023-03-22,MSFT,The way MSFT has been performing makes me feel bullish.,252.2960828325226
2023-02-09,GOOGL,"Lots of chatter on GOOGL today, could this mean breakout?",91.54455366458208
2023-01-09,MSFT,Market sentiment towards MSFT looks bearish these days.,251.33964010816825
2023-01-23,AAPL,The way AAPL has been performing makes me feel excited.,121.21232939349684
2023-01-27,TSLA,Analysts believe TSLA could stabilize after recent news.,111.88185997100378
2023-03-01,AAPL,"I'm bullish on AAPL, price action has been interesting.",113.49521869298056
2023-02-06,AAPL,Analysts believe AAPL could rise after recent news.,134.59002974325085
2023-02-15,AMZN,"AMZN outlook is neutral, according to many investors.",103.07971095426508
2023-02-06,TSLA,"TSLA outlook is worried, according to many investors.",112.3638206700515
2023-03-03,GOOGL,Market sentiment towards GOOGL looks excited these days.,105.11149271932508
2023-03-29,AAPL,"Lots of chatter on AAPL today, could this mean stabilize?",129.1858806715181
2023-03-14,AAPL,"AAPL stock is drawing attention, traders are excited.",119.74445509167056
2023-02-06,AMZN,Analysts believe AMZN could dip after recent news.,89.02016276311137
2023-01-03,MSFT,Market sentiment towards MSFT looks bearish these days.,251.24849642836065
2023-01-19,TSLA,"TSLA stock is drawing attention, traders are neutral.",114.05624946250992
2023-02-10,AAPL,The way AAPL has been performing makes me feel bearish.,129.1858806715181
2023-03-09,AMZN,"AMZN outlook is bearish, according to many investors.",89.07407304765302
2023-01-17,MSFT,"Lots of chatter on MSFT today, could this mean dip?",250.0364394129566
2023-03-02,AMZN,Market sentiment towards AMZN looks excited these days.,89.09791095488092
2023-02-15,MSFT,"I'm excited on MSFT, price action has been interesting.",239.42678753583849
2023-01-18,AAPL,Market sentiment towards AAPL looks worried these days.,110.97868978511146
2023-02-06,TSLA,"Investors are talking a lot about TSLA, big moves expected soon!",112.03579327914883
2023-01-30,GOOGL,"GOOGL stock is drawing attention, traders are neutral.",91.05294543696355
2023-02-08,AMZN,"AMZN outlook is neutral, according to many investors.",102.0264607185497
2023-03-08,GOOGL,"I'm neutral on GOOGL, price action has been interesting.",89.75989832306075
2023-02-24,GOOGL,The way GOOGL has been performing makes me feel excited.,105.11149271932508
2023-02-01,AMZN,"Lots of chatter on AMZN today, could this mean dip?",94.05128089966354
2023-03-08,TSLA,Market sentiment towards TSLA looks bullish these days.,107.74149530735816
2023-01-03,AAPL,"Lots of chatter on AAPL today, could this mean dip?",118.71118624893776
2023-01-27,AMZN,Market sentiment towards AMZN looks excited these days.,97.46193032884544
2023-03-23,TSLA,"I'm bullish on TSLA, price action has been interesting.",119.1874876554298
2023-03-06,GOOGL,Market sentiment towards GOOGL looks bullish these days.,88.41417458413825
2023-01-04,GOOGL,"I'm bearish on GOOGL, price action has been interesting.",91.42717056681614
2023-03-17,MSFT,"Lots of chatter on MSFT today, could this mean breakout?",250.7110413556572
2023-01-17,AAPL,Analysts believe AAPL could breakout after recent news.,107.131740051138
2023-02-24,AAPL,Analysts believe AAPL could rise after recent news.,109.09848629545628
2023-01-23,AAPL,"AAPL stock is drawing attention, traders are excited.",130.7168997036801
2023-02-16,AAPL,The way AAPL has been performing makes me feel worried.,107.33061285234297
2023-03-02,MSFT,Analysts believe MSFT could breakout after recent news.,251.4915430306843
2023-01-09,AMZN,"AMZN stock is drawing attention, traders are bearish.",102.99140554903606
2023-03-30,TSLA,"Lots of chatter on TSLA today, could this mean stabilize?",107.74149530735816
2023-01-31,TSLA,"I'm bearish on TSLA, price action has been interesting.",116.2845051448232
2023-01-25,AAPL,"Investors are talking a lot about AAPL, big moves expected soon!",112.50905292656483
2023-01-17,AMZN,The way AMZN has been performing makes me feel worried.,88.7885138526433
2023-03-14,TSLA,"TSLA stock is drawing attention, traders are worried.",112.62746341532046
2023-03-13,TSLA,The way TSLA has been performing makes me feel worried.,112.61449191231668
2023-03-08,AAPL,Market sentiment towards AAPL looks bullish these days.,108.82782091448937
2023-01-26,AMZN,"AMZN stock is drawing attention, traders are worried.",92.14327842542612
2023-01-09,TSLA,The way TSLA has been performing makes me feel worried.,119.1874876554298
2023-02-07,GOOGL,Analysts believe GOOGL could breakout after recent news.,86.29183002409107
2023-03-15,AMZN,"Investors are talking a lot about AMZN, big moves expected soon!",103.07971095426508
2023-03-08,MSFT,"I'm excited on MSFT, price action has been interesting.",257.8609798488129
2023-01-10,GOOGL,The way GOOGL has been performing makes me feel worried.,105.64779114122965
2023-03-23,TSLA,"I'm worried on TSLA, price action has been interesting.",117.2064150051684
2023-01-16,GOOGL,"I'm worried on GOOGL, price action has been interesting.",91.05294543696355
2023-01-20,AAPL,The way AAPL has been performing makes me feel bullish.,113.98598608655568
2023-03-30,MSFT,"MSFT outlook is excited, according to many investors.",238.6207084882862
2023-01-04,AAPL,The way AAPL has been performing makes me feel neutral.,113.98598608655568
2023-02-01,MSFT,Analysts believe MSFT could stabilize after recent news.,251.33964010816825
2023-03-15,TSLA,"TSLA stock is drawing attention, traders are bearish.",114.37058262128392
2023-02-21,AMZN,Market sentiment towards AMZN looks worried these days.,88.92831195630367
2023-01-12,MSFT,"Investors are talking a lot about MSFT, big moves expected soon!",250.0364394129566
2023-01-20,TSLA,Market sentiment towards TSLA looks neutral these days.,113.63097750248954
2023-01-04,TSLA,"I'm worried on TSLA, price action has been interesting.",117.73577041637893
2023-01-24,TSLA,"I'm bearish on TSLA, price action has been interesting.",107.34009767559544
2023-02-06,GOOGL,"GOOGL outlook is bullish, according to many investors.",96.66495044526977
2023-01-30,AMZN,"AMZN outlook is bearish, according to many investors.",89.52899291686128
2023-01-30,TSLA,Market sentiment towards TSLA looks bullish these days.,112.62746341532046
2023-01-16,AMZN,"AMZN stock is drawing attention, traders are excited.",91.53580168052092
2023-02-22,AAPL,"AAPL outlook is bullish, according to many investors.",127.78871309603984
2023-02-17,MSFT,"MSFT outlook is worried, according to many investors.",257.8609798488129
2023-01-19,MSFT,"I'm neutral on MSFT, price action has been interesting.",252.19675275701448
2023-01-19,AMZN,"Lots of chatter on AMZN today, could this mean rise?",90.55289027819296
2023-01-13,GOOGL,"Lots of chatter on GOOGL today, could this mean fall?",94.90275914774982
2023-01-17,MSFT,"I'm bullish on MSFT, price action has been interesting.",240.67835092452796
2023-02-22,MSFT,"MSFT stock is drawing attention, traders are neutral.",250.1534581332311
2023-02-16,MSFT,Market sentiment towards MSFT looks worried these days.,252.34772443328157
2023-02-27,MSFT,"Lots of chatter on MSFT today, could this mean stabilize?",239.3103700989465
2023-01-13,AMZN,"AMZN stock is drawing attention, traders are excited.",89.09791095488092
2023-01-24,TSLA,Market sentiment towards TSLA looks excited these days.,117.21422940849848
2023-01-24,GOOGL,"GOOGL stock is drawing attention, traders are excited.",107.65982590422904
2023-03-28,TSLA,"Lots of chatter on TSLA today, could this mean rise?",114.00855815065005
2023-01-02,TSLA,"I'm excited on TSLA, price action has been interesting.",116.84545196412247
2023-01-17,MSFT,"Lots of chatter on MSFT today, could this mean stabilize?",257.4091621014592
2023-01-05,GOOGL,"GOOGL outlook is bullish, according to many investors.",89.16355432644994
2023-02-28,AMZN,"Lots of chatter on AMZN today, could this mean rise?",91.53580168052092
2023-01-18,AAPL,"I'm excited on AAPL, price action has been interesting.",125.97266494499742
2023-01-05,AAPL,"I'm bearish on AAPL, price action has been interesting.",126.07935508016996
2023-01-26,TSLA,"Lots of chatter on TSLA today, could this mean fall?",113.63286221620928
2023-01-03,AAPL,Analysts believe AAPL could breakout after recent news.,137.58685188434174
2023-01-17,AAPL,The way AAPL has been performing makes me feel excited.,125.76285888857272
2023-01-09,MSFT,Analysts believe MSFT could breakout after recent news.,240.67835092452796
2023-01-11,GOOGL,"GOOGL stock is drawing attention, traders are bullish.",88.63862365044015
2023-03-13,TSLA,"Lots of chatter on TSLA today, could this mean breakout?",108.4269243404117
2023-01-16,AMZN,"AMZN outlook is excited, according to many investors.",93.89707748083532
2023-03-29,AAPL,"Investors are talking a lot about AAPL, big moves expected soon!",127.78871309603984
2023-03-21,GOOGL,"Lots of chatter on GOOGL today, could this mean breakout?",89.49577838191351
2023-01-17,MSFT,Market sentiment towards MSFT looks worried these days.,249.2035675109092
2023-01-03,GOOGL,Analysts believe GOOGL could stabilize after recent news.,95.30714445261762
2023-01-11,AMZN,"AMZN outlook is excited, according to many investors.",89.81734526186513
2023-01-16,MSFT,"I'm neutral on MSFT, price action has been interesting.",240.7706347594577
2023-03-15,GOOGL,Market sentiment towards GOOGL looks bullish these days.,96.66495044526977
2023-01-13,MSFT,"Lots of chatter on MSFT today, could this mean stabilize?",252.23778094824587
2023-01-11,GOOGL,Market sentiment towards GOOGL looks bearish these days.,103.92117866845123
2023-02-20,AAPL,"Lots of chatter on AAPL today, could this mean dip?",135.05833649269752
2023-01-19,AMZN,"AMZN stock is drawing attention, traders are neutral.",92.91152312861108
2023-03-16,MSFT,The way MSFT has been performing makes me feel worried.,258.7280582354071
2023-01-30,AAPL,"AAPL stock is drawing attention, traders are worried.",110.5381747122457
2023-03-10,AMZN,The way AMZN has been performing makes me feel excited.,91.38099100541976
2023-02-23,AMZN,The way AMZN has been performing makes me feel excited.,95.66659292425828
2023-01-27,AMZN,"AMZN stock is drawing attention, traders are excited.",89.91119166002758
2023-01-10,AAPL,"AAPL stock is drawing attention, traders are worried.",138.96122223397512
2023-01-12,MSFT,"Investors are talking a lot about MSFT, big moves expected soon!",250.822460604913
2023-01-02,GOOGL,"GOOGL stock is drawing attention, traders are bearish.",87.71777194950126
2023-02-06,AAPL,"AAPL stock is drawing attention, traders are bearish.",130.3104557300001
2023-02-22,AAPL,"Lots of chatter on AAPL today, could this mean rise?",110.97868978511146
2023-02-22,TSLA,"Lots of chatter on TSLA today, could this mean fall?",117.2064150051684
2023-03-27,MSFT,"I'm neutral on MSFT, price action has been interesting.",249.71601303957576
2023-03-02,GOOGL,The way GOOGL has been performing makes me feel bearish.,88.63862365044015
2023-03-02,TSLA,"TSLA outlook is worried, according to many investors.",115.2769394274327
2023-03-28,MSFT,"MSFT outlook is bearish, according to many investors.",238.97799071361024
2023-01-09,AMZN,Market sentiment towards AMZN looks bearish these days.,90.969526103566
2023-01-24,AMZN,"AMZN outlook is bearish, according to many investors.",104.63122613197449
2023-03-13,TSLA,The way TSLA has been performing makes me feel bearish.,115.62556751982744
2023-02-22,TSLA,"I'm neutral on TSLA, price action has been interesting.",116.43656434179384
2023-02-02,AMZN,Analysts believe AMZN could rise after recent news.,95.6829014695944
2023-03-13,AMZN,Market sentiment towards AMZN looks worried these days.,92.0357990874798
2023-01-13,AAPL,The way AAPL has been performing makes me feel excited.,137.2801814603673
2023-01-30,TSLA,"TSLA outlook is bearish, according to many investors.",117.73577041637893
2023-03-21,GOOGL,Analysts believe GOOGL could dip after recent news.,94.4673967412954
2023-02-23,GOOGL,"Investors are talking a lot about GOOGL, big moves expected soon!",103.7271867384658
2023-02-15,MSFT,"I'm worried on MSFT, price action has been interesting.",237.8564216608738
2023-03-23,GOOGL,"I'm neutral on GOOGL, price action has been interesting.",103.47505135285812
2023-01-25,AMZN,"I'm bearish on AMZN, price action has been interesting.",86.26617635749504
2023-03-20,GOOGL,"GOOGL stock is drawing attention, traders are excited.",89.75989832306075
2023-03-21,TSLA,"TSLA outlook is bearish, according to many investors.",107.2196372557134
2023-03-08,AMZN,Analysts believe AMZN could fall after recent news.,87.35981101659057
2023-02-28,MSFT,"I'm excited on MSFT, price action has been interesting.",239.3103700989465
2023-02-07,AAPL,Market sentiment towards AAPL looks neutral these days.,137.1029273412097
2023-03-14,GOOGL,"I'm excited on GOOGL, price action has been interesting.",89.21135449552935
2023-02-28,MSFT,"MSFT outlook is bearish, according to many investors.",241.70844629714003
2023-02-14,AMZN,Analysts believe AMZN could stabilize after recent news.,88.92831195630367
2023-02-06,TSLA,Market sentiment towards TSLA looks bearish these days.,106.13694076891493
2023-02-03,TSLA,Analysts believe TSLA could stabilize after recent news.,115.15479892754824
2023-02-01,TSLA,"Investors are talking a lot about TSLA, big moves expected soon!",117.02897351719348
2023-03-21,AMZN,"Investors are talking a lot about AMZN, big moves expected soon!",95.66659292425828
2023-03-14,AMZN,Market sentiment towards AMZN looks bullish these days.,104.16824571467193
2023-02-13,TSLA,Analysts believe TSLA could dip after recent news.,114.57552560976502
2023-03-30,MSFT,"I'm bullish on MSFT, price action has been interesting.",252.2763125126309
2023-02-15,MSFT,"MSFT outlook is excited, according to many investors.",250.59121616293012
2023-01-03,GOOGL,"GOOGL stock is drawing attention, traders are excited.",88.96571465313265
2023-01-25,AMZN,Analysts believe AMZN could fall after recent news.,91.53580168052092
2023-03-07,AAPL,"I'm excited on AAPL, price action has been interesting.",135.05833649269752
2023-02-15,MSFT,"MSFT stock is drawing attention, traders are worried.",249.41390927844947
2023-02-17,TSLA,The way TSLA has been performing makes me feel bullish.,110.07817504102144
2023-03-13,GOOGL,"Lots of chatter on GOOGL today, could this mean breakout?",89.21135449552935
2023-01-25,TSLA,"Investors are talking a lot about TSLA, big moves expected soon!",117.21422940849848
2023-02-10,MSFT,"MSFT stock is drawing attention, traders are bullish.",252.2960828325226
2023-03-02,GOOGL,"GOOGL outlook is excited, according to many investors.",103.47505135285812
2023-03-15,MSFT,"MSFT stock is drawing attention, traders are neutral.",237.14084694017723
2023-01-13,MSFT,"I'm bearish on MSFT, price action has been interesting.",251.55173693368533
2023-03-14,AAPL,"AAPL stock is drawing attention, traders are bullish.",107.452609474386
2023-03-09,AMZN,"Lots of chatter on AMZN today, could this mean dip?",103.07971095426508
2023-01-16,AMZN,The way AMZN has been performing makes me feel bullish.,94.57938143046862
2023-03-22,MSFT,Analysts believe MSFT could stabilize after recent news.,254.5032139891401
2023-02-20,TSLA,"Lots of chatter on TSLA today, could this mean dip?",112.61449191231668
2023-02-15,GOOGL,The way GOOGL has been performing makes me feel excited.,89.64912995730377
2023-03-07,GOOGL,"Investors are talking a lot about GOOGL, big moves expected soon!",87.56346828310043
2023-01-18,AMZN,Analysts believe AMZN could fall after recent news.,99.46017888956618
2023-02-24,TSLA,"I'm bullish on TSLA, price action has been interesting.",111.88185997100378
2023-02-28,MSFT,Analysts believe MSFT could breakout after recent news.,243.2516973040306
2023-01-26,MSFT,Market sentiment towards MSFT looks worried these days.,239.3103700989465
2023-01-26,AAPL,The way AAPL has been performing makes me feel excited.,118.69104280038302
2023-03-22,TSLA,"TSLA outlook is bearish, according to many investors.",114.05624946250992
2023-02-01,AAPL,"I'm worried on AAPL, price action has been interesting.",119.29457374852431
2023-03-16,AAPL,The way AAPL has been performing makes me feel excited.,126.07935508016996
2023-03-31,AMZN,"AMZN stock is drawing attention, traders are excited.",92.0357990874798
2023-01-17,GOOGL,Analysts believe GOOGL could breakout after recent news.,86.79749893370014
2023-02-02,AAPL,"AAPL stock is drawing attention, traders are bearish.",127.1602184308493
2023-02-16,AMZN,"Investors are talking a lot about AMZN, big moves expected soon!",91.38099100541976
2023-03-15,GOOGL,"Investors are talking a lot about GOOGL, big moves expected soon!",98.02708834472024
2023-01-11,AMZN,Analysts believe AMZN could fall after recent news.,87.31005948872884
2023-01-25,AAPL,"AAPL stock is drawing attention, traders are neutral.",127.78871309603984
2023-03-21,AAPL,"Lots of chatter on AAPL today, could this mean fall?",108.1772087535367
2023-01-06,TSLA,"I'm excited on TSLA, price action has been interesting.",111.44355272501969
2023-02-06,MSFT,"Lots of chatter on MSFT today, could this mean fall?",237.14084694017723
2023-02-10,MSFT,"Lots of chatter on MSFT today, could this mean breakout?",251.33964010816825
2023-03-16,TSLA,"TSLA stock is drawing attention, traders are worried.",110.39484286163304
2023-01-18,AAPL,Analysts believe AAPL could rise after recent news.,111.12468071263706
2023-02-09,MSFT,The way MSFT has been performing makes me feel worried.,252.19675275701448
2023-01-04,AAPL,Market sentiment towards AAPL looks bullish these days.,113.98598608655568
2023-03-22,GOOGL,The way GOOGL has been performing makes me feel worried.,87.41215474466284
2023-01-03,MSFT,"MSFT outlook is bullish, according to many investors.",251.91478909246692
2023-02-08,AAPL,"I'm worried on AAPL, price action has been interesting.",134.59002974325085
2023-01-03,AAPL,"Investors are talking a lot about AAPL, big moves expected soon!",109.4462456661918
2023-01-10,GOOGL,Market sentiment towards GOOGL looks bullish these days.,88.63862365044015
2023-02-06,MSFT,Market sentiment towards MSFT looks worried these days.,254.9057199189457
2023-01-23,AAPL,Analysts believe AAPL could rise after recent news.,134.59002974325085
2023-02-01,GOOGL,Market sentiment towards GOOGL looks excited these days.,94.90275914774982
2023-02-24,MSFT,Analysts believe MSFT could dip after recent news.,255.79604932771065
2023-03-24,TSLA,"TSLA stock is drawing attention, traders are bearish.",117.8074224945988
2023-02-14,AMZN,Market sentiment towards AMZN looks neutral these days.,88.92831195630367
2023-01-20,AMZN,"Investors are talking a lot about AMZN, big moves expected soon!",86.26617635749504
2023-01-18,MSFT,"Lots of chatter on MSFT today, could this mean stabilize?",255.4070691205143
2023-01-06,AAPL,"I'm bullish on AAPL, price action has been interesting.",123.14805754232684
2023-03-14,TSLA,"TSLA outlook is bearish, according to many investors.",113.86768673542504
2023-02-27,TSLA,"Investors are talking a lot about TSLA, big moves expected soon!",115.81012322074378
2023-03-15,AMZN,Analysts believe AMZN could stabilize after recent news.,93.89707748083532
2023-03-10,AAPL,"I'm excited on AAPL, price action has been interesting.",113.49521869298056
2023-01-20,AAPL,Market sentiment towards AAPL looks neutral these days.,111.12468071263706
2023-01-10,GOOGL,The way GOOGL has been performing makes me feel bullish.,86.2810077483177
2023-02-24,MSFT,The way MSFT has been performing makes me feel excited.,239.0029198870554
2023-02-08,GOOGL,The way GOOGL has been performing makes me feel bullish.,98.02708834472024
2023-02-14,AMZN,Analysts believe AMZN could fall after recent news.,91.09136003888008
2023-01-20,AAPL,"AAPL stock is drawing attention, traders are excited.",107.452609474386
2023-03-31,MSFT,"Lots of chatter on MSFT today, could this mean breakout?",250.4815684727234
2023-01-05,GOOGL,"Lots of chatter on GOOGL today, could this mean stabilize?",94.4673967412954
2023-01-16,TSLA,Analysts believe TSLA could dip after recent news.,115.81012322074378
2023-02-06,AMZN,"I'm worried on AMZN, price action has been interesting.",88.20236890604593
2023-03-27,MSFT,"MSFT stock is drawing attention, traders are worried.",253.22305341902452
2023-02-21,AMZN,"Investors are talking a lot about AMZN, big moves expected soon!",102.0264607185497
2023-02-01,AMZN,"Investors are talking a lot about AMZN, big moves expected soon!",99.72020146527116
2023-02-24,TSLA,"I'm neutral on TSLA, price action has been interesting.",114.05624946250992
2023-02-01,AMZN,"AMZN stock is drawing attention, traders are bearish.",94.0224726042693
2023-01-23,TSLA,The way TSLA has been performing makes me feel worried.,113.05383568799172
2023-03-27,AMZN,"Investors are talking a lot about AMZN, big moves expected soon!",87.9040288351952
2023-02-13,TSLA,Analysts believe TSLA could stabilize after recent news.,112.56813073679352
2023-03-15,TSLA,"I'm excited on TSLA, price action has been interesting.",115.2769394274327
2023-02-03,GOOGL,Analysts believe GOOGL could rise after recent news.,94.90275914774982
2023-03-02,MSFT,The way MSFT has been performing makes me feel neutral.,254.73482510718335
2023-01-17,MSFT,"Investors are talking a lot about MSFT, big moves expected soon!",249.2035675109092
2023-01-12,AMZN,The way AMZN has been performing makes me feel bearish.,92.03902588070363
2023-01-17,MSFT,"MSFT stock is drawing attention, traders are worried.",252.2960828325226
2023-03-16,TSLA,"TSLA stock is drawing attention, traders are worried.",113.63286221620928
2023-03-16,MSFT,"MSFT stock is drawing attention, traders are worried.",237.8564216608738
2023-02-08,AAPL,"I'm worried on AAPL, price action has been interesting.",121.18533494402097
2023-03-20,GOOGL,The way GOOGL has been performing makes me feel bullish.,89.93258335656962
2023-03-22,AMZN,Market sentiment towards AMZN looks excited these days.,94.57938143046862
2023-02-28,MSFT,"Investors are talking a lot about MSFT, big moves expected soon!",254.8222399169049
2023-02-22,AAPL,Market sentiment towards AAPL looks neutral these days.,126.07935508016996
2023-03-15,TSLA,"Lots of chatter on TSLA today, could this mean rise?",111.25909926874225
2023-02-15,AAPL,The way AAPL has been performing makes me feel excited.,119.06991308610915
2023-03-20,TSLA,Analysts believe TSLA could dip after recent news.,115.24796470827592
2023-03-13,MSFT,"Lots of chatter on MSFT today, could this mean rise?",251.24849642836065
2023-03-01,AAPL,The way AAPL has been performing makes me feel worried.,113.98598608655568
2023-01-20,TSLA,"Investors are talking a lot about TSLA, big moves expected soon!",119.1874876554298
2023-02-22,AAPL,"I'm neutral on AAPL, price action has been interesting.",125.97266494499742
2023-01-20,MSFT,"I'm worried on MSFT, price action has been interesting.",249.2035675109092
2023-01-06,AMZN,Analysts believe AMZN could fall after recent news.,99.72020146527116
2023-03-16,AMZN,Market sentiment towards AMZN looks worried these days.,91.27015849190768
2023-03-13,AMZN,Analysts believe AMZN could stabilize after recent news.,102.54447997838436
2023-01-13,AMZN,The way AMZN has been performing makes me feel neutral.,99.15285597194504
2023-01-17,TSLA,Analysts believe TSLA could stabilize after recent news.,115.2769394274327
2023-01-05,TSLA,Market sentiment towards TSLA looks bearish these days.,111.44355272501969
2023-01-25,AMZN,"Lots of chatter on AMZN today, could this mean fall?",90.55289027819296
2023-02-20,MSFT,"I'm neutral on MSFT, price action has been interesting.",254.8222399169049
2023-02-03,AMZN,"I'm bullish on AMZN, price action has been interesting.",89.29757967336829
2023-02-20,GOOGL,"Lots of chatter on GOOGL today, could this mean fall?",103.47505135285812
2023-01-12,GOOGL,"GOOGL outlook is worried, according to many investors.",88.47249554433462
2023-03-27,TSLA,"Lots of chatter on TSLA today, could this mean fall?",112.56845981398098
2023-03-15,MSFT,"Investors are talking a lot about MSFT, big moves expected soon!",250.1534581332311
2023-01-25,MSFT,Market sentiment towards MSFT looks neutral these days.,253.14061648859337
2023-03-01,TSLA,"Investors are talking a lot about TSLA, big moves expected soon!",117.44346666505422
2023-02-17,AAPL,"Investors are talking a lot about AAPL, big moves expected soon!",137.2801814603673
2023-03-29,GOOGL,"GOOGL stock is drawing attention, traders are excited.",103.9596736554112
2023-01-05,GOOGL,"GOOGL stock is drawing attention, traders are neutral.",92.64791109768308
2023-02-27,GOOGL,Analysts believe GOOGL could fall after recent news.,89.16355432644994
2023-03-03,AAPL,Market sentiment towards AAPL looks bullish these days.,110.29145320597452
2023-03-10,TSLA,"TSLA outlook is excited, according to many investors.",112.5579038235086
2023-02-08,AMZN,"I'm excited on AMZN, price action has been interesting.",102.54447997838436
2023-02-28,AMZN,"AMZN outlook is worried, according to many investors.",93.1969107503963
2023-01-02,AMZN,"Lots of chatter on AMZN today, could this mean rise?",99.15698660075932
2023-02-23,TSLA,"Lots of chatter on TSLA today, could this mean breakout?",117.8074224945988
2023-01-24,AAPL,Analysts believe AAPL could dip after recent news.,137.1029273412097
2023-02-17,AMZN,Analysts believe AMZN could stabilize after recent news.,88.20236890604593
2023-03-06,GOOGL,Analysts believe GOOGL could rise after recent news.,94.90275914774982
2023-02-28,MSFT,The way MSFT has been performing makes me feel bearish.,256.3875940695456
2023-02-23,GOOGL,"Lots of chatter on GOOGL today, could this mean stabilize?",102.55376002955576
2023-03-09,AMZN,"AMZN outlook is bearish, according to many investors.",97.46193032884544
2023-03-28,MSFT,"Investors are talking a lot about MSFT, big moves expected soon!",250.1534581332311
2023-02-22,AAPL,"Lots of chatter on AAPL today, could this mean stabilize?",107.131740051138
2023-02-01,MSFT,"Lots of chatter on MSFT today, could this mean stabilize?",255.3793571324257
2023-01-31,AMZN,"AMZN outlook is bullish, according to many investors.",104.16824571467193
2023-01-05,TSLA,"TSLA stock is drawing attention, traders are neutral.",115.2987976598603
2023-03-09,AMZN,The way AMZN has been performing makes me feel bearish.,95.66659292425828
2023-03-23,GOOGL,"I'm worried on GOOGL, price action has been interesting.",98.31578314324582
2023-01-03,AMZN,"AMZN outlook is worried, according to many investors.",99.15285597194504
2023-03-09,MSFT,The way MSFT has been performing makes me feel worried.,241.70844629714003
2023-02-13,MSFT,"MSFT stock is drawing attention, traders are bearish.",250.1534581332311
2023-02-24,TSLA,Market sentiment towards TSLA looks neutral these days.,114.05624946250992
2023-03-08,AAPL,"AAPL outlook is bullish, according to many investors.",113.49521869298056
2023-03-13,TSLA,"I'm worried on TSLA, price action has been interesting.",116.2845051448232
2023-03-01,TSLA,"I'm bullish on TSLA, price action has been interesting.",112.41553111626052
2023-03-17,MSFT,"Investors are talking a lot about MSFT, big moves expected soon!",250.81557924919667
2023-03-09,AMZN,"Lots of chatter on AMZN today, could this mean fall?",90.59433197059629
2023-03-21,AMZN,"AMZN stock is drawing attention, traders are excited.",87.73786151172393
2023-01-20,AMZN,"I'm neutral on AMZN, price action has been interesting.",94.05128089966354
2023-02-07,AAPL,"AAPL outlook is worried, according to many investors.",127.1602184308493
2023-03-30,GOOGL,"GOOGL outlook is excited, according to many investors.",88.96571465313265
2023-02-10,TSLA,"TSLA stock is drawing attention, traders are neutral.",106.62247105921196
2023-02-20,AAPL,Analysts believe AAPL could stabilize after recent news.,109.49034777729648
2023-03-09,MSFT,"Lots of chatter on MSFT today, could this mean stabilize?",254.32432759160727
2023-03-17,GOOGL,"I'm excited on GOOGL, price action has been interesting.",88.08394296325406
2023-03-20,AMZN,"Lots of chatter on AMZN today, could this mean fall?",89.52899291686128
2023-03-02,GOOGL,"I'm worried on GOOGL, price action has been interesting.",95.3960924679492
2023-02-13,GOOGL,"I'm excited on GOOGL, price action has been interesting.",105.64779114122965
2023-03-22,TSLA,"Lots of chatter on TSLA today, could this mean breakout?",117.02897351719348
2023-03-15,AAPL,"I'm worried on AAPL, price action has been interesting.",105.5066884063496
2023-02-01,GOOGL,"Investors are talking a lot about GOOGL, big moves expected soon!",88.47249554433462
2023-02-08,AAPL,"Lots of chatter on AAPL today, could this mean breakout?",118.71118624893776
2023-01-23,AMZN,Analysts believe AMZN could fall after recent news.,102.54447997838436
2023-02-21,AMZN,Analysts believe AMZN could fall after recent news.,88.40501453588696
2023-01-30,TSLA,"Investors are talking a lot about TSLA, big moves expected soon!",112.56845981398098
2023-01-24,TSLA,"I'm neutral on TSLA, price action has been interesting.",113.86768673542504
2023-02-21,TSLA,"Lots of chatter on TSLA today, could this mean fall?",116.07381954596286
2023-01-26,AMZN,Analysts believe AMZN could stabilize after recent news.,91.53580168052092
2023-02-10,AAPL,"Lots of chatter on AAPL today, could this mean fall?",125.76285888857272
2023-03-03,AMZN,"AMZN stock is drawing attention, traders are neutral.",102.0264607185497
2023-01-25,AAPL,The way AAPL has been performing makes me feel worried.,110.111771602523
2023-03-28,GOOGL,"GOOGL stock is drawing attention, traders are bearish.",95.3960924679492
2023-02-20,AAPL,"AAPL outlook is excited, according to many investors.",113.49521869298056
2023-03-14,AMZN,Market sentiment towards AMZN looks neutral these days.,92.91152312861108
2023-01-26,AMZN,"AMZN outlook is worried, according to many investors.",100.86978418940626
2023-03-02,GOOGL,"Investors are talking a lot about GOOGL, big moves expected soon!",94.21294969027754
2023-01-10,AAPL,Analysts believe AAPL could dip after recent news.,108.82782091448937
2023-03-02,AAPL,The way AAPL has been performing makes me feel worried.,125.97266494499742
2023-02-16,MSFT,Analysts believe MSFT could fall after recent news.,254.5032139891401
2023-03-17,MSFT,Analysts believe MSFT could dip after recent news.,237.14084694017723
2023-01-13,GOOGL,Market sentiment towards GOOGL looks worried these days.,90.88980558179196
2023-02-28,AMZN,Market sentiment towards AMZN looks neutral these days.,96.7871295272007
2023-02-27,MSFT,"Investors are talking a lot about MSFT, big moves expected soon!",250.5556902998358
2023-01-13,AMZN,Analysts believe AMZN could breakout after recent news.,104.91895621571564
2023-01-13,MSFT,"MSFT outlook is excited, according to many investors.",251.33964010816825
2023-03-24,TSLA,Market sentiment towards TSLA looks worried these days.,114.73134936166689
2023-03-13,AMZN,"AMZN stock is drawing attention, traders are worried.",104.77329839040188
2023-01-30,GOOGL,Market sentiment towards GOOGL looks excited these days.,87.99793268801773
2023-01-11,AMZN,"Lots of chatter on AMZN today, could this mean fall?",95.66659292425828
2023-03-31,AMZN,"I'm bullish on AMZN, price action has been interesting.",89.90876724578159
2023-02-10,TSLA,"I'm excited on TSLA, price action has been interesting.",112.03579327914883
2023-03-09,AAPL,"AAPL outlook is bullish, according to many investors.",118.2733156103735
2023-01-12,AMZN,Market sentiment towards AMZN looks bearish these days.,96.7871295272007
2023-01-24,MSFT,"I'm worried on MSFT, price action has been interesting.",252.23778094824587
2023-03-22,AAPL,"Lots of chatter on AAPL today, could this mean stabilize?",113.49521869298056
2023-03-21,AAPL,"Investors are talking a lot about AAPL, big moves expected soon!",134.59002974325085
2023-03-28,TSLA,Analysts believe TSLA could fall after recent news.,112.56845981398098
2023-03-14,AMZN,"AMZN outlook is neutral, according to many investors.",91.89867313786772
2023-03-27,AMZN,"I'm bullish on AMZN, price action has been interesting.",89.07407304765302
2023-02-24,TSLA,The way TSLA has been performing makes me feel worried.,112.09895647004323
2023-02-22,GOOGL,"GOOGL outlook is bullish, according to many investors.",87.59981329687079
2023-03-01,MSFT,"Investors are talking a lot about MSFT, big moves expected soon!",251.4915430306843
2023-03-29,AMZN,"AMZN outlook is bearish, according to many investors.",93.89707748083532
2023-01-26,MSFT,"MSFT stock is drawing attention, traders are neutral.",252.2960828325226
2023-03-10,TSLA,The way TSLA has been performing makes me feel bearish.,112.5579038235086
2023-02-15,TSLA,The way TSLA has been performing makes me feel bullish.,114.45826765072462
2023-01-18,AMZN,Analysts believe AMZN could dip after recent news.,92.03902588070363
2023-03-28,AMZN,Analysts believe AMZN could breakout after recent news.,104.77329839040188
2023-03-01,GOOGL,"GOOGL outlook is worried, according to many investors.",98.14613905684384
2023-03-09,MSFT,"MSFT stock is drawing attention, traders are bearish.",239.65077902270352
2023-02-20,AMZN,"Lots of chatter on AMZN today, could this mean fall?",91.27015849190768
2023-01-13,TSLA,"TSLA outlook is worried, according to many investors.",112.56813073679352
2023-01-09,GOOGL,"GOOGL stock is drawing attention, traders are neutral.",86.67560634834425
2023-03-21,TSLA,Market sentiment towards TSLA looks neutral these days.,115.24796470827592
2023-01-02,GOOGL,The way GOOGL has been performing makes me feel bullish.,88.61815752840099
2023-03-22,AAPL,Analysts believe AAPL could dip after recent news.,108.10077741317558
2023-01-30,MSFT,"I'm neutral on MSFT, price action has been interesting.",241.70844629714003
2023-03-20,AMZN,Market sentiment towards AMZN looks bearish these days.,103.07971095426508
2023-01-27,GOOGL,The way GOOGL has been performing makes me feel bearish.,103.7271867384658
2023-03-16,MSFT,The way MSFT has been performing makes me feel bearish.,250.822460604913
2023-02-03,GOOGL,Analysts believe GOOGL could dip after recent news.,91.05294543696355
2023-02-08,AAPL,Analysts believe AAPL could breakout after recent news.,130.3104557300001
2023-01-06,AMZN,The way AMZN has been performing makes me feel excited.,93.1969107503963
2023-01-30,AMZN,Analysts believe AMZN could breakout after recent news.,91.89867313786772
2023-01-25,GOOGL,"Lots of chatter on GOOGL today, could this mean fall?",102.59576771282129
2023-03-07,MSFT,"Investors are talking a lot about MSFT, big moves expected soon!",258.7280582354071
2023-03-21,MSFT,"I'm bullish on MSFT, price action has been interesting.",247.8969090457618
2023-01-26,AMZN,"Investors are talking a lot about AMZN, big moves expected soon!",89.91119166002758
2023-03-31,AMZN,Market sentiment towards AMZN looks bullish these days.,92.91152312861108
2023-01-04,AMZN,"AMZN outlook is neutral, according to many investors.",104.63122613197449
2023-02-28,AAPL,"AAPL outlook is bullish, according to many investors.",130.3104557300001
2023-01-30,AMZN,"I'm neutral on AMZN, price action has been interesting.",99.72020146527116
2023-02-24,AMZN,Market sentiment towards AMZN looks neutral these days.,96.7871295272007
2023-02-03,AAPL,"Lots of chatter on AAPL today, could this mean rise?",110.48308955585064
2023-03-17,AAPL,"Lots of chatter on AAPL today, could this mean fall?",122.9133625161458
2023-03-14,AMZN,"Lots of chatter on AMZN today, could this mean fall?",95.66659292425828
2023-03-02,AAPL,Analysts believe AAPL could rise after recent news.,138.8150509186731
2023-03-20,TSLA,"TSLA outlook is bearish, according to many investors.",110.39484286163304
2023-03-17,MSFT,"Investors are talking a lot about MSFT, big moves expected soon!",237.8564216608738
2023-01-26,TSLA,Analysts believe TSLA could rise after recent news.,107.27266500661185
2023-01-10,AAPL,"Lots of chatter on AAPL today, could this mean stabilize?",111.4414380315412
2023-03-29,AMZN,Market sentiment towards AMZN looks worried these days.,88.40501453588696
2023-02-28,AMZN,"AMZN stock is drawing attention, traders are bearish.",88.40501453588696
2023-02-28,AMZN,"AMZN outlook is neutral, according to many investors.",101.29797167766668
2023-03-23,AAPL,"I'm worried on AAPL, price action has been interesting.",138.96122223397512
2023-01-27,TSLA,Analysts believe TSLA could dip after recent news.,113.63097571992164
2023-01-24,GOOGL,The way GOOGL has been performing makes me feel bearish.,103.92117866845123
2023-02-07,GOOGL,"GOOGL stock is drawing attention, traders are bullish.",92.6802413334508
2023-03-07,GOOGL,Analysts believe GOOGL could fall after recent news.,98.31578314324582
2023-01-03,AMZN,Market sentiment towards AMZN looks worried these days.,95.66659292425828
2023-03-29,MSFT,Market sentiment towards MSFT looks worried these days.,237.14084694017723
2023-03-28,AAPL,Market sentiment towards AAPL looks bearish these days.,107.20012142941276
2023-01-26,TSLA,"I'm worried on TSLA, price action has been interesting.",107.2196372557134
2023-01-24,GOOGL,The way GOOGL has been performing makes me feel bullish.,88.5494701524181
2023-02-23,AAPL,Analysts believe AAPL could rise after recent news.,119.29457374852431
2023-02-23,MSFT,The way MSFT has been performing makes me feel worried.,254.99352785022364
2023-02-20,AMZN,Market sentiment towards AMZN looks neutral these days.,103.97248096656855
2023-02-24,AMZN,"AMZN stock is drawing attention, traders are neutral.",100.86978418940626
2023-03-03,AMZN,The way AMZN has been performing makes me feel bullish.,89.01952805283034
2023-01-05,GOOGL,"Lots of chatter on GOOGL today, could this mean fall?",92.71093545880773
2023-02-03,AAPL,"Investors are talking a lot about AAPL, big moves expected soon!",137.2801814603673
2023-02-10,TSLA,"Investors are talking a lot about TSLA, big moves expected soon!",119.1874876554298
2023-02-09,MSFT,Analysts believe MSFT could stabilize after recent news.,250.1534581332311
2023-03-13,GOOGL,Analysts believe GOOGL could breakout after recent news.,86.49507571519749
2023-02-02,MSFT,"MSFT outlook is worried, according to many investors.",241.70844629714003
2023-01-19,MSFT,"Investors are talking a lot about MSFT, big moves expected soon!",254.5032139891401
2023-01-25,GOOGL,"I'm excited on GOOGL, price action has been interesting.",103.47505135285812
2023-02-28,TSLA,"I'm bearish on TSLA, price action has been interesting.",107.2196372557134
2023-03-21,AMZN,"AMZN stock is drawing attention, traders are bearish.",96.81313331095652
2023-01-17,GOOGL,"GOOGL stock is drawing attention, traders are excited.",91.54455366458208
2023-01-24,AMZN,"Lots of chatter on AMZN today, could this mean fall?",95.13276302912864
2023-02-10,MSFT,"I'm bullish on MSFT, price action has been interesting.",250.59121616293012
2023-02-01,TSLA,Analysts believe TSLA could stabilize after recent news.,115.81012322074378
2023-01-02,AMZN,"Lots of chatter on AMZN today, could this mean dip?",87.35981101659057
2023-02-14,AAPL,"AAPL outlook is worried, according to many investors.",113.49521869298056
2023-01-12,TSLA,"Investors are talking a lot about TSLA, big moves expected soon!",112.41553111626052
2023-01-20,TSLA,"Lots of chatter on TSLA today, could this mean stabilize?",117.8074224945988
2023-02-08,TSLA,"TSLA outlook is bullish, according to many investors.",117.2064150051684
2023-02-02,AMZN,Analysts believe AMZN could dip after recent news.,91.38099100541976
2023-03-24,AMZN,"I'm bearish on AMZN, price action has been interesting.",95.6829014695944
2023-02-17,AMZN,"AMZN stock is drawing attention, traders are bullish.",91.89867313786772
2023-02-07,GOOGL,"I'm neutral on GOOGL, price action has been interesting.",91.45167777496049
2023-01-27,TSLA,"I'm excited on TSLA, price action has been interesting.",117.44346666505422
2023-03-31,AAPL,"Investors are talking a lot about AAPL, big moves expected soon!",119.06991308610915
2023-03-09,AAPL,"AAPL outlook is bearish, according to many investors.",134.1217558293525
2023-01-02,MSFT,Market sentiment towards MSFT looks worried these days.,251.91478909246692
2023-01-13,MSFT,Market sentiment towards MSFT looks bullish these days.,253.93499282328747
2023-03-07,GOOGL,"GOOGL stock is drawing attention, traders are neutral.",89.75989832306075
2023-03-23,MSFT,"MSFT stock is drawing attention, traders are neutral.",253.93499282328747
2023-03-28,AMZN,"Investors are talking a lot about AMZN, big moves expected soon!",87.73786151172393
2023-01-25,AMZN,Analysts believe AMZN could stabilize after recent news.,89.91119166002758
2023-03-06,AAPL,Analysts believe AAPL could stabilize after recent news.,121.21232939349684
2023-02-14,AMZN,The way AMZN has been performing makes me feel bullish.,91.27015849190768
2023-02-07,TSLA,The way TSLA has been performing makes me feel bullish.,112.56845981398098
2023-01-25,MSFT,"Investors are talking a lot about MSFT, big moves expected soon!",256.36604823097264
2023-02-23,TSLA,"I'm excited on TSLA, price action has been interesting.",113.05383568799172
2023-03-09,AAPL,The way AAPL has been performing makes me feel excited.,111.12468071263706
2023-03-02,AMZN,Analysts believe AMZN could fall after recent news.,102.54447997838436
2023-03-16,GOOGL,"I'm bearish on GOOGL, price action has been interesting.",89.21135449552935
2023-02-16,AAPL,"I'm neutral on AAPL, price action has been interesting.",110.48308955585064
2023-02-20,AMZN,"Lots of chatter on AMZN today, could this mean breakout?",101.29797167766668
2023-01-25,GOOGL,Analysts believe GOOGL could fall after recent news.,91.54455366458208
2023-02-22,AMZN,"Investors are talking a lot about AMZN, big moves expected soon!",92.0357990874798
2023-03-23,MSFT,Analysts believe MSFT could fall after recent news.,239.3103700989465
2023-01-12,AAPL,"Investors are talking a lot about AAPL, big moves expected soon!",138.0343868483502
2023-03-13,MSFT,"Investors are talking a lot about MSFT, big moves expected soon!",240.4963585681164
2023-02-17,GOOGL,"Lots of chatter on GOOGL today, could this mean stabilize?",89.75989832306075
2023-01-06,AAPL,"AAPL outlook is bullish, according to many investors.",121.21232939349684
2023-01-19,GOOGL,The way GOOGL has been performing makes me feel worried.,88.77606573440579
2023-02-10,AMZN,Market sentiment towards AMZN looks worried these days.,99.19088779879525
2023-01-05,AAPL,"Lots of chatter on AAPL today, could this mean fall?",138.8150509186731
2023-02-23,GOOGL,"GOOGL outlook is excited, according to many investors.",88.08394296325406
2023-03-30,TSLA,"Lots of chatter on TSLA today, could this mean dip?",112.61449191231668
2023-02-03,GOOGL,"Lots of chatter on GOOGL today, could this mean fall?",86.2810077483177
2023-02-08,MSFT,"I'm worried on MSFT, price action has been interesting.",254.5032139891401
2023-01-31,TSLA,"Investors are talking a lot about TSLA, big moves expected soon!",112.41553111626052
2023-02-13,GOOGL,"GOOGL outlook is neutral, according to many investors.",92.6802413334508
2023-02-01,TSLA,"Lots of chatter on TSLA today, could this mean rise?",114.05624946250992
2023-03-08,AAPL,"Investors are talking a lot about AAPL, big moves expected soon!",118.69104280038302
2023-01-27,MSFT,"MSFT stock is drawing attention, traders are bullish.",239.65077902270352
2023-02-22,AAPL,"I'm bearish on AAPL, price action has been interesting.",119.74445509167056
2023-03-17,AMZN,"Lots of chatter on AMZN today, could this mean stabilize?",95.6829014695944
2023-01-02,GOOGL,The way GOOGL has been performing makes me feel neutral.,89.75989832306075
2023-01-10,GOOGL,"Investors are talking a lot about GOOGL, big moves expected soon!",91.42717056681614
2023-03-21,GOOGL,Market sentiment towards GOOGL looks bearish these days.,89.49577838191351
2023-01-17,AMZN,Market sentiment towards AMZN looks excited these days.,88.40501453588696
2023-01-06,AMZN,Analysts believe AMZN could stabilize after recent news.,88.92831195630367
2023-03-10,GOOGL,"I'm neutral on GOOGL, price action has been interesting.",88.99064207912718
2023-02-28,MSFT,The way MSFT has been performing makes me feel bullish.,251.4915430306843
2023-01-17,AAPL,Analysts believe AAPL could breakout after recent news.,109.4462456661918
2023-01-25,TSLA,Analysts believe TSLA could rise after recent news.,115.81012322074378
2023-01-24,GOOGL,The way GOOGL has been performing makes me feel neutral.,89.75989832306075
2023-03-28,MSFT,"Lots of chatter on MSFT today, could this mean stabilize?",250.81557924919667
2023-02-27,MSFT,"Investors are talking a lot about MSFT, big moves expected soon!",249.2035675109092
2023-02-16,AAPL,The way AAPL has been performing makes me feel bullish.,122.04644224651518
2023-03-03,AAPL,"I'm bullish on AAPL, price action has been interesting.",138.8150509186731
2023-03-22,AAPL,Analysts believe AAPL could rise after recent news.,119.29457374852431
2023-03-13,AAPL,"Investors are talking a lot about AAPL, big moves expected soon!",112.50905292656483
2023-02-16,MSFT,"MSFT outlook is bullish, according to many investors.",240.7706347594577
2023-03-02,MSFT,Market sentiment towards MSFT looks bullish these days.,249.2035675109092
2023-01-20,GOOGL,Analysts believe GOOGL could dip after recent news.,102.59576771282129
2023-03-10,AMZN,"I'm excited on AMZN, price action has been interesting.",87.9040288351952
2023-02-14,TSLA,"Investors are talking a lot about TSLA, big moves expected soon!",107.34009767559544
2023-01-04,AMZN,"AMZN stock is drawing attention, traders are excited.",98.80649412024268
2023-03-13,TSLA,"TSLA outlook is bearish, according to many investors.",115.15479892754824
2023-03-08,TSLA,"TSLA outlook is bearish, according to many investors.",117.26937252857788
2023-01-24,MSFT,Market sentiment towards MSFT looks worried these days.,256.36604823097264
2023-01-10,AAPL,Market sentiment towards AAPL looks bearish these days.,108.1772087535367
2023-01-18,MSFT,The way MSFT has been performing makes me feel neutral.,251.427817526324
2023-01-05,AAPL,"Lots of chatter on AAPL today, could this mean fall?",109.26212047440468
2023-01-13,GOOGL,"GOOGL outlook is excited, according to many investors.",92.60610790975478
2023-01-24,AAPL,"AAPL stock is drawing attention, traders are bullish.",135.05833649269752
2023-03-14,GOOGL,"GOOGL stock is drawing attention, traders are bearish.",86.01952659374552
2023-01-09,AMZN,"AMZN stock is drawing attention, traders are bearish.",100.05001650489336
2023-01-12,MSFT,"MSFT outlook is worried, according to many investors.",257.4091621014592
2023-01-30,GOOGL,"I'm bullish on GOOGL, price action has been interesting.",92.6802413334508
2023-02-02,AAPL,Market sentiment towards AAPL looks bullish these days.,113.98598608655568
2023-01-05,AAPL,"Investors are talking a lot about AAPL, big moves expected soon!",127.1602184308493
2023-02-02,TSLA,"Investors are talking a lot about TSLA, big moves expected soon!",114.57552560976502
2023-03-23,AAPL,"AAPL stock is drawing attention, traders are bearish.",129.1858806715181
2023-01-04,TSLA,"Lots of chatter on TSLA today, could this mean fall?",119.1874876554298
2023-02-24,GOOGL,"Lots of chatter on GOOGL today, could this mean dip?",88.63862365044015
2023-03-08,MSFT,The way MSFT has been performing makes me feel worried.,257.4091621014592
2023-03-16,MSFT,"MSFT outlook is worried, according to many investors.",240.67835092452796
2023-02-17,AMZN,"AMZN stock is drawing attention, traders are bullish.",88.40501453588696
2023-03-20,MSFT,"Lots of chatter on MSFT today, could this mean fall?",251.91478909246692
2023-02-24,AMZN,"AMZN stock is drawing attention, traders are excited.",93.1969107503963
2023-03-06,AMZN,"AMZN outlook is neutral, according to many investors.",95.6829014695944
2023-01-18,GOOGL,Analysts believe GOOGL could stabilize after recent news.,98.02708834472024
2023-02-07,TSLA,"TSLA outlook is bearish, according to many investors.",109.26821498594242
2023-01-09,GOOGL,The way GOOGL has been performing makes me feel excited.,88.96571465313265
2023-01-24,AAPL,"Lots of chatter on AAPL today, could this mean fall?",111.12468071263706
2023-02-20,AMZN,"AMZN stock is drawing attention, traders are excited.",86.26617635749504
2023-01-03,MSFT,"MSFT outlook is worried, according to many investors.",243.2516973040306
2023-03-14,TSLA,"Investors are talking a lot about TSLA, big moves expected soon!",110.39484286163304
2023-03-14,AAPL,"I'm worried on AAPL, price action has been interesting.",130.99342830602245
2023-03-01,GOOGL,The way GOOGL has been performing makes me feel bullish.,91.45167777496049
2023-01-31,AMZN,"AMZN outlook is worried, according to many investors.",102.54447997838436
2023-03-17,AMZN,"AMZN outlook is excited, according to many investors.",89.91119166002758
2023-03-24,AMZN,"Lots of chatter on AMZN today, could this mean fall?",97.46193032884544
2023-03-22,AMZN,"AMZN stock is drawing attention, traders are bearish.",87.31005948872884
2023-01-17,MSFT,"MSFT stock is drawing attention, traders are excited.",239.0029198870554
2023-02-23,MSFT,"Lots of chatter on MSFT today, could this mean rise?",251.55173693368533
2023-01-18,AMZN,"AMZN stock is drawing attention, traders are neutral.",96.81313331095652
2023-02-27,AAPL,"AAPL outlook is worried, according to many investors.",107.452609474386
2023-03-21,GOOGL,Market sentiment towards GOOGL looks bearish these days.,86.93710310368019
2023-03-15,AMZN,The way AMZN has been performing makes me feel excited.,100.05001650489336
2023-01-17,AAPL,"AAPL outlook is bearish, according to many investors.",121.18533494402097
2023-01-18,AMZN,"AMZN outlook is neutral, according to many investors.",87.9040288351952
2023-03-21,TSLA,Analysts believe TSLA could fall after recent news.,116.07381954596286
2023-02-24,MSFT,Market sentiment towards MSFT looks excited these days.,251.427817526324
2023-03-03,TSLA,Market sentiment towards TSLA looks bullish these days.,111.88185997100378
2023-02-17,TSLA,Analysts believe TSLA could fall after recent news.,107.34009767559544
2023-01-04,AMZN,Market sentiment towards AMZN looks bullish these days.,89.01952805283034
2023-01-06,GOOGL,"GOOGL outlook is neutral, according to many investors.",102.55376002955576
2023-01-16,AAPL,"Lots of chatter on AAPL today, could this mean rise?",108.1772087535367
2023-03-20,MSFT,Market sentiment towards MSFT looks bullish these days.,250.7110413556572
2023-01-13,TSLA,Market sentiment towards TSLA looks bullish these days.,107.74149530735816
2023-02-16,AAPL,"I'm bullish on AAPL, price action has been interesting.",138.8150509186731
2023-02-13,MSFT,"MSFT outlook is neutral, according to many investors.",252.826821580197
2023-02-27,MSFT,"MSFT outlook is bearish, according to many investors.",253.93499282328747
2023-03-29,AAPL,"AAPL stock is drawing attention, traders are bullish.",111.4414380315412
2023-02-14,MSFT,Analysts believe MSFT could fall after recent news.,252.826821580197
2023-01-27,TSLA,The way TSLA has been performing makes me feel excited.,116.2845051448232
2023-03-21,AMZN,Market sentiment towards AMZN looks neutral these days.,99.19088779879525
2023-03-10,AMZN,"Investors are talking a lot about AMZN, big moves expected soon!",94.0224726042693
2023-02-03,AAPL,"I'm neutral on AAPL, price action has been interesting.",107.33061285234297
2023-01-17,GOOGL,"I'm neutral on GOOGL, price action has been interesting.",86.89961556713949
2023-02-23,TSLA,Market sentiment towards TSLA looks bearish these days.,117.8074224945988
2023-01-24,GOOGL,"Lots of chatter on GOOGL today, could this mean fall?",86.67560634834425
2023-03-03,AMZN,Analysts believe AMZN could breakout after recent news.,99.15285597194504
2023-01-16,MSFT,Market sentiment towards MSFT looks bearish these days.,250.822460604913
2023-02-01,GOOGL,"GOOGL outlook is excited, according to many investors.",89.16355432644994
2023-02-22,TSLA,"Investors are talking a lot about TSLA, big moves expected soon!",119.1874876554298
2023-01-03,TSLA,"I'm bullish on TSLA, price action has been interesting.",106.13694076891493
2023-02-21,MSFT,"Investors are talking a lot about MSFT, big moves expected soon!",250.1534581332311
2023-03-09,AMZN,"Investors are talking a lot about AMZN, big moves expected soon!",93.89707748083532
2023-03-14,TSLA,"TSLA outlook is worried, according to many investors.",114.80657640380984
2023-02-15,AAPL,"I'm neutral on AAPL, price action has been interesting.",127.1602184308493
2023-01-31,MSFT,"I'm bearish on MSFT, price action has been interesting.",249.41390927844947
2023-01-06,MSFT,"Investors are talking a lot about MSFT, big moves expected soon!",240.7706347594577
2023-01-25,AMZN,"AMZN outlook is neutral, according to many investors.",92.14327842542612
2023-02-22,TSLA,"Investors are talking a lot about TSLA, big moves expected soon!",111.11020743720992
2023-02-21,GOOGL,"GOOGL stock is drawing attention, traders are excited.",89.75989832306075
2023-03-30,AMZN,"Lots of chatter on AMZN today, could this mean stabilize?",90.85837652129794
2023-01-13,TSLA,"Lots of chatter on TSLA today, could this mean rise?",115.15479892754824
2023-02-28,TSLA,"I'm excited on TSLA, price action has been interesting.",110.07817504102144
2023-03-08,MSFT,"I'm bullish on MSFT, price action has been interesting.",254.32432759160727
2023-03-02,GOOGL,"Investors are talking a lot about GOOGL, big moves expected soon!",88.41417458413825
2023-01-23,MSFT,"Lots of chatter on MSFT today, could this mean fall?",252.34772443328157
2023-03-16,GOOGL,"GOOGL stock is drawing attention, traders are bullish.",89.82595353728257
2023-02-17,AAPL,"Investors are talking a lot about AAPL, big moves expected soon!",110.48308955585064
2023-02-08,TSLA,Market sentiment towards TSLA looks excited these days.,115.11576987004398
2023-01-03,TSLA,Analysts believe TSLA could fall after recent news.,115.2987976598603
2023-01-18,MSFT,"Investors are talking a lot about MSFT, big moves expected soon!",239.0029198870554
2023-02-27,AAPL,"Lots of chatter on AAPL today, could this mean stabilize?",121.82459706709544
2023-03-23,TSLA,"TSLA stock is drawing attention, traders are neutral.",112.09895647004323
2023-03-15,TSLA,"Lots of chatter on TSLA today, could this mean stabilize?",112.09895647004323
2023-03-03,AAPL,Analysts believe AAPL could fall after recent news.,110.29145320597452
2023-01-27,TSLA,The way TSLA has been performing makes me feel excited.,111.11020743720992
2023-02-02,GOOGL,"GOOGL stock is drawing attention, traders are excited.",88.5494701524181
2023-03-27,AAPL,"AAPL stock is drawing attention, traders are bearish.",109.09848629545628
2023-03-22,TSLA,"TSLA stock is drawing attention, traders are bearish.",117.21422940849848
2023-02-07,TSLA,"I'm excited on TSLA, price action has been interesting.",108.4269243404117
2023-02-06,MSFT,"MSFT outlook is neutral, according to many investors.",239.0029198870554
2023-01-10,GOOGL,"Lots of chatter on GOOGL today, could this mean dip?",92.6802413334508
2023-02-28,MSFT,Market sentiment towards MSFT looks bullish these days.,254.97225513830807
2023-03-07,MSFT,"MSFT stock is drawing attention, traders are bearish.",253.8537717711724
2023-03-15,AAPL,"Lots of chatter on AAPL today, could this mean stabilize?",123.14805754232684
2023-03-23,AAPL,"Lots of chatter on AAPL today, could this mean rise?",137.8761021468032
2023-02-22,TSLA,Market sentiment towards TSLA looks neutral these days.,117.26937252857788
2023-03-15,GOOGL,"GOOGL outlook is worried, according to many investors.",91.05294543696355
2023-01-20,GOOGL,Analysts believe GOOGL could breakout after recent news.,95.3960924679492
2023-02-06,AMZN,"Investors are talking a lot about AMZN, big moves expected soon!",88.40501453588696
2023-03-08,TSLA,Analysts believe TSLA could stabilize after recent news.,112.62746341532046
2023-01-26,MSFT,"MSFT outlook is bullish, according to many investors.",250.59121616293012
2023-01-12,TSLA,Market sentiment towards TSLA looks worried these days.,110.07817504102144
2023-03-30,GOOGL,The way GOOGL has been performing makes me feel excited.,96.66495044526977
2023-03-16,AAPL,"Lots of chatter on AAPL today, could this mean dip?",138.8150509186731
2023-03-13,AMZN,Market sentiment towards AMZN looks bullish these days.,95.13276302912864
2023-02-23,AMZN,Analysts believe AMZN could dip after recent news.,99.15698660075932
2023-01-05,AMZN,"AMZN outlook is bearish, according to many investors.",89.07407304765302
2023-01-04,AMZN,"I'm bullish on AMZN, price action has been interesting.",103.97248096656855
2023-03-30,MSFT,The way MSFT has been performing makes me feel bearish.,254.32432759160727
2023-02-09,AAPL,"Lots of chatter on AAPL today, could this mean breakout?",122.04644224651518
2023-01-16,AMZN,"AMZN outlook is neutral, according to many investors.",95.6829014695944
2023-03-22,AAPL,Analysts believe AAPL could dip after recent news.,130.7168997036801
2023-02-07,AMZN,"I'm neutral on AMZN, price action has been interesting.",88.20236890604593
2023-01-30,AMZN,"Lots of chatter on AMZN today, could this mean rise?",90.969526103566
2023-02-23,AMZN,"AMZN stock is drawing attention, traders are neutral.",99.15285597194504
2023-03-06,MSFT,"I'm excited on MSFT, price action has been interesting.",251.4915430306843
2023-02-20,AAPL,Market sentiment towards AAPL looks excited these days.,113.98598608655568
2023-03-31,AAPL,"AAPL outlook is bullish, according to many investors.",109.49034777729648
2023-03-29,AAPL,"I'm bearish on AAPL, price action has been interesting.",107.20012142941276
2023-02-17,MSFT,Analysts believe MSFT could breakout after recent news.,250.0364394129566
2023-02-13,AMZN,"AMZN stock is drawing attention, traders are bearish.",87.73786151172393
2023-02-08,TSLA,"Investors are talking a lot about TSLA, big moves expected soon!",109.26821498594242
2023-01-02,TSLA,"TSLA stock is drawing attention, traders are bullish.",115.15479892754824
2023-02-03,GOOGL,"Lots of chatter on GOOGL today, could this mean fall?",88.77606573440579
2023-03-01,AAPL,Analysts believe AAPL could breakout after recent news.,118.69104280038302
2023-03-29,AMZN,"I'm worried on AMZN, price action has been interesting.",91.38099100541976
2023-03-13,GOOGL,"GOOGL outlook is neutral, according to many investors.",102.59576771282129
2023-01-03,TSLA,"I'm worried on TSLA, price action has been interesting.",114.73134936166689
2023-03-30,MSFT,Analysts believe MSFT could dip after recent news.,255.4070691205143
2023-01-12,MSFT,"Investors are talking a lot about MSFT, big moves expected soon!",249.71601303957576
2023-01-03,TSLA,"I'm excited on TSLA, price action has been interesting.",115.2769394274327
2023-02-16,AMZN,Analysts believe AMZN could dip after recent news.,89.65641888629835
2023-03-24,AMZN,The way AMZN has been performing makes me feel worried.,104.91895621571564
2023-03-27,TSLA,"Investors are talking a lot about TSLA, big moves expected soon!",112.484954655671
2023-02-13,AMZN,"Investors are talking a lot about AMZN, big moves expected soon!",103.07971095426508
2023-01-13,MSFT,"I'm neutral on MSFT, price action has been interesting.",241.70844629714003
2023-02-20,GOOGL,The way GOOGL has been performing makes me feel bearish.,96.66495044526977
2023-03-09,TSLA,"TSLA outlook is excited, according to many investors.",113.86768673542504
2023-03-09,TSLA,Market sentiment towards TSLA looks neutral these days.,112.56845981398098
2023-01-04,AAPL,"AAPL stock is drawing attention, traders are worried.",107.452609474386
2023-01-06,TSLA,"Investors are talking a lot about TSLA, big moves expected soon!",115.2769394274327
2023-03-27,AAPL,"Lots of chatter on AAPL today, could this mean fall?",134.1217558293525
2023-02-06,AAPL,"Lots of chatter on AAPL today, could this mean stabilize?",138.0343868483502
2023-01-06,TSLA,"I'm excited on TSLA, price action has been interesting.",114.05624946250992
2023-01-20,AMZN,Market sentiment towards AMZN looks bullish these days.,96.7871295272007
2023-01-23,AMZN,"Investors are talking a lot about AMZN, big moves expected soon!",89.09791095488092
2023-01-02,TSLA,"Investors are talking a lot about TSLA, big moves expected soon!",117.44346666505422
2023-01-23,TSLA,Analysts believe TSLA could stabilize after recent news.,115.81012322074378
2023-02-21,TSLA,"TSLA outlook is excited, according to many investors.",119.1874876554298
2023-01-04,AAPL,"Lots of chatter on AAPL today, could this mean fall?",127.78871309603984
2023-03-14,AMZN,"AMZN outlook is neutral, according to many investors.",93.89707748083532
2023-03-07,AMZN,"AMZN stock is drawing attention, traders are excited.",102.0264607185497
2023-01-18,AMZN,"AMZN outlook is excited, according to many investors.",87.73786151172393
2023-03-17,AAPL,Analysts believe AAPL could dip after recent news.,113.98598608655568
2023-01-30,TSLA,"TSLA stock is drawing attention, traders are bearish.",116.07381954596286
2023-03-16,TSLA,"I'm neutral on TSLA, price action has been interesting.",113.05383568799172
2023-02-07,TSLA,"TSLA outlook is bearish, according to many investors.",115.44975062951112
2023-02-22,GOOGL,Analysts believe GOOGL could dip after recent news.,107.65982590422904
2023-03-22,AMZN,Market sentiment towards AMZN looks bullish these days.,91.27015849190768
2023-03-28,AMZN,Market sentiment towards AMZN looks worried these days.,99.19088779879525
2023-03-06,TSLA,"Lots of chatter on TSLA today, could this mean dip?",113.86768673542504
2023-01-16,TSLA,"TSLA outlook is bullish, according to many investors.",115.11576987004398
2023-01-11,GOOGL,The way GOOGL has been performing makes me feel bullish.,86.89961556713949
2023-03-30,MSFT,Market sentiment towards MSFT looks excited these days.,240.4963585681164
2023-01-30,AAPL,Analysts believe AAPL could dip after recent news.,107.89910165451091
2023-03-29,TSLA,"TSLA stock is drawing attention, traders are neutral.",115.62556751982744
2023-03-30,AAPL,"AAPL stock is drawing attention, traders are bearish.",135.05833649269752
2023-01-27,TSLA,"Investors are talking a lot about TSLA, big moves expected soon!",114.00855815065005
2023-01-11,GOOGL,"GOOGL outlook is bullish, according to many investors.",86.67560634834425
2023-03-22,GOOGL,"GOOGL outlook is bullish, according to many investors.",91.45167777496049
2023-03-06,AMZN,Analysts believe AMZN could dip after recent news.,96.81313331095652
2023-02-13,AAPL,"Lots of chatter on AAPL today, could this mean rise?",130.3104557300001
2023-01-12,TSLA,"TSLA stock is drawing attention, traders are bearish.",111.44355272501969
2023-01-20,GOOGL,"GOOGL stock is drawing attention, traders are excited.",94.4673967412954
2023-02-06,MSFT,"I'm neutral on MSFT, price action has been interesting.",250.5556902998358
2023-01-13,MSFT,Analysts believe MSFT could breakout after recent news.,251.4915430306843
2023-02-09,AAPL,"Investors are talking a lot about AAPL, big moves expected soon!",109.49034777729648
2023-02-20,AMZN,Market sentiment towards AMZN looks bullish these days.,86.26617635749504
2023-02-21,TSLA,The way TSLA has been performing makes me feel worried.,117.26937252857788
2023-02-01,AMZN,The way AMZN has been performing makes me feel bearish.,94.0224726042693
2023-02-27,MSFT,"I'm excited on MSFT, price action has been interesting.",240.4963585681164
2023-02-08,AAPL,"Lots of chatter on AAPL today, could this mean fall?",129.1858806715181
2023-03-08,AMZN,Market sentiment towards AMZN looks bullish these days.,103.97248096656855
2023-02-22,AAPL,The way AAPL has been performing makes me feel bearish.,133.76029139502614
2023-02-13,GOOGL,"I'm excited on GOOGL, price action has been interesting.",91.05294543696355
2023-01-19,TSLA,"TSLA stock is drawing attention, traders are excited.",115.62556751982744
2023-02-09,TSLA,Analysts believe TSLA could stabilize after recent news.,115.11576987004398
2023-03-13,TSLA,"TSLA outlook is worried, according to many investors.",112.484954655671
2023-03-09,AAPL,"Investors are talking a lot about AAPL, big moves expected soon!",127.1602184308493
2023-03-01,AAPL,"Investors are talking a lot about AAPL, big moves expected soon!",133.76029139502614
2023-01-06,TSLA,"Investors are talking a lot about TSLA, big moves expected soon!",120.86505772800692
2023-02-28,AMZN,"AMZN stock is drawing attention, traders are neutral.",97.46193032884544
2023-01-10,MSFT,"I'm excited on MSFT, price action has been interesting.",252.19675275701448
2023-02-28,MSFT,"MSFT stock is drawing attention, traders are neutral.",252.826821580197
2023-02-20,TSLA,"I'm excited on TSLA, price action has been interesting.",116.27312227613815
2023-02-07,AAPL,Market sentiment towards AAPL looks bullish these days.,118.71118624893776
2023-03-22,MSFT,"MSFT stock is drawing attention, traders are bearish.",237.14084694017723
2023-03-06,AMZN,The way AMZN has been performing makes me feel bearish.,92.1193968628654
2023-02-03,TSLA,The way TSLA has been performing makes me feel excited.,115.11576987004398
2023-02-07,MSFT,"I'm worried on MSFT, price action has been interesting.",249.2035675109092
2023-01-02,GOOGL,The way GOOGL has been performing makes me feel neutral.,92.71093545880773
2023-02-28,TSLA,"I'm neutral on TSLA, price action has been interesting.",105.8143693455829
2023-03-14,GOOGL,"Lots of chatter on GOOGL today, could this mean fall?",92.6802413334508
2023-02-03,AMZN,"Investors are talking a lot about AMZN, big moves expected soon!",92.03902588070363
2023-03-16,TSLA,"Investors are talking a lot about TSLA, big moves expected soon!",115.15479892754824
2023-01-09,AMZN,"I'm bearish on AMZN, price action has been interesting.",105.88256082750448
2023-03-22,GOOGL,"Lots of chatter on GOOGL today, could this mean rise?",94.4673967412954
2023-03-15,AMZN,"Investors are talking a lot about AMZN, big moves expected soon!",89.29757967336829
2023-03-22,GOOGL,The way GOOGL has been performing makes me feel worried.,89.82595353728257
2023-01-03,AMZN,"AMZN stock is drawing attention, traders are worried.",99.15698660075932
2023-01-31,AMZN,"AMZN outlook is bearish, according to many investors.",91.89867313786772
2023-02-21,GOOGL,"GOOGL outlook is excited, according to many investors.",88.96571465313265
2023-01-27,MSFT,"MSFT outlook is bullish, according to many investors.",254.99352785022364
2023-02-02,AMZN,"AMZN stock is drawing attention, traders are excited.",94.05128089966354
2023-03-31,TSLA,"Investors are talking a lot about TSLA, big moves expected soon!",107.2196372557134
2023-03-31,AAPL,The way AAPL has been performing makes me feel neutral.,107.452609474386
2023-01-02,GOOGL,Market sentiment towards GOOGL looks excited these days.,92.6802413334508
2023-01-04,AMZN,"AMZN stock is drawing attention, traders are neutral.",89.29757967336829
2023-03-06,AAPL,Market sentiment towards AAPL looks excited these days.,110.97868978511146
2023-03-17,TSLA,The way TSLA has been performing makes me feel excited.,116.27312227613815
2023-03-30,AMZN,The way AMZN has been performing makes me feel neutral.,87.73786151172393
2023-03-03,MSFT,"I'm excited on MSFT, price action has been interesting.",252.19675275701448
2023-02-06,MSFT,Market sentiment towards MSFT looks bearish these days.,238.6207084882862
2023-03-31,AAPL,"Investors are talking a lot about AAPL, big moves expected soon!",108.10077741317558
2023-02-02,AMZN,"Lots of chatter on AMZN today, could this mean fall?",104.91895621571564
2023-02-17,AMZN,"Lots of chatter on AMZN today, could this mean stabilize?",98.96940265756044
2023-02-02,MSFT,The way MSFT has been performing makes me feel excited.,255.5921656362433
2023-02-08,TSLA,"Lots of chatter on TSLA today, could this mean breakout?",115.2769394274327
2023-01-23,GOOGL,The way GOOGL has been performing makes me feel worried.,103.7271867384658
2023-03-23,AMZN,"Investors are talking a lot about AMZN, big moves expected soon!",89.65641888629835
2023-03-16,AMZN,"AMZN outlook is bearish, according to many investors.",91.27015849190768
2023-01-23,MSFT,The way MSFT has been performing makes me feel excited.,254.8222399169049
2023-01-20,TSLA,"TSLA outlook is bullish, according to many investors.",106.62247105921196
2023-01-16,AAPL,"AAPL outlook is excited, according to many investors.",110.111771602523
2023-03-31,TSLA,Market sentiment towards TSLA looks excited these days.,112.484954655671
2023-03-01,AAPL,"AAPL stock is drawing attention, traders are neutral.",119.74445509167056
2023-01-18,AAPL,"I'm worried on AAPL, price action has been interesting.",110.48308955585064
2023-01-13,MSFT,Market sentiment towards MSFT looks bearish these days.,247.8969090457618
2023-02-27,MSFT,Market sentiment towards MSFT looks bullish these days.,254.5032139891401
2023-03-10,AAPL,"Investors are talking a lot about AAPL, big moves expected soon!",129.1858806715181
2023-03-23,AMZN,"Investors are talking a lot about AMZN, big moves expected soon!",94.0224726042693
2023-02-23,AAPL,Market sentiment towards AAPL looks worried these days.,130.99342830602245
2023-01-04,GOOGL,Market sentiment towards GOOGL looks bearish these days.,90.88980558179196
2023-01-10,AAPL,"Lots of chatter on AAPL today, could this mean breakout?",122.9133625161458
2023-03-09,AMZN,The way AMZN has been performing makes me feel excited.,95.66659292425828
2023-02-06,AAPL,"I'm bullish on AAPL, price action has been interesting.",111.4414380315412
2023-02-15,GOOGL,Analysts believe GOOGL could breakout after recent news.,91.54455366458208
2023-03-08,GOOGL,The way GOOGL has been performing makes me feel excited.,86.89961556713949
2023-01-03,AAPL,"Lots of chatter on AAPL today, could this mean dip?",109.26212047440468
2023-02-14,TSLA,"TSLA outlook is bullish, according to many investors.",117.8074224945988
2023-01-05,TSLA,"Investors are talking a lot about TSLA, big moves expected soon!",112.61449191231668
2023-01-27,TSLA,Analysts believe TSLA could rise after recent news.,105.8143693455829
2023-02-20,TSLA,"I'm neutral on TSLA, price action has been interesting.",117.8074224945988
2023-02-14,MSFT,Analysts believe MSFT could stabilize after recent news.,241.70844629714003
2023-02-08,TSLA,"Lots of chatter on TSLA today, could this mean fall?",106.13694076891493
2023-01-02,MSFT,"MSFT stock is drawing attention, traders are worried.",253.22305341902452
2023-03-24,AMZN,The way AMZN has been performing makes me feel bearish.,92.14327842542612
2023-03-20,GOOGL,"Investors are talking a lot about GOOGL, big moves expected soon!",86.2810077483177
2023-02-17,AAPL,"Investors are talking a lot about AAPL, big moves expected soon!",109.26212047440468
2023-02-10,GOOGL,"GOOGL stock is drawing attention, traders are bullish.",86.79749893370014
2023-03-16,AMZN,"AMZN stock is drawing attention, traders are worried.",93.1969107503963
2023-02-20,AAPL,"AAPL outlook is excited, according to many investors.",125.97266494499742
2023-03-17,TSLA,The way TSLA has been performing makes me feel neutral.,114.45826765072462
2023-03-22,AAPL,Analysts believe AAPL could fall after recent news.,112.50905292656483
2023-03-31,MSFT,"Lots of chatter on MSFT today, could this mean dip?",252.23778094824587
2023-03-13,GOOGL,Analysts believe GOOGL could dip after recent news.,98.31578314324582
2023-01-31,GOOGL,"I'm neutral on GOOGL, price action has been interesting.",87.59981329687079
2023-03-15,TSLA,"Lots of chatter on TSLA today, could this mean fall?",106.62247105921196
2023-02-20,AAPL,"I'm bullish on AAPL, price action has been interesting.",138.8150509186731
2023-02-20,AAPL,Analysts believe AAPL could breakout after recent news.,119.06991308610915
2023-03-14,TSLA,"I'm neutral on TSLA, price action has been interesting.",114.00855815065005
2023-03-15,GOOGL,"I'm bearish on GOOGL, price action has been interesting.",88.77606573440579
2023-03-10,AMZN,"AMZN stock is drawing attention, traders are bearish.",90.59433197059629
2023-02-27,AAPL,The way AAPL has been performing makes me feel bullish.,137.58685188434174
2023-01-25,GOOGL,"GOOGL stock is drawing attention, traders are excited.",98.14613905684384
2023-01-31,MSFT,"I'm worried on MSFT, price action has been interesting.",250.822460604913
2023-01-30,GOOGL,"Lots of chatter on GOOGL today, could this mean dip?",88.41417458413825
2023-03-02,MSFT,"Lots of chatter on MSFT today, could this mean breakout?",256.36604823097264
2023-03-07,GOOGL,"GOOGL stock is drawing attention, traders are excited.",103.7271867384658
2023-02-23,AMZN,"Lots of chatter on AMZN today, could this mean rise?",88.7885138526433
2023-02-09,AAPL,"AAPL outlook is excited, according to many investors.",108.1772087535367
2023-03-16,AAPL,"I'm excited on AAPL, price action has been interesting.",121.82459706709544
2023-01-24,GOOGL,Market sentiment towards GOOGL looks neutral these days.,105.64779114122965
2023-03-24,TSLA,"I'm excited on TSLA, price action has been interesting.",117.21422940849848
2023-02-13,AMZN,"AMZN stock is drawing attention, traders are bearish.",90.55289027819296
2023-03-09,AMZN,"Lots of chatter on AMZN today, could this mean stabilize?",95.6829014695944
2023-01-03,TSLA,"I'm bearish on TSLA, price action has been interesting.",112.09895647004323
2023-03-08,GOOGL,"GOOGL stock is drawing attention, traders are neutral.",88.96571465313265
2023-01-19,TSLA,"I'm neutral on TSLA, price action has been interesting.",112.61449191231668
2023-03-23,TSLA,"Investors are talking a lot about TSLA, big moves expected soon!",117.21422940849848
2023-03-22,MSFT,"MSFT outlook is bullish, according to many investors.",240.67835092452796
2023-03-22,MSFT,"I'm bullish on MSFT, price action has been interesting.",249.71601303957576
2023-03-13,AAPL,"AAPL stock is drawing attention, traders are bullish.",120.71500291031556
2023-01-03,GOOGL,Analysts believe GOOGL could stabilize after recent news.,86.29183002409107
2023-02-27,AAPL,Analysts believe AAPL could rise after recent news.,130.99342830602245
2023-01-23,MSFT,"MSFT stock is drawing attention, traders are bullish.",255.5921656362433
2023-01-05,AMZN,"AMZN outlook is neutral, according to many investors.",93.1969107503963
2023-01-17,AAPL,"I'm bearish on AAPL, price action has been interesting.",127.1602184308493
2023-02-09,TSLA,"TSLA stock is drawing attention, traders are excited.",117.21422940849848
2023-01-10,AMZN,"Lots of chatter on AMZN today, could this mean breakout?",104.63122613197449
2023-01-19,TSLA,Market sentiment towards TSLA looks worried these days.,117.8074224945988
2023-01-17,TSLA,"TSLA stock is drawing attention, traders are excited.",112.62746341532046
2023-01-06,TSLA,"TSLA stock is drawing attention, traders are bearish.",114.45826765072462
2023-02-14,TSLA,"Lots of chatter on TSLA today, could this mean fall?",113.63097571992164
2023-03-01,AAPL,"Investors are talking a lot about AAPL, big moves expected soon!",107.33061285234297
2023-03-03,MSFT,"Investors are talking a lot about MSFT, big moves expected soon!",251.24849642836065
2023-01-12,TSLA,"TSLA outlook is neutral, according to many investors.",114.45826765072462
2023-03-09,MSFT,"Lots of chatter on MSFT today, could this mean stabilize?",250.9171170147616
2023-02-15,AAPL,The way AAPL has been performing makes me feel bearish.,130.3104557300001
2023-01-25,GOOGL,"Lots of chatter on GOOGL today, could this mean dip?",99.9428024152471
2023-01-12,TSLA,Market sentiment towards TSLA looks bullish these days.,112.56813073679352
2023-03-28,AMZN,"AMZN stock is drawing attention, traders are bullish.",91.27015849190768
2023-03-21,GOOGL,"GOOGL stock is drawing attention, traders are bullish.",90.88980558179196
2023-02-09,AAPL,The way AAPL has been performing makes me feel neutral.,108.82782091448937
2023-02-03,GOOGL,Analysts believe GOOGL could fall after recent news.,88.47249554433462
2023-01-20,AMZN,"I'm worried on AMZN, price action has been interesting.",99.46017888956618
2023-01-09,GOOGL,"GOOGL outlook is bearish, according to many investors.",91.45167777496049
2023-02-28,MSFT,Market sentiment towards MSFT looks bullish these days.,254.32432759160727
2023-02-09,MSFT,Market sentiment towards MSFT looks bearish these days.,249.41390927844947
2023-01-05,MSFT,"Investors are talking a lot about MSFT, big moves expected soon!",256.9250075615008
2023-03-21,AAPL,Market sentiment towards AAPL looks bearish these days.,121.18533494402097
2023-03-09,GOOGL,"Lots of chatter on GOOGL today, could this mean breakout?",102.55376002955576
2023-03-02,TSLA,Market sentiment towards TSLA looks excited these days.,112.56813073679352
2023-01-19,GOOGL,Market sentiment towards GOOGL looks excited these days.,92.84076267637236
2023-01-04,AMZN,"Lots of chatter on AMZN today, could this mean rise?",94.05128089966354
2023-03-28,TSLA,"Lots of chatter on TSLA today, could this mean dip?",112.71248005714163
2023-03-30,GOOGL,The way GOOGL has been performing makes me feel worried.,103.3391401422243
2023-03-03,MSFT,Market sentiment towards MSFT looks bullish these days.,255.5921656362433
2023-03-22,TSLA,"Investors are talking a lot about TSLA, big moves expected soon!",111.44355272501969
2023-01-27,MSFT,"MSFT stock is drawing attention, traders are worried.",258.7280582354071
2023-03-22,GOOGL,"GOOGL stock is drawing attention, traders are bearish.",105.64779114122965
2023-03-21,TSLA,"Lots of chatter on TSLA today, could this mean dip?",112.26658190056602
2023-03-14,TSLA,"TSLA stock is drawing attention, traders are bullish.",106.62247105921196
2023-02-21,TSLA,Market sentiment towards TSLA looks worried these days.,117.44346666505422
2023-01-11,AAPL,The way AAPL has been performing makes me feel bearish.,125.62780247919687
2023-03-02,MSFT,Analysts believe MSFT could fall after recent news.,254.3746539509492
2023-01-06,MSFT,The way MSFT has been performing makes me feel neutral.,250.4815684727234
2023-02-13,GOOGL,"I'm excited on GOOGL, price action has been interesting.",91.45167777496049
2023-03-03,TSLA,"TSLA outlook is neutral, according to many investors.",115.2987976598603
2023-01-12,AAPL,"I'm bullish on AAPL, price action has been interesting.",129.1858806715181
2023-02-14,TSLA,Market sentiment towards TSLA looks worried these days.,112.3638206700515
2023-02-15,GOOGL,"GOOGL stock is drawing attention, traders are worried.",88.61815752840099
2023-02-10,TSLA,"TSLA stock is drawing attention, traders are bullish.",111.44355272501969
2023-02-09,AMZN,"Investors are talking a lot about AMZN, big moves expected soon!",89.52899291686128
2023-01-04,AMZN,"Lots of chatter on AMZN today, could this mean fall?",104.16824571467193
2023-03-21,TSLA,"Investors are talking a lot about TSLA, big moves expected soon!",112.71248005714163
2023-02-10,MSFT,The way MSFT has been performing makes me feel bullish.,254.8222399169049
2023-01-12,GOOGL,Market sentiment towards GOOGL looks worried these days.,105.64779114122965
2023-02-06,AAPL,"I'm bearish on AAPL, price action has been interesting.",111.12468071263706
2023-01-03,AMZN,The way AMZN has been performing makes me feel bullish.,91.53580168052092
2023-03-28,AAPL,Analysts believe AAPL could stabilize after recent news.,112.50905292656483
2023-01-04,MSFT,"Lots of chatter on MSFT today, could this mean rise?",252.19675275701448
2023-03-06,TSLA,Analysts believe TSLA could fall after recent news.,114.80657640380984
2023-02-03,AAPL,Analysts believe AAPL could breakout after recent news.,138.96122223397512
2023-03-13,TSLA,Analysts believe TSLA could breakout after recent news.,117.02897351719348
2023-01-18,MSFT,"Investors are talking a lot about MSFT, big moves expected soon!",255.4070691205143
2023-03-02,MSFT,"MSFT outlook is worried, according to many investors.",250.7110413556572
2023-02-17,MSFT,The way MSFT has been performing makes me feel excited.,257.8609798488129
2023-03-17,MSFT,"I'm excited on MSFT, price action has been interesting.",254.32432759160727
2023-01-12,MSFT,"Investors are talking a lot about MSFT, big moves expected soon!",238.97799071361024
2023-01-03,GOOGL,"Investors are talking a lot about GOOGL, big moves expected soon!",89.16355432644994
2023-03-27,GOOGL,"GOOGL outlook is bullish, according to many investors.",89.64912995730377
2023-02-27,MSFT,"MSFT stock is drawing attention, traders are excited.",237.8564216608738
2023-03-02,AMZN,"I'm neutral on AMZN, price action has been interesting.",97.46193032884544
2023-03-30,MSFT,"I'm excited on MSFT, price action has been interesting.",255.5921656362433
2023-02-13,AMZN,"Lots of chatter on AMZN today, could this mean rise?",99.15285597194504
2023-03-07,TSLA,Market sentiment towards TSLA looks bullish these days.,112.26658190056602
2023-01-03,AAPL,"Lots of chatter on AAPL today, could this mean breakout?",107.131740051138
2023-03-22,AMZN,"Lots of chatter on AMZN today, could this mean fall?",102.0264607185497
2023-03-02,AAPL,"Investors are talking a lot about AAPL, big moves expected soon!",113.98598608655568
2023-03-20,AAPL,"Investors are talking a lot about AAPL, big moves expected soon!",110.5381747122457
2023-03-01,AAPL,Analysts believe AAPL could rise after recent news.,114.77170255262348
2023-02-16,AAPL,"I'm bearish on AAPL, price action has been interesting.",114.3287226489356
2023-02-10,AMZN,"AMZN outlook is bullish, according to many investors.",89.02016276311137
2023-03-17,GOOGL,"GOOGL outlook is bullish, according to many investors.",105.11149271932508
2023-01-18,AMZN,Market sentiment towards AMZN looks neutral these days.,96.81313331095652
2023-01-04,AAPL,"Lots of chatter on AAPL today, could this mean breakout?",107.20012142941276
2023-02-06,AAPL,Analysts believe AAPL could fall after recent news.,107.20012142941276
2023-03-21,GOOGL,"GOOGL outlook is bullish, according to many investors.",103.92117866845123
2023-02-02,TSLA,Analysts believe TSLA could breakout after recent news.,120.86505772800692
2023-03-15,TSLA,The way TSLA has been performing makes me feel worried.,117.8074224945988
2023-03-01,MSFT,Analysts believe MSFT could fall after recent news.,254.32432759160727
2023-03-24,MSFT,"I'm bearish on MSFT, price action has been interesting.",240.67835092452796
2023-03-22,MSFT,"Investors are talking a lot about MSFT, big moves expected soon!",254.0987411020601
2023-03-09,GOOGL,"I'm bullish on GOOGL, price action has been interesting.",99.9428024152471
2023-02-28,GOOGL,Analysts believe GOOGL could rise after recent news.,90.88980558179196
2023-01-16,AMZN,The way AMZN has been performing makes me feel neutral.,102.99140554903606
2023-01-25,MSFT,"MSFT stock is drawing attention, traders are bearish.",250.0364394129566
2023-03-14,AAPL,"AAPL stock is drawing attention, traders are bearish.",134.59002974325085
2023-03-06,MSFT,Analysts believe MSFT could stabilize after recent news.,251.54188046292808
2023-03-02,AMZN,"Lots of chatter on AMZN today, could this mean rise?",89.02016276311137
2023-01-31,MSFT,Market sentiment towards MSFT looks excited these days.,252.34772443328157
2023-03-15,GOOGL,"Investors are talking a lot about GOOGL, big moves expected soon!",88.77606573440579
2023-03-23,AAPL,"AAPL stock is drawing attention, traders are excited.",138.8150509186731
2023-02-10,AAPL,Market sentiment towards AAPL looks neutral these days.,129.1858806715181
2023-01-11,TSLA,Market sentiment towards TSLA looks bullish these days.,106.13694076891493
2023-03-21,AAPL,"Lots of chatter on AAPL today, could this mean stabilize?",109.4462456661918
2023-01-27,GOOGL,The way GOOGL has been performing makes me feel excited.,95.30714445261762
2023-02-03,AAPL,"Lots of chatter on AAPL today, could this mean rise?",109.26212047440468
2023-01-26,AMZN,Analysts believe AMZN could rise after recent news.,95.66659292425828
2023-01-06,TSLA,"Investors are talking a lot about TSLA, big moves expected soon!",113.63286221620928
2023-02-07,GOOGL,Analysts believe GOOGL could rise after recent news.,86.49507571519749
2023-02-24,AAPL,"I'm bearish on AAPL, price action has been interesting.",118.69104280038302
2023-02-06,AMZN,The way AMZN has been performing makes me feel bullish.,92.91152312861108
2023-02-07,GOOGL,Market sentiment towards GOOGL looks bullish these days.,91.45167777496049
2023-03-28,GOOGL,"Investors are talking a lot about GOOGL, big moves expected soon!",88.96571465313265
2023-03-10,TSLA,"Lots of chatter on TSLA today, could this mean stabilize?",113.32871705534018
2023-02-28,AAPL,"I'm neutral on AAPL, price action has been interesting.",117.50777302447896
2023-02-09,TSLA,Analysts believe TSLA could breakout after recent news.,114.05624946250992
2023-02-23,GOOGL,"Investors are talking a lot about GOOGL, big moves expected soon!",88.77606573440579
2023-03-24,GOOGL,The way GOOGL has been performing makes me feel excited.,87.56346828310043
2023-02-27,GOOGL,Analysts believe GOOGL could stabilize after recent news.,103.47505135285812
2023-02-15,TSLA,"I'm worried on TSLA, price action has been interesting.",117.73577041637893
2023-01-23,AMZN,"I'm excited on AMZN, price action has been interesting.",88.92831195630367
2023-02-01,AMZN,"AMZN stock is drawing attention, traders are bearish.",88.92831195630367
2023-01-10,AAPL,"I'm neutral on AAPL, price action has been interesting.",111.12468071263706
2023-02-06,GOOGL,"Investors are talking a lot about GOOGL, big moves expected soon!",87.99793268801773
2023-01-17,TSLA,"TSLA outlook is excited, according to many investors.",107.34009767559544
2023-01-06,TSLA,Analysts believe TSLA could rise after recent news.,112.62746341532046
2023-03-09,AAPL,The way AAPL has been performing makes me feel neutral.,125.62780247919687
2023-02-06,MSFT,"Lots of chatter on MSFT today, could this mean rise?",252.826821580197
2023-01-06,AMZN,"Investors are talking a lot about AMZN, big moves expected soon!",101.29797167766668
2023-01-31,MSFT,Analysts believe MSFT could stabilize after recent news.,257.8609798488129
2023-01-18,TSLA,The way TSLA has been performing makes me feel worried.,117.2064150051684
2023-02-08,TSLA,Market sentiment towards TSLA looks worried these days.,112.03579327914883
2023-02-15,TSLA,Analysts believe TSLA could dip after recent news.,116.27312227613815
2023-02-01,AMZN,"AMZN outlook is worried, according to many investors.",99.15285597194504
2023-01-25,TSLA,"TSLA outlook is excited, according to many investors.",119.1874876554298
2023-02-10,GOOGL,"GOOGL stock is drawing attention, traders are bullish.",98.14613905684384
2023-02-06,AAPL,"AAPL stock is drawing attention, traders are excited.",110.111771602523
2023-01-23,AMZN,Market sentiment towards AMZN looks bullish these days.,87.73786151172393
2023-02-23,AMZN,"Lots of chatter on AMZN today, could this mean stabilize?",97.46193032884544
2023-02-15,TSLA,Analysts believe TSLA could rise after recent news.,115.08278432873662
2023-02-06,AMZN,Analysts believe AMZN could dip after recent news.,96.81313331095652
2023-03-08,TSLA,Market sentiment towards TSLA looks excited these days.,120.86505772800692
2023-03-31,AAPL,Analysts believe AAPL could fall after recent news.,127.1602184308493
2023-02-22,AAPL,"Lots of chatter on AAPL today, could this mean fall?",123.14805754232684
2023-01-03,MSFT,"MSFT outlook is bullish, according to many investors.",252.826821580197
2023-01-09,TSLA,Analysts believe TSLA could fall after recent news.,116.43656434179384
2023-03-06,AAPL,Analysts believe AAPL could stabilize after recent news.,123.14805754232684
2023-03-10,AMZN,Market sentiment towards AMZN looks excited these days.,92.91152312861108
2023-02-22,AAPL,Market sentiment towards AAPL looks bearish these days.,108.82782091448937
2023-01-25,TSLA,Market sentiment towards TSLA looks worried these days.,115.24796470827592
2023-02-07,MSFT,"Lots of chatter on MSFT today, could this mean breakout?",250.59121616293012
2023-02-27,GOOGL,Market sentiment towards GOOGL looks bullish these days.,103.9596736554112
2023-01-24,TSLA,"TSLA stock is drawing attention, traders are neutral.",107.34009767559544
2023-03-28,GOOGL,The way GOOGL has been performing makes me feel worried.,88.63862365044015
2023-02-09,TSLA,"TSLA outlook is bullish, according to many investors.",116.43656434179384
2023-03-22,AMZN,"AMZN outlook is bearish, according to many investors.",104.91895621571564
2023-01-31,AAPL,"I'm bearish on AAPL, price action has been interesting.",133.76029139502614
2023-01-09,AAPL,"I'm worried on AAPL, price action has been interesting.",118.2733156103735
2023-02-06,GOOGL,"I'm bearish on GOOGL, price action has been interesting.",98.14613905684384
2023-02-23,AAPL,"Investors are talking a lot about AAPL, big moves expected soon!",134.1217558293525
2023-01-17,AMZN,Market sentiment towards AMZN looks neutral these days.,95.6829014695944
2023-01-19,AMZN,"Lots of chatter on AMZN today, could this mean rise?",88.92831195630367
2023-01-31,MSFT,"MSFT stock is drawing attention, traders are bullish.",255.3793571324257
2023-03-13,TSLA,Analysts believe TSLA could fall after recent news.,117.73577041637893
2023-02-01,AMZN,Market sentiment towards AMZN looks excited these days.,88.7885138526433
2023-03-08,GOOGL,Analysts believe GOOGL could rise after recent news.,87.56346828310043
2023-03-10,AMZN,"AMZN stock is drawing attention, traders are bullish.",96.7871295272007
2023-01-18,MSFT,"Lots of chatter on MSFT today, could this mean rise?",251.33964010816825
2023-01-13,TSLA,Market sentiment towards TSLA looks excited these days.,117.26937252857788
2023-03-17,MSFT,Analysts believe MSFT could fall after recent news.,252.34772443328157
2023-01-12,TSLA,"TSLA outlook is bearish, according to many investors.",115.24796470827592
2023-03-14,AAPL,The way AAPL has been performing makes me feel bullish.,120.71500291031556
2023-01-03,TSLA,"I'm worried on TSLA, price action has been interesting.",108.4269243404117
2023-02-03,GOOGL,"I'm bullish on GOOGL, price action has been interesting.",89.64912995730377
2023-01-18,MSFT,Analysts believe MSFT could dip after recent news.,250.0364394129566
2023-03-13,GOOGL,"GOOGL stock is drawing attention, traders are bullish.",88.63862365044015
2023-03-22,TSLA,"Investors are talking a lot about TSLA, big moves expected soon!",117.26937252857788
2023-02-16,MSFT,The way MSFT has been performing makes me feel bullish.,252.34772443328157
2023-02-17,MSFT,"MSFT outlook is bearish, according to many investors.",239.65077902270352
2023-01-04,TSLA,"TSLA stock is drawing attention, traders are excited.",115.81012322074378
2023-03-23,TSLA,"Lots of chatter on TSLA today, could this mean dip?",112.484954655671
2023-03-08,GOOGL,Analysts believe GOOGL could breakout after recent news.,91.05294543696355
2023-03-30,GOOGL,Analysts believe GOOGL could breakout after recent news.,88.96571465313265
2023-01-26,MSFT,"I'm bearish on MSFT, price action has been interesting.",249.41390927844947
2023-01-06,AMZN,"I'm bearish on AMZN, price action has been interesting.",96.81313331095652
2023-01-16,MSFT,"I'm excited on MSFT, price action has been interesting.",249.2035675109092
2023-01-02,MSFT,"MSFT outlook is excited, according to many investors.",240.67835092452796
2023-03-29,AMZN,The way AMZN has been performing makes me feel excited.,99.15285597194504
2023-02-09,GOOGL,Analysts believe GOOGL could fall after recent news.,91.45167777496049
2023-01-17,TSLA,"Lots of chatter on TSLA today, could this mean fall?",112.5579038235086
2023-02-27,TSLA,The way TSLA has been performing makes me feel bullish.,120.86505772800692
2023-01-03,GOOGL,"GOOGL stock is drawing attention, traders are excited.",107.65982590422904
2023-02-21,AAPL,"I'm neutral on AAPL, price action has been interesting.",135.05833649269752
2023-03-03,MSFT,"MSFT outlook is bearish, according to many investors.",250.7110413556572
2023-03-08,AMZN,"AMZN stock is drawing attention, traders are bullish.",91.09136003888008
2023-02-02,AMZN,"AMZN outlook is neutral, according to many investors.",99.46017888956618
2023-01-31,AAPL,Market sentiment towards AAPL looks bearish these days.,112.1153304548266
2023-01-16,AAPL,"Lots of chatter on AAPL today, could this mean stabilize?",107.131740051138
2023-03-22,TSLA,"I'm neutral on TSLA, price action has been interesting.",112.5579038235086
2023-03-06,TSLA,"I'm neutral on TSLA, price action has been interesting.",109.26821498594242
2023-02-09,AMZN,"AMZN outlook is bullish, according to many investors.",92.91152312861108
2023-02-17,AMZN,"AMZN stock is drawing attention, traders are bearish.",92.1193968628654
2023-01-20,GOOGL,Analysts believe GOOGL could fall after recent news.,103.9596736554112
2023-03-24,MSFT,"MSFT outlook is bearish, according to many investors.",250.81557924919667
2023-02-28,MSFT,"I'm bullish on MSFT, price action has been interesting.",237.8564216608738
2023-03-01,GOOGL,"Investors are talking a lot about GOOGL, big moves expected soon!",87.59981329687079
2023-03-09,TSLA,Analysts believe TSLA could dip after recent news.,119.1874876554298
2023-03-30,MSFT,"Lots of chatter on MSFT today, could this mean rise?",255.85989399460053
2023-02-14,MSFT,"MSFT stock is drawing attention, traders are bearish.",255.85989399460053
2023-03-30,TSLA,Market sentiment towards TSLA looks bearish these days.,115.62556751982744
2023-01-03,MSFT,"I'm worried on MSFT, price action has been interesting.",258.7280582354071
2023-02-02,TSLA,"I'm worried on TSLA, price action has been interesting.",114.73134936166689
2023-02-22,AMZN,"I'm bullish on AMZN, price action has been interesting.",90.85837652129794
2023-02-13,AAPL,"Investors are talking a lot about AAPL, big moves expected soon!",118.2733156103735
2023-02-06,MSFT,"MSFT stock is drawing attention, traders are worried.",251.427817526324
2023-02-09,GOOGL,The way GOOGL has been performing makes me feel worried.,88.61815752840099
2023-02-03,MSFT,"I'm bearish on MSFT, price action has been interesting.",254.8222399169049
2023-03-08,AAPL,Analysts believe AAPL could breakout after recent news.,137.1029273412097
2023-03-31,AAPL,"Investors are talking a lot about AAPL, big moves expected soon!",127.78871309603984
2023-03-15,GOOGL,"GOOGL outlook is bearish, according to many investors.",103.3391401422243
2023-01-25,TSLA,"TSLA outlook is neutral, according to many investors.",109.26821498594242
2023-01-12,TSLA,"Lots of chatter on TSLA today, could this mean stabilize?",115.24796470827592
2023-02-22,AAPL,"Lots of chatter on AAPL today, could this mean fall?",107.89910165451091
2023-01-30,GOOGL,"Lots of chatter on GOOGL today, could this mean dip?",87.99793268801773
2023-03-31,AAPL,"AAPL outlook is bearish, according to many investors.",134.1217558293525
2023-01-30,TSLA,The way TSLA has been performing makes me feel bullish.,105.8143693455829
2023-02-07,GOOGL,"Lots of chatter on GOOGL today, could this mean fall?",88.08394296325406
2023-03-02,GOOGL,"I'm neutral on GOOGL, price action has been interesting.",92.64791109768308
2023-02-08,AMZN,Market sentiment towards AMZN looks bullish these days.,103.07971095426508
2023-03-03,TSLA,"Lots of chatter on TSLA today, could this mean breakout?",114.73134936166689
2023-01-24,GOOGL,"Lots of chatter on GOOGL today, could this mean fall?",92.60610790975478
2023-02-24,AAPL,Analysts believe AAPL could rise after recent news.,112.1153304548266
2023-01-04,AAPL,Market sentiment towards AAPL looks worried these days.,129.1858806715181
2023-03-06,AMZN,Market sentiment towards AMZN looks excited these days.,104.91895621571564
2023-02-10,AAPL,"Investors are talking a lot about AAPL, big moves expected soon!",110.29145320597452
2023-01-12,TSLA,Market sentiment towards TSLA looks bullish these days.,114.57552560976502
2023-01-16,TSLA,"I'm neutral on TSLA, price action has been interesting.",117.44346666505422
2023-02-13,MSFT,"MSFT stock is drawing attention, traders are bullish.",253.14061648859337
2023-02-15,TSLA,The way TSLA has been performing makes me feel worried.,115.15479892754824
2023-02-23,MSFT,Analysts believe MSFT could dip after recent news.,252.2960828325226
2023-03-06,AMZN,Market sentiment towards AMZN looks excited these days.,90.59433197059629
2023-02-21,GOOGL,"I'm worried on GOOGL, price action has been interesting.",88.96571465313265
2023-03-24,AMZN,"AMZN stock is drawing attention, traders are bearish.",92.0357990874798
2023-02-13,MSFT,"MSFT outlook is excited, according to many investors.",240.4963585681164
2023-01-16,TSLA,"Investors are talking a lot about TSLA, big moves expected soon!",117.26937252857788
2023-01-03,AMZN,Market sentiment towards AMZN looks worried these days.,104.77329839040188
2023-02-07,AAPL,The way AAPL has been performing makes me feel bearish.,126.07935508016996
2023-01-03,AAPL,"AAPL stock is drawing attention, traders are bullish.",122.04644224651518
2023-01-30,AMZN,"AMZN outlook is excited, according to many investors.",104.77329839040188
2023-03-22,AAPL,Market sentiment towards AAPL looks neutral these days.,114.77170255262348
2023-01-06,AAPL,Analysts believe AAPL could dip after recent news.,119.74445509167056
2023-03-14,MSFT,"Lots of chatter on MSFT today, could this mean stabilize?",254.9057199189457
2023-03-03,GOOGL,Market sentiment towards GOOGL looks bearish these days.,86.79749893370014
2023-01-27,AAPL,"AAPL stock is drawing attention, traders are neutral.",119.74445509167056
2023-03-27,GOOGL,The way GOOGL has been performing makes me feel bearish.,89.82595353728257
2023-02-22,MSFT,The way MSFT has been performing makes me feel bearish.,252.23778094824587
2023-01-27,AAPL,"AAPL outlook is worried, according to many investors.",137.8761021468032
2023-02-03,MSFT,"Investors are talking a lot about MSFT, big moves expected soon!",255.3793571324257
2023-01-03,TSLA,"Investors are talking a lot about TSLA, big moves expected soon!",112.71248005714163
2023-02-14,GOOGL,"Investors are talking a lot about GOOGL, big moves expected soon!",88.96571465313265
2023-02-06,AMZN,"Investors are talking a lot about AMZN, big moves expected soon!",105.88256082750448
2023-02-27,GOOGL,"Investors are talking a lot about GOOGL, big moves expected soon!",86.39351060045915
2023-01-02,MSFT,The way MSFT has been performing makes me feel excited.,251.24849642836065
2023-03-13,AMZN,Market sentiment towards AMZN looks bearish these days.,104.63122613197449
2023-01-06,GOOGL,The way GOOGL has been performing makes me feel bearish.,86.16647590995666
2023-01-18,GOOGL,Analysts believe GOOGL could stabilize after recent news.,87.71777194950126
2023-01-26,TSLA,"Investors are talking a lot about TSLA, big moves expected soon!",106.62247105921196
2023-01-17,AMZN,"Lots of chatter on AMZN today, could this mean breakout?",99.15285597194504
2023-03-08,AMZN,Market sentiment towards AMZN looks worried these days.,99.15285597194504
2023-02-03,GOOGL,The way GOOGL has been performing makes me feel excited.,88.08394296325406
2023-03-21,AMZN,"I'm bearish on AMZN, price action has been interesting.",87.35981101659057
2023-02-17,AAPL,"AAPL stock is drawing attention, traders are excited.",130.99342830602245
2023-01-06,AAPL,"AAPL outlook is excited, according to many investors.",112.50905292656483
2023-01-31,TSLA,Analysts believe TSLA could dip after recent news.,115.44975062951112
2023-03-21,AMZN,Market sentiment towards AMZN looks bearish these days.,91.38099100541976
2023-03-07,AMZN,"AMZN stock is drawing attention, traders are neutral.",102.54447997838436
2023-03-16,MSFT,"Lots of chatter on MSFT today, could this mean stabilize?",257.8609798488129
2023-01-04,AMZN,"AMZN outlook is excited, according to many investors.",94.0224726042693
2023-03-15,MSFT,Market sentiment towards MSFT looks bearish these days.,256.36604823097264
2023-02-13,AAPL,The way AAPL has been performing makes me feel neutral.,133.76029139502614
2023-02-15,AAPL,Market sentiment towards AAPL looks bearish these days.,107.452609474386
2023-03-10,GOOGL,Analysts believe GOOGL could breakout after recent news.,88.08394296325406
2023-01-23,MSFT,"MSFT outlook is bearish, according to many investors.",240.4963585681164
2023-02-23,AMZN,"AMZN stock is drawing attention, traders are bullish.",90.59433197059629
2023-03-06,MSFT,"MSFT stock is drawing attention, traders are bullish.",252.2960828325226
2023-03-07,AMZN,"Investors are talking a lot about AMZN, big moves expected soon!",93.1969107503963
2023-03-02,AAPL,Analysts believe AAPL could fall after recent news.,112.50905292656483
2023-01-12,AMZN,"AMZN outlook is worried, according to many investors.",91.53580168052092
2023-03-10,AMZN,Analysts believe AMZN could breakout after recent news.,89.29757967336829
2023-03-24,AAPL,"AAPL stock is drawing attention, traders are excited.",126.07935508016996
2023-01-20,MSFT,Market sentiment towards MSFT looks bullish these days.,252.2763125126309
2023-02-20,MSFT,Market sentiment towards MSFT looks neutral these days.,254.5032139891401
2023-03-29,MSFT,"Lots of chatter on MSFT today, could this mean stabilize?",254.97225513830807
2023-02-27,AAPL,"AAPL stock is drawing attention, traders are excited.",130.7168997036801
2023-02-02,AMZN,"Lots of chatter on AMZN today, could this mean breakout?",92.14327842542612
2023-03-09,AMZN,"Lots of chatter on AMZN today, could this mean dip?",91.38099100541976
2023-01-25,TSLA,"Investors are talking a lot about TSLA, big moves expected soon!",115.2769394274327
2023-01-10,AMZN,The way AMZN has been performing makes me feel excited.,99.15285597194504
2023-01-05,MSFT,"Lots of chatter on MSFT today, could this mean dip?",253.22305341902452
2023-03-24,AMZN,Analysts believe AMZN could fall after recent news.,87.31005948872884
2023-03-17,GOOGL,Analysts believe GOOGL could breakout after recent news.,107.65982590422904
2023-01-23,TSLA,"TSLA outlook is neutral, according to many investors.",120.86505772800692
2023-02-09,AAPL,The way AAPL has been performing makes me feel bullish.,114.09742608415914
2023-02-01,GOOGL,Market sentiment towards GOOGL looks bullish these days.,86.79749893370014
2023-01-19,AMZN,The way AMZN has been performing makes me feel bearish.,88.7885138526433
2023-03-09,AAPL,"Lots of chatter on AAPL today, could this mean rise?",105.97676885173104
2023-02-15,GOOGL,Market sentiment towards GOOGL looks excited these days.,103.98747284720118
2023-02-03,AMZN,The way AMZN has been performing makes me feel worried.,99.46017888956618
2023-01-30,GOOGL,"I'm bearish on GOOGL, price action has been interesting.",92.64791109768308
2023-01-24,MSFT,"I'm worried on MSFT, price action has been interesting.",254.5032139891401
2023-02-01,GOOGL,"GOOGL outlook is neutral, according to many investors.",98.14613905684384
2023-03-21,AMZN,"AMZN outlook is worried, according to many investors.",89.29757967336829
2023-03-22,TSLA,The way TSLA has been performing makes me feel worried.,110.07817504102144
2023-01-19,AMZN,"AMZN stock is drawing attention, traders are bullish.",90.55289027819296
2023-01-27,GOOGL,Market sentiment towards GOOGL looks excited these days.,102.59576771282129
2023-02-10,MSFT,"I'm excited on MSFT, price action has been interesting.",252.2960828325226
2023-01-26,GOOGL,"Investors are talking a lot about GOOGL, big moves expected soon!",90.88980558179196
2023-03-15,MSFT,The way MSFT has been performing makes me feel bearish.,254.97225513830807
2023-03-20,TSLA,"TSLA outlook is excited, according to many investors.",113.32871705534018
2023-02-01,TSLA,The way TSLA has been performing makes me feel excited.,115.81012322074378
2023-03-28,MSFT,"Investors are talking a lot about MSFT, big moves expected soon!",241.70844629714003
2023-02-15,TSLA,"Lots of chatter on TSLA today, could this mean fall?",112.62746341532046
2023-01-25,TSLA,Analysts believe TSLA could breakout after recent news.,111.88185997100378
2023-02-15,AMZN,"Lots of chatter on AMZN today, could this mean dip?",90.969526103566
2023-02-14,AAPL,"AAPL outlook is excited, according to many investors.",127.1602184308493
2023-03-27,MSFT,Analysts believe MSFT could stabilize after recent news.,252.34772443328157
2023-03-16,TSLA,Market sentiment towards TSLA looks neutral these days.,112.3638206700515
2023-01-24,MSFT,Analysts believe MSFT could stabilize after recent news.,241.70844629714003
2023-01-26,MSFT,"I'm bullish on MSFT, price action has been interesting.",254.9057199189457
2023-02-16,GOOGL,Market sentiment towards GOOGL looks excited these days.,98.14613905684384
2023-02-03,TSLA,"I'm excited on TSLA, price action has been interesting.",117.2064150051684
2023-01-16,MSFT,Analysts believe MSFT could rise after recent news.,251.24849642836065
2023-01-23,AAPL,"AAPL outlook is worried, according to many investors.",108.1772087535367
2023-03-27,AAPL,"AAPL stock is drawing attention, traders are neutral.",135.05833649269752
2023-01-10,AMZN,"Lots of chatter on AMZN today, could this mean stabilize?",99.72020146527116
2023-01-23,TSLA,"Lots of chatter on TSLA today, could this mean stabilize?",112.56813073679352
2023-01-23,MSFT,Analysts believe MSFT could stabilize after recent news.,240.4963585681164
2023-02-24,AMZN,"Lots of chatter on AMZN today, could this mean stabilize?",95.6829014695944
2023-01-17,MSFT,Market sentiment towards MSFT looks bullish these days.,240.7706347594577
2023-02-17,AMZN,"Lots of chatter on AMZN today, could this mean rise?",87.35981101659057
2023-01-30,GOOGL,Analysts believe GOOGL could stabilize after recent news.,88.77606573440579
2023-03-10,MSFT,Analysts believe MSFT could fall after recent news.,237.14084694017723
2023-03-01,GOOGL,Market sentiment towards GOOGL looks bearish these days.,91.45167777496049
2023-01-24,AAPL,Market sentiment towards AAPL looks excited these days.,107.131740051138
2023-02-14,MSFT,"MSFT outlook is worried, according to many investors.",250.7110413556572
2023-02-27,TSLA,The way TSLA has been performing makes me feel neutral.,109.26821498594242
2023-01-09,AAPL,Analysts believe AAPL could rise after recent news.,110.29145320597452
2023-02-07,GOOGL,The way GOOGL has been performing makes me feel bullish.,87.71777194950126
2023-01-27,GOOGL,"I'm bearish on GOOGL, price action has been interesting.",107.65982590422904
2023-02-03,GOOGL,"GOOGL outlook is excited, according to many investors.",92.84076267637236
2023-01-12,TSLA,"TSLA stock is drawing attention, traders are bullish.",113.05383568799172
2023-03-15,AMZN,"Lots of chatter on AMZN today, could this mean stabilize?",102.99140554903606
2023-03-27,MSFT,Market sentiment towards MSFT looks excited these days.,252.19675275701448
2023-02-22,AAPL,"Lots of chatter on AAPL today, could this mean fall?",121.21232939349684
2023-01-04,AMZN,Analysts believe AMZN could stabilize after recent news.,92.1193968628654
2023-03-17,AAPL,"Investors are talking a lot about AAPL, big moves expected soon!",110.5381747122457
2023-01-02,AMZN,Market sentiment towards AMZN looks neutral these days.,105.88256082750448
2023-03-03,MSFT,"MSFT stock is drawing attention, traders are bullish.",238.6207084882862
2023-03-07,AAPL,"Lots of chatter on AAPL today, could this mean breakout?",109.4462456661918
2023-02-06,AMZN,Market sentiment towards AMZN looks neutral these days.,89.91119166002758
2023-01-19,AMZN,"Lots of chatter on AMZN today, could this mean breakout?",94.57938143046862
2023-03-16,AAPL,Market sentiment towards AAPL looks worried these days.,107.131740051138
2023-03-06,TSLA,"Lots of chatter on TSLA today, could this mean stabilize?",107.34009767559544
2023-02-13,TSLA,"TSLA outlook is bearish, according to many investors.",112.71248005714163
2023-03-23,MSFT,"MSFT stock is drawing attention, traders are neutral.",254.9057199189457
2023-02-09,GOOGL,"I'm excited on GOOGL, price action has been interesting.",98.02708834472024
2023-01-24,GOOGL,"GOOGL outlook is worried, according to many investors.",89.16355432644994
2023-01-19,TSLA,The way TSLA has been performing makes me feel bullish.,117.21422940849848
2023-02-20,GOOGL,"Investors are talking a lot about GOOGL, big moves expected soon!",91.05294543696355
2023-03-22,AAPL,"Investors are talking a lot about AAPL, big moves expected soon!",129.1858806715181
2023-02-02,TSLA,"TSLA outlook is excited, according to many investors.",114.80657640380984
2023-03-29,MSFT,"Lots of chatter on MSFT today, could this mean stabilize?",249.71601303957576
2023-02-03,GOOGL,Analysts believe GOOGL could breakout after recent news.,88.96571465313265
2023-03-23,TSLA,"Investors are talking a lot about TSLA, big moves expected soon!",113.63097750248954
2023-02-14,TSLA,Analysts believe TSLA could breakout after recent news.,114.37058262128392
2023-01-25,GOOGL,"Investors are talking a lot about GOOGL, big moves expected soon!",96.66495044526977
2023-02-21,GOOGL,Market sentiment towards GOOGL looks neutral these days.,103.9596736554112
2023-02-06,AMZN,Analysts believe AMZN could dip after recent news.,96.81313331095652
2023-01-12,AMZN,"Lots of chatter on AMZN today, could this mean breakout?",91.27015849190768
2023-03-30,AMZN,"AMZN stock is drawing attention, traders are worried.",93.1969107503963
2023-01-27,MSFT,"I'm bearish on MSFT, price action has been interesting.",256.3875940695456
2023-03-16,AMZN,"AMZN stock is drawing attention, traders are bullish.",99.15285597194504
2023-02-10,GOOGL,"Investors are talking a lot about GOOGL, big moves expected soon!",88.47249554433462
2023-03-15,GOOGL,"GOOGL stock is drawing attention, traders are neutral.",88.99064207912718
2023-03-29,GOOGL,Analysts believe GOOGL could rise after recent news.,91.45167777496049
2023-01-16,AMZN,The way AMZN has been performing makes me feel worried.,91.89867313786772
2023-02-13,GOOGL,"I'm excited on GOOGL, price action has been interesting.",98.14613905684384
2023-03-09,MSFT,"I'm bearish on MSFT, price action has been interesting.",255.5921656362433
2023-01-26,AAPL,Market sentiment towards AAPL looks neutral these days.,111.12468071263706
2023-01-17,TSLA,"Lots of chatter on TSLA today, could this mean breakout?",114.45826765072462
2023-01-20,TSLA,"Investors are talking a lot about TSLA, big moves expected soon!",109.26821498594242
2023-02-13,GOOGL,"GOOGL stock is drawing attention, traders are bearish.",89.93258335656962
2023-03-01,TSLA,The way TSLA has been performing makes me feel excited.,114.45826765072462
2023-02-21,TSLA,"TSLA stock is drawing attention, traders are worried.",113.05383568799172
2023-02-09,TSLA,Market sentiment towards TSLA looks worried these days.,107.2196372557134
2023-02-06,TSLA,"TSLA stock is drawing attention, traders are neutral.",113.63286221620928
2023-01-03,TSLA,"TSLA stock is drawing attention, traders are bearish.",111.44355272501969
2023-01-20,MSFT,"I'm bearish on MSFT, price action has been interesting.",241.70844629714003
2023-01-05,TSLA,Analysts believe TSLA could stabilize after recent news.,112.56813073679352
2023-03-10,MSFT,"Investors are talking a lot about MSFT, big moves expected soon!",250.4815684727234
2023-02-22,AAPL,"Investors are talking a lot about AAPL, big moves expected soon!",105.5066884063496
2023-02-01,MSFT,The way MSFT has been performing makes me feel neutral.,253.93499282328747
2023-03-23,GOOGL,Analysts believe GOOGL could stabilize after recent news.,89.21135449552935
2023-02-08,MSFT,"I'm bullish on MSFT, price action has been interesting.",237.14084694017723
2023-01-11,GOOGL,The way GOOGL has been performing makes me feel excited.,88.61815752840099
2023-02-09,AAPL,"Lots of chatter on AAPL today, could this mean fall?",127.1602184308493
2023-01-16,TSLA,"Lots of chatter on TSLA today, could this mean rise?",112.09895647004323
2023-01-25,MSFT,Analysts believe MSFT could rise after recent news.,237.14084694017723
2023-03-17,TSLA,"I'm worried on TSLA, price action has been interesting.",114.73134936166689
2023-03-10,GOOGL,The way GOOGL has been performing makes me feel bullish.,92.64791109768308
2023-01-19,TSLA,Market sentiment towards TSLA looks excited these days.,112.56813073679352
2023-01-12,TSLA,Market sentiment towards TSLA looks neutral these days.,114.45826765072462
2023-01-16,AAPL,"Lots of chatter on AAPL today, could this mean fall?",121.21232939349684
2023-03-29,GOOGL,"GOOGL stock is drawing attention, traders are bullish.",98.31578314324582
2023-03-15,MSFT,"Lots of chatter on MSFT today, could this mean fall?",240.4963585681164
2023-02-23,AMZN,"AMZN stock is drawing attention, traders are worried.",99.15698660075932
2023-03-20,MSFT,"Lots of chatter on MSFT today, could this mean breakout?",237.8564216608738
2023-02-08,MSFT,"I'm bullish on MSFT, price action has been interesting.",254.3746539509492
2023-02-23,GOOGL,"Investors are talking a lot about GOOGL, big moves expected soon!",94.21294969027754
2023-02-03,TSLA,The way TSLA has been performing makes me feel bullish.,112.62746341532046
2023-01-30,GOOGL,"GOOGL outlook is excited, according to many investors.",95.30714445261762
2023-01-13,TSLA,The way TSLA has been performing makes me feel bearish.,115.2987976598603
2023-03-01,TSLA,Analysts believe TSLA could dip after recent news.,113.63097571992164
2023-01-20,TSLA,"TSLA outlook is bearish, according to many investors.",115.81012322074378
2023-03-08,TSLA,Analysts believe TSLA could dip after recent news.,115.2769394274327
2023-01-30,GOOGL,Analysts believe GOOGL could stabilize after recent news.,86.16647590995666
2023-03-24,GOOGL,Analysts believe GOOGL could breakout after recent news.,89.64912995730377
2023-03-10,AAPL,Analysts believe AAPL could stabilize after recent news.,138.8150509186731
2023-02-01,AAPL,Analysts believe AAPL could dip after recent news.,108.82782091448937
2023-01-18,MSFT,"MSFT stock is drawing attention, traders are worried.",254.3746539509492
2023-01-05,TSLA,Analysts believe TSLA could stabilize after recent news.,120.86505772800692
2023-01-12,TSLA,Analysts believe TSLA could rise after recent news.,106.13694076891493
2023-02-17,TSLA,"Investors are talking a lot about TSLA, big moves expected soon!",113.63097750248954
2023-01-30,AAPL,Market sentiment towards AAPL looks bullish these days.,113.98598608655568
2023-03-22,GOOGL,"I'm worried on GOOGL, price action has been interesting.",98.14613905684384
2023-01-25,AMZN,The way AMZN has been performing makes me feel bearish.,99.19088779879525
2023-03-01,TSLA,"TSLA outlook is bullish, according to many investors.",115.2769394274327
2023-01-09,MSFT,"Lots of chatter on MSFT today, could this mean stabilize?",255.4070691205143
2023-01-17,MSFT,"Lots of chatter on MSFT today, could this mean rise?",241.70844629714003
2023-01-17,AAPL,"Investors are talking a lot about AAPL, big moves expected soon!",110.97868978511146
2023-01-03,TSLA,"Lots of chatter on TSLA today, could this mean breakout?",116.84545196412247
2023-01-20,GOOGL,"GOOGL outlook is excited, according to many investors.",87.99793268801773
2023-02-01,AAPL,The way AAPL has been performing makes me feel worried.,108.82782091448937
2023-02-09,MSFT,Market sentiment towards MSFT looks neutral these days.,255.4070691205143
2023-01-10,TSLA,The way TSLA has been performing makes me feel bearish.,115.81012322074378
2023-02-08,TSLA,"TSLA stock is drawing attention, traders are bearish.",112.41553111626052
2023-01-19,TSLA,"Lots of chatter on TSLA today, could this mean dip?",111.11020743720992
2023-03-02,AAPL,"Investors are talking a lot about AAPL, big moves expected soon!",118.69104280038302
2023-02-10,MSFT,"MSFT outlook is worried, according to many investors.",258.7280582354071
2023-02-14,MSFT,"Lots of chatter on MSFT today, could this mean breakout?",254.32432759160727
2023-01-09,AAPL,"Investors are talking a lot about AAPL, big moves expected soon!",119.06991308610915
2023-02-07,TSLA,The way TSLA has been performing makes me feel bearish.,110.39484286163304
2023-02-02,AMZN,"AMZN stock is drawing attention, traders are neutral.",92.03902588070363
2023-02-16,MSFT,"I'm bullish on MSFT, price action has been interesting.",239.3103700989465
2023-02-24,MSFT,"Lots of chatter on MSFT today, could this mean dip?",249.2035675109092
2023-03-07,GOOGL,"Investors are talking a lot about GOOGL, big moves expected soon!",89.64912995730377
2023-02-02,AMZN,Analysts believe AMZN could fall after recent news.,90.55289027819296
2023-03-31,AMZN,"AMZN outlook is worried, according to many investors.",100.05001650489336
2023-01-25,MSFT,"Investors are talking a lot about MSFT, big moves expected soon!",255.4070691205143
2023-03-02,MSFT,"MSFT stock is drawing attention, traders are bearish.",237.8564216608738
2023-03-21,AMZN,Market sentiment towards AMZN looks neutral these days.,91.38099100541976
2023-02-08,TSLA,The way TSLA has been performing makes me feel worried.,114.73134936166689
2023-02-01,MSFT,Analysts believe MSFT could breakout after recent news.,252.2960828325226
2023-02-16,AAPL,Market sentiment towards AAPL looks worried these days.,121.18533494402097
2023-01-16,AMZN,"Investors are talking a lot about AMZN, big moves expected soon!",96.7871295272007
2023-02-17,TSLA,"I'm neutral on TSLA, price action has been interesting.",115.08278432873662
2023-02-28,AAPL,"Lots of chatter on AAPL today, could this mean breakout?",135.05833649269752
2023-02-08,TSLA,"Lots of chatter on TSLA today, could this mean stabilize?",112.03579327914883
2023-02-02,AAPL,Analysts believe AAPL could stabilize after recent news.,107.20012142941276
2023-01-11,MSFT,The way MSFT has been performing makes me feel excited.,252.826821580197
2023-03-15,AMZN,"Lots of chatter on AMZN today, could this mean rise?",91.27015849190768
2023-01-05,AMZN,"Investors are talking a lot about AMZN, big moves expected soon!",105.88256082750448
2023-01-06,TSLA,"Investors are talking a lot about TSLA, big moves expected soon!",114.80657640380984
2023-03-09,GOOGL,Analysts believe GOOGL could breakout after recent news.,103.92117866845123
2023-02-10,AAPL,The way AAPL has been performing makes me feel worried.,112.1153304548266
2023-03-29,MSFT,"Lots of chatter on MSFT today, could this mean breakout?",250.59121616293012
2023-03-07,AMZN,Market sentiment towards AMZN looks bullish these days.,91.89867313786772
2023-02-06,TSLA,"TSLA stock is drawing attention, traders are worried.",117.8074224945988
2023-03-21,MSFT,"MSFT stock is drawing attention, traders are neutral.",250.7110413556572
2023-02-21,AAPL,"AAPL stock is drawing attention, traders are excited.",119.29457374852431
2023-01-10,AAPL,"Lots of chatter on AAPL today, could this mean breakout?",135.05833649269752
2023-02-24,TSLA,"TSLA outlook is neutral, according to many investors.",112.62746341532046
2023-02-23,AAPL,"AAPL stock is drawing attention, traders are bearish.",122.04644224651518
2023-03-28,GOOGL,Analysts believe GOOGL could rise after recent news.,92.71093545880773
2023-03-15,TSLA,"I'm bullish on TSLA, price action has been interesting.",120.86505772800692
2023-01-05,MSFT,Market sentiment towards MSFT looks worried these days.,256.037607609795
2023-02-03,AAPL,"AAPL stock is drawing attention, traders are bullish.",112.50905292656483
2023-01-10,TSLA,"TSLA outlook is bearish, according to many investors.",107.34009767559544
2023-02-08,AMZN,The way AMZN has been performing makes me feel worried.,87.31005948872884
2023-01-27,TSLA,"Lots of chatter on TSLA today, could this mean breakout?",107.27266500661185
2023-01-16,MSFT,"Investors are talking a lot about MSFT, big moves expected soon!",256.9250075615008
2023-01-10,MSFT,Market sentiment towards MSFT looks excited these days.,253.93499282328747
2023-02-01,MSFT,"Investors are talking a lot about MSFT, big moves expected soon!",253.22305341902452
2023-03-27,MSFT,The way MSFT has been performing makes me feel excited.,253.93499282328747
2023-02-16,AMZN,The way AMZN has been performing makes me feel bearish.,95.66659292425828
2023-01-26,MSFT,Market sentiment towards MSFT looks excited these days.,255.5921656362433
2023-03-22,MSFT,The way MSFT has been performing makes me feel bearish.,237.8564216608738
2023-01-12,GOOGL,"I'm excited on GOOGL, price action has been interesting.",94.4673967412954
2023-03-08,AAPL,The way AAPL has been performing makes me feel bullish.,110.29145320597452
2023-02-27,AAPL,"Lots of chatter on AAPL today, could this mean fall?",120.71500291031556
2023-03-08,AAPL,"Investors are talking a lot about AAPL, big moves expected soon!",117.50777302447896
2023-03-03,TSLA,"Investors are talking a lot about TSLA, big moves expected soon!",115.2769394274327
2023-02-03,TSLA,"TSLA outlook is bullish, according to many investors.",112.56813073679352
2023-02-03,TSLA,"TSLA stock is drawing attention, traders are bullish.",116.2845051448232
2023-01-26,AAPL,"AAPL stock is drawing attention, traders are worried.",127.1602184308493
2023-02-23,GOOGL,Analysts believe GOOGL could breakout after recent news.,107.65982590422904
2023-02-07,AMZN,Market sentiment towards AMZN looks bearish these days.,88.20236890604593
2023-03-29,MSFT,"I'm worried on MSFT, price action has been interesting.",239.3103700989465
2023-01-26,MSFT,"MSFT stock is drawing attention, traders are bearish.",250.9171170147616
2023-02-08,GOOGL,"Lots of chatter on GOOGL today, could this mean rise?",98.02708834472024
2023-02-15,GOOGL,"Lots of chatter on GOOGL today, could this mean dip?",91.45167777496049
2023-01-13,MSFT,"MSFT stock is drawing attention, traders are neutral.",250.4815684727234
2023-02-10,AMZN,The way AMZN has been performing makes me feel excited.,87.9040288351952
2023-01-31,GOOGL,"GOOGL outlook is excited, according to many investors.",99.9428024152471
2023-01-04,AAPL,"Investors are talking a lot about AAPL, big moves expected soon!",107.452609474386
2023-03-08,AAPL,"Investors are talking a lot about AAPL, big moves expected soon!",113.98598608655568
2023-01-03,TSLA,"I'm worried on TSLA, price action has been interesting.",116.2845051448232
2023-03-16,GOOGL,"GOOGL outlook is neutral, according to many investors.",90.21111369277384
2023-01-09,AMZN,"AMZN stock is drawing attention, traders are bearish.",96.7871295272007
2023-02-24,TSLA,"Investors are talking a lot about TSLA, big moves expected soon!",116.84545196412247
2023-01-03,GOOGL,Market sentiment towards GOOGL looks bearish these days.,88.41417458413825
2023-01-03,AMZN,"Lots of chatter on AMZN today, could this mean rise?",100.86978418940626
2023-03-17,MSFT,"I'm bearish on MSFT, price action has been interesting.",247.8969090457618
2023-03-24,AMZN,"I'm bullish on AMZN, price action has been interesting.",90.969526103566
2023-01-09,AAPL,"Investors are talking a lot about AAPL, big moves expected soon!",107.89910165451091
2023-01-26,MSFT,Market sentiment towards MSFT looks bullish these days.,247.8969090457618
2023-02-07,GOOGL,Market sentiment towards GOOGL looks bearish these days.,99.9428024152471
2023-01-02,TSLA,Market sentiment towards TSLA looks bearish these days.,115.2987976598603
2023-02-15,MSFT,The way MSFT has been performing makes me feel bullish.,256.36604823097264
2023-02-24,TSLA,Analysts believe TSLA could dip after recent news.,114.05624946250992
2023-02-14,AMZN,"Investors are talking a lot about AMZN, big moves expected soon!",89.01952805283034
2023-01-24,GOOGL,"Investors are talking a lot about GOOGL, big moves expected soon!",90.21111369277384
2023-01-11,GOOGL,"GOOGL stock is drawing attention, traders are bullish.",103.47505135285812
2023-03-21,GOOGL,"GOOGL stock is drawing attention, traders are bearish.",86.29183002409107
2023-02-28,AMZN,Market sentiment towards AMZN looks bullish these days.,88.7885138526433
2023-01-12,GOOGL,Analysts believe GOOGL could stabilize after recent news.,87.99793268801773
2023-02-17,GOOGL,"Lots of chatter on GOOGL today, could this mean stabilize?",89.82595353728257
2023-03-15,GOOGL,The way GOOGL has been performing makes me feel neutral.,91.45167777496049
2023-03-16,MSFT,Analysts believe MSFT could fall after recent news.,243.2516973040306
2023-02-03,AMZN,"I'm excited on AMZN, price action has been interesting.",88.92831195630367
2023-03-28,MSFT,"Lots of chatter on MSFT today, could this mean stabilize?",239.65077902270352
2023-03-17,GOOGL,Analysts believe GOOGL could breakout after recent news.,102.55376002955576
2023-03-06,AMZN,The way AMZN has been performing makes me feel worried.,93.89707748083532
2023-02-02,TSLA,"I'm worried on TSLA, price action has been interesting.",112.26658190056602
2023-03-06,AMZN,Market sentiment towards AMZN looks excited these days.,103.97248096656855
2023-01-31,GOOGL,"Investors are talking a lot about GOOGL, big moves expected soon!",92.6802413334508
2023-01-16,TSLA,"Lots of chatter on TSLA today, could this mean breakout?",112.484954655671
2023-03-08,MSFT,"Lots of chatter on MSFT today, could this mean rise?",251.33964010816825
2023-01-11,GOOGL,Analysts believe GOOGL could stabilize after recent news.,105.11149271932508
2023-02-23,AMZN,The way AMZN has been performing makes me feel excited.,86.26617635749504
2023-02-17,AMZN,Analysts believe AMZN could dip after recent news.,95.13276302912864
2023-03-09,AAPL,"Lots of chatter on AAPL today, could this mean rise?",109.4462456661918
2023-03-06,AAPL,"AAPL stock is drawing attention, traders are worried.",108.10077741317558
2023-02-22,MSFT,The way MSFT has been performing makes me feel neutral.,251.4915430306843
2023-01-11,MSFT,"I'm bullish on MSFT, price action has been interesting.",253.8537717711724
2023-03-16,GOOGL,Analysts believe GOOGL could rise after recent news.,88.61815752840099
2023-02-21,AAPL,"Lots of chatter on AAPL today, could this mean dip?",105.97676885173104
2023-02-24,TSLA,"Lots of chatter on TSLA today, could this mean rise?",115.81012322074378
2023-02-16,TSLA,"Lots of chatter on TSLA today, could this mean stabilize?",109.26821498594242
2023-01-24,AAPL,The way AAPL has been performing makes me feel bearish.,110.48308955585064
2023-02-15,TSLA,The way TSLA has been performing makes me feel worried.,113.05383568799172
2023-03-07,AAPL,"I'm worried on AAPL, price action has been interesting.",105.5066884063496
2023-03-14,TSLA,The way TSLA has been performing makes me feel excited.,115.11576987004398
2023-01-12,TSLA,Analysts believe TSLA could breakout after recent news.,114.80657640380984
2023-02-15,TSLA,The way TSLA has been performing makes me feel excited.,114.73134936166689
2023-03-24,AMZN,The way AMZN has been performing makes me feel excited.,89.65641888629835
2023-01-30,TSLA,Market sentiment towards TSLA looks excited these days.,115.24796470827592
2023-03-22,TSLA,The way TSLA has been performing makes me feel worried.,108.4269243404117
2023-01-13,AMZN,"Lots of chatter on AMZN today, could this mean breakout?",89.81734526186513
2023-01-09,TSLA,Analysts believe TSLA could breakout after recent news.,115.11576987004398
2023-01-18,AMZN,Market sentiment towards AMZN looks excited these days.,97.46193032884544
2023-03-31,MSFT,"MSFT stock is drawing attention, traders are bullish.",240.67835092452796
2023-01-27,AAPL,"AAPL stock is drawing attention, traders are bearish.",113.98598608655568
2023-03-21,TSLA,"Investors are talking a lot about TSLA, big moves expected soon!",113.32871705534018
2023-03-06,AAPL,"Investors are talking a lot about AAPL, big moves expected soon!",111.12468071263706
2023-01-11,AMZN,"AMZN stock is drawing attention, traders are excited.",89.65641888629835
2023-01-13,AMZN,Market sentiment towards AMZN looks worried these days.,88.40501453588696
2023-01-16,GOOGL,"GOOGL outlook is worried, according to many investors.",89.16355432644994
2023-01-17,AAPL,Analysts believe AAPL could dip after recent news.,125.62780247919687
2023-01-13,GOOGL,Analysts believe GOOGL could fall after recent news.,91.54455366458208
2023-02-03,GOOGL,"Investors are talking a lot about GOOGL, big moves expected soon!",87.99793268801773
2023-03-09,GOOGL,"I'm bullish on GOOGL, price action has been interesting.",87.59981329687079
2023-03-09,AMZN,"AMZN stock is drawing attention, traders are neutral.",102.54447997838436
2023-01-16,TSLA,Analysts believe TSLA could dip after recent news.,112.56813073679352
2023-03-28,AMZN,"Investors are talking a lot about AMZN, big moves expected soon!",97.46193032884544
2023-02-20,GOOGL,"Investors are talking a lot about GOOGL, big moves expected soon!",98.02708834472024
2023-02-23,MSFT,Market sentiment towards MSFT looks worried these days.,252.23778094824587
2023-03-15,GOOGL,"GOOGL stock is drawing attention, traders are excited.",92.84076267637236
2023-03-20,TSLA,"I'm worried on TSLA, price action has been interesting.",111.88185997100378
2023-01-02,TSLA,Market sentiment towards TSLA looks bullish these days.,116.84545196412247
2023-03-20,GOOGL,Market sentiment towards GOOGL looks neutral these days.,103.7271867384658
2023-01-05,MSFT,"MSFT outlook is bearish, according to many investors.",247.8969090457618
2023-02-10,AMZN,"AMZN outlook is bearish, according to many investors.",90.59433197059629
2023-01-17,GOOGL,The way GOOGL has been performing makes me feel bullish.,90.21111369277384
2023-02-17,TSLA,"TSLA outlook is neutral, according to many investors.",112.41553111626052
2023-03-14,AMZN,The way AMZN has been performing makes me feel bearish.,92.14327842542612
2023-02-13,TSLA,"Investors are talking a lot about TSLA, big moves expected soon!",112.61449191231668
2023-03-14,MSFT,"Lots of chatter on MSFT today, could this mean fall?",252.2960828325226
2023-01-10,MSFT,"Lots of chatter on MSFT today, could this mean breakout?",250.822460604913
2023-01-31,MSFT,Market sentiment towards MSFT looks bullish these days.,250.7110413556572
2023-03-20,AMZN,"Investors are talking a lot about AMZN, big moves expected soon!",92.1193968628654
2023-03-22,AMZN,The way AMZN has been performing makes me feel bullish.,94.57938143046862
2023-03-30,TSLA,The way TSLA has been performing makes me feel bullish.,112.5579038235086
2023-01-17,AMZN,Market sentiment towards AMZN looks bullish these days.,105.88256082750448
2023-01-10,TSLA,"I'm excited on TSLA, price action has been interesting.",117.21422940849848
2023-03-17,GOOGL,"I'm bullish on GOOGL, price action has been interesting.",86.79749893370014
2023-03-28,GOOGL,"GOOGL outlook is bearish, according to many investors.",88.61815752840099
2023-03-17,TSLA,"Investors are talking a lot about TSLA, big moves expected soon!",111.11020743720992
2023-02-20,MSFT,"Lots of chatter on MSFT today, could this mean dip?",239.0029198870554
2023-02-02,TSLA,"TSLA stock is drawing attention, traders are bearish.",107.2196372557134
2023-03-02,AAPL,Market sentiment towards AAPL looks neutral these days.,117.50777302447896
2023-01-24,AMZN,"I'm bullish on AMZN, price action has been interesting.",90.85837652129794
2023-01-03,AMZN,Market sentiment towards AMZN looks bullish these days.,90.85837652129794
2023-01-18,MSFT,Market sentiment towards MSFT looks worried these days.,250.59121616293012
2023-02-13,AAPL,"AAPL outlook is bullish, according to many investors.",123.14805754232684
2023-02-08,AMZN,"AMZN stock is drawing attention, traders are bullish.",87.73786151172393
2023-03-24,TSLA,"TSLA stock is drawing attention, traders are bearish.",115.81012322074378
2023-02-07,AMZN,Analysts believe AMZN could fall after recent news.,102.54447997838436
2023-01-20,GOOGL,Market sentiment towards GOOGL looks worried these days.,92.6802413334508
2023-02-15,TSLA,"Lots of chatter on TSLA today, could this mean fall?",116.07381954596286
2023-01-27,GOOGL,The way GOOGL has been performing makes me feel bullish.,92.84076267637236
2023-02-28,AAPL,"AAPL outlook is neutral, according to many investors.",119.29457374852431
2023-01-17,MSFT,"I'm excited on MSFT, price action has been interesting.",251.91478909246692
2023-02-01,AMZN,Analysts believe AMZN could breakout after recent news.,89.65641888629835
2023-01-19,MSFT,"MSFT stock is drawing attention, traders are bullish.",252.826821580197
2023-02-03,GOOGL,Market sentiment towards GOOGL looks worried these days.,103.98747284720118
2023-02-13,TSLA,Analysts believe TSLA could stabilize after recent news.,115.2987976598603
2023-03-16,GOOGL,Analysts believe GOOGL could fall after recent news.,94.21294969027754
2023-01-06,AMZN,"I'm neutral on AMZN, price action has been interesting.",105.88256082750448
2023-01-18,MSFT,The way MSFT has been performing makes me feel excited.,251.55173693368533
2023-02-08,GOOGL,"GOOGL stock is drawing attention, traders are excited.",86.79749893370014
2023-03-01,AAPL,"Investors are talking a lot about AAPL, big moves expected soon!",137.2801814603673
2023-03-07,MSFT,"MSFT stock is drawing attention, traders are bearish.",238.97799071361024
2023-02-22,GOOGL,The way GOOGL has been performing makes me feel neutral.,92.60610790975478
2023-03-28,AAPL,Analysts believe AAPL could rise after recent news.,111.12468071263706
2023-02-23,AAPL,Market sentiment towards AAPL looks excited these days.,138.8150509186731
2023-02-21,AAPL,"AAPL outlook is neutral, according to many investors.",109.4462456661918
2023-01-11,AMZN,"AMZN outlook is worried, according to many investors.",89.81734526186513
2023-03-14,GOOGL,"Lots of chatter on GOOGL today, could this mean breakout?",89.21135449552935
2023-02-15,GOOGL,The way GOOGL has been performing makes me feel neutral.,88.77606573440579
2023-02-28,AMZN,"I'm excited on AMZN, price action has been interesting.",93.89707748083532
2023-02-07,AAPL,"AAPL outlook is bullish, according to many investors.",108.82782091448937
2023-01-11,MSFT,The way MSFT has been performing makes me feel bearish.,251.24849642836065
2023-02-01,AMZN,"AMZN outlook is bullish, according to many investors.",88.20236890604593
2023-03-30,AMZN,Market sentiment towards AMZN looks bearish these days.,100.86978418940626
2023-01-27,GOOGL,Market sentiment towards GOOGL looks bearish these days.,87.99793268801773
2023-01-23,GOOGL,"GOOGL outlook is worried, according to many investors.",103.47505135285812
2023-01-24,TSLA,Analysts believe TSLA could breakout after recent news.,111.25909926874225
2023-01-26,TSLA,Analysts believe TSLA could rise after recent news.,113.63097571992164
2023-01-11,AMZN,"Lots of chatter on AMZN today, could this mean stabilize?",99.15698660075932
2023-02-22,MSFT,"MSFT stock is drawing attention, traders are neutral.",240.4963585681164
2023-02-22,GOOGL,Market sentiment towards GOOGL looks excited these days.,88.96571465313265
2023-03-15,GOOGL,Market sentiment towards GOOGL looks neutral these days.,102.59576771282129
2023-02-13,TSLA,"I'm excited on TSLA, price action has been interesting.",106.62247105921196
2023-03-02,AMZN,"Lots of chatter on AMZN today, could this mean stabilize?",95.6829014695944
2023-03-24,GOOGL,The way GOOGL has been performing makes me feel worried.,86.16647590995666
2023-01-24,TSLA,"I'm bullish on TSLA, price action has been interesting.",117.44346666505422
2023-02-23,TSLA,"TSLA stock is drawing attention, traders are neutral.",115.2769394274327
2023-02-28,GOOGL,"GOOGL stock is drawing attention, traders are excited.",90.21111369277384
2023-03-08,AAPL,"Investors are talking a lot about AAPL, big moves expected soon!",137.1029273412097
2023-01-17,MSFT,Analysts believe MSFT could stabilize after recent news.,257.4091621014592
2023-01-25,TSLA,"Investors are talking a lot about TSLA, big moves expected soon!",110.07817504102144
2023-01-09,TSLA,Analysts believe TSLA could rise after recent news.,111.44355272501969
2023-03-01,GOOGL,"GOOGL stock is drawing attention, traders are worried.",87.71777194950126
2023-02-17,AAPL,"Lots of chatter on AAPL today, could this mean breakout?",138.0343868483502
2023-03-16,GOOGL,The way GOOGL has been performing makes me feel worried.,88.5494701524181
2023-03-28,MSFT,"Lots of chatter on MSFT today, could this mean breakout?",251.24849642836065
2023-01-23,AMZN,"Lots of chatter on AMZN today, could this mean fall?",88.40501453588696
2023-01-11,MSFT,"I'm neutral on MSFT, price action has been interesting.",254.73482510718335
2023-02-13,GOOGL,"GOOGL outlook is worried, according to many investors.",89.93258335656962
2023-01-13,AAPL,"I'm bearish on AAPL, price action has been interesting.",118.69104280038302
2023-03-20,AMZN,Analysts believe AMZN could rise after recent news.,94.05128089966354
2023-01-27,GOOGL,Market sentiment towards GOOGL looks excited these days.,98.02708834472024
2023-01-06,GOOGL,"Lots of chatter on GOOGL today, could this mean rise?",90.88980558179196
2023-02-01,MSFT,"MSFT stock is drawing attention, traders are bearish.",250.0364394129566
2023-01-12,MSFT,"Lots of chatter on MSFT today, could this mean rise?",249.2035675109092
2023-03-22,AAPL,Analysts believe AAPL could breakout after recent news.,134.1217558293525
2023-03-23,AMZN,Market sentiment towards AMZN looks bullish these days.,89.81734526186513
2023-03-16,GOOGL,"GOOGL outlook is excited, according to many investors.",86.67560634834425
2023-03-06,GOOGL,Analysts believe GOOGL could rise after recent news.,88.08394296325406
2023-01-31,AMZN,Market sentiment towards AMZN looks bearish these days.,93.89707748083532
2023-03-30,AMZN,"Lots of chatter on AMZN today, could this mean rise?",92.91152312861108
2023-01-11,TSLA,"TSLA outlook is bullish, according to many investors.",113.05383568799172
2023-01-27,TSLA,"Lots of chatter on TSLA today, could this mean fall?",107.2196372557134
2023-03-13,MSFT,Market sentiment towards MSFT looks excited these days.,250.7110413556572
2023-02-23,TSLA,Analysts believe TSLA could rise after recent news.,115.24796470827592
2023-02-21,GOOGL,The way GOOGL has been performing makes me feel worried.,86.16647590995666
2023-03-10,GOOGL,"GOOGL outlook is excited, according to many investors.",95.30714445261762
2023-02-16,GOOGL,"GOOGL outlook is excited, according to many investors.",86.79749893370014
2023-02-15,TSLA,"Investors are talking a lot about TSLA, big moves expected soon!",115.11576987004398
2023-02-13,MSFT,"I'm excited on MSFT, price action has been interesting.",251.91478909246692
2023-03-16,AAPL,The way AAPL has been performing makes me feel bearish.,113.49521869298056
2023-03-02,AAPL,"AAPL outlook is neutral, according to many investors.",121.21232939349684
2023-02-16,MSFT,"Investors are talking a lot about MSFT, big moves expected soon!",239.3103700989465
2023-03-28,AMZN,Analysts believe AMZN could breakout after recent news.,88.90708958366359
2023-02-01,AMZN,The way AMZN has been performing makes me feel worried.,92.1193968628654
2023-03-06,AAPL,"Investors are talking a lot about AAPL, big moves expected soon!",123.14805754232684
2023-03-20,TSLA,The way TSLA has been performing makes me feel worried.,111.11020743720992
2023-01-10,AAPL,Market sentiment towards AAPL looks worried these days.,137.8761021468032
2023-03-27,GOOGL,"Investors are talking a lot about GOOGL, big moves expected soon!",96.66495044526977
2023-01-04,GOOGL,The way GOOGL has been performing makes me feel neutral.,90.21111369277384
2023-02-22,AAPL,Analysts believe AAPL could rise after recent news.,135.05833649269752
2023-02-16,AMZN,"Lots of chatter on AMZN today, could this mean dip?",97.46193032884544
2023-03-02,GOOGL,Market sentiment towards GOOGL looks worried these days.,88.47249554433462
2023-02-10,AAPL,"AAPL outlook is excited, according to many investors.",114.77170255262348
2023-01-24,AMZN,"I'm excited on AMZN, price action has been interesting.",92.1193968628654
2023-03-23,AAPL,"Lots of chatter on AAPL today, could this mean dip?",127.1602184308493
2023-01-13,AMZN,"AMZN outlook is bullish, according to many investors.",102.0264607185497
2023-01-25,GOOGL,"I'm bearish on GOOGL, price action has been interesting.",92.84076267637236
2023-03-03,AAPL,"AAPL outlook is bullish, according to many investors.",138.96122223397512
2023-03-23,AAPL,Analysts believe AAPL could breakout after recent news.,111.4414380315412
2023-03-28,AAPL,The way AAPL has been performing makes me feel worried.,108.10077741317558
2023-03-23,TSLA,"TSLA stock is drawing attention, traders are worried.",117.8074224945988
2023-03-09,AAPL,Market sentiment towards AAPL looks bullish these days.,132.0122767798815
2023-03-29,AAPL,"AAPL stock is drawing attention, traders are bearish.",138.96122223397512
2023-02-14,GOOGL,Analysts believe GOOGL could fall after recent news.,92.6802413334508
2023-01-13,MSFT,"MSFT stock is drawing attention, traders are worried.",239.0029198870554
2023-01-16,MSFT,"MSFT stock is drawing attention, traders are worried.",252.2960828325226
2023-03-28,TSLA,Market sentiment towards TSLA looks bullish these days.,106.62247105921196
2023-03-07,AAPL,"AAPL stock is drawing attention, traders are neutral.",107.33061285234297
2023-02-16,TSLA,"Lots of chatter on TSLA today, could this mean dip?",111.44355272501969
2023-01-24,GOOGL,"I'm excited on GOOGL, price action has been interesting.",98.02708834472024
2023-03-16,MSFT,Market sentiment towards MSFT looks neutral these days.,252.23778094824587
2023-02-24,TSLA,Analysts believe TSLA could rise after recent news.,107.2196372557134
2023-01-26,AMZN,"Investors are talking a lot about AMZN, big moves expected soon!",99.72020146527116
2023-03-15,AMZN,"AMZN stock is drawing attention, traders are bearish.",104.63122613197449
2023-03-30,TSLA,Analysts believe TSLA could dip after recent news.,115.11576987004398
2023-03-07,AAPL,The way AAPL has been performing makes me feel bearish.,112.50905292656483
2023-01-09,AMZN,"Investors are talking a lot about AMZN, big moves expected soon!",88.90708958366359
2023-01-23,TSLA,"Investors are talking a lot about TSLA, big moves expected soon!",110.07817504102144
2023-01-25,TSLA,"I'm neutral on TSLA, price action has been interesting.",105.8143693455829
2023-03-14,TSLA,The way TSLA has been performing makes me feel excited.,108.4269243404117
2023-03-08,AAPL,Analysts believe AAPL could fall after recent news.,133.76029139502614
2023-03-01,GOOGL,"Investors are talking a lot about GOOGL, big moves expected soon!",92.6802413334508
2023-02-23,AMZN,"Lots of chatter on AMZN today, could this mean fall?",89.91119166002758
2023-03-09,AMZN,"Investors are talking a lot about AMZN, big moves expected soon!",101.29797167766668
2023-01-17,AAPL,"AAPL stock is drawing attention, traders are excited.",120.49585112836192
2023-01-13,AMZN,"I'm bearish on AMZN, price action has been interesting.",103.07971095426508
2023-03-17,AAPL,"I'm neutral on AAPL, price action has been interesting.",118.69104280038302
2023-01-02,MSFT,"MSFT outlook is worried, according to many investors.",240.4963585681164
2023-03-09,TSLA,"Investors are talking a lot about TSLA, big moves expected soon!",112.3638206700515
2023-02-20,GOOGL,"GOOGL outlook is bullish, according to many investors.",95.3960924679492
2023-01-30,GOOGL,Market sentiment towards GOOGL looks bullish these days.,88.08394296325406
2023-02-21,GOOGL,"Investors are talking a lot about GOOGL, big moves expected soon!",91.45167777496049
2023-02-02,AAPL,"Lots of chatter on AAPL today, could this mean stabilize?",108.10077741317558
2023-03-17,GOOGL,"I'm neutral on GOOGL, price action has been interesting.",92.60610790975478
2023-02-03,AAPL,"Investors are talking a lot about AAPL, big moves expected soon!",111.12468071263706
2023-01-10,TSLA,"TSLA outlook is bullish, according to many investors.",110.74399848729672
2023-02-02,AAPL,The way AAPL has been performing makes me feel bearish.,110.29145320597452
2023-01-16,AMZN,"Investors are talking a lot about AMZN, big moves expected soon!",104.16824571467193
2023-01-17,MSFT,"MSFT stock is drawing attention, traders are neutral.",238.97799071361024
2023-02-17,AMZN,"I'm bearish on AMZN, price action has been interesting.",95.66659292425828
2023-03-29,TSLA,"I'm bearish on TSLA, price action has been interesting.",115.08278432873662
2023-03-21,GOOGL,Market sentiment towards GOOGL looks excited these days.,86.01952659374552
2023-01-18,GOOGL,"Investors are talking a lot about GOOGL, big moves expected soon!",88.99064207912718
2023-02-01,GOOGL,"I'm excited on GOOGL, price action has been interesting.",102.55376002955576
2023-02-23,TSLA,"TSLA outlook is bullish, according to many investors.",114.57552560976502
2023-01-17,GOOGL,"GOOGL outlook is bullish, according to many investors.",86.93710310368019
2023-02-16,TSLA,Analysts believe TSLA could breakout after recent news.,117.8074224945988
2023-02-13,GOOGL,"GOOGL stock is drawing attention, traders are worried.",89.75989832306075
2023-03-28,GOOGL,"Lots of chatter on GOOGL today, could this mean rise?",87.71777194950126
2023-01-18,GOOGL,"Investors are talking a lot about GOOGL, big moves expected soon!",87.41215474466284
2023-02-13,AMZN,"I'm bullish on AMZN, price action has been interesting.",86.26617635749504
2023-01-03,GOOGL,"I'm bullish on GOOGL, price action has been interesting.",86.39351060045915
2023-01-20,GOOGL,"Investors are talking a lot about GOOGL, big moves expected soon!",95.3960924679492
2023-03-21,AMZN,"AMZN stock is drawing attention, traders are neutral.",99.15285597194504
2023-02-16,TSLA,"TSLA outlook is bearish, according to many investors.",113.32871705534018
2023-02-09,GOOGL,"GOOGL outlook is worried, according to many investors.",92.60610790975478
2023-01-23,AMZN,"AMZN outlook is neutral, according to many investors.",87.73786151172393
2023-02-23,MSFT,"Lots of chatter on MSFT today, could this mean stabilize?",256.3875940695456
2023-02-21,GOOGL,"I'm bearish on GOOGL, price action has been interesting.",89.93258335656962
2023-01-30,AAPL,The way AAPL has been performing makes me feel worried.,107.89910165451091
2023-03-02,AMZN,"AMZN stock is drawing attention, traders are excited.",93.89707748083532
2023-01-26,GOOGL,"GOOGL stock is drawing attention, traders are neutral.",89.16355432644994
2023-01-11,TSLA,"Lots of chatter on TSLA today, could this mean stabilize?",113.63286221620928
2023-02-27,AMZN,"Lots of chatter on AMZN today, could this mean dip?",105.88256082750448
2023-03-27,TSLA,Market sentiment towards TSLA looks neutral these days.,107.34009767559544
2023-02-06,AMZN,"Lots of chatter on AMZN today, could this mean breakout?",89.01952805283034
2023-02-09,GOOGL,Market sentiment towards GOOGL looks worried these days.,103.7271867384658
2023-01-26,AAPL,Analysts believe AAPL could rise after recent news.,134.59002974325085
2023-03-22,GOOGL,"Investors are talking a lot about GOOGL, big moves expected soon!",88.96571465313265
2023-03-21,TSLA,Market sentiment towards TSLA looks neutral these days.,117.44346666505422
2023-02-21,GOOGL,Market sentiment towards GOOGL looks neutral these days.,94.90275914774982
2023-03-27,MSFT,Analysts believe MSFT could rise after recent news.,252.826821580197
2023-02-10,AMZN,"AMZN stock is drawing attention, traders are neutral.",89.65641888629835
2023-02-03,TSLA,The way TSLA has been performing makes me feel bearish.,113.32871705534018
2023-03-31,TSLA,"Investors are talking a lot about TSLA, big moves expected soon!",107.27266500661185
2023-01-09,GOOGL,The way GOOGL has been performing makes me feel neutral.,92.60610790975478
2023-01-25,AAPL,The way AAPL has been performing makes me feel bullish.,138.0343868483502
2023-01-13,GOOGL,The way GOOGL has been performing makes me feel bullish.,96.66495044526977
2023-01-16,GOOGL,Analysts believe GOOGL could breakout after recent news.,102.59576771282129
2023-03-31,AAPL,Market sentiment towards AAPL looks bearish these days.,119.29457374852431
2023-03-31,AMZN,"AMZN stock is drawing attention, traders are worried.",94.0224726042693
2023-03-14,GOOGL,"I'm bullish on GOOGL, price action has been interesting.",88.77606573440579
2023-02-13,GOOGL,The way GOOGL has been performing makes me feel bearish.,88.08394296325406
2023-01-24,MSFT,"Lots of chatter on MSFT today, could this mean dip?",251.24849642836065
2023-03-17,AMZN,"I'm excited on AMZN, price action has been interesting.",91.53580168052092
2023-02-20,AMZN,"Investors are talking a lot about AMZN, big moves expected soon!",96.81313331095652
2023-02-06,GOOGL,"Lots of chatter on GOOGL today, could this mean fall?",86.16647590995666
2023-03-15,AMZN,"I'm neutral on AMZN, price action has been interesting.",104.91895621571564
2023-01-24,AMZN,"AMZN stock is drawing attention, traders are excited.",97.46193032884544
2023-02-03,TSLA,Analysts believe TSLA could stabilize after recent news.,115.81012322074378
2023-01-03,GOOGL,"GOOGL stock is drawing attention, traders are bearish.",102.59576771282129
2023-01-06,MSFT,Analysts believe MSFT could rise after recent news.,241.1440931999608
2023-01-05,MSFT,"I'm worried on MSFT, price action has been interesting.",241.1440931999608
2023-02-20,AMZN,"AMZN stock is drawing attention, traders are bullish.",101.29797167766668
2023-01-09,MSFT,"MSFT outlook is bearish, according to many investors.",254.0987411020601
2023-01-30,TSLA,"Investors are talking a lot about TSLA, big moves expected soon!",111.25909926874225
2023-02-06,MSFT,"Lots of chatter on MSFT today, could this mean breakout?",250.7110413556572
2023-03-17,GOOGL,"Lots of chatter on GOOGL today, could this mean fall?",91.45167777496049
2023-02-23,TSLA,"TSLA outlook is excited, according to many investors.",112.5579038235086
2023-02-15,GOOGL,"GOOGL stock is drawing attention, traders are bullish.",95.3960924679492
2023-01-19,AMZN,"AMZN outlook is neutral, according to many investors.",103.07971095426508
2023-03-20,AAPL,"AAPL outlook is bullish, according to many investors.",121.18533494402097
2023-01-30,MSFT,"MSFT outlook is worried, according to many investors.",241.70844629714003
2023-03-06,AAPL,Market sentiment towards AAPL looks bearish these days.,137.58685188434174
2023-01-23,AAPL,Market sentiment towards AAPL looks bearish these days.,105.97676885173104
2023-01-23,TSLA,"I'm excited on TSLA, price action has been interesting.",113.63097571992164
2023-02-09,TSLA,"Investors are talking a lot about TSLA, big moves expected soon!",116.43656434179384
2023-01-11,TSLA,"Investors are talking a lot about TSLA, big moves expected soon!",112.71248005714163
2023-01-04,TSLA,Market sentiment towards TSLA looks bearish these days.,106.62247105921196
2023-01-26,AAPL,"Investors are talking a lot about AAPL, big moves expected soon!",113.98598608655568
2023-01-31,AAPL,"Lots of chatter on AAPL today, could this mean rise?",114.77170255262348
2023-03-06,AAPL,"I'm excited on AAPL, price action has been interesting.",129.1858806715181
2023-01-18,MSFT,The way MSFT has been performing makes me feel excited.,251.427817526324
2023-02-15,MSFT,Market sentiment towards MSFT looks worried these days.,249.41390927844947
2023-01-06,AMZN,"Investors are talking a lot about AMZN, big moves expected soon!",94.57938143046862
2023-02-07,AMZN,"I'm excited on AMZN, price action has been interesting.",87.35981101659057
2023-02-02,AAPL,"AAPL stock is drawing attention, traders are bearish.",108.1772087535367
2023-03-29,AMZN,The way AMZN has been performing makes me feel excited.,94.0224726042693
2023-03-08,GOOGL,Analysts believe GOOGL could breakout after recent news.,107.65982590422904
2023-03-29,MSFT,"Lots of chatter on MSFT today, could this mean rise?",249.41390927844947
2023-01-17,MSFT,The way MSFT has been performing makes me feel bearish.,256.037607609795
2023-02-08,AAPL,"Lots of chatter on AAPL today, could this mean fall?",138.96122223397512
2023-03-02,AMZN,"Lots of chatter on AMZN today, could this mean rise?",87.31005948872884
2023-03-01,GOOGL,The way GOOGL has been performing makes me feel bearish.,107.65982590422904
2023-01-24,AAPL,"I'm bearish on AAPL, price action has been interesting.",138.0343868483502
2023-02-24,MSFT,"MSFT stock is drawing attention, traders are worried.",250.5556902998358
2023-03-09,AMZN,"AMZN outlook is worried, according to many investors.",99.15698660075932
2023-03-21,AMZN,"Investors are talking a lot about AMZN, big moves expected soon!",91.38099100541976
2023-03-30,GOOGL,"Investors are talking a lot about GOOGL, big moves expected soon!",88.79797393518416
2023-03-21,AMZN,Market sentiment towards AMZN looks bullish these days.,102.0264607185497
2023-03-01,AAPL,Market sentiment towards AAPL looks bearish these days.,120.49585112836192
2023-02-01,MSFT,"I'm bullish on MSFT, price action has been interesting.",254.8222399169049
2023-02-07,MSFT,The way MSFT has been performing makes me feel excited.,239.0029198870554
2023-03-22,AMZN,"Lots of chatter on AMZN today, could this mean rise?",91.38099100541976
2023-02-21,AAPL,"AAPL stock is drawing attention, traders are excited.",134.59002974325085
2023-01-09,AAPL,Market sentiment towards AAPL looks neutral these days.,107.452609474386
2023-03-31,AMZN,Analysts believe AMZN could rise after recent news.,96.81313331095652
2023-01-09,GOOGL,"I'm bullish on GOOGL, price action has been interesting.",88.99064207912718
2023-03-10,MSFT,"Lots of chatter on MSFT today, could this mean dip?",249.71601303957576
2023-01-31,AMZN,Market sentiment towards AMZN looks bearish these days.,91.89867313786772
2023-02-03,AMZN,"Investors are talking a lot about AMZN, big moves expected soon!",104.91895621571564
2023-03-13,GOOGL,The way GOOGL has been performing makes me feel bullish.,89.82595353728257
2023-03-08,GOOGL,"GOOGL stock is drawing attention, traders are bearish.",105.64779114122965
2023-03-31,TSLA,"I'm excited on TSLA, price action has been interesting.",115.44975062951112
2023-03-24,GOOGL,"I'm bullish on GOOGL, price action has been interesting.",91.42717056681614
2023-03-06,TSLA,The way TSLA has been performing makes me feel excited.,107.2196372557134
2023-02-20,GOOGL,The way GOOGL has been performing makes me feel neutral.,91.54455366458208
2023-03-22,AMZN,Market sentiment towards AMZN looks bearish these days.,100.05001650489336
2023-02-22,AMZN,The way AMZN has been performing makes me feel bullish.,87.31005948872884
2023-01-16,TSLA,"TSLA outlook is worried, according to many investors.",114.00855815065005
2023-01-17,GOOGL,Analysts believe GOOGL could stabilize after recent news.,86.2810077483177
2023-02-28,AAPL,Analysts believe AAPL could dip after recent news.,109.26212047440468
2023-02-23,MSFT,"Lots of chatter on MSFT today, could this mean fall?",254.99352785022364
2023-01-16,GOOGL,Market sentiment towards GOOGL looks bullish these days.,94.21294969027754
2023-02-20,GOOGL,"GOOGL outlook is excited, according to many investors.",103.3391401422243
2023-03-14,MSFT,"Investors are talking a lot about MSFT, big moves expected soon!",255.4070691205143
2023-02-13,GOOGL,"GOOGL stock is drawing attention, traders are worried.",92.6802413334508
2023-02-15,GOOGL,Analysts believe GOOGL could fall after recent news.,89.93258335656962
2023-01-18,AAPL,"AAPL outlook is worried, according to many investors.",108.1772087535367
2023-01-25,TSLA,"TSLA outlook is bearish, according to many investors.",113.32871705534018
2023-02-27,TSLA,Analysts believe TSLA could fall after recent news.,114.00855815065005
2023-03-22,GOOGL,The way GOOGL has been performing makes me feel excited.,86.2810077483177
2023-03-20,AAPL,Market sentiment towards AAPL looks neutral these days.,109.49034777729648
2023-02-02,TSLA,The way TSLA has been performing makes me feel neutral.,117.73577041637893
2023-02-13,AMZN,Market sentiment towards AMZN looks excited these days.,88.90708958366359
2023-03-17,MSFT,"MSFT outlook is neutral, according to many investors.",255.85989399460053
2023-01-13,MSFT,The way MSFT has been performing makes me feel neutral.,258.7280582354071
2023-03-24,MSFT,"I'm neutral on MSFT, price action has been interesting.",241.1440931999608
2023-01-03,TSLA,The way TSLA has been performing makes me feel excited.,112.56845981398098
2023-01-20,AAPL,Market sentiment towards AAPL looks bullish these days.,137.8761021468032
2023-01-04,MSFT,Analysts believe MSFT could rise after recent news.,239.65077902270352
2023-03-01,GOOGL,Analysts believe GOOGL could dip after recent news.,87.99793268801773
2023-02-13,AMZN,Analysts believe AMZN could dip after recent news.,95.66659292425828
2023-03-20,GOOGL,"GOOGL stock is drawing attention, traders are neutral.",95.3960924679492
2023-03-29,TSLA,"TSLA outlook is bullish, according to many investors.",116.84545196412247
2023-01-20,GOOGL,"I'm excited on GOOGL, price action has been interesting.",103.92117866845123
2023-01-13,MSFT,The way MSFT has been performing makes me feel neutral.,250.59121616293012
2023-02-22,GOOGL,"Lots of chatter on GOOGL today, could this mean rise?",92.60610790975478
2023-03-07,AMZN,Market sentiment towards AMZN looks bullish these days.,92.0357990874798
2023-03-21,GOOGL,The way GOOGL has been performing makes me feel bearish.,98.02708834472024
2023-03-10,AMZN,"AMZN stock is drawing attention, traders are bearish.",102.99140554903606
2023-01-20,AAPL,The way AAPL has been performing makes me feel neutral.,121.18533494402097
2023-01-25,TSLA,Market sentiment towards TSLA looks worried these days.,115.26617096790577
2023-01-03,AMZN,"AMZN stock is drawing attention, traders are excited.",89.91119166002758
2023-03-01,MSFT,"MSFT stock is drawing attention, traders are worried.",254.3746539509492
2023-02-06,MSFT,"MSFT stock is drawing attention, traders are excited.",247.8969090457618
2023-02-22,GOOGL,"I'm worried on GOOGL, price action has been interesting.",95.3960924679492
2023-02-28,MSFT,The way MSFT has been performing makes me feel worried.,249.71601303957576
2023-01-06,MSFT,The way MSFT has been performing makes me feel bearish.,253.22305341902452
2023-01-16,GOOGL,"Investors are talking a lot about GOOGL, big moves expected soon!",95.3960924679492
2023-03-31,MSFT,Market sentiment towards MSFT looks bearish these days.,237.8564216608738
2023-02-16,AMZN,"AMZN outlook is worried, according to many investors.",89.02016276311137
2023-01-02,AAPL,"Investors are talking a lot about AAPL, big moves expected soon!",109.4462456661918
2023-01-03,TSLA,"Lots of chatter on TSLA today, could this mean fall?",115.11576987004398
2023-01-27,GOOGL,"GOOGL outlook is excited, according to many investors.",88.79797393518416
2023-03-27,GOOGL,Analysts believe GOOGL could fall after recent news.,89.93258335656962
2023-01-30,AMZN,Market sentiment towards AMZN looks excited these days.,92.03902588070363
2023-01-17,TSLA,Analysts believe TSLA could fall after recent news.,113.86768673542504
2023-01-31,MSFT,"MSFT outlook is excited, according to many investors.",255.85989399460053
2023-01-27,AAPL,Analysts believe AAPL could dip after recent news.,134.59002974325085
2023-01-02,TSLA,The way TSLA has been performing makes me feel worried.,113.63286221620928
2023-02-10,MSFT,"MSFT outlook is excited, according to many investors.",251.24849642836065
2023-02-02,AAPL,"AAPL stock is drawing attention, traders are excited.",108.10077741317558
2023-01-19,AMZN,"AMZN outlook is neutral, according to many investors.",102.54447997838436
2023-02-20,TSLA,The way TSLA has been performing makes me feel neutral.,112.71248005714163
2023-02-02,MSFT,Analysts believe MSFT could fall after recent news.,258.7280582354071
2023-03-24,GOOGL,Analysts believe GOOGL could breakout after recent news.,103.3391401422243
2023-03-17,GOOGL,Analysts believe GOOGL could dip after recent news.,90.21111369277384
2023-02-02,AAPL,"AAPL outlook is worried, according to many investors.",134.1217558293525
2023-02-02,AAPL,"Lots of chatter on AAPL today, could this mean breakout?",137.2801814603673
2023-03-16,TSLA,"Lots of chatter on TSLA today, could this mean fall?",113.05383568799172
2023-02-06,AAPL,Analysts believe AAPL could fall after recent news.,114.3287226489356
2023-02-22,AAPL,Analysts believe AAPL could breakout after recent news.,121.21232939349684
2023-03-31,GOOGL,"GOOGL stock is drawing attention, traders are neutral.",95.3960924679492
2023-03-13,TSLA,Market sentiment towards TSLA looks neutral these days.,112.62746341532046
2023-02-17,MSFT,"MSFT stock is drawing attention, traders are neutral.",257.4091621014592
2023-03-01,MSFT,The way MSFT has been performing makes me feel excited.,240.7706347594577
2023-02-09,GOOGL,"I'm bearish on GOOGL, price action has been interesting.",91.05294543696355
2023-02-21,AAPL,"Investors are talking a lot about AAPL, big moves expected soon!",133.76029139502614
2023-03-22,AAPL,"Lots of chatter on AAPL today, could this mean breakout?",110.97868978511146
2023-03-16,MSFT,"I'm excited on MSFT, price action has been interesting.",250.81557924919667
2023-02-23,TSLA,"Lots of chatter on TSLA today, could this mean stabilize?",109.26821498594242
2023-02-28,GOOGL,"Investors are talking a lot about GOOGL, big moves expected soon!",86.39351060045915
2023-02-08,TSLA,"Investors are talking a lot about TSLA, big moves expected soon!",116.2845051448232
2023-02-09,AMZN,"Investors are talking a lot about AMZN, big moves expected soon!",92.14327842542612
2023-03-01,MSFT,"Investors are talking a lot about MSFT, big moves expected soon!",251.33964010816825
2023-01-04,AAPL,Market sentiment towards AAPL looks bearish these days.,129.1858806715181
2023-01-13,AAPL,"Investors are talking a lot about AAPL, big moves expected soon!",114.3287226489356
2023-03-23,AMZN,"Investors are talking a lot about AMZN, big moves expected soon!",96.81313331095652
2023-01-19,TSLA,"I'm neutral on TSLA, price action has been interesting.",117.73577041637893
2023-03-07,GOOGL,The way GOOGL has been performing makes me feel excited.,88.96571465313265
2023-02-28,TSLA,"TSLA outlook is excited, according to many investors.",112.56845981398098
2023-02-14,MSFT,Market sentiment towards MSFT looks excited these days.,257.4091621014592
2023-02-14,MSFT,"Lots of chatter on MSFT today, could this mean stabilize?",250.822460604913
2023-02-28,GOOGL,"GOOGL outlook is excited, according to many investors.",87.59981329687079
2023-02-14,AAPL,The way AAPL has been performing makes me feel neutral.,120.71500291031556
2023-02-06,GOOGL,"GOOGL stock is drawing attention, traders are neutral.",89.16355432644994
2023-01-02,GOOGL,Market sentiment towards GOOGL looks worried these days.,95.3960924679492
2023-03-20,AMZN,Analysts believe AMZN could fall after recent news.,101.29797167766668
2023-01-03,MSFT,The way MSFT has been performing makes me feel excited.,257.4091621014592
2023-02-10,MSFT,"I'm neutral on MSFT, price action has been interesting.",250.4815684727234
2023-03-14,AAPL,"I'm worried on AAPL, price action has been interesting.",138.0343868483502
2023-01-12,AMZN,"I'm neutral on AMZN, price action has been interesting.",91.89867313786772
2023-01-31,AAPL,The way AAPL has been performing makes me feel neutral.,125.76285888857272
2023-02-16,MSFT,"Lots of chatter on MSFT today, could this mean breakout?",250.7110413556572
2023-03-09,AAPL,"Investors are talking a lot about AAPL, big moves expected soon!",138.8150509186731
2023-01-02,MSFT,"Lots of chatter on MSFT today, could this mean dip?",254.73482510718335
2023-03-15,AAPL,"I'm bullish on AAPL, price action has been interesting.",109.09848629545628
2023-02-24,GOOGL,"GOOGL outlook is excited, according to many investors.",103.7271867384658
2023-03-03,TSLA,Market sentiment towards TSLA looks worried these days.,116.2845051448232
2023-01-12,TSLA,"TSLA outlook is bullish, according to many investors.",114.00855815065005
2023-01-31,AAPL,"AAPL outlook is neutral, according to many investors.",109.26212047440468
2023-01-25,MSFT,The way MSFT has been performing makes me feel excited.,252.2763125126309
2023-03-01,AAPL,Analysts believe AAPL could fall after recent news.,130.7168997036801
2023-02-23,GOOGL,Analysts believe GOOGL could dip after recent news.,102.55376002955576
2023-01-09,TSLA,Market sentiment towards TSLA looks bearish these days.,115.24796470827592
2023-03-08,GOOGL,"I'm bullish on GOOGL, price action has been interesting.",105.11149271932508
2023-01-10,GOOGL,Market sentiment towards GOOGL looks bullish these days.,95.30714445261762
2023-01-23,AAPL,Analysts believe AAPL could dip after recent news.,108.10077741317558
2023-01-02,AMZN,The way AMZN has been performing makes me feel worried.,104.91895621571564
2023-02-21,AAPL,The way AAPL has been performing makes me feel neutral.,114.09742608415914
2023-02-21,AMZN,"Investors are talking a lot about AMZN, big moves expected soon!",92.14327842542612
2023-03-30,GOOGL,"I'm bullish on GOOGL, price action has been interesting.",86.49507571519749
2023-03-28,MSFT,The way MSFT has been performing makes me feel worried.,239.0029198870554
2023-03-27,MSFT,"MSFT stock is drawing attention, traders are excited.",239.42678753583849
2023-02-15,AAPL,Market sentiment towards AAPL looks bullish these days.,119.74445509167056
2023-02-10,TSLA,The way TSLA has been performing makes me feel worried.,114.45826765072462
2023-01-27,AMZN,Analysts believe AMZN could rise after recent news.,89.01952805283034
2023-03-24,MSFT,"MSFT stock is drawing attention, traders are bullish.",254.9057199189457
2023-02-02,GOOGL,"I'm bearish on GOOGL, price action has been interesting.",92.6802413334508
2023-01-05,MSFT,"Lots of chatter on MSFT today, could this mean fall?",252.19675275701448
2023-02-21,GOOGL,"GOOGL stock is drawing attention, traders are bullish.",94.4673967412954
2023-01-05,AMZN,The way AMZN has been performing makes me feel bullish.,92.14327842542612
2023-01-25,GOOGL,"GOOGL stock is drawing attention, traders are worried.",88.96571465313265
2023-03-08,AMZN,"AMZN stock is drawing attention, traders are excited.",92.14327842542612
2023-02-15,TSLA,"Lots of chatter on TSLA today, could this mean fall?",115.24796470827592
2023-03-22,MSFT,Analysts believe MSFT could rise after recent news.,241.70844629714003
2023-02-08,AMZN,"AMZN outlook is bullish, according to many investors.",91.89867313786772
2023-02-17,MSFT,Analysts believe MSFT could rise after recent news.,255.79604932771065
2023-01-13,MSFT,"MSFT outlook is neutral, according to many investors.",238.97799071361024
2023-03-31,TSLA,"TSLA stock is drawing attention, traders are bearish.",110.39484286163304
2023-02-28,AMZN,"I'm bearish on AMZN, price action has been interesting.",87.31005948872884
2023-01-12,AAPL,Analysts believe AAPL could breakout after recent news.,122.9133625161458
2023-03-24,AAPL,Analysts believe AAPL could dip after recent news.,112.50905292656483
2023-01-20,GOOGL,"GOOGL stock is drawing attention, traders are excited.",90.21111369277384
2023-03-21,TSLA,"TSLA stock is drawing attention, traders are worried.",111.44355272501969
2023-01-31,AMZN,"Lots of chatter on AMZN today, could this mean fall?",89.81734526186513
2023-03-30,TSLA,"TSLA outlook is bullish, according to many investors.",113.86768673542504
2023-02-27,MSFT,"Investors are talking a lot about MSFT, big moves expected soon!",254.8222399169049
2023-03-20,MSFT,"MSFT outlook is worried, according to many investors.",254.99352785022364
2023-02-01,AAPL,"AAPL stock is drawing attention, traders are neutral.",125.97266494499742
2023-02-03,TSLA,Market sentiment towards TSLA looks bearish these days.,116.84545196412247
2023-01-09,AMZN,Market sentiment towards AMZN looks worried these days.,99.72020146527116
2023-02-16,GOOGL,"Lots of chatter on GOOGL today, could this mean rise?",87.41215474466284
2023-03-29,AAPL,The way AAPL has been performing makes me feel bullish.,123.14805754232684
2023-01-12,AMZN,"AMZN stock is drawing attention, traders are worried.",89.29757967336829
2023-03-24,MSFT,"Investors are talking a lot about MSFT, big moves expected soon!",254.0987411020601
2023-03-09,MSFT,"MSFT stock is drawing attention, traders are bullish.",255.4070691205143
2023-03-13,AMZN,The way AMZN has been performing makes me feel worried.,89.01952805283034
2023-03-24,GOOGL,"GOOGL outlook is excited, according to many investors.",103.98747284720118
2023-02-21,AAPL,The way AAPL has been performing makes me feel worried.,107.89910165451091
2023-02-13,AMZN,"I'm worried on AMZN, price action has been interesting.",99.15698660075932
2023-02-27,AAPL,Market sentiment towards AAPL looks worried these days.,110.29145320597452
2023-03-28,AMZN,"Lots of chatter on AMZN today, could this mean rise?",88.20236890604593
2023-03-22,AAPL,Analysts believe AAPL could rise after recent news.,120.49585112836192
2023-01-19,GOOGL,Market sentiment towards GOOGL looks worried these days.,87.99793268801773
2023-02-20,GOOGL,"Investors are talking a lot about GOOGL, big moves expected soon!",86.01952659374552
2023-02-20,TSLA,Market sentiment towards TSLA looks bearish these days.,107.27266500661185
2023-01-11,GOOGL,"GOOGL stock is drawing attention, traders are neutral.",87.59981329687079
2023-02-06,AAPL,Market sentiment towards AAPL looks excited these days.,138.96122223397512
2023-02-20,AMZN,"Lots of chatter on AMZN today, could this mean breakout?",100.86978418940626
2023-03-08,AAPL,"AAPL stock is drawing attention, traders are bullish.",126.07935508016996
2023-02-08,TSLA,The way TSLA has been performing makes me feel neutral.,116.27312227613815
2023-03-28,AAPL,"AAPL outlook is worried, according to many investors.",109.4462456661918
2023-03-13,AAPL,"I'm excited on AAPL, price action has been interesting.",121.82459706709544
2023-02-28,AMZN,"Lots of chatter on AMZN today, could this mean rise?",89.07407304765302
2023-02-09,AAPL,The way AAPL has been performing makes me feel worried.,119.29457374852431
2023-01-13,AMZN,Analysts believe AMZN could fall after recent news.,89.52899291686128
2023-02-23,GOOGL,"GOOGL outlook is bearish, according to many investors.",86.29183002409107
2023-01-02,TSLA,Market sentiment towards TSLA looks excited these days.,115.2987976598603
2023-02-23,MSFT,"Investors are talking a lot about MSFT, big moves expected soon!",250.59121616293012
2023-01-30,GOOGL,"I'm bullish on GOOGL, price action has been interesting.",88.96571465313265
2023-03-31,AMZN,"AMZN outlook is excited, according to many investors.",102.99140554903606
2023-01-20,AMZN,"Investors are talking a lot about AMZN, big moves expected soon!",88.90708958366359
2023-01-05,MSFT,The way MSFT has been performing makes me feel worried.,254.73482510718335
2023-03-24,AAPL,Market sentiment towards AAPL looks worried these days.,107.131740051138
2023-03-27,TSLA,"Investors are talking a lot about TSLA, big moves expected soon!",110.74399848729672
2023-01-27,MSFT,"MSFT stock is drawing attention, traders are worried.",254.5032139891401
2023-01-13,AMZN,Market sentiment towards AMZN looks bullish these days.,102.0264607185497
2023-02-16,AAPL,The way AAPL has been performing makes me feel worried.,122.04644224651518
2023-03-08,AAPL,Analysts believe AAPL could stabilize after recent news.,109.49034777729648
2023-02-15,AMZN,"Lots of chatter on AMZN today, could this mean rise?",91.53580168052092
2023-03-27,GOOGL,"GOOGL outlook is excited, according to many investors.",87.59981329687079
2023-01-13,TSLA,Market sentiment towards TSLA looks bearish these days.,117.2064150051684
2023-03-16,AMZN,"AMZN stock is drawing attention, traders are excited.",95.6829014695944
2023-03-31,MSFT,"I'm bullish on MSFT, price action has been interesting.",254.8222399169049
2023-01-02,TSLA,"Lots of chatter on TSLA today, could this mean stabilize?",111.88185997100378
2023-01-06,GOOGL,"GOOGL stock is drawing attention, traders are bullish.",90.88980558179196
2023-01-20,AMZN,"Investors are talking a lot about AMZN, big moves expected soon!",94.0224726042693
2023-02-08,TSLA,"Lots of chatter on TSLA today, could this mean breakout?",115.15479892754824
2023-02-01,AMZN,"Lots of chatter on AMZN today, could this mean rise?",89.90876724578159
2023-01-24,AMZN,Market sentiment towards AMZN looks neutral these days.,92.1193968628654
2023-01-18,AAPL,"AAPL outlook is neutral, according to many investors.",109.26212047440468
2023-01-19,GOOGL,Market sentiment towards GOOGL looks bearish these days.,95.3960924679492
2023-01-16,GOOGL,"I'm worried on GOOGL, price action has been interesting.",87.59981329687079
2023-02-08,MSFT,The way MSFT has been performing makes me feel worried.,252.2763125126309
2023-02-28,AMZN,The way AMZN has been performing makes me feel worried.,88.92831195630367
2023-03-27,AAPL,"AAPL stock is drawing attention, traders are bullish.",130.99342830602245
2023-03-30,MSFT,"I'm neutral on MSFT, price action has been interesting.",251.55173693368533
2023-02-13,GOOGL,"Investors are talking a lot about GOOGL, big moves expected soon!",92.84076267637236
2023-01-13,MSFT,Analysts believe MSFT could stabilize after recent news.,254.73482510718335
2023-01-11,TSLA,"I'm bullish on TSLA, price action has been interesting.",113.63097750248954
2023-01-30,GOOGL,Analysts believe GOOGL could breakout after recent news.,88.96571465313265
2023-03-23,TSLA,Analysts believe TSLA could fall after recent news.,110.07817504102144
2023-03-10,AMZN,"AMZN outlook is excited, according to many investors.",96.7871295272007
2023-02-10,AAPL,"Investors are talking a lot about AAPL, big moves expected soon!",108.82782091448937
2023-01-24,AAPL,Market sentiment towards AAPL looks excited these days.,118.69104280038302
2023-01-27,MSFT,"MSFT outlook is bullish, according to many investors.",239.65077902270352
2023-03-08,TSLA,"I'm bullish on TSLA, price action has been interesting.",113.63097750248954
2023-01-03,MSFT,Market sentiment towards MSFT looks bullish these days.,239.65077902270352
2023-02-21,MSFT,"Investors are talking a lot about MSFT, big moves expected soon!",252.34772443328157
2023-01-02,AAPL,"Investors are talking a lot about AAPL, big moves expected soon!",108.10077741317558
2023-01-05,TSLA,"TSLA outlook is neutral, according to many investors.",110.07817504102144
2023-03-16,AAPL,Analysts believe AAPL could stabilize after recent news.,127.1602184308493
2023-02-03,TSLA,Analysts believe TSLA could fall after recent news.,112.26658190056602
2023-01-04,AMZN,The way AMZN has been performing makes me feel neutral.,89.02016276311137
2023-01-12,AAPL,"Investors are talking a lot about AAPL, big moves expected soon!",110.97868978511146
2023-02-16,AMZN,Market sentiment towards AMZN looks worried these days.,89.91119166002758
2023-03-01,GOOGL,"Lots of chatter on GOOGL today, could this mean dip?",92.71093545880773
2023-01-31,TSLA,"TSLA outlook is neutral, according to many investors.",112.09895647004323
2023-01-03,GOOGL,"I'm excited on GOOGL, price action has been interesting.",102.55376002955576
2023-02-14,TSLA,"TSLA outlook is excited, according to many investors.",110.39484286163304
2023-01-23,TSLA,The way TSLA has been performing makes me feel bearish.,110.39484286163304
2023-01-02,AMZN,"AMZN outlook is worried, according to many investors.",97.46193032884544
2023-03-08,AAPL,"AAPL outlook is bearish, according to many investors.",137.2801814603673
2023-03-10,AMZN,"I'm bullish on AMZN, price action has been interesting.",91.89867313786772
2023-01-18,TSLA,"TSLA outlook is worried, according to many investors.",115.44975062951112
2023-01-20,TSLA,Market sentiment towards TSLA looks bullish these days.,107.2196372557134
2023-03-15,GOOGL,"Investors are talking a lot about GOOGL, big moves expected soon!",86.2810077483177
2023-03-02,MSFT,"Lots of chatter on MSFT today, could this mean rise?",239.42678753583849
2023-01-11,TSLA,Analysts believe TSLA could breakout after recent news.,107.34009767559544
2023-03-06,TSLA,"Investors are talking a lot about TSLA, big moves expected soon!",114.37058262128392
2023-01-26,AMZN,"I'm excited on AMZN, price action has been interesting.",96.81313331095652
2023-02-22,AMZN,"AMZN outlook is excited, according to many investors.",100.86978418940626
2023-01-16,AMZN,"Lots of chatter on AMZN today, could this mean dip?",93.89707748083532
2023-03-01,AMZN,Market sentiment towards AMZN looks bullish these days.,104.91895621571564
2023-01-27,MSFT,"Lots of chatter on MSFT today, could this mean breakout?",252.19675275701448
2023-01-27,MSFT,Analysts believe MSFT could fall after recent news.,254.9057199189457
2023-01-30,AAPL,"AAPL outlook is worried, according to many investors.",107.20012142941276
2023-03-21,AAPL,Analysts believe AAPL could dip after recent news.,125.97266494499742
2023-03-10,MSFT,Market sentiment towards MSFT looks bearish these days.,252.19675275701448
2023-02-06,TSLA,The way TSLA has been performing makes me feel bearish.,115.44975062951112
2023-02-10,MSFT,The way MSFT has been performing makes me feel bearish.,251.33964010816825
2023-02-13,AMZN,"AMZN outlook is neutral, according to many investors.",94.05128089966354
2023-02-28,AAPL,"Lots of chatter on AAPL today, could this mean rise?",110.48308955585064
2023-03-27,AMZN,"Lots of chatter on AMZN today, could this mean breakout?",98.80649412024268
2023-03-27,AMZN,"AMZN stock is drawing attention, traders are neutral.",90.55289027819296
2023-01-24,AMZN,"I'm excited on AMZN, price action has been interesting.",95.66659292425828
2023-01-26,AMZN,"Lots of chatter on AMZN today, could this mean stabilize?",93.1969107503963
2023-03-13,AAPL,"AAPL stock is drawing attention, traders are worried.",107.452609474386
2023-03-29,AMZN,The way AMZN has been performing makes me feel bearish.,89.90876724578159
2023-02-10,MSFT,"MSFT outlook is worried, according to many investors.",255.79604932771065
2023-02-03,GOOGL,Market sentiment towards GOOGL looks bullish these days.,86.49507571519749
2023-02-06,AAPL,"Investors are talking a lot about AAPL, big moves expected soon!",110.97868978511146
2023-03-20,AAPL,"AAPL stock is drawing attention, traders are neutral.",137.58685188434174
2023-01-31,TSLA,"Lots of chatter on TSLA today, could this mean rise?",112.61449191231668
2023-01-26,MSFT,"Lots of chatter on MSFT today, could this mean rise?",239.3103700989465
2023-02-13,GOOGL,Market sentiment towards GOOGL looks bullish these days.,88.5494701524181
2023-02-06,GOOGL,"GOOGL stock is drawing attention, traders are bearish.",91.45167777496049
2023-02-28,AAPL,The way AAPL has been performing makes me feel neutral.,129.1858806715181
2023-02-27,MSFT,"I'm worried on MSFT, price action has been interesting.",255.4070691205143
2023-02-01,GOOGL,Market sentiment towards GOOGL looks worried these days.,99.9428024152471
2023-03-07,AMZN,Analysts believe AMZN could stabilize after recent news.,89.29757967336829
2023-01-18,MSFT,Market sentiment towards MSFT looks bullish these days.,250.0364394129566
2023-01-23,MSFT,"I'm neutral on MSFT, price action has been interesting.",252.34772443328157
2023-02-08,TSLA,"Investors are talking a lot about TSLA, big moves expected soon!",105.8143693455829
2023-02-17,AAPL,Market sentiment towards AAPL looks worried these days.,137.58685188434174
2023-02-27,AAPL,"AAPL stock is drawing attention, traders are excited.",107.33061285234297
2023-02-13,TSLA,"I'm neutral on TSLA, price action has been interesting.",112.56845981398098
2023-02-14,TSLA,"Lots of chatter on TSLA today, could this mean breakout?",116.27312227613815
2023-03-16,TSLA,"Investors are talking a lot about TSLA, big moves expected soon!",115.2987976598603
2023-03-23,AMZN,Analysts believe AMZN could rise after recent news.,89.81734526186513
2023-02-27,TSLA,"Investors are talking a lot about TSLA, big moves expected soon!",117.8074224945988
2023-03-16,MSFT,"MSFT stock is drawing attention, traders are bearish.",238.97799071361024
2023-02-24,TSLA,"TSLA outlook is neutral, according to many investors.",112.56813073679352
2023-02-08,MSFT,"MSFT outlook is worried, according to many investors.",257.4091621014592
2023-02-21,MSFT,"Investors are talking a lot about MSFT, big moves expected soon!",254.3746539509492
2023-03-31,TSLA,"Lots of chatter on TSLA today, could this mean fall?",114.45826765072462
2023-03-17,TSLA,"Investors are talking a lot about TSLA, big moves expected soon!",112.3638206700515
2023-01-05,MSFT,The way MSFT has been performing makes me feel bullish.,252.826821580197
2023-01-13,GOOGL,"I'm bullish on GOOGL, price action has been interesting.",102.55376002955576
2023-03-07,AMZN,Analysts believe AMZN could dip after recent news.,101.29797167766668
2023-01-19,AMZN,"AMZN stock is drawing attention, traders are neutral.",104.63122613197449
2023-02-22,AMZN,"AMZN outlook is excited, according to many investors.",88.7885138526433
2023-01-17,AAPL,Analysts believe AAPL could breakout after recent news.,108.1772087535367
2023-03-03,AAPL,Market sentiment towards AAPL looks worried these days.,113.98598608655568
2023-01-24,AMZN,"AMZN stock is drawing attention, traders are bearish.",102.54447997838436
2023-02-17,AAPL,Market sentiment towards AAPL looks bearish these days.,119.29457374852431
2023-02-27,MSFT,"Lots of chatter on MSFT today, could this mean dip?",254.9057199189457
2023-02-09,TSLA,"TSLA outlook is neutral, according to many investors.",117.73577041637893
2023-01-25,AAPL,"Lots of chatter on AAPL today, could this mean stabilize?",114.3287226489356
2023-01-27,AAPL,"Lots of chatter on AAPL today, could this mean fall?",107.452609474386
2023-01-19,TSLA,Analysts believe TSLA could dip after recent news.,114.05624946250992
2023-02-16,AAPL,Analysts believe AAPL could stabilize after recent news.,121.82459706709544
2023-03-09,TSLA,"TSLA outlook is worried, according to many investors.",113.86768673542504
2023-03-16,GOOGL,"GOOGL stock is drawing attention, traders are bearish.",103.7271867384658
2023-02-13,TSLA,"Investors are talking a lot about TSLA, big moves expected soon!",113.63286221620928
2023-03-22,AAPL,"Investors are talking a lot about AAPL, big moves expected soon!",132.0122767798815
2023-02-28,TSLA,The way TSLA has been performing makes me feel excited.,117.8074224945988
2023-03-22,AAPL,"AAPL outlook is neutral, according to many investors.",109.26212047440468
2023-02-10,TSLA,"TSLA stock is drawing attention, traders are excited.",116.84545196412247
2023-02-03,MSFT,"MSFT outlook is bullish, according to many investors.",249.71601303957576
2023-03-29,GOOGL,Analysts believe GOOGL could rise after recent news.,94.4673967412954
2023-01-26,GOOGL,The way GOOGL has been performing makes me feel excited.,86.79749893370014
2023-01-11,MSFT,"Lots of chatter on MSFT today, could this mean dip?",257.8609798488129
2023-01-04,AAPL,"AAPL outlook is bearish, according to many investors.",110.97868978511146
2023-01-24,GOOGL,Analysts believe GOOGL could breakout after recent news.,90.88980558179196
2023-01-19,AMZN,"AMZN stock is drawing attention, traders are neutral.",95.66659292425828
2023-01-12,GOOGL,"I'm bearish on GOOGL, price action has been interesting.",87.56346828310043
2023-03-28,AAPL,"I'm worried on AAPL, price action has been interesting.",132.0122767798815
2023-01-30,AAPL,Market sentiment towards AAPL looks bullish these days.,108.10077741317558
2023-02-21,TSLA,"I'm worried on TSLA, price action has been interesting.",110.07817504102144
2023-01-16,AAPL,Analysts believe AAPL could rise after recent news.,122.9133625161458
2023-01-27,GOOGL,"I'm bullish on GOOGL, price action has been interesting.",86.16647590995666
2023-02-17,AAPL,Market sentiment towards AAPL looks excited these days.,127.78871309603984
2023-03-15,GOOGL,The way GOOGL has been performing makes me feel worried.,86.384738769212
2023-03-07,TSLA,Analysts believe TSLA could breakout after recent news.,114.57552560976502
2023-03-14,AAPL,"Lots of chatter on AAPL today, could this mean rise?",114.77170255262348
2023-01-11,AMZN,Market sentiment towards AMZN looks excited these days.,89.52899291686128
2023-01-05,AAPL,Market sentiment towards AAPL looks excited these days.,138.8150509186731
2023-02-07,AAPL,"Investors are talking a lot about AAPL, big moves expected soon!",120.49585112836192
2023-03-02,AMZN,The way AMZN has been performing makes me feel worried.,88.40501453588696
2023-02-24,AMZN,"AMZN stock is drawing attention, traders are bearish.",92.1193968628654
2023-03-07,TSLA,"TSLA stock is drawing attention, traders are worried.",120.86505772800692
2023-03-02,TSLA,"TSLA outlook is worried, according to many investors.",115.08278432873662
2023-03-08,GOOGL,"GOOGL stock is drawing attention, traders are bearish.",88.77606573440579
2023-03-14,AMZN,"Lots of chatter on AMZN today, could this mean fall?",89.07407304765302
2023-01-16,AAPL,The way AAPL has been performing makes me feel bearish.,133.76029139502614
2023-01-05,GOOGL,Market sentiment towards GOOGL looks neutral these days.,89.64912995730377
2023-03-08,TSLA,"TSLA outlook is worried, according to many investors.",116.2845051448232
2023-02-06,AAPL,"Lots of chatter on AAPL today, could this mean stabilize?",108.1772087535367
2023-02-23,AAPL,"I'm excited on AAPL, price action has been interesting.",137.1029273412097
2023-03-22,AMZN,The way AMZN has been performing makes me feel excited.,102.54447997838436
2023-01-26,TSLA,"Lots of chatter on TSLA today, could this mean dip?",115.81012322074378
2023-03-22,MSFT,"MSFT outlook is bearish, according to many investors.",251.54188046292808
2023-02-08,AAPL,Market sentiment towards AAPL looks excited these days.,110.111771602523
2023-01-13,GOOGL,The way GOOGL has been performing makes me feel bullish.,92.6802413334508
2023-03-22,GOOGL,"I'm worried on GOOGL, price action has been interesting.",91.05294543696355
2023-01-19,MSFT,"Investors are talking a lot about MSFT, big moves expected soon!",254.99352785022364
2023-01-20,GOOGL,"Lots of chatter on GOOGL today, could this mean dip?",103.47505135285812
2023-02-15,MSFT,"MSFT stock is drawing attention, traders are neutral.",251.4915430306843
2023-01-24,AMZN,The way AMZN has been performing makes me feel worried.,89.90876724578159
2023-02-02,TSLA,Market sentiment towards TSLA looks worried these days.,113.86768673542504
2023-02-10,AMZN,Analysts believe AMZN could stabilize after recent news.,89.91119166002758
2023-03-28,TSLA,"TSLA stock is drawing attention, traders are bullish.",112.41553111626052
2023-01-18,TSLA,"Investors are talking a lot about TSLA, big moves expected soon!",112.56813073679352
2023-03-28,GOOGL,The way GOOGL has been performing makes me feel excited.,86.2810077483177
2023-03-07,GOOGL,"Investors are talking a lot about GOOGL, big moves expected soon!",90.21111369277384
2023-01-23,AMZN,"Lots of chatter on AMZN today, could this mean breakout?",90.85837652129794
2023-03-01,AAPL,"Lots of chatter on AAPL today, could this mean breakout?",114.09742608415914
2023-01-11,AMZN,Analysts believe AMZN could fall after recent news.,104.77329839040188
2023-01-04,AAPL,Analysts believe AAPL could breakout after recent news.,110.48308955585064
2023-01-17,TSLA,The way TSLA has been performing makes me feel bearish.,114.00855815065005
2023-01-23,GOOGL,"I'm bearish on GOOGL, price action has been interesting.",92.64791109768308
2023-03-23,AMZN,"I'm worried on AMZN, price action has been interesting.",91.09136003888008
2023-03-09,GOOGL,Market sentiment towards GOOGL looks neutral these days.,86.93710310368019
2023-03-29,AAPL,"I'm worried on AAPL, price action has been interesting.",110.29145320597452
2023-03-28,AAPL,"Investors are talking a lot about AAPL, big moves expected soon!",137.8761021468032
2023-03-09,AMZN,The way AMZN has been performing makes me feel worried.,98.96940265756044
2023-03-13,TSLA,The way TSLA has been performing makes me feel neutral.,114.05624946250992
2023-02-15,AMZN,"AMZN stock is drawing attention, traders are bullish.",96.7871295272007
2023-02-10,AAPL,"AAPL outlook is neutral, according to many investors.",110.29145320597452
2023-03-23,AAPL,The way AAPL has been performing makes me feel bearish.,120.71500291031556
2023-01-20,AAPL,Market sentiment towards AAPL looks bullish these days.,107.452609474386
2023-02-01,TSLA,The way TSLA has been performing makes me feel bearish.,112.3638206700515
2023-03-03,TSLA,Analysts believe TSLA could fall after recent news.,116.07381954596286
2023-03-28,MSFT,"MSFT outlook is neutral, according to many investors.",257.8609798488129
2023-01-20,GOOGL,"GOOGL stock is drawing attention, traders are neutral.",88.96571465313265
2023-03-06,TSLA,"I'm worried on TSLA, price action has been interesting.",114.57552560976502
2023-03-30,AAPL,Analysts believe AAPL could rise after recent news.,120.71500291031556
2023-03-06,AMZN,"Lots of chatter on AMZN today, could this mean breakout?",88.7885138526433
2023-03-20,TSLA,"Investors are talking a lot about TSLA, big moves expected soon!",113.05383568799172
2023-03-02,AMZN,"AMZN stock is drawing attention, traders are excited.",95.13276302912864
2023-02-09,GOOGL,"Investors are talking a lot about GOOGL, big moves expected soon!",92.6802413334508
2023-03-28,AMZN,"AMZN outlook is excited, according to many investors.",98.96940265756044
2023-03-14,AMZN,"AMZN outlook is neutral, according to many investors.",92.0357990874798
2023-03-16,GOOGL,"Investors are talking a lot about GOOGL, big moves expected soon!",103.47505135285812
2023-03-21,GOOGL,Analysts believe GOOGL could rise after recent news.,92.84076267637236
2023-01-31,MSFT,"MSFT outlook is excited, according to many investors.",254.9057199189457
2023-01-27,GOOGL,Market sentiment towards GOOGL looks bullish these days.,105.11149271932508
2023-02-15,AMZN,"AMZN stock is drawing attention, traders are neutral.",104.16824571467193
2023-02-03,GOOGL,Market sentiment towards GOOGL looks bearish these days.,94.4673967412954
2023-03-06,AAPL,"I'm excited on AAPL, price action has been interesting.",110.97868978511146
2023-03-21,AMZN,Market sentiment towards AMZN looks neutral these days.,89.91119166002758
2023-01-06,AMZN,"I'm bullish on AMZN, price action has been interesting.",94.57938143046862
2023-03-17,GOOGL,"Investors are talking a lot about GOOGL, big moves expected soon!",92.84076267637236
2023-03-27,AMZN,"Lots of chatter on AMZN today, could this mean dip?",97.46193032884544
2023-01-11,GOOGL,"Investors are talking a lot about GOOGL, big moves expected soon!",88.08394296325406
2023-01-23,GOOGL,"I'm worried on GOOGL, price action has been interesting.",92.64791109768308
2023-03-08,AMZN,Market sentiment towards AMZN looks excited these days.,89.52899291686128
2023-03-27,AAPL,"AAPL stock is drawing attention, traders are excited.",113.98598608655568
2023-01-20,MSFT,"Investors are talking a lot about MSFT, big moves expected soon!",250.5556902998358
2023-03-31,AAPL,"AAPL stock is drawing attention, traders are bearish.",107.20012142941276
2023-01-31,TSLA,"I'm neutral on TSLA, price action has been interesting.",116.07381954596286
2023-01-04,AMZN,"Investors are talking a lot about AMZN, big moves expected soon!",104.16824571467193
2023-03-16,GOOGL,Market sentiment towards GOOGL looks worried these days.,88.47249554433462
2023-01-19,AMZN,"Lots of chatter on AMZN today, could this mean dip?",90.55289027819296
2023-02-20,GOOGL,"GOOGL stock is drawing attention, traders are worried.",89.21135449552935
2023-01-13,GOOGL,Market sentiment towards GOOGL looks worried these days.,86.49507571519749
2023-03-09,TSLA,Analysts believe TSLA could breakout after recent news.,107.34009767559544
2023-03-31,AAPL,"AAPL outlook is worried, according to many investors.",107.20012142941276
2023-03-21,MSFT,"MSFT stock is drawing attention, traders are worried.",249.71601303957576
2023-02-07,GOOGL,"I'm worried on GOOGL, price action has been interesting.",88.5494701524181
2023-01-06,GOOGL,"Lots of chatter on GOOGL today, could this mean rise?",105.11149271932508
2023-03-21,MSFT,"MSFT outlook is neutral, according to many investors.",251.91478909246692
2023-01-20,AMZN,Analysts believe AMZN could dip after recent news.,94.05128089966354
2023-02-10,TSLA,Market sentiment towards TSLA looks neutral these days.,112.62746341532046
2023-01-27,AAPL,"I'm neutral on AAPL, price action has been interesting.",129.1858806715181
2023-02-21,TSLA,"Lots of chatter on TSLA today, could this mean dip?",106.13694076891493
2023-01-04,AAPL,"Lots of chatter on AAPL today, could this mean breakout?",119.29457374852431
2023-02-27,AMZN,"AMZN outlook is bullish, according to many investors.",96.81313331095652
2023-02-23,MSFT,The way MSFT has been performing makes me feel worried.,254.5032139891401
2023-02-06,GOOGL,The way GOOGL has been performing makes me feel bullish.,89.21135449552935
2023-01-03,GOOGL,Market sentiment towards GOOGL looks bearish these days.,86.384738769212
2023-02-01,TSLA,"I'm excited on TSLA, price action has been interesting.",112.41553111626052
2023-02-01,AAPL,"Lots of chatter on AAPL today, could this mean dip?",108.10077741317558
2023-01-23,AMZN,Market sentiment towards AMZN looks excited these days.,102.54447997838436
2023-01-12,AAPL,"I'm bearish on AAPL, price action has been interesting.",110.48308955585064
2023-01-18,MSFT,Market sentiment towards MSFT looks bearish these days.,252.19675275701448
2023-02-08,AMZN,Market sentiment towards AMZN looks bearish these days.,86.26617635749504
2023-02-07,AAPL,"Lots of chatter on AAPL today, could this mean stabilize?",122.9133625161458
2023-03-13,AMZN,Market sentiment towards AMZN looks excited these days.,98.96940265756044
2023-03-30,GOOGL,"Investors are talking a lot about GOOGL, big moves expected soon!",88.41417458413825
2023-03-14,TSLA,The way TSLA has been performing makes me feel bearish.,115.26617096790577
2023-02-22,MSFT,Analysts believe MSFT could dip after recent news.,252.34772443328157
2023-03-31,TSLA,"Lots of chatter on TSLA today, could this mean rise?",114.05624946250992
2023-01-25,AAPL,Analysts believe AAPL could breakout after recent news.,117.50777302447896
2023-03-29,AAPL,"AAPL outlook is bearish, according to many investors.",110.5381747122457
2023-03-13,GOOGL,Market sentiment towards GOOGL looks excited these days.,88.63862365044015
2023-01-12,AAPL,Market sentiment towards AAPL looks neutral these days.,107.33061285234297
2023-01-18,AAPL,Analysts believe AAPL could fall after recent news.,114.77170255262348
2023-02-24,GOOGL,"I'm bullish on GOOGL, price action has been interesting.",88.5494701524181
2023-03-17,AMZN,"Investors are talking a lot about AMZN, big moves expected soon!",90.59433197059629
2023-03-01,TSLA,Market sentiment towards TSLA looks worried these days.,115.44975062951112
2023-03-02,TSLA,"TSLA stock is drawing attention, traders are bearish.",112.41553111626052
2023-02-15,GOOGL,"Lots of chatter on GOOGL today, could this mean rise?",88.77606573440579
2023-02-02,MSFT,The way MSFT has been performing makes me feel bearish.,241.70844629714003
2023-02-20,AMZN,"AMZN stock is drawing attention, traders are worried.",99.15285597194504
2023-01-13,TSLA,"I'm bullish on TSLA, price action has been interesting.",109.26821498594242
2023-01-27,AMZN,"AMZN outlook is neutral, according to many investors.",86.26617635749504
2023-01-17,TSLA,"TSLA outlook is excited, according to many investors.",115.62556751982744
2023-03-28,MSFT,"Lots of chatter on MSFT today, could this mean stabilize?",250.59121616293012
2023-01-25,TSLA,"TSLA stock is drawing attention, traders are bullish.",115.24796470827592
2023-03-29,AAPL,"Lots of chatter on AAPL today, could this mean dip?",121.21232939349684
2023-02-03,GOOGL,"Investors are talking a lot about GOOGL, big moves expected soon!",88.77606573440579
2023-01-17,MSFT,"Investors are talking a lot about MSFT, big moves expected soon!",253.14061648859337
2023-01-30,GOOGL,Market sentiment towards GOOGL looks bullish these days.,94.4673967412954
2023-02-03,AMZN,"Investors are talking a lot about AMZN, big moves expected soon!",99.15285597194504
2023-01-16,TSLA,"TSLA outlook is bullish, according to many investors.",112.41553111626052
2023-03-30,TSLA,Analysts believe TSLA could rise after recent news.,117.26937252857788
2023-03-10,AMZN,The way AMZN has been performing makes me feel neutral.,92.14327842542612
2023-03-28,MSFT,The way MSFT has been performing makes me feel neutral.,254.97225513830807
2023-03-09,AAPL,"AAPL outlook is excited, according to many investors.",119.74445509167056
2023-01-19,AMZN,"Lots of chatter on AMZN today, could this mean stabilize?",97.46193032884544
2023-01-02,GOOGL,"GOOGL stock is drawing attention, traders are excited.",89.82595353728257
2023-02-03,TSLA,The way TSLA has been performing makes me feel bearish.,111.11020743720992
2023-03-23,TSLA,The way TSLA has been performing makes me feel neutral.,109.26821498594242
2023-01-06,AAPL,"Investors are talking a lot about AAPL, big moves expected soon!",120.49585112836192
2023-01-26,MSFT,"MSFT stock is drawing attention, traders are bullish.",241.1440931999608
2023-02-01,AMZN,"AMZN stock is drawing attention, traders are neutral.",90.85837652129794
2023-01-12,AAPL,"AAPL outlook is bullish, according to many investors.",138.8150509186731
2023-03-10,AMZN,The way AMZN has been performing makes me feel bearish.,91.89867313786772
2023-01-23,MSFT,Analysts believe MSFT could fall after recent news.,251.24849642836065
2023-02-15,AMZN,"I'm worried on AMZN, price action has been interesting.",89.52899291686128
2023-01-03,AAPL,The way AAPL has been performing makes me feel neutral.,112.50905292656483
2023-01-19,AAPL,"AAPL outlook is neutral, according to many investors.",138.8150509186731
2023-01-02,GOOGL,The way GOOGL has been performing makes me feel bearish.,98.31578314324582
2023-03-22,MSFT,Market sentiment towards MSFT looks bullish these days.,254.97225513830807
2023-01-23,AAPL,"I'm excited on AAPL, price action has been interesting.",113.98598608655568
2023-03-07,AAPL,"AAPL outlook is worried, according to many investors.",122.04644224651518
2023-03-02,MSFT,The way MSFT has been performing makes me feel bullish.,252.826821580197
2023-01-19,MSFT,"I'm worried on MSFT, price action has been interesting.",251.24849642836065
2023-02-02,AMZN,The way AMZN has been performing makes me feel excited.,103.07971095426508
2023-03-17,AMZN,Analysts believe AMZN could stabilize after recent news.,89.65641888629835
2023-01-20,TSLA,"I'm bearish on TSLA, price action has been interesting.",117.73577041637893
2023-02-16,GOOGL,"Lots of chatter on GOOGL today, could this mean fall?",86.384738769212
2023-01-03,MSFT,"Investors are talking a lot about MSFT, big moves expected soon!",241.70844629714003
2023-02-07,MSFT,Market sentiment towards MSFT looks worried these days.,247.8969090457618
2023-02-01,AMZN,"Investors are talking a lot about AMZN, big moves expected soon!",89.02016276311137
2023-01-19,AAPL,The way AAPL has been performing makes me feel bullish.,120.71500291031556
2023-03-29,TSLA,Market sentiment towards TSLA looks bullish these days.,117.26937252857788
2023-03-31,TSLA,"Investors are talking a lot about TSLA, big moves expected soon!",115.2769394274327
2023-03-29,MSFT,Market sentiment towards MSFT looks worried these days.,250.822460604913
2023-03-30,GOOGL,"I'm bullish on GOOGL, price action has been interesting.",88.41417458413825
2023-02-14,TSLA,"TSLA outlook is bearish, according to many investors.",115.15479892754824
2023-01-18,MSFT,The way MSFT has been performing makes me feel excited.,254.99352785022364
2023-01-26,TSLA,"Investors are talking a lot about TSLA, big moves expected soon!",108.4269243404117
2023-02-02,MSFT,"MSFT stock is drawing attention, traders are bearish.",247.8969090457618
2023-01-16,MSFT,"MSFT stock is drawing attention, traders are bullish.",254.99352785022364
2023-03-23,AMZN,"I'm neutral on AMZN, price action has been interesting.",89.81734526186513
2023-01-20,MSFT,The way MSFT has been performing makes me feel worried.,254.8222399169049
2023-01-13,MSFT,Market sentiment towards MSFT looks excited these days.,240.7706347594577
2023-02-27,AMZN,"AMZN outlook is worried, according to many investors.",87.35981101659057
2023-02-07,AMZN,"AMZN stock is drawing attention, traders are worried.",90.85837652129794
2023-03-24,MSFT,"Investors are talking a lot about MSFT, big moves expected soon!",252.19675275701448
2023-03-14,MSFT,"Investors are talking a lot about MSFT, big moves expected soon!",253.93499282328747
2023-02-08,TSLA,Market sentiment towards TSLA looks excited these days.,114.57552560976502
2023-03-31,MSFT,"MSFT stock is drawing attention, traders are worried.",256.3875940695456
2023-01-24,AMZN,Analysts believe AMZN could stabilize after recent news.,98.80649412024268
2023-03-02,GOOGL,"GOOGL outlook is worried, according to many investors.",90.21111369277384
2023-01-13,GOOGL,"Lots of chatter on GOOGL today, could this mean breakout?",95.30714445261762
2023-03-29,MSFT,"Lots of chatter on MSFT today, could this mean stabilize?",254.97225513830807
2023-03-07,AMZN,"Investors are talking a lot about AMZN, big moves expected soon!",87.73786151172393
2023-02-22,TSLA,"TSLA outlook is worried, according to many investors.",115.44975062951112
2023-03-15,TSLA,Market sentiment towards TSLA looks excited these days.,112.61449191231668
2023-03-02,GOOGL,"GOOGL outlook is bullish, according to many investors.",87.99793268801773
2023-03-16,AMZN,"Investors are talking a lot about AMZN, big moves expected soon!",91.89867313786772
2023-01-27,TSLA,"Lots of chatter on TSLA today, could this mean dip?",115.08278432873662
2023-02-13,AAPL,"Lots of chatter on AAPL today, could this mean dip?",121.82459706709544
2023-01-10,AAPL,"AAPL stock is drawing attention, traders are excited.",123.14805754232684
2023-03-22,MSFT,"Lots of chatter on MSFT today, could this mean fall?",252.2960828325226
2023-01-13,GOOGL,"Lots of chatter on GOOGL today, could this mean rise?",86.67560634834425
2023-01-13,GOOGL,Market sentiment towards GOOGL looks neutral these days.,86.39351060045915
2023-02-23,AMZN,"AMZN stock is drawing attention, traders are excited.",91.27015849190768
2023-02-08,TSLA,"Lots of chatter on TSLA today, could this mean fall?",117.21422940849848
2023-02-10,TSLA,"Investors are talking a lot about TSLA, big moves expected soon!",114.80657640380984
2023-02-21,AMZN,Market sentiment towards AMZN looks excited these days.,92.1193968628654
2023-03-01,MSFT,The way MSFT has been performing makes me feel bearish.,255.3793571324257
2023-03-14,GOOGL,"I'm neutral on GOOGL, price action has been interesting.",86.29183002409107
2023-03-20,AAPL,"Investors are talking a lot about AAPL, big moves expected soon!",135.05833649269752
2023-01-12,TSLA,The way TSLA has been performing makes me feel neutral.,111.11020743720992
2023-02-01,AAPL,The way AAPL has been performing makes me feel excited.,122.04644224651518
2023-03-29,MSFT,The way MSFT has been performing makes me feel neutral.,256.037607609795
2023-03-27,AAPL,"I'm bearish on AAPL, price action has been interesting.",123.14805754232684
2023-02-24,MSFT,"MSFT stock is drawing attention, traders are bullish.",252.2763125126309
2023-03-02,GOOGL,"GOOGL outlook is bearish, according to many investors.",103.98747284720118
2023-02-02,GOOGL,"Lots of chatter on GOOGL today, could this mean fall?",96.66495044526977
2023-03-13,AAPL,"AAPL outlook is bearish, according to many investors.",108.10077741317558
2023-03-22,TSLA,"Investors are talking a lot about TSLA, big moves expected soon!",111.11020743720992
2023-02-15,GOOGL,Analysts believe GOOGL could fall after recent news.,86.93710310368019
2023-01-23,AMZN,"I'm bearish on AMZN, price action has been interesting.",97.46193032884544
2023-01-31,AAPL,"Investors are talking a lot about AAPL, big moves expected soon!",110.97868978511146
2023-03-21,GOOGL,"Investors are talking a lot about GOOGL, big moves expected soon!",92.71093545880773
2023-03-28,MSFT,Market sentiment towards MSFT looks neutral these days.,255.79604932771065
2023-02-10,AMZN,"Lots of chatter on AMZN today, could this mean stabilize?",99.46017888956618
2023-02-01,AAPL,Market sentiment towards AAPL looks bullish these days.,108.10077741317558
2023-02-14,GOOGL,"GOOGL outlook is excited, according to many investors.",102.55376002955576
2023-03-21,AMZN,The way AMZN has been performing makes me feel excited.,95.13276302912864
2023-01-12,AAPL,Market sentiment towards AAPL looks neutral these days.,129.1858806715181
2023-02-13,AAPL,"AAPL stock is drawing attention, traders are bullish.",119.29457374852431
2023-01-12,TSLA,"TSLA outlook is excited, according to many investors.",115.62556751982744
2023-01-18,MSFT,Analysts believe MSFT could stabilize after recent news.,237.14084694017723
2023-03-22,GOOGL,"GOOGL outlook is bullish, according to many investors.",92.84076267637236
2023-01-04,AMZN,"Lots of chatter on AMZN today, could this mean breakout?",87.31005948872884
2023-02-17,MSFT,"Lots of chatter on MSFT today, could this mean breakout?",239.65077902270352
2023-01-30,TSLA,Analysts believe TSLA could fall after recent news.,117.21422940849848
2023-03-30,MSFT,"MSFT outlook is bullish, according to many investors.",251.4915430306843
2023-03-14,GOOGL,Market sentiment towards GOOGL looks bearish these days.,98.14613905684384
2023-02-16,AMZN,Market sentiment towards AMZN looks excited these days.,99.19088779879525
2023-02-17,AAPL,"Lots of chatter on AAPL today, could this mean fall?",119.74445509167056
2023-01-20,AAPL,Market sentiment towards AAPL looks neutral these days.,138.96122223397512
2023-01-09,AMZN,The way AMZN has been performing makes me feel neutral.,103.97248096656855
2023-02-14,GOOGL,"Lots of chatter on GOOGL today, could this mean breakout?",86.29183002409107
2023-03-14,AMZN,"Lots of chatter on AMZN today, could this mean breakout?",87.73786151172393
2023-02-08,MSFT,"I'm worried on MSFT, price action has been interesting.",256.9250075615008
2023-03-30,AAPL,The way AAPL has been performing makes me feel worried.,127.1602184308493
2023-01-26,MSFT,"MSFT stock is drawing attention, traders are worried.",255.85989399460053
2023-01-20,AMZN,"I'm bullish on AMZN, price action has been interesting.",93.89707748083532
2023-01-09,MSFT,"Lots of chatter on MSFT today, could this mean breakout?",241.1440931999608
2023-02-22,GOOGL,Market sentiment towards GOOGL looks bullish these days.,103.7271867384658
2023-02-06,AMZN,"Investors are talking a lot about AMZN, big moves expected soon!",91.09136003888008
2023-03-13,AMZN,"AMZN outlook is excited, according to many investors.",100.86978418940626
2023-03-15,MSFT,"MSFT stock is drawing attention, traders are worried.",239.3103700989465
2023-03-20,GOOGL,Analysts believe GOOGL could rise after recent news.,88.63862365044015
2023-03-23,TSLA,"I'm worried on TSLA, price action has been interesting.",117.2064150051684
2023-03-22,AMZN,"AMZN outlook is worried, according to many investors.",90.55289027819296
2023-01-18,GOOGL,"GOOGL outlook is neutral, according to many investors.",86.49507571519749
2023-03-01,TSLA,"TSLA outlook is bearish, according to many investors.",116.27312227613815
2023-03-13,AMZN,The way AMZN has been performing makes me feel worried.,91.09136003888008
2023-01-26,GOOGL,Market sentiment towards GOOGL looks worried these days.,89.64912995730377
2023-01-30,GOOGL,"I'm worried on GOOGL, price action has been interesting.",88.63862365044015
2023-02-02,AMZN,"AMZN outlook is worried, according to many investors.",90.55289027819296
2023-02-06,MSFT,"Investors are talking a lot about MSFT, big moves expected soon!",240.67835092452796
2023-03-03,AAPL,"Investors are talking a lot about AAPL, big moves expected soon!",125.62780247919687
2023-02-08,AMZN,"I'm bearish on AMZN, price action has been interesting.",99.15285597194504
2023-02-09,MSFT,"MSFT stock is drawing attention, traders are excited.",250.822460604913
2023-01-24,AMZN,"AMZN stock is drawing attention, traders are bearish.",93.1969107503963
2023-03-02,MSFT,"MSFT stock is drawing attention, traders are excited.",250.9171170147616
2023-03-27,AAPL,The way AAPL has been performing makes me feel neutral.,109.49034777729648
2023-02-03,AAPL,Market sentiment towards AAPL looks bullish these days.,135.05833649269752
2023-01-03,TSLA,"TSLA outlook is bearish, according to many investors.",115.08278432873662
2023-03-09,AAPL,"I'm bullish on AAPL, price action has been interesting.",133.76029139502614
2023-02-06,TSLA,"Investors are talking a lot about TSLA, big moves expected soon!",112.62746341532046
2023-02-07,TSLA,"TSLA outlook is bearish, according to many investors.",112.56845981398098
2023-01-25,TSLA,"TSLA stock is drawing attention, traders are excited.",107.2196372557134
2023-03-16,TSLA,Market sentiment towards TSLA looks bearish these days.,116.43656434179384
2023-01-02,AMZN,"Investors are talking a lot about AMZN, big moves expected soon!",92.1193968628654
2023-03-27,MSFT,Market sentiment towards MSFT looks excited these days.,252.2960828325226
2023-01-04,MSFT,"MSFT outlook is worried, according to many investors.",250.81557924919667
2023-02-27,TSLA,"TSLA stock is drawing attention, traders are bearish.",115.2987976598603
2023-02-21,TSLA,"I'm worried on TSLA, price action has been interesting.",115.08278432873662
2023-03-13,GOOGL,The way GOOGL has been performing makes me feel bullish.,88.79797393518416
2023-01-20,TSLA,"I'm bullish on TSLA, price action has been interesting.",116.07381954596286
2023-01-11,TSLA,Analysts believe TSLA could stabilize after recent news.,115.15479892754824
2023-02-22,GOOGL,Market sentiment towards GOOGL looks neutral these days.,95.30714445261762
2023-03-20,AMZN,"I'm excited on AMZN, price action has been interesting.",101.29797167766668
2023-03-07,AMZN,"Investors are talking a lot about AMZN, big moves expected soon!",87.35981101659057
2023-01-13,MSFT,"MSFT stock is drawing attention, traders are bullish.",238.6207084882862
2023-03-09,AAPL,"AAPL stock is drawing attention, traders are bullish.",113.49521869298056
2023-02-27,MSFT,"MSFT stock is drawing attention, traders are bearish.",254.99352785022364
2023-02-10,GOOGL,"I'm bullish on GOOGL, price action has been interesting.",86.67560634834425
2023-01-06,AMZN,Analysts believe AMZN could rise after recent news.,88.20236890604593
2023-02-13,TSLA,"Investors are talking a lot about TSLA, big moves expected soon!",114.05624946250992
2023-03-14,AMZN,Analysts believe AMZN could breakout after recent news.,98.80649412024268
2023-02-01,GOOGL,"I'm bullish on GOOGL, price action has been interesting.",91.42717056681614
2023-03-08,AMZN,"I'm worried on AMZN, price action has been interesting.",95.13276302912864
2023-02-24,AAPL,"Lots of chatter on AAPL today, could this mean rise?",113.49521869298056
2023-01-09,AMZN,"AMZN outlook is worried, according to many investors.",95.66659292425828
2023-02-22,AMZN,"I'm worried on AMZN, price action has been interesting.",90.55289027819296
2023-02-27,MSFT,Market sentiment towards MSFT looks excited these days.,254.8222399169049
2023-02-07,GOOGL,"I'm bearish on GOOGL, price action has been interesting.",86.79749893370014
2023-03-21,AMZN,"I'm bullish on AMZN, price action has been interesting.",99.72020146527116
2023-01-24,AMZN,Analysts believe AMZN could rise after recent news.,89.29757967336829
2023-03-07,AAPL,Market sentiment towards AAPL looks bullish these days.,109.4462456661918
2023-01-18,AAPL,Market sentiment towards AAPL looks bearish these days.,137.2801814603673
2023-01-16,AMZN,"I'm excited on AMZN, price action has been interesting.",104.91895621571564
2023-02-02,TSLA,"TSLA stock is drawing attention, traders are bullish.",107.27266500661185
2023-01-05,MSFT,The way MSFT has been performing makes me feel worried.,256.9250075615008
2023-03-06,AMZN,"Lots of chatter on AMZN today, could this mean stabilize?",88.92831195630367
2023-01-25,GOOGL,"GOOGL stock is drawing attention, traders are neutral.",88.41417458413825
2023-03-01,AAPL,"Lots of chatter on AAPL today, could this mean fall?",105.97676885173104
2023-02-15,TSLA,"Investors are talking a lot about TSLA, big moves expected soon!",114.73134936166689
2023-01-13,TSLA,"Investors are talking a lot about TSLA, big moves expected soon!",113.05383568799172
2023-03-23,TSLA,"TSLA stock is drawing attention, traders are excited.",107.27266500661185
2023-02-13,AMZN,"Lots of chatter on AMZN today, could this mean dip?",98.96940265756044
2023-02-08,GOOGL,The way GOOGL has been performing makes me feel bearish.,86.01952659374552
2023-03-24,MSFT,"Investors are talking a lot about MSFT, big moves expected soon!",252.19675275701448
2023-01-04,AAPL,"I'm bearish on AAPL, price action has been interesting.",125.62780247919687
2023-03-17,MSFT,"Investors are talking a lot about MSFT, big moves expected soon!",257.4091621014592
2023-01-19,TSLA,"Lots of chatter on TSLA today, could this mean dip?",107.2196372557134
2023-03-22,MSFT,"I'm worried on MSFT, price action has been interesting.",241.70844629714003
2023-01-20,MSFT,Market sentiment towards MSFT looks neutral these days.,252.23778094824587
2023-01-03,AAPL,"Lots of chatter on AAPL today, could this mean rise?",114.77170255262348
2023-02-02,GOOGL,"Investors are talking a lot about GOOGL, big moves expected soon!",103.98747284720118
2023-03-30,GOOGL,Market sentiment towards GOOGL looks excited these days.,91.45167777496049
2023-02-02,TSLA,Market sentiment towards TSLA looks bearish these days.,115.15479892754824
2023-02-07,MSFT,The way MSFT has been performing makes me feel bearish.,250.822460604913
2023-02-21,GOOGL,"Investors are talking a lot about GOOGL, big moves expected soon!",87.71777194950126
2023-02-23,AAPL,"AAPL outlook is worried, according to many investors.",112.50905292656483
2023-03-29,AAPL,"AAPL stock is drawing attention, traders are bullish.",113.98598608655568
2023-02-06,AAPL,"AAPL outlook is bullish, according to many investors.",125.62780247919687
2023-03-31,MSFT,Market sentiment towards MSFT looks excited these days.,240.67835092452796
2023-01-05,AMZN,"AMZN outlook is excited, according to many investors.",89.52899291686128
2023-02-09,GOOGL,"Lots of chatter on GOOGL today, could this mean stabilize?",89.21135449552935
2023-01-02,TSLA,"TSLA outlook is excited, according to many investors.",111.44355272501969
2023-03-10,AMZN,"AMZN stock is drawing attention, traders are excited.",87.35981101659057
2023-01-16,MSFT,"I'm bearish on MSFT, price action has been interesting.",251.91478909246692
2023-03-23,AAPL,"Investors are talking a lot about AAPL, big moves expected soon!",121.82459706709544
2023-03-28,AMZN,"AMZN stock is drawing attention, traders are worried.",88.20236890604593
2023-02-20,AAPL,"Lots of chatter on AAPL today, could this mean dip?",137.1029273412097
2023-03-20,GOOGL,"GOOGL outlook is bearish, according to many investors.",95.30714445261762
2023-01-30,MSFT,Analysts believe MSFT could dip after recent news.,238.97799071361024
2023-01-18,AMZN,"Investors are talking a lot about AMZN, big moves expected soon!",99.19088779879525
2023-01-12,AMZN,"AMZN stock is drawing attention, traders are bearish.",93.89707748083532
2023-01-16,TSLA,"Lots of chatter on TSLA today, could this mean fall?",112.41553111626052
2023-01-02,TSLA,"Lots of chatter on TSLA today, could this mean dip?",111.44355272501969
2023-03-20,GOOGL,The way GOOGL has been performing makes me feel worried.,91.45167777496049
2023-02-13,TSLA,"I'm bullish on TSLA, price action has been interesting.",112.5579038235086
2023-02-21,GOOGL,"I'm bullish on GOOGL, price action has been interesting.",86.16647590995666
2023-03-07,AAPL,"AAPL stock is drawing attention, traders are neutral.",114.77170255262348
2023-03-07,TSLA,Analysts believe TSLA could fall after recent news.,113.63097750248954
2023-03-22,AAPL,"Lots of chatter on AAPL today, could this mean rise?",130.3104557300001
2023-02-20,MSFT,Market sentiment towards MSFT looks bearish these days.,247.8969090457618
2023-02-14,TSLA,"Investors are talking a lot about TSLA, big moves expected soon!",115.24796470827592
2023-03-30,MSFT,"I'm neutral on MSFT, price action has been interesting.",238.6207084882862
2023-02-28,TSLA,Market sentiment towards TSLA looks bullish these days.,112.56845981398098
2023-03-08,TSLA,The way TSLA has been performing makes me feel excited.,112.61449191231668
2023-02-10,MSFT,"I'm neutral on MSFT, price action has been interesting.",252.2763125126309
2023-01-30,TSLA,"I'm bearish on TSLA, price action has been interesting.",117.21422940849848
2023-03-24,GOOGL,"Investors are talking a lot about GOOGL, big moves expected soon!",89.75989832306075
2023-01-18,TSLA,"Investors are talking a lot about TSLA, big moves expected soon!",117.02897351719348
2023-01-02,AMZN,Market sentiment towards AMZN looks excited these days.,98.96940265756044
2023-03-31,AMZN,The way AMZN has been performing makes me feel bearish.,95.13276302912864
2023-02-15,AAPL,Analysts believe AAPL could stabilize after recent news.,123.14805754232684
2023-02-22,GOOGL,"Lots of chatter on GOOGL today, could this mean dip?",103.98747284720118
2023-02-03,TSLA,Analysts believe TSLA could fall after recent news.,111.11020743720992
2023-02-06,AAPL,Market sentiment towards AAPL looks bullish these days.,122.04644224651518
2023-03-23,GOOGL,"GOOGL outlook is worried, according to many investors.",86.93710310368019
2023-02-15,AMZN,Analysts believe AMZN could dip after recent news.,89.07407304765302
2023-02-27,AAPL,Analysts believe AAPL could rise after recent news.,110.97868978511146
2023-02-10,TSLA,The way TSLA has been performing makes me feel worried.,117.2064150051684
2023-03-21,TSLA,The way TSLA has been performing makes me feel neutral.,110.07817504102144
2023-03-09,TSLA,"I'm worried on TSLA, price action has been interesting.",111.88185997100378
2023-03-08,GOOGL,"Investors are talking a lot about GOOGL, big moves expected soon!",94.4673967412954
2023-03-09,TSLA,"Lots of chatter on TSLA today, could this mean rise?",115.44975062951112
2023-03-07,AAPL,"I'm neutral on AAPL, price action has been interesting.",137.2801814603673
2023-03-20,AMZN,"AMZN outlook is excited, according to many investors.",89.09791095488092
2023-03-31,AMZN,The way AMZN has been performing makes me feel bullish.,92.1193968628654
2023-01-17,AAPL,"Investors are talking a lot about AAPL, big moves expected soon!",110.5381747122457
2023-01-09,AMZN,"AMZN outlook is bearish, according to many investors.",93.89707748083532
2023-03-31,AMZN,The way AMZN has been performing makes me feel excited.,99.46017888956618
2023-02-03,AAPL,"Investors are talking a lot about AAPL, big moves expected soon!",118.71118624893776
2023-01-02,AMZN,"Investors are talking a lot about AMZN, big moves expected soon!",96.7871295272007
2023-02-14,GOOGL,Market sentiment towards GOOGL looks bullish these days.,92.6802413334508
2023-01-04,GOOGL,"Lots of chatter on GOOGL today, could this mean stabilize?",94.4673967412954
2023-03-09,GOOGL,The way GOOGL has been performing makes me feel excited.,103.9596736554112
2023-01-26,TSLA,The way TSLA has been performing makes me feel neutral.,108.4269243404117
2023-03-24,TSLA,Market sentiment towards TSLA looks excited these days.,119.1874876554298
2023-02-09,MSFT,"Lots of chatter on MSFT today, could this mean breakout?",255.5921656362433
2023-03-10,MSFT,Market sentiment towards MSFT looks bullish these days.,251.4915430306843
2023-01-03,AAPL,"I'm bullish on AAPL, price action has been interesting.",129.1858806715181
2023-03-20,AMZN,"AMZN stock is drawing attention, traders are neutral.",89.90876724578159
2023-01-24,MSFT,"I'm neutral on MSFT, price action has been interesting.",240.7706347594577
2023-03-24,TSLA,The way TSLA has been performing makes me feel neutral.,106.62247105921196
2023-02-20,AAPL,Market sentiment towards AAPL looks excited these days.,118.2733156103735
2023-03-27,GOOGL,"Investors are talking a lot about GOOGL, big moves expected soon!",86.39351060045915
2023-01-24,GOOGL,The way GOOGL has been performing makes me feel neutral.,94.21294969027754
2023-03-09,MSFT,"I'm neutral on MSFT, price action has been interesting.",250.822460604913
2023-03-24,TSLA,"Investors are talking a lot about TSLA, big moves expected soon!",115.81012322074378
2023-01-27,AMZN,Analysts believe AMZN could stabilize after recent news.,90.55289027819296
2023-03-10,MSFT,"I'm neutral on MSFT, price action has been interesting.",250.5556902998358
2023-01-04,TSLA,"Investors are talking a lot about TSLA, big moves expected soon!",112.56813073679352
2023-03-01,MSFT,"Investors are talking a lot about MSFT, big moves expected soon!",253.8537717711724
2023-03-21,AAPL,"Lots of chatter on AAPL today, could this mean breakout?",125.76285888857272
2023-03-10,TSLA,The way TSLA has been performing makes me feel neutral.,112.09895647004323
2023-03-10,MSFT,"I'm bullish on MSFT, price action has been interesting.",238.97799071361024
2023-02-21,TSLA,"I'm worried on TSLA, price action has been interesting.",111.25909926874225
2023-03-06,GOOGL,Market sentiment towards GOOGL looks worried these days.,105.11149271932508
2023-02-28,TSLA,"TSLA outlook is bearish, according to many investors.",117.2064150051684
2023-01-20,MSFT,The way MSFT has been performing makes me feel neutral.,251.91478909246692
2023-02-15,AMZN,Market sentiment towards AMZN looks neutral these days.,94.0224726042693
2023-01-16,TSLA,Analysts believe TSLA could dip after recent news.,115.44975062951112
2023-01-27,GOOGL,"I'm bullish on GOOGL, price action has been interesting.",89.82595353728257
2023-02-02,TSLA,"TSLA outlook is bullish, according to many investors.",115.2769394274327
2023-03-30,AAPL,"AAPL outlook is excited, according to many investors.",109.49034777729648
2023-03-31,GOOGL,"Lots of chatter on GOOGL today, could this mean fall?",88.77606573440579
2023-01-24,GOOGL,The way GOOGL has been performing makes me feel bearish.,86.2810077483177
2023-03-27,AMZN,"I'm excited on AMZN, price action has been interesting.",96.7871295272007
2023-01-20,MSFT,"MSFT outlook is worried, according to many investors.",252.23778094824587
2023-03-13,AAPL,The way AAPL has been performing makes me feel neutral.,127.1602184308493
2023-02-07,MSFT,"Investors are talking a lot about MSFT, big moves expected soon!",251.427817526324
2023-03-27,GOOGL,"Lots of chatter on GOOGL today, could this mean rise?",99.9428024152471
2023-03-22,MSFT,"MSFT stock is drawing attention, traders are neutral.",240.67835092452796
2023-02-13,AAPL,The way AAPL has been performing makes me feel worried.,107.452609474386
2023-01-17,AAPL,Analysts believe AAPL could breakout after recent news.,129.1858806715181
2023-03-06,GOOGL,Analysts believe GOOGL could fall after recent news.,86.2810077483177
2023-02-13,GOOGL,The way GOOGL has been performing makes me feel bearish.,94.90275914774982
2023-02-14,MSFT,Market sentiment towards MSFT looks worried these days.,238.6207084882862
2023-02-14,TSLA,"Lots of chatter on TSLA today, could this mean fall?",113.05383568799172
2023-03-15,TSLA,"TSLA outlook is excited, according to many investors.",112.26658190056602
2023-03-27,MSFT,"MSFT stock is drawing attention, traders are bullish.",251.54188046292808
2023-03-06,AMZN,Market sentiment towards AMZN looks bullish these days.,101.29797167766668
2023-01-10,TSLA,"TSLA stock is drawing attention, traders are bullish.",112.09895647004323
2023-01-05,AMZN,Analysts believe AMZN could rise after recent news.,87.35981101659057
2023-03-14,AAPL,Market sentiment towards AAPL looks worried these days.,138.0343868483502
2023-02-13,GOOGL,Analysts believe GOOGL could stabilize after recent news.,98.14613905684384
2023-02-20,TSLA,"Lots of chatter on TSLA today, could this mean rise?",115.08278432873662
2023-03-16,GOOGL,"Lots of chatter on GOOGL today, could this mean rise?",102.59576771282129
2023-03-16,AMZN,"AMZN stock is drawing attention, traders are worried.",103.97248096656855
2023-01-24,AAPL,"AAPL outlook is bearish, according to many investors.",132.0122767798815
2023-02-10,MSFT,"MSFT outlook is bearish, according to many investors.",254.97225513830807
2023-01-31,AAPL,"AAPL stock is drawing attention, traders are bearish.",118.71118624893776
2023-03-01,AAPL,Market sentiment towards AAPL looks excited these days.,127.78871309603984
2023-02-07,TSLA,"I'm bearish on TSLA, price action has been interesting.",114.57552560976502
2023-02-21,GOOGL,"I'm bearish on GOOGL, price action has been interesting.",91.05294543696355
2023-03-06,GOOGL,"I'm neutral on GOOGL, price action has been interesting.",91.42717056681614
2023-02-17,AMZN,The way AMZN has been performing makes me feel worried.,92.03902588070363
2023-01-05,GOOGL,"GOOGL outlook is neutral, according to many investors.",99.9428024152471
2023-02-06,AAPL,The way AAPL has been performing makes me feel bullish.,120.49585112836192
2023-01-26,AMZN,"AMZN outlook is neutral, according to many investors.",89.91119166002758
2023-03-03,GOOGL,Analysts believe GOOGL could stabilize after recent news.,103.3391401422243
2023-02-06,AMZN,"Investors are talking a lot about AMZN, big moves expected soon!",102.0264607185497
2023-01-31,MSFT,"Lots of chatter on MSFT today, could this mean stabilize?",253.93499282328747
2023-03-22,GOOGL,"GOOGL outlook is bearish, according to many investors.",103.9596736554112
2023-03-29,GOOGL,Analysts believe GOOGL could breakout after recent news.,89.82595353728257
2023-02-08,AMZN,Analysts believe AMZN could breakout after recent news.,90.59433197059629
2023-03-31,AAPL,Market sentiment towards AAPL looks excited these days.,130.3104557300001
2023-03-02,AAPL,"Investors are talking a lot about AAPL, big moves expected soon!",110.97868978511146
2023-03-01,AMZN,"AMZN outlook is bullish, according to many investors.",100.05001650489336
2023-02-21,GOOGL,"Lots of chatter on GOOGL today, could this mean fall?",88.61815752840099
2023-01-24,GOOGL,"Lots of chatter on GOOGL today, could this mean rise?",87.71777194950126
2023-02-24,TSLA,Market sentiment towards TSLA looks excited these days.,111.25909926874225
2023-02-22,GOOGL,Analysts believe GOOGL could stabilize after recent news.,86.384738769212
2023-03-27,AMZN,Analysts believe AMZN could fall after recent news.,94.57938143046862
2023-01-12,AMZN,"I'm neutral on AMZN, price action has been interesting.",92.91152312861108
2023-03-27,AAPL,Analysts believe AAPL could stabilize after recent news.,109.09848629545628
2023-01-23,AAPL,Analysts believe AAPL could dip after recent news.,119.74445509167056
2023-01-03,TSLA,"Investors are talking a lot about TSLA, big moves expected soon!",117.2064150051684
2023-03-01,AAPL,The way AAPL has been performing makes me feel neutral.,127.78871309603984
2023-02-28,AMZN,The way AMZN has been performing makes me feel neutral.,87.35981101659057
2023-03-21,GOOGL,Analysts believe GOOGL could fall after recent news.,91.54455366458208
2023-02-10,MSFT,"Investors are talking a lot about MSFT, big moves expected soon!",254.9057199189457
2023-01-18,GOOGL,Analysts believe GOOGL could fall after recent news.,102.59576771282129
2023-01-26,TSLA,"TSLA stock is drawing attention, traders are bullish.",112.61449191231668
2023-01-10,GOOGL,Market sentiment towards GOOGL looks worried these days.,88.61815752840099
2023-01-12,TSLA,The way TSLA has been performing makes me feel bearish.,114.57552560976502
2023-03-16,MSFT,"I'm bullish on MSFT, price action has been interesting.",249.2035675109092
2023-03-27,AAPL,Market sentiment towards AAPL looks bearish these days.,127.1602184308493
2023-01-03,TSLA,Market sentiment towards TSLA looks bearish these days.,115.11576987004398
2023-03-10,MSFT,"Investors are talking a lot about MSFT, big moves expected soon!",254.9057199189457
2023-02-13,GOOGL,"GOOGL outlook is excited, according to many investors.",103.3391401422243
2023-02-15,MSFT,Analysts believe MSFT could fall after recent news.,239.65077902270352
2023-01-16,GOOGL,Market sentiment towards GOOGL looks bullish these days.,91.54455366458208
2023-02-15,AAPL,The way AAPL has been performing makes me feel bullish.,109.49034777729648
2023-01-10,TSLA,The way TSLA has been performing makes me feel worried.,115.2769394274327
2023-02-13,TSLA,"TSLA outlook is worried, according to many investors.",114.57552560976502
2023-03-08,GOOGL,The way GOOGL has been performing makes me feel excited.,92.60610790975478
2023-03-07,AAPL,"I'm neutral on AAPL, price action has been interesting.",127.1602184308493
2023-03-15,AAPL,"Investors are talking a lot about AAPL, big moves expected soon!",110.48308955585064
2023-01-26,GOOGL,Market sentiment towards GOOGL looks excited these days.,103.98747284720118
2023-01-09,TSLA,"TSLA stock is drawing attention, traders are bearish.",111.44355272501969
2023-03-09,MSFT,"I'm excited on MSFT, price action has been interesting.",251.55173693368533
2023-03-10,MSFT,Analysts believe MSFT could breakout after recent news.,239.65077902270352
2023-01-17,AAPL,Market sentiment towards AAPL looks worried these days.,137.8761021468032
2023-02-01,TSLA,"TSLA outlook is bearish, according to many investors.",106.13694076891493
2023-03-16,GOOGL,"Lots of chatter on GOOGL today, could this mean breakout?",94.90275914774982
2023-03-23,AAPL,"I'm bullish on AAPL, price action has been interesting.",121.21232939349684
2023-02-20,GOOGL,Market sentiment towards GOOGL looks bullish these days.,89.75989832306075
2023-01-04,AMZN,"Lots of chatter on AMZN today, could this mean stabilize?",89.29757967336829
2023-03-22,GOOGL,Market sentiment towards GOOGL looks excited these days.,89.21135449552935
2023-03-17,TSLA,Market sentiment towards TSLA looks worried these days.,113.86768673542504
2023-03-21,MSFT,"MSFT stock is drawing attention, traders are bullish.",255.5921656362433
2023-01-24,GOOGL,"I'm bullish on GOOGL, price action has been interesting.",98.31578314324582
2023-02-23,AMZN,"I'm worried on AMZN, price action has been interesting.",94.05128089966354
2023-03-17,MSFT,"MSFT outlook is bullish, according to many investors.",255.85989399460053
2023-03-03,MSFT,The way MSFT has been performing makes me feel bullish.,250.0364394129566
2023-01-02,AAPL,"AAPL outlook is bearish, according to many investors.",113.98598608655568
2023-01-30,MSFT,Market sentiment towards MSFT looks bearish these days.,253.22305341902452
2023-01-30,AAPL,"AAPL stock is drawing attention, traders are bearish.",110.29145320597452
2023-03-14,GOOGL,"I'm bearish on GOOGL, price action has been interesting.",89.82595353728257
2023-03-01,TSLA,"Lots of chatter on TSLA today, could this mean fall?",115.81012322074378
2023-03-14,AAPL,"Lots of chatter on AAPL today, could this mean dip?",134.59002974325085
2023-03-02,AMZN,"I'm bullish on AMZN, price action has been interesting.",91.27015849190768
2023-02-14,AMZN,"I'm worried on AMZN, price action has been interesting.",102.99140554903606
2023-01-13,AMZN,"AMZN outlook is neutral, according to many investors.",104.77329839040188
2023-03-30,AAPL,"AAPL outlook is bullish, according to many investors.",108.82782091448937
2023-02-08,GOOGL,"I'm excited on GOOGL, price action has been interesting.",91.05294543696355
2023-03-15,TSLA,"Investors are talking a lot about TSLA, big moves expected soon!",111.88185997100378
2023-03-13,AAPL,"Investors are talking a lot about AAPL, big moves expected soon!",118.2733156103735
2023-03-15,AAPL,"Investors are talking a lot about AAPL, big moves expected soon!",122.04644224651518
2023-01-05,AMZN,Market sentiment towards AMZN looks neutral these days.,100.05001650489336
2023-01-24,MSFT,"Lots of chatter on MSFT today, could this mean dip?",240.4963585681164
2023-03-07,MSFT,The way MSFT has been performing makes me feel bearish.,254.32432759160727
2023-03-20,AMZN,The way AMZN has been performing makes me feel worried.,92.14327842542612
2023-02-01,AMZN,Analysts believe AMZN could fall after recent news.,104.91895621571564
2023-01-25,AMZN,"AMZN stock is drawing attention, traders are bearish.",90.85837652129794
2023-01-02,MSFT,"MSFT outlook is worried, according to many investors.",252.2960828325226
2023-02-17,GOOGL,The way GOOGL has been performing makes me feel neutral.,103.98747284720118
2023-03-30,TSLA,"TSLA outlook is excited, according to many investors.",113.86768673542504
2023-03-22,AAPL,"I'm bearish on AAPL, price action has been interesting.",114.77170255262348
2023-03-23,AAPL,"AAPL outlook is bearish, according to many investors.",107.33061285234297
2023-01-02,MSFT,"MSFT outlook is bearish, according to many investors.",249.71601303957576
2023-01-04,MSFT,"MSFT stock is drawing attention, traders are bearish.",254.99352785022364
2023-02-21,AMZN,"Investors are talking a lot about AMZN, big moves expected soon!",105.88256082750448
2023-02-09,GOOGL,"GOOGL stock is drawing attention, traders are bearish.",86.16647590995666
2023-02-15,GOOGL,"GOOGL outlook is neutral, according to many investors.",89.21135449552935
2023-03-27,AAPL,"I'm bullish on AAPL, price action has been interesting.",137.1029273412097
2023-01-05,TSLA,The way TSLA has been performing makes me feel neutral.,114.45826765072462
2023-01-19,GOOGL,"Lots of chatter on GOOGL today, could this mean rise?",87.59981329687079
2023-02-15,AMZN,Market sentiment towards AMZN looks bearish these days.,87.35981101659057
2023-01-31,AAPL,Market sentiment towards AAPL looks neutral these days.,125.62780247919687
2023-03-08,AAPL,"Investors are talking a lot about AAPL, big moves expected soon!",117.50777302447896
2023-01-04,TSLA,"I'm excited on TSLA, price action has been interesting.",115.08278432873662
2023-02-01,TSLA,"TSLA stock is drawing attention, traders are neutral.",113.63097571992164
2023-01-30,MSFT,"Investors are talking a lot about MSFT, big moves expected soon!",252.826821580197
2023-03-01,TSLA,Analysts believe TSLA could fall after recent news.,115.81012322074378
2023-02-06,MSFT,"Investors are talking a lot about MSFT, big moves expected soon!",252.34772443328157
2023-02-27,AMZN,"Investors are talking a lot about AMZN, big moves expected soon!",92.14327842542612
2023-02-22,MSFT,"Investors are talking a lot about MSFT, big moves expected soon!",256.9250075615008
2023-01-16,GOOGL,"Lots of chatter on GOOGL today, could this mean breakout?",92.64791109768308
2023-02-09,TSLA,"Investors are talking a lot about TSLA, big moves expected soon!",112.03579327914883
2023-03-24,GOOGL,"I'm bullish on GOOGL, price action has been interesting.",88.79797393518416
2023-03-31,GOOGL,Market sentiment towards GOOGL looks bearish these days.,90.88980558179196
2023-03-27,MSFT,"MSFT stock is drawing attention, traders are bullish.",252.826821580197
2023-01-26,AMZN,"I'm neutral on AMZN, price action has been interesting.",90.55289027819296
2023-03-06,GOOGL,"GOOGL stock is drawing attention, traders are bullish.",87.41215474466284
2023-03-09,GOOGL,Analysts believe GOOGL could stabilize after recent news.,87.99793268801773
2023-01-31,AAPL,"AAPL outlook is bearish, according to many investors.",105.5066884063496
2023-03-21,AAPL,"Investors are talking a lot about AAPL, big moves expected soon!",107.452609474386
2023-01-19,AMZN,"Investors are talking a lot about AMZN, big moves expected soon!",89.02016276311137
2023-03-02,GOOGL,The way GOOGL has been performing makes me feel excited.,95.3960924679492
2023-01-23,AMZN,"I'm bearish on AMZN, price action has been interesting.",98.96940265756044
2023-01-17,TSLA,"Lots of chatter on TSLA today, could this mean rise?",108.4269243404117
2023-03-17,AMZN,Market sentiment towards AMZN looks neutral these days.,88.7885138526433
2023-03-13,AMZN,"AMZN outlook is excited, according to many investors.",103.97248096656855
2023-02-23,AMZN,Market sentiment towards AMZN looks bullish these days.,89.81734526186513
2023-02-15,AAPL,The way AAPL has been performing makes me feel bullish.,119.29457374852431
2023-02-15,TSLA,Analysts believe TSLA could rise after recent news.,115.81012322074378
2023-02-09,AAPL,"Investors are talking a lot about AAPL, big moves expected soon!",121.18533494402097
2023-02-13,AMZN,Market sentiment towards AMZN looks excited these days.,89.02016276311137
2023-02-13,GOOGL,"I'm neutral on GOOGL, price action has been interesting.",103.92117866845123
2023-03-06,AMZN,"I'm neutral on AMZN, price action has been interesting.",95.13276302912864
2023-03-14,AAPL,"Investors are talking a lot about AAPL, big moves expected soon!",107.33061285234297
2023-01-13,GOOGL,"Investors are talking a lot about GOOGL, big moves expected soon!",103.3391401422243
2023-02-27,GOOGL,"Lots of chatter on GOOGL today, could this mean breakout?",88.77606573440579
2023-01-04,AMZN,"AMZN stock is drawing attention, traders are bullish.",91.53580168052092
2023-03-23,TSLA,"Lots of chatter on TSLA today, could this mean rise?",110.74399848729672
2023-03-14,TSLA,Market sentiment towards TSLA looks bullish these days.,115.11576987004398
2023-02-16,TSLA,"Investors are talking a lot about TSLA, big moves expected soon!",114.05624946250992
2023-03-09,AAPL,"Investors are talking a lot about AAPL, big moves expected soon!",110.29145320597452
2023-02-08,TSLA,The way TSLA has been performing makes me feel excited.,109.26821498594242
2023-01-18,MSFT,The way MSFT has been performing makes me feel neutral.,239.0029198870554
2023-03-27,GOOGL,"I'm neutral on GOOGL, price action has been interesting.",88.61815752840099
2023-03-24,MSFT,The way MSFT has been performing makes me feel worried.,250.5556902998358
2023-02-02,TSLA,Analysts believe TSLA could stabilize after recent news.,116.07381954596286
2023-03-29,TSLA,Market sentiment towards TSLA looks excited these days.,107.34009767559544
2023-03-27,AAPL,The way AAPL has been performing makes me feel excited.,126.07935508016996
2023-02-01,AAPL,"Lots of chatter on AAPL today, could this mean rise?",111.4414380315412
2023-02-10,AMZN,"AMZN outlook is neutral, according to many investors.",90.969526103566
2023-03-24,GOOGL,"Investors are talking a lot about GOOGL, big moves expected soon!",94.4673967412954
2023-01-25,AMZN,Analysts believe AMZN could dip after recent news.,89.02016276311137
2023-03-20,GOOGL,The way GOOGL has been performing makes me feel neutral.,88.5494701524181
2023-03-15,AAPL,Market sentiment towards AAPL looks excited these days.,105.5066884063496
2023-01-10,MSFT,Analysts believe MSFT could dip after recent news.,255.79604932771065
2023-03-14,AMZN,"Investors are talking a lot about AMZN, big moves expected soon!",89.52899291686128
2023-01-05,MSFT,Analysts believe MSFT could stabilize after recent news.,252.2960828325226
2023-02-16,AAPL,Analysts believe AAPL could fall after recent news.,107.20012142941276
2023-02-15,GOOGL,Analysts believe GOOGL could breakout after recent news.,98.14613905684384
2023-02-22,AAPL,The way AAPL has been performing makes me feel worried.,110.111771602523
2023-02-06,GOOGL,"Lots of chatter on GOOGL today, could this mean fall?",92.6802413334508
2023-01-02,TSLA,"Investors are talking a lot about TSLA, big moves expected soon!",115.2987976598603
2023-01-05,AAPL,Market sentiment towards AAPL looks excited these days.,130.7168997036801
2023-02-23,GOOGL,"GOOGL stock is drawing attention, traders are bullish.",102.55376002955576
2023-03-16,TSLA,"TSLA outlook is excited, according to many investors.",107.2196372557134
2023-02-15,MSFT,Analysts believe MSFT could rise after recent news.,252.2960828325226
2023-02-15,TSLA,"Lots of chatter on TSLA today, could this mean fall?",116.84545196412247
2023-01-27,MSFT,Analysts believe MSFT could rise after recent news.,251.427817526324
2023-01-23,TSLA,Analysts believe TSLA could stabilize after recent news.,114.37058262128392
2023-01-30,AMZN,Market sentiment towards AMZN looks excited these days.,91.27015849190768
2023-03-03,MSFT,"I'm excited on MSFT, price action has been interesting.",258.7280582354071
2023-03-28,AAPL,The way AAPL has been performing makes me feel worried.,107.33061285234297
2023-02-13,GOOGL,Market sentiment towards GOOGL looks bearish these days.,105.64779114122965
2023-02-28,MSFT,"Investors are talking a lot about MSFT, big moves expected soon!",254.5032139891401
2023-01-17,AAPL,Market sentiment towards AAPL looks bearish these days.,111.4414380315412
2023-03-31,TSLA,Market sentiment towards TSLA looks worried these days.,110.07817504102144
2023-01-04,AMZN,The way AMZN has been performing makes me feel neutral.,92.03902588070363
2023-01-12,TSLA,"I'm bullish on TSLA, price action has been interesting.",119.1874876554298
2023-03-13,TSLA,"Investors are talking a lot about TSLA, big moves expected soon!",120.86505772800692
2023-01-23,AAPL,"AAPL stock is drawing attention, traders are bearish.",137.58685188434174
2023-01-04,AAPL,Analysts believe AAPL could stabilize after recent news.,111.12468071263706
2023-02-02,AAPL,"Lots of chatter on AAPL today, could this mean fall?",125.97266494499742
2023-01-18,TSLA,"Lots of chatter on TSLA today, could this mean stabilize?",115.24796470827592
2023-01-03,MSFT,"I'm excited on MSFT, price action has been interesting.",243.2516973040306
2023-01-30,AMZN,The way AMZN has been performing makes me feel worried.,101.29797167766668
2023-01-26,AAPL,"Lots of chatter on AAPL today, could this mean breakout?",121.82459706709544
2023-03-07,AAPL,"Lots of chatter on AAPL today, could this mean rise?",114.09742608415914
2023-01-31,AMZN,"Investors are talking a lot about AMZN, big moves expected soon!",89.81734526186513
2023-02-15,GOOGL,Market sentiment towards GOOGL looks bearish these days.,88.63862365044015
2023-02-14,AAPL,Analysts believe AAPL could breakout after recent news.,138.8150509186731
2023-03-30,GOOGL,The way GOOGL has been performing makes me feel worried.,103.3391401422243
2023-02-23,GOOGL,The way GOOGL has been performing makes me feel worried.,86.49507571519749
2023-02-28,TSLA,Analysts believe TSLA could fall after recent news.,107.74149530735816
2023-01-12,TSLA,Market sentiment towards TSLA looks worried these days.,107.74149530735816
2023-02-03,GOOGL,The way GOOGL has been performing makes me feel bullish.,91.54455366458208
2023-01-03,TSLA,"Lots of chatter on TSLA today, could this mean rise?",112.61449191231668
2023-01-26,MSFT,"Lots of chatter on MSFT today, could this mean fall?",250.4815684727234
2023-01-27,MSFT,The way MSFT has been performing makes me feel worried.,251.91478909246692
2023-01-24,TSLA,"TSLA stock is drawing attention, traders are bearish.",112.484954655671
2023-01-04,MSFT,"MSFT outlook is worried, according to many investors.",252.19675275701448
2023-03-13,GOOGL,Analysts believe GOOGL could dip after recent news.,98.02708834472024
2023-02-06,AMZN,"I'm bearish on AMZN, price action has been interesting.",87.31005948872884
2023-03-20,AAPL,"Lots of chatter on AAPL today, could this mean stabilize?",107.131740051138
2023-03-30,GOOGL,"GOOGL stock is drawing attention, traders are worried.",90.21111369277384
2023-01-11,GOOGL,The way GOOGL has been performing makes me feel bullish.,92.6802413334508
2023-02-21,MSFT,"Investors are talking a lot about MSFT, big moves expected soon!",254.9057199189457
2023-02-07,MSFT,"MSFT stock is drawing attention, traders are bearish.",239.0029198870554
2023-03-03,MSFT,"I'm bearish on MSFT, price action has been interesting.",251.55173693368533
2023-01-05,MSFT,"MSFT stock is drawing attention, traders are worried.",238.6207084882862
2023-02-21,AAPL,"Investors are talking a lot about AAPL, big moves expected soon!",129.1858806715181
2023-02-15,AAPL,Analysts believe AAPL could rise after recent news.,114.77170255262348
2023-02-13,TSLA,"TSLA outlook is excited, according to many investors.",105.8143693455829
2023-03-17,TSLA,"Investors are talking a lot about TSLA, big moves expected soon!",113.32871705534018
2023-01-17,TSLA,"Investors are talking a lot about TSLA, big moves expected soon!",112.56813073679352
2023-01-16,TSLA,Market sentiment towards TSLA looks bearish these days.,117.2064150051684
2023-02-14,AAPL,Market sentiment towards AAPL looks bullish these days.,127.1602184308493
2023-03-21,AMZN,"Lots of chatter on AMZN today, could this mean rise?",104.63122613197449
2023-02-22,TSLA,The way TSLA has been performing makes me feel bearish.,112.71248005714163
2023-03-24,AAPL,Analysts believe AAPL could stabilize after recent news.,105.5066884063496
2023-01-26,GOOGL,Analysts believe GOOGL could fall after recent news.,87.59981329687079
2023-03-20,AAPL,"I'm excited on AAPL, price action has been interesting.",110.5381747122457
2023-01-19,GOOGL,"Investors are talking a lot about GOOGL, big moves expected soon!",86.2810077483177
2023-02-15,AAPL,Analysts believe AAPL could stabilize after recent news.,119.06991308610915
2023-01-13,MSFT,"Investors are talking a lot about MSFT, big moves expected soon!",237.8564216608738
2023-03-30,TSLA,"TSLA stock is drawing attention, traders are worried.",110.07817504102144
2023-03-30,AMZN,"Investors are talking a lot about AMZN, big moves expected soon!",88.20236890604593
2023-03-28,AMZN,"I'm bearish on AMZN, price action has been interesting.",95.13276302912864
2023-03-01,MSFT,The way MSFT has been performing makes me feel excited.,254.9057199189457
2023-03-23,AAPL,Market sentiment towards AAPL looks bearish these days.,105.97676885173104
2023-03-14,GOOGL,Market sentiment towards GOOGL looks neutral these days.,86.384738769212
2023-01-26,AMZN,The way AMZN has been performing makes me feel neutral.,99.46017888956618
2023-01-30,AMZN,"Investors are talking a lot about AMZN, big moves expected soon!",89.29757967336829
2023-01-31,AAPL,Analysts believe AAPL could fall after recent news.,113.98598608655568
2023-01-12,GOOGL,"Investors are talking a lot about GOOGL, big moves expected soon!",86.79749893370014
2023-01-12,GOOGL,Market sentiment towards GOOGL looks bearish these days.,95.3960924679492
2023-02-07,MSFT,Analysts believe MSFT could stabilize after recent news.,253.14061648859337
2023-01-24,AMZN,Market sentiment towards AMZN looks bullish these days.,92.91152312861108
2023-03-02,AAPL,"Investors are talking a lot about AAPL, big moves expected soon!",118.2733156103735
2023-03-03,AAPL,"AAPL stock is drawing attention, traders are bearish.",122.9133625161458
2023-01-11,GOOGL,The way GOOGL has been performing makes me feel bullish.,87.59981329687079
2023-01-25,MSFT,"I'm worried on MSFT, price action has been interesting.",241.70844629714003
2023-02-15,AMZN,Market sentiment towards AMZN looks worried these days.,89.52899291686128
2023-01-02,AAPL,"Lots of chatter on AAPL today, could this mean breakout?",105.97676885173104
2023-01-09,AMZN,The way AMZN has been performing makes me feel bullish.,93.89707748083532
2023-02-27,TSLA,The way TSLA has been performing makes me feel worried.,115.11576987004398
2023-03-17,AAPL,"AAPL outlook is bullish, according to many investors.",137.1029273412097
2023-01-06,GOOGL,"GOOGL outlook is worried, according to many investors.",88.5494701524181
2023-03-23,TSLA,"Lots of chatter on TSLA today, could this mean breakout?",115.15479892754824
2023-01-25,AAPL,The way AAPL has been performing makes me feel worried.,138.0343868483502
2023-03-09,MSFT,"MSFT outlook is worried, according to many investors.",256.037607609795
2023-03-31,AAPL,"I'm worried on AAPL, price action has been interesting.",129.1858806715181
2023-03-16,MSFT,Market sentiment towards MSFT looks excited these days.,239.42678753583849
2023-03-27,TSLA,"Lots of chatter on TSLA today, could this mean stabilize?",107.74149530735816
2023-01-11,MSFT,Market sentiment towards MSFT looks bullish these days.,250.1534581332311
2023-01-04,AAPL,"I'm neutral on AAPL, price action has been interesting.",108.1772087535367
2023-02-03,MSFT,Market sentiment towards MSFT looks worried these days.,256.3875940695456
2023-03-17,GOOGL,"GOOGL outlook is bullish, according to many investors.",89.16355432644994
2023-02-24,AAPL,"AAPL outlook is bullish, according to many investors.",114.09742608415914
2023-03-10,AMZN,"I'm excited on AMZN, price action has been interesting.",104.91895621571564
2023-02-15,MSFT,The way MSFT has been performing makes me feel neutral.,237.14084694017723
2023-01-25,TSLA,"Investors are talking a lot about TSLA, big moves expected soon!",110.39484286163304
2023-03-21,MSFT,Analysts believe MSFT could breakout after recent news.,252.34772443328157
2023-01-23,AMZN,"AMZN outlook is worried, according to many investors.",99.46017888956618
2023-02-22,TSLA,"Lots of chatter on TSLA today, could this mean breakout?",114.80657640380984
2023-02-27,TSLA,"Investors are talking a lot about TSLA, big moves expected soon!",105.8143693455829
2023-01-10,GOOGL,"I'm bearish on GOOGL, price action has been interesting.",89.49577838191351
2023-03-15,GOOGL,"GOOGL stock is drawing attention, traders are bearish.",88.47249554433462
2023-03-29,TSLA,Analysts believe TSLA could dip after recent news.,106.13694076891493
2023-02-14,GOOGL,"I'm bullish on GOOGL, price action has been interesting.",94.21294969027754
2023-02-22,AMZN,"Investors are talking a lot about AMZN, big moves expected soon!",102.99140554903606
2023-01-31,AAPL,"Lots of chatter on AAPL today, could this mean fall?",130.99342830602245
2023-01-23,MSFT,"Lots of chatter on MSFT today, could this mean fall?",251.427817526324
2023-03-14,AMZN,Analysts believe AMZN could rise after recent news.,89.52899291686128
2023-02-09,AMZN,"AMZN outlook is excited, according to many investors.",92.91152312861108
2023-01-23,GOOGL,"Investors are talking a lot about GOOGL, big moves expected soon!",86.93710310368019
2023-01-24,AAPL,Market sentiment towards AAPL looks bullish these days.,125.97266494499742
2023-03-30,AMZN,"I'm bearish on AMZN, price action has been interesting.",99.72020146527116
2023-01-18,AAPL,"Lots of chatter on AAPL today, could this mean fall?",110.97868978511146
2023-03-20,AMZN,"AMZN stock is drawing attention, traders are bullish.",86.26617635749504
2023-01-06,MSFT,"I'm bearish on MSFT, price action has been interesting.",256.9250075615008
2023-01-17,TSLA,"Investors are talking a lot about TSLA, big moves expected soon!",113.86768673542504
2023-02-27,GOOGL,"GOOGL outlook is excited, according to many investors.",91.45167777496049
2023-01-04,TSLA,Analysts believe TSLA could fall after recent news.,105.8143693455829
2023-02-15,MSFT,"Lots of chatter on MSFT today, could this mean rise?",252.19675275701448
2023-03-10,GOOGL,Market sentiment towards GOOGL looks excited these days.,91.45167777496049
2023-03-20,AMZN,"AMZN outlook is bullish, according to many investors.",93.89707748083532
2023-01-12,GOOGL,The way GOOGL has been performing makes me feel worried.,103.92117866845123
2023-03-10,AMZN,"AMZN stock is drawing attention, traders are bullish.",104.16824571467193
2023-02-09,GOOGL,"Investors are talking a lot about GOOGL, big moves expected soon!",92.6802413334508
2023-02-23,GOOGL,Analysts believe GOOGL could dip after recent news.,89.93258335656962
2023-03-03,MSFT,"MSFT outlook is excited, according to many investors.",243.2516973040306
2023-01-24,AAPL,"Lots of chatter on AAPL today, could this mean rise?",137.2801814603673
2023-03-20,AMZN,"Lots of chatter on AMZN today, could this mean fall?",95.13276302912864
2023-03-06,TSLA,The way TSLA has been performing makes me feel worried.,116.2845051448232
2023-01-19,TSLA,"Lots of chatter on TSLA today, could this mean fall?",117.21422940849848
2023-02-01,AMZN,"Investors are talking a lot about AMZN, big moves expected soon!",95.6829014695944
2023-03-27,GOOGL,Market sentiment towards GOOGL looks excited these days.,105.11149271932508
2023-02-01,GOOGL,The way GOOGL has been performing makes me feel worried.,88.77606573440579
2023-02-07,MSFT,"Investors are talking a lot about MSFT, big moves expected soon!",254.0987411020601
2023-03-16,AAPL,"AAPL outlook is bullish, according to many investors.",105.5066884063496
2023-01-13,TSLA,"TSLA outlook is bullish, according to many investors.",114.37058262128392
2023-01-23,TSLA,"TSLA stock is drawing attention, traders are bullish.",116.2845051448232
2023-02-27,AMZN,"Investors are talking a lot about AMZN, big moves expected soon!",87.31005948872884
2023-03-17,TSLA,Analysts believe TSLA could fall after recent news.,110.74399848729672
2023-03-27,TSLA,"TSLA outlook is bearish, according to many investors.",115.62556751982744
2023-03-09,GOOGL,Market sentiment towards GOOGL looks worried these days.,91.45167777496049
2023-03-14,AMZN,Market sentiment towards AMZN looks neutral these days.,89.29757967336829
2023-01-03,AAPL,"AAPL stock is drawing attention, traders are excited.",112.50905292656483
2023-03-10,TSLA,Analysts believe TSLA could fall after recent news.,113.63097571992164
2023-03-01,TSLA,"Investors are talking a lot about TSLA, big moves expected soon!",116.43656434179384
2023-01-11,AAPL,The way AAPL has been performing makes me feel bullish.,126.07935508016996
2023-03-23,TSLA,"I'm excited on TSLA, price action has been interesting.",112.41553111626052
2023-03-31,GOOGL,Market sentiment towards GOOGL looks excited these days.,103.47505135285812
2023-01-17,AMZN,The way AMZN has been performing makes me feel worried.,92.1193968628654
2023-01-05,GOOGL,"GOOGL outlook is bullish, according to many investors.",90.88980558179196
2023-02-27,AAPL,"I'm excited on AAPL, price action has been interesting.",118.2733156103735
2023-01-10,AMZN,"AMZN outlook is neutral, according to many investors.",99.15698660075932
2023-02-10,AAPL,"Investors are talking a lot about AAPL, big moves expected soon!",119.06991308610915
2023-01-09,GOOGL,"GOOGL outlook is neutral, according to many investors.",94.21294969027754
2023-01-26,AMZN,Market sentiment towards AMZN looks neutral these days.,87.31005948872884
2023-01-13,TSLA,The way TSLA has been performing makes me feel bullish.,107.2196372557134
2023-01-23,TSLA,"I'm excited on TSLA, price action has been interesting.",111.11020743720992
2023-02-21,TSLA,"TSLA outlook is worried, according to many investors.",112.03579327914883
2023-02-14,GOOGL,The way GOOGL has been performing makes me feel bullish.,88.5494701524181
2023-03-07,TSLA,"Investors are talking a lot about TSLA, big moves expected soon!",107.2196372557134
2023-03-01,TSLA,"TSLA stock is drawing attention, traders are bullish.",113.63097571992164
2023-02-20,AMZN,Market sentiment towards AMZN looks excited these days.,90.55289027819296
2023-02-06,TSLA,Analysts believe TSLA could stabilize after recent news.,115.11576987004398
2023-01-13,GOOGL,"I'm excited on GOOGL, price action has been interesting.",86.16647590995666
2023-02-13,MSFT,"Investors are talking a lot about MSFT, big moves expected soon!",250.4815684727234
2023-02-09,MSFT,"Investors are talking a lot about MSFT, big moves expected soon!",251.55173693368533
2023-01-06,AMZN,Analysts believe AMZN could rise after recent news.,89.90876724578159
2023-01-02,GOOGL,"Lots of chatter on GOOGL today, could this mean rise?",94.4673967412954
2023-01-04,GOOGL,The way GOOGL has been performing makes me feel neutral.,105.64779114122965
2023-02-17,GOOGL,"Lots of chatter on GOOGL today, could this mean fall?",102.55376002955576
2023-01-20,AAPL,"Investors are talking a lot about AAPL, big moves expected soon!",107.20012142941276
2023-02-10,MSFT,"I'm bullish on MSFT, price action has been interesting.",254.3746539509492
2023-03-01,MSFT,"MSFT stock is drawing attention, traders are worried.",247.8969090457618
2023-03-24,AMZN,Market sentiment towards AMZN looks worried these days.,91.53580168052092
2023-02-24,AAPL,"Lots of chatter on AAPL today, could this mean fall?",119.74445509167056
2023-03-31,GOOGL,"GOOGL outlook is bullish, according to many investors.",105.11149271932508
2023-02-09,AMZN,"Lots of chatter on AMZN today, could this mean stabilize?",89.52899291686128
2023-01-26,TSLA,Market sentiment towards TSLA looks bearish these days.,115.08278432873662
2023-01-04,GOOGL,"Lots of chatter on GOOGL today, could this mean dip?",92.60610790975478
2023-02-20,GOOGL,"Investors are talking a lot about GOOGL, big moves expected soon!",95.30714445261762
2023-03-01,MSFT,"MSFT stock is drawing attention, traders are worried.",255.3793571324257
2023-01-20,AAPL,"AAPL stock is drawing attention, traders are worried.",137.2801814603673
2023-02-27,AAPL,Market sentiment towards AAPL looks neutral these days.,108.1772087535367
2023-02-20,MSFT,"Lots of chatter on MSFT today, could this mean dip?",258.7280582354071
2023-02-15,GOOGL,The way GOOGL has been performing makes me feel bearish.,86.29183002409107
2023-01-06,AMZN,"Lots of chatter on AMZN today, could this mean fall?",93.1969107503963
2023-01-19,MSFT,Analysts believe MSFT could dip after recent news.,253.93499282328747
2023-03-07,MSFT,Market sentiment towards MSFT looks excited these days.,237.14084694017723
2023-03-16,AAPL,Analysts believe AAPL could fall after recent news.,138.8150509186731
2023-01-05,AMZN,"AMZN outlook is neutral, according to many investors.",89.91119166002758
2023-01-12,MSFT,"Investors are talking a lot about MSFT, big moves expected soon!",239.42678753583849
2023-03-15,AAPL,"AAPL stock is drawing attention, traders are neutral.",129.1858806715181
2023-03-24,MSFT,"I'm neutral on MSFT, price action has been interesting.",257.8609798488129
2023-03-06,GOOGL,"Lots of chatter on GOOGL today, could this mean rise?",88.5494701524181
2023-03-16,GOOGL,"GOOGL stock is drawing attention, traders are bearish.",102.55376002955576
2023-02-21,AAPL,"I'm worried on AAPL, price action has been interesting.",110.29145320597452
2023-02-01,AAPL,"Investors are talking a lot about AAPL, big moves expected soon!",122.04644224651518
2023-02-07,AMZN,"AMZN stock is drawing attention, traders are neutral.",94.57938143046862
2023-03-27,AAPL,The way AAPL has been performing makes me feel bullish.,138.0343868483502
2023-03-13,AAPL,"Investors are talking a lot about AAPL, big moves expected soon!",137.2801814603673
2023-03-10,AMZN,"Investors are talking a lot about AMZN, big moves expected soon!",102.0264607185497
2023-01-26,AAPL,The way AAPL has been performing makes me feel excited.,126.07935508016996
2023-01-02,MSFT,"Investors are talking a lot about MSFT, big moves expected soon!",251.91478909246692
2023-02-24,GOOGL,"GOOGL outlook is neutral, according to many investors.",89.49577838191351
2023-02-14,MSFT,"I'm neutral on MSFT, price action has been interesting.",254.97225513830807
2023-01-31,TSLA,The way TSLA has been performing makes me feel bullish.,108.4269243404117
2023-02-24,TSLA,"I'm bullish on TSLA, price action has been interesting.",113.63097750248954
2023-02-22,TSLA,The way TSLA has been performing makes me feel excited.,117.26937252857788
2023-03-08,MSFT,Market sentiment towards MSFT looks excited these days.,250.81557924919667
2023-03-17,TSLA,"I'm excited on TSLA, price action has been interesting.",110.07817504102144
2023-03-17,TSLA,"TSLA outlook is excited, according to many investors.",119.1874876554298
2023-03-13,TSLA,"Lots of chatter on TSLA today, could this mean fall?",116.27312227613815
2023-03-24,AAPL,The way AAPL has been performing makes me feel excited.,110.97868978511146
2023-01-11,AMZN,Analysts believe AMZN could breakout after recent news.,92.91152312861108
2023-01-12,GOOGL,"I'm bearish on GOOGL, price action has been interesting.",90.21111369277384
2023-01-03,TSLA,Market sentiment towards TSLA looks worried these days.,109.26821498594242
2023-03-23,AAPL,"I'm bullish on AAPL, price action has been interesting.",126.07935508016996
2023-01-26,AAPL,The way AAPL has been performing makes me feel excited.,134.1217558293525
2023-02-08,MSFT,"Investors are talking a lot about MSFT, big moves expected soon!",249.71601303957576
2023-01-19,MSFT,Market sentiment towards MSFT looks excited these days.,254.32432759160727
2023-02-02,AAPL,"AAPL outlook is excited, according to many investors.",126.07935508016996
2023-03-02,MSFT,"I'm worried on MSFT, price action has been interesting.",239.65077902270352
2023-03-20,GOOGL,"Investors are talking a lot about GOOGL, big moves expected soon!",86.16647590995666
2023-03-13,AMZN,"AMZN stock is drawing attention, traders are worried.",91.38099100541976
2023-02-14,GOOGL,Market sentiment towards GOOGL looks neutral these days.,95.3960924679492
2023-03-10,MSFT,"MSFT stock is drawing attention, traders are excited.",249.71601303957576
2023-02-27,GOOGL,"Lots of chatter on GOOGL today, could this mean dip?",103.47505135285812
2023-02-03,MSFT,Analysts believe MSFT could stabilize after recent news.,240.7706347594577
2023-03-27,MSFT,Market sentiment towards MSFT looks bullish these days.,251.4915430306843
2023-02-28,TSLA,"I'm worried on TSLA, price action has been interesting.",108.4269243404117
2023-03-31,AMZN,"I'm excited on AMZN, price action has been interesting.",89.65641888629835
2023-02-20,AMZN,"AMZN stock is drawing attention, traders are bullish.",88.20236890604593
2023-01-12,AMZN,"I'm bearish on AMZN, price action has been interesting.",88.40501453588696
2023-02-20,AAPL,"AAPL outlook is excited, according to many investors.",111.12468071263706
2023-02-22,TSLA,"TSLA stock is drawing attention, traders are bullish.",115.81012322074378
2023-02-15,AMZN,Analysts believe AMZN could breakout after recent news.,104.77329839040188
2023-02-28,TSLA,Market sentiment towards TSLA looks bullish these days.,116.84545196412247
2023-03-27,MSFT,"MSFT outlook is bearish, according to many investors.",254.8222399169049
2023-03-06,GOOGL,"Lots of chatter on GOOGL today, could this mean dip?",88.99064207912718
2023-03-27,GOOGL,Market sentiment towards GOOGL looks bullish these days.,86.39351060045915
2023-01-25,AAPL,Market sentiment towards AAPL looks bearish these days.,112.1153304548266
2023-01-20,AMZN,"AMZN outlook is bullish, according to many investors.",88.90708958366359
2023-03-08,GOOGL,Market sentiment towards GOOGL looks bearish these days.,98.31578314324582
2023-01-18,GOOGL,"Investors are talking a lot about GOOGL, big moves expected soon!",91.42717056681614
2023-03-01,MSFT,The way MSFT has been performing makes me feel bullish.,256.037607609795
2023-03-24,GOOGL,Market sentiment towards GOOGL looks bullish these days.,86.2810077483177
2023-03-21,MSFT,Market sentiment towards MSFT looks worried these days.,256.3875940695456
2023-01-24,AMZN,"Investors are talking a lot about AMZN, big moves expected soon!",103.07971095426508
2023-03-10,GOOGL,"GOOGL outlook is excited, according to many investors.",91.54455366458208
2023-02-14,AMZN,Market sentiment towards AMZN looks bearish these days.,90.59433197059629
2023-01-31,TSLA,"TSLA outlook is neutral, according to many investors.",112.62746341532046
2023-03-17,TSLA,"Investors are talking a lot about TSLA, big moves expected soon!",115.24796470827592
2023-03-21,MSFT,"Investors are talking a lot about MSFT, big moves expected soon!",250.81557924919667
2023-01-18,AAPL,"I'm bullish on AAPL, price action has been interesting.",107.33061285234297
2023-03-07,AMZN,"Lots of chatter on AMZN today, could this mean breakout?",101.29797167766668
2023-03-28,TSLA,"Lots of chatter on TSLA today, could this mean dip?",117.8074224945988
2023-03-16,MSFT,"MSFT outlook is excited, according to many investors.",254.8222399169049
2023-02-09,TSLA,Analysts believe TSLA could stabilize after recent news.,114.73134936166689
2023-01-31,AMZN,Market sentiment towards AMZN looks excited these days.,89.07407304765302
2023-03-31,MSFT,"Lots of chatter on MSFT today, could this mean fall?",250.0364394129566
2023-02-09,MSFT,"MSFT stock is drawing attention, traders are bearish.",250.822460604913
2023-03-08,MSFT,"Lots of chatter on MSFT today, could this mean fall?",253.14061648859337
2023-01-06,AMZN,"I'm bearish on AMZN, price action has been interesting.",92.03902588070363
2023-02-17,MSFT,The way MSFT has been performing makes me feel bullish.,254.5032139891401
2023-03-06,AMZN,Market sentiment towards AMZN looks bearish these days.,95.6829014695944
2023-02-17,AMZN,"AMZN outlook is worried, according to many investors.",99.15698660075932
2023-03-03,AAPL,The way AAPL has been performing makes me feel neutral.,111.4414380315412
2023-01-18,GOOGL,"Lots of chatter on GOOGL today, could this mean rise?",87.59981329687079
2023-01-13,TSLA,"TSLA stock is drawing attention, traders are neutral.",113.05383568799172
2023-02-03,AAPL,"Lots of chatter on AAPL today, could this mean fall?",138.8150509186731
2023-03-02,TSLA,"Investors are talking a lot about TSLA, big moves expected soon!",112.41553111626052
2023-03-24,AMZN,"AMZN stock is drawing attention, traders are worried.",87.9040288351952
2023-03-07,MSFT,Market sentiment towards MSFT looks neutral these days.,255.79604932771065
2023-02-24,MSFT,Market sentiment towards MSFT looks bullish these days.,237.8564216608738
2023-01-10,AAPL,"AAPL stock is drawing attention, traders are neutral.",123.14805754232684
2023-03-06,TSLA,"TSLA stock is drawing attention, traders are excited.",107.27266500661185
2023-02-01,GOOGL,"I'm bearish on GOOGL, price action has been interesting.",91.42717056681614
2023-03-06,MSFT,"Lots of chatter on MSFT today, could this mean breakout?",255.79604932771065
2023-01-18,AMZN,The way AMZN has been performing makes me feel worried.,88.7885138526433
2023-01-30,MSFT,"Investors are talking a lot about MSFT, big moves expected soon!",243.2516973040306
2023-01-02,AMZN,"I'm neutral on AMZN, price action has been interesting.",91.09136003888008
2023-01-26,MSFT,"I'm neutral on MSFT, price action has been interesting.",240.67835092452796
2023-03-24,GOOGL,"I'm bullish on GOOGL, price action has been interesting.",98.02708834472024
2023-02-15,AMZN,The way AMZN has been performing makes me feel excited.,102.0264607185497
2023-01-05,AAPL,The way AAPL has been performing makes me feel worried.,125.97266494499742
2023-01-04,TSLA,Analysts believe TSLA could dip after recent news.,115.2987976598603
2023-03-14,MSFT,Analysts believe MSFT could stabilize after recent news.,241.1440931999608
2023-02-08,AAPL,"AAPL outlook is bullish, according to many investors.",110.111771602523
2023-03-17,GOOGL,"GOOGL outlook is worried, according to many investors.",88.63862365044015
2023-03-21,GOOGL,The way GOOGL has been performing makes me feel bearish.,99.9428024152471
2023-01-23,GOOGL,"GOOGL stock is drawing attention, traders are excited.",87.59981329687079
2023-02-02,AAPL,Market sentiment towards AAPL looks bullish these days.,137.8761021468032
2023-02-27,TSLA,Analysts believe TSLA could breakout after recent news.,117.02897351719348
2023-03-07,AMZN,The way AMZN has been performing makes me feel excited.,91.38099100541976
2023-02-13,MSFT,"Lots of chatter on MSFT today, could this mean fall?",239.65077902270352
2023-02-10,GOOGL,"Investors are talking a lot about GOOGL, big moves expected soon!",95.3960924679492
2023-01-25,AMZN,Analysts believe AMZN could dip after recent news.,104.91895621571564
2023-03-02,AAPL,The way AAPL has been performing makes me feel excited.,119.06991308610915
2023-02-07,TSLA,"TSLA outlook is neutral, according to many investors.",111.44355272501969
2023-02-06,AMZN,The way AMZN has been performing makes me feel bullish.,89.09791095488092
2023-03-24,TSLA,Market sentiment towards TSLA looks neutral these days.,114.57552560976502
2023-01-25,TSLA,"TSLA stock is drawing attention, traders are bearish.",115.15479892754824
2023-03-20,AMZN,"AMZN outlook is neutral, according to many investors.",95.6829014695944
2023-02-13,MSFT,"I'm bullish on MSFT, price action has been interesting.",250.1534581332311
2023-03-23,MSFT,"MSFT stock is drawing attention, traders are worried.",252.34772443328157
2023-01-03,AAPL,"AAPL outlook is bullish, according to many investors.",121.21232939349684
2023-02-23,TSLA,"TSLA stock is drawing attention, traders are bullish.",112.62746341532046
2023-03-27,TSLA,Analysts believe TSLA could dip after recent news.,117.8074224945988
2023-03-29,GOOGL,"I'm bullish on GOOGL, price action has been interesting.",94.21294969027754
2023-01-25,MSFT,"MSFT stock is drawing attention, traders are bearish.",252.826821580197
2023-01-24,AAPL,The way AAPL has been performing makes me feel bearish.,107.89910165451091
2023-02-23,AMZN,"Lots of chatter on AMZN today, could this mean rise?",87.9040288351952
2023-03-16,MSFT,"MSFT stock is drawing attention, traders are excited.",255.5921656362433
2023-02-17,TSLA,"Investors are talking a lot about TSLA, big moves expected soon!",112.484954655671
2023-01-16,AAPL,"Lots of chatter on AAPL today, could this mean fall?",114.3287226489356
2023-03-27,AAPL,"Investors are talking a lot about AAPL, big moves expected soon!",105.97676885173104
2023-03-02,GOOGL,"Lots of chatter on GOOGL today, could this mean fall?",86.89961556713949
2023-02-03,AMZN,The way AMZN has been performing makes me feel neutral.,89.52899291686128
2023-03-08,TSLA,"Investors are talking a lot about TSLA, big moves expected soon!",117.44346666505422
2023-02-14,TSLA,Market sentiment towards TSLA looks worried these days.,114.57552560976502
2023-01-05,AMZN,Analysts believe AMZN could fall after recent news.,95.6829014695944
2023-02-22,GOOGL,The way GOOGL has been performing makes me feel bearish.,88.63862365044015
2023-03-29,GOOGL,"I'm worried on GOOGL, price action has been interesting.",107.65982590422904
2023-03-07,MSFT,"MSFT stock is drawing attention, traders are worried.",253.22305341902452
2023-01-02,TSLA,"I'm bearish on TSLA, price action has been interesting.",115.62556751982744
2023-01-04,TSLA,Market sentiment towards TSLA looks bearish these days.,111.11020743720992
2023-03-28,MSFT,"I'm bearish on MSFT, price action has been interesting.",255.3793571324257
2023-03-30,GOOGL,The way GOOGL has been performing makes me feel worried.,94.90275914774982
2023-01-24,AAPL,Analysts believe AAPL could breakout after recent news.,113.98598608655568
2023-03-28,AMZN,"AMZN outlook is bullish, according to many investors.",99.72020146527116
2023-02-17,MSFT,"MSFT outlook is neutral, according to many investors.",253.22305341902452
2023-01-18,MSFT,"I'm excited on MSFT, price action has been interesting.",249.41390927844947
2023-02-17,MSFT,"Investors are talking a lot about MSFT, big moves expected soon!",247.8969090457618
2023-03-01,AAPL,Analysts believe AAPL could breakout after recent news.,126.07935508016996
2023-01-03,GOOGL,"Investors are talking a lot about GOOGL, big moves expected soon!",98.31578314324582
2023-03-20,GOOGL,Market sentiment towards GOOGL looks bullish these days.,103.9596736554112
2023-03-13,MSFT,"MSFT stock is drawing attention, traders are neutral.",254.97225513830807
2023-03-16,MSFT,"MSFT outlook is bearish, according to many investors.",253.14061648859337
2023-01-23,AMZN,"Lots of chatter on AMZN today, could this mean fall?",89.81734526186513
2023-01-25,TSLA,"Investors are talking a lot about TSLA, big moves expected soon!",113.86768673542504
2023-01-10,AMZN,Analysts believe AMZN could breakout after recent news.,88.40501453588696
2023-03-03,AMZN,Market sentiment towards AMZN looks bearish these days.,89.81734526186513
2023-02-20,AMZN,The way AMZN has been performing makes me feel neutral.,104.91895621571564
2023-02-27,AAPL,Market sentiment towards AAPL looks excited these days.,135.05833649269752
2023-02-28,MSFT,"I'm bearish on MSFT, price action has been interesting.",258.7280582354071
2023-01-10,AMZN,"I'm excited on AMZN, price action has been interesting.",99.72020146527116
2023-01-20,AAPL,The way AAPL has been performing makes me feel worried.,127.1602184308493
2023-03-24,MSFT,"Lots of chatter on MSFT today, could this mean dip?",239.0029198870554
2023-02-24,AMZN,The way AMZN has been performing makes me feel bearish.,96.81313331095652
2023-02-21,AMZN,"Investors are talking a lot about AMZN, big moves expected soon!",89.09791095488092
2023-03-17,AMZN,"I'm bearish on AMZN, price action has been interesting.",104.63122613197449
2023-03-20,MSFT,"MSFT outlook is neutral, according to many investors.",256.3875940695456
2023-03-02,TSLA,"Investors are talking a lot about TSLA, big moves expected soon!",114.00855815065005
2023-03-21,MSFT,Analysts believe MSFT could dip after recent news.,250.5556902998358
2023-01-09,AMZN,"AMZN outlook is worried, according to many investors.",93.89707748083532
2023-02-14,TSLA,"Lots of chatter on TSLA today, could this mean rise?",117.8074224945988
2023-01-25,AAPL,The way AAPL has been performing makes me feel bearish.,117.50777302447896
2023-01-10,MSFT,"Investors are talking a lot about MSFT, big moves expected soon!",250.4815684727234
2023-01-11,GOOGL,"Lots of chatter on GOOGL today, could this mean rise?",87.59981329687079
2023-03-30,AAPL,Analysts believe AAPL could dip after recent news.,121.21232939349684
2023-01-10,GOOGL,"GOOGL stock is drawing attention, traders are bullish.",87.56346828310043
2023-02-27,AMZN,"Investors are talking a lot about AMZN, big moves expected soon!",89.81734526186513
2023-02-24,AAPL,Market sentiment towards AAPL looks bearish these days.,110.5381747122457
2023-01-04,AMZN,The way AMZN has been performing makes me feel neutral.,88.92831195630367
2023-01-24,TSLA,Analysts believe TSLA could fall after recent news.,114.45826765072462
2023-03-14,GOOGL,The way GOOGL has been performing makes me feel bearish.,86.79749893370014
2023-01-31,TSLA,"Lots of chatter on TSLA today, could this mean stabilize?",113.05383568799172
2023-01-05,AMZN,"AMZN outlook is bullish, according to many investors.",89.52899291686128
2023-01-09,MSFT,"I'm excited on MSFT, price action has been interesting.",249.71601303957576
2023-02-22,AMZN,"AMZN stock is drawing attention, traders are excited.",87.31005948872884
2023-02-06,TSLA,"Investors are talking a lot about TSLA, big moves expected soon!",113.86768673542504
2023-01-16,GOOGL,Market sentiment towards GOOGL looks excited these days.,91.42717056681614
2023-01-24,TSLA,"Lots of chatter on TSLA today, could this mean breakout?",111.88185997100378
2023-02-13,AAPL,"Lots of chatter on AAPL today, could this mean fall?",112.1153304548266
2023-02-17,AAPL,The way AAPL has been performing makes me feel excited.,114.09742608415914
2023-01-23,MSFT,Analysts believe MSFT could fall after recent news.,255.3793571324257
2023-01-25,AMZN,"I'm excited on AMZN, price action has been interesting.",102.99140554903606
2023-03-28,AAPL,"Investors are talking a lot about AAPL, big moves expected soon!",110.111771602523
2023-02-07,GOOGL,"Lots of chatter on GOOGL today, could this mean breakout?",91.42717056681614
2023-02-17,AMZN,"Lots of chatter on AMZN today, could this mean dip?",94.57938143046862
2023-03-03,AAPL,"AAPL stock is drawing attention, traders are bullish.",135.05833649269752
2023-02-17,GOOGL,"I'm worried on GOOGL, price action has been interesting.",90.21111369277384
2023-02-08,AAPL,"Investors are talking a lot about AAPL, big moves expected soon!",120.71500291031556
2023-01-12,TSLA,"Investors are talking a lot about TSLA, big moves expected soon!",115.44975062951112
2023-01-20,TSLA,Market sentiment towards TSLA looks neutral these days.,115.11576987004398
2023-01-30,MSFT,Analysts believe MSFT could dip after recent news.,252.2960828325226
2023-03-14,AAPL,Market sentiment towards AAPL looks bearish these days.,122.04644224651518
2023-02-17,MSFT,Analysts believe MSFT could rise after recent news.,249.41390927844947
2023-03-13,MSFT,"MSFT stock is drawing attention, traders are bearish.",250.81557924919667
2023-03-17,AMZN,"AMZN outlook is worried, according to many investors.",91.27015849190768
2023-03-02,GOOGL,Market sentiment towards GOOGL looks bullish these days.,87.99793268801773
2023-03-31,MSFT,Market sentiment towards MSFT looks worried these days.,256.9250075615008
2023-02-03,MSFT,Analysts believe MSFT could dip after recent news.,258.7280582354071
2023-03-07,AMZN,"I'm worried on AMZN, price action has been interesting.",95.66659292425828
2023-03-20,AMZN,"Investors are talking a lot about AMZN, big moves expected soon!",87.31005948872884
2023-02-22,GOOGL,"GOOGL stock is drawing attention, traders are excited.",86.89961556713949
2023-01-16,GOOGL,"Investors are talking a lot about GOOGL, big moves expected soon!",107.65982590422904
2023-01-20,AAPL,"I'm excited on AAPL, price action has been interesting.",118.69104280038302
2023-01-02,MSFT,"Lots of chatter on MSFT today, could this mean dip?",251.427817526324
2023-01-10,AAPL,The way AAPL has been performing makes me feel bullish.,107.89910165451091
2023-01-02,TSLA,Market sentiment towards TSLA looks bullish these days.,112.56845981398098
2023-03-09,TSLA,"TSLA outlook is neutral, according to many investors.",114.73134936166689
2023-02-09,GOOGL,"Lots of chatter on GOOGL today, could this mean breakout?",86.67560634834425
2023-02-06,MSFT,"Lots of chatter on MSFT today, could this mean dip?",238.6207084882862
2023-03-03,TSLA,"Lots of chatter on TSLA today, could this mean fall?",117.02897351719348
2023-01-17,AAPL,"Lots of chatter on AAPL today, could this mean fall?",127.1602184308493
2023-02-14,AAPL,Analysts believe AAPL could fall after recent news.,118.71118624893776
2023-01-27,TSLA,"TSLA stock is drawing attention, traders are bullish.",116.07381954596286
2023-03-13,MSFT,The way MSFT has been performing makes me feel neutral.,238.97799071361024
2023-02-20,AMZN,"AMZN outlook is bullish, according to many investors.",88.20236890604593
2023-01-02,AAPL,"Investors are talking a lot about AAPL, big moves expected soon!",111.12468071263706
2023-02-07,AMZN,"AMZN outlook is bullish, according to many investors.",87.31005948872884
2023-02-24,AAPL,The way AAPL has been performing makes me feel worried.,108.82782091448937
2023-01-19,TSLA,"Investors are talking a lot about TSLA, big moves expected soon!",110.39484286163304
2023-01-09,MSFT,The way MSFT has been performing makes me feel neutral.,250.4815684727234
2023-02-15,AAPL,"AAPL stock is drawing attention, traders are bullish.",135.05833649269752
2023-03-17,GOOGL,"GOOGL outlook is worried, according to many investors.",92.60610790975478
2023-01-26,AMZN,The way AMZN has been performing makes me feel worried.,92.14327842542612
2023-02-09,AMZN,"AMZN stock is drawing attention, traders are worried.",103.07971095426508
2023-03-27,MSFT,Market sentiment towards MSFT looks bullish these days.,253.22305341902452
2023-02-02,AAPL,Analysts believe AAPL could dip after recent news.,108.1772087535367
2023-02-01,GOOGL,"I'm neutral on GOOGL, price action has been interesting.",88.41417458413825
2023-01-13,AAPL,Analysts believe AAPL could rise after recent news.,119.06991308610915
2023-03-16,MSFT,Analysts believe MSFT could breakout after recent news.,250.81557924919667
2023-02-27,AMZN,"Investors are talking a lot about AMZN, big moves expected soon!",89.81734526186513
2023-03-09,GOOGL,"Investors are talking a lot about GOOGL, big moves expected soon!",88.5494701524181
2023-01-24,AAPL,"AAPL outlook is excited, according to many investors.",134.1217558293525
2023-03-20,MSFT,Analysts believe MSFT could breakout after recent news.,255.3793571324257
2023-03-03,GOOGL,"Investors are talking a lot about GOOGL, big moves expected soon!",89.16355432644994
2023-02-10,AMZN,"AMZN stock is drawing attention, traders are bearish.",91.09136003888008
2023-03-02,GOOGL,Analysts believe GOOGL could breakout after recent news.,89.82595353728257
2023-03-17,MSFT,The way MSFT has been performing makes me feel worried.,240.67835092452796
2023-01-26,MSFT,Analysts believe MSFT could rise after recent news.,250.7110413556572
2023-02-09,TSLA,Analysts believe TSLA could fall after recent news.,112.61449191231668
2023-01-03,GOOGL,"I'm bearish on GOOGL, price action has been interesting.",88.77606573440579
2023-02-20,GOOGL,The way GOOGL has been performing makes me feel neutral.,92.60610790975478
2023-01-26,MSFT,Analysts believe MSFT could breakout after recent news.,251.24849642836065
2023-01-10,AAPL,"AAPL stock is drawing attention, traders are bullish.",125.76285888857272
2023-02-06,AMZN,Analysts believe AMZN could stabilize after recent news.,87.73786151172393
2023-02-22,GOOGL,"Investors are talking a lot about GOOGL, big moves expected soon!",89.75989832306075
2023-01-04,MSFT,"Lots of chatter on MSFT today, could this mean breakout?",243.2516973040306
2023-03-01,TSLA,The way TSLA has been performing makes me feel worried.,112.03579327914883
2023-03-28,MSFT,"MSFT stock is drawing attention, traders are bearish.",251.427817526324
2023-02-02,AAPL,"I'm neutral on AAPL, price action has been interesting.",121.21232939349684
2023-02-23,GOOGL,"GOOGL stock is drawing attention, traders are worried.",88.08394296325406
2023-03-02,AAPL,"I'm worried on AAPL, price action has been interesting.",137.1029273412097
2023-01-06,AMZN,The way AMZN has been performing makes me feel bearish.,96.7871295272007
2023-03-17,GOOGL,"Lots of chatter on GOOGL today, could this mean rise?",88.5494701524181
2023-02-10,GOOGL,The way GOOGL has been performing makes me feel bullish.,95.30714445261762
2023-02-09,MSFT,"I'm bullish on MSFT, price action has been interesting.",239.65077902270352
2023-02-06,GOOGL,"Investors are talking a lot about GOOGL, big moves expected soon!",92.6802413334508
2023-02-06,MSFT,"MSFT stock is drawing attention, traders are bearish.",240.4963585681164
2023-02-21,AAPL,Market sentiment towards AAPL looks worried these days.,126.07935508016996
2023-03-15,GOOGL,"Lots of chatter on GOOGL today, could this mean dip?",88.79797393518416
2023-02-10,MSFT,Analysts believe MSFT could fall after recent news.,250.1534581332311
2023-01-04,GOOGL,"GOOGL stock is drawing attention, traders are bearish.",91.05294543696355
2023-03-01,GOOGL,"Lots of chatter on GOOGL today, could this mean breakout?",88.47249554433462
2023-01-10,GOOGL,"Lots of chatter on GOOGL today, could this mean dip?",103.9596736554112
2023-03-09,TSLA,"I'm worried on TSLA, price action has been interesting.",120.86505772800692
2023-02-27,MSFT,The way MSFT has been performing makes me feel neutral.,249.2035675109092
2023-03-16,MSFT,"Lots of chatter on MSFT today, could this mean dip?",255.5921656362433
2023-02-07,TSLA,Analysts believe TSLA could breakout after recent news.,112.62746341532046
2023-01-11,MSFT,"MSFT outlook is worried, according to many investors.",257.8609798488129
2023-02-14,GOOGL,Market sentiment towards GOOGL looks excited these days.,88.41417458413825
2023-03-30,GOOGL,Market sentiment towards GOOGL looks bearish these days.,89.82595353728257
2023-01-13,AAPL,Analysts believe AAPL could fall after recent news.,107.89910165451091
2023-01-18,AMZN,Market sentiment towards AMZN looks neutral these days.,91.53580168052092
2023-03-29,AMZN,"Investors are talking a lot about AMZN, big moves expected soon!",86.26617635749504
2023-02-17,AAPL,Market sentiment towards AAPL looks excited these days.,133.76029139502614
2023-03-27,MSFT,The way MSFT has been performing makes me feel worried.,255.85989399460053
2023-03-16,TSLA,"Investors are talking a lot about TSLA, big moves expected soon!",116.07381954596286
2023-01-11,AAPL,"Investors are talking a lot about AAPL, big moves expected soon!",125.76285888857272
2023-02-09,TSLA,The way TSLA has been performing makes me feel excited.,115.26617096790577
2023-02-27,AAPL,"AAPL outlook is bearish, according to many investors.",121.18533494402097
2023-02-10,GOOGL,Analysts believe GOOGL could dip after recent news.,103.7271867384658
2023-01-30,GOOGL,"GOOGL outlook is excited, according to many investors.",88.5494701524181
2023-01-16,TSLA,"Investors are talking a lot about TSLA, big moves expected soon!",111.88185997100378
2023-01-03,TSLA,"I'm neutral on TSLA, price action has been interesting.",117.02897351719348
2023-03-10,GOOGL,The way GOOGL has been performing makes me feel worried.,86.29183002409107
2023-02-27,GOOGL,"GOOGL stock is drawing attention, traders are neutral.",88.99064207912718
2023-01-04,TSLA,"I'm neutral on TSLA, price action has been interesting.",116.84545196412247
2023-03-13,TSLA,"TSLA stock is drawing attention, traders are worried.",109.26821498594242
2023-02-03,AAPL,"I'm bearish on AAPL, price action has been interesting.",130.99342830602245
2023-02-10,TSLA,Analysts believe TSLA could stabilize after recent news.,114.73134936166689
2023-01-16,MSFT,"MSFT outlook is bullish, according to many investors.",250.1534581332311
2023-01-24,GOOGL,"Lots of chatter on GOOGL today, could this mean dip?",89.21135449552935
2023-02-06,GOOGL,Analysts believe GOOGL could stabilize after recent news.,88.47249554433462
2023-02-01,MSFT,Analysts believe MSFT could breakout after recent news.,251.91478909246692
2023-03-20,GOOGL,"Lots of chatter on GOOGL today, could this mean fall?",107.65982590422904
2023-03-14,TSLA,Analysts believe TSLA could dip after recent news.,116.27312227613815
2023-03-08,MSFT,"MSFT outlook is neutral, according to many investors.",256.037607609795
2023-01-27,MSFT,Analysts believe MSFT could dip after recent news.,251.91478909246692
2023-01-03,AMZN,"I'm worried on AMZN, price action has been interesting.",100.86978418940626
2023-02-13,TSLA,Analysts believe TSLA could stabilize after recent news.,114.73134936166689
2023-02-07,AAPL,"AAPL outlook is excited, according to many investors.",125.97266494499742
2023-01-03,AMZN,"I'm excited on AMZN, price action has been interesting.",90.85837652129794
2023-01-05,AMZN,"AMZN stock is drawing attention, traders are excited.",98.80649412024268
2023-01-18,TSLA,"I'm neutral on TSLA, price action has been interesting.",112.56813073679352
2023-02-17,AMZN,"I'm neutral on AMZN, price action has been interesting.",87.35981101659057
2023-01-09,AAPL,Market sentiment towards AAPL looks neutral these days.,127.1602184308493
2023-02-13,AMZN,"Investors are talking a lot about AMZN, big moves expected soon!",104.77329839040188
2023-01-13,GOOGL,"Investors are talking a lot about GOOGL, big moves expected soon!",86.39351060045915
2023-01-30,AAPL,"AAPL stock is drawing attention, traders are excited.",108.10077741317558
2023-02-01,TSLA,"TSLA outlook is excited, according to many investors.",117.26937252857788
2023-01-04,MSFT,Market sentiment towards MSFT looks excited these days.,241.1440931999608
2023-02-14,GOOGL,"Lots of chatter on GOOGL today, could this mean rise?",92.64791109768308
2023-01-27,AMZN,"AMZN stock is drawing attention, traders are excited.",93.1969107503963
2023-02-09,AMZN,"Lots of chatter on AMZN today, could this mean stabilize?",91.89867313786772
2023-03-14,TSLA,"TSLA outlook is neutral, according to many investors.",117.02897351719348
2023-03-06,AMZN,Market sentiment towards AMZN looks excited these days.,91.53580168052092
2023-02-16,TSLA,"TSLA stock is drawing attention, traders are neutral.",113.32871705534018
2023-03-27,AAPL,"AAPL outlook is bullish, according to many investors.",107.131740051138
2023-01-16,AAPL,"Lots of chatter on AAPL today, could this mean breakout?",126.07935508016996
2023-03-29,MSFT,"I'm neutral on MSFT, price action has been interesting.",238.97799071361024
2023-01-30,TSLA,"Lots of chatter on TSLA today, could this mean breakout?",117.2064150051684
2023-01-04,AAPL,"AAPL outlook is excited, according to many investors.",114.77170255262348
2023-01-13,AAPL,Analysts believe AAPL could fall after recent news.,125.97266494499742
2023-02-07,MSFT,"MSFT stock is drawing attention, traders are neutral.",256.36604823097264
2023-01-17,AAPL,The way AAPL has been performing makes me feel excited.,126.07935508016996
2023-01-10,AMZN,The way AMZN has been performing makes me feel bullish.,88.90708958366359
2023-01-24,TSLA,"Investors are talking a lot about TSLA, big moves expected soon!",112.26658190056602
2023-03-31,TSLA,"I'm bearish on TSLA, price action has been interesting.",115.2987976598603
2023-03-30,AMZN,"AMZN stock is drawing attention, traders are bearish.",102.54447997838436
2023-02-06,MSFT,The way MSFT has been performing makes me feel excited.,251.427817526324
2023-01-20,TSLA,Market sentiment towards TSLA looks bullish these days.,112.56845981398098
2023-02-15,MSFT,The way MSFT has been performing makes me feel excited.,255.3793571324257
2023-03-28,AAPL,"Investors are talking a lot about AAPL, big moves expected soon!",121.18533494402097
2023-03-07,TSLA,"Lots of chatter on TSLA today, could this mean rise?",111.44355272501969
2023-02-17,AAPL,"Lots of chatter on AAPL today, could this mean breakout?",118.71118624893776
2023-03-31,TSLA,"I'm excited on TSLA, price action has been interesting.",119.1874876554298
2023-02-03,AMZN,"AMZN outlook is worried, according to many investors.",93.1969107503963
2023-03-21,TSLA,"TSLA stock is drawing attention, traders are excited.",106.62247105921196
2023-02-14,TSLA,The way TSLA has been performing makes me feel excited.,114.73134936166689
2023-03-29,MSFT,The way MSFT has been performing makes me feel bearish.,257.4091621014592
2023-01-17,AAPL,The way AAPL has been performing makes me feel worried.,129.1858806715181
2023-03-29,AAPL,Analysts believe AAPL could rise after recent news.,105.97676885173104
2023-01-02,MSFT,The way MSFT has been performing makes me feel bullish.,255.85989399460053
2023-03-13,AAPL,"Investors are talking a lot about AAPL, big moves expected soon!",118.71118624893776
2023-01-11,TSLA,Analysts believe TSLA could rise after recent news.,117.2064150051684
2023-01-06,TSLA,"Investors are talking a lot about TSLA, big moves expected soon!",112.56813073679352
2023-02-23,MSFT,"Lots of chatter on MSFT today, could this mean breakout?",238.6207084882862
2023-02-01,GOOGL,"Lots of chatter on GOOGL today, could this mean dip?",89.21135449552935
2023-03-14,MSFT,Analysts believe MSFT could fall after recent news.,254.32432759160727
2023-01-05,AAPL,"AAPL stock is drawing attention, traders are worried.",108.1772087535367
2023-03-07,AMZN,"Investors are talking a lot about AMZN, big moves expected soon!",89.65641888629835
2023-01-30,AAPL,"Investors are talking a lot about AAPL, big moves expected soon!",110.111771602523
2023-03-20,TSLA,The way TSLA has been performing makes me feel excited.,116.2845051448232
2023-03-23,MSFT,Analysts believe MSFT could breakout after recent news.,252.2763125126309
2023-01-10,TSLA,The way TSLA has been performing makes me feel neutral.,111.44355272501969
2023-03-09,MSFT,"Investors are talking a lot about MSFT, big moves expected soon!",254.99352785022364
2023-01-23,AAPL,"Lots of chatter on AAPL today, could this mean stabilize?",108.82782091448937
2023-01-24,MSFT,"Investors are talking a lot about MSFT, big moves expected soon!",238.6207084882862
2023-02-16,AAPL,"AAPL stock is drawing attention, traders are bullish.",129.1858806715181
2023-02-15,AMZN,"AMZN stock is drawing attention, traders are bullish.",103.07971095426508
2023-02-06,MSFT,Analysts believe MSFT could breakout after recent news.,250.1534581332311
2023-03-29,AAPL,"I'm bullish on AAPL, price action has been interesting.",120.49585112836192
2023-02-27,MSFT,Analysts believe MSFT could stabilize after recent news.,239.65077902270352
2023-03-22,GOOGL,Market sentiment towards GOOGL looks worried these days.,89.16355432644994
2023-01-13,AMZN,"AMZN stock is drawing attention, traders are bearish.",87.31005948872884
2023-01-20,GOOGL,"GOOGL stock is drawing attention, traders are excited.",89.93258335656962
2023-02-28,AMZN,Market sentiment towards AMZN looks worried these days.,90.969526103566
2023-03-21,TSLA,Market sentiment towards TSLA looks bullish these days.,113.63097571992164
2023-01-24,AAPL,"I'm bullish on AAPL, price action has been interesting.",120.49585112836192
2023-03-24,TSLA,"TSLA outlook is bullish, according to many investors.",112.62746341532046
2023-01-12,GOOGL,"GOOGL stock is drawing attention, traders are bearish.",89.82595353728257
2023-02-20,MSFT,"Lots of chatter on MSFT today, could this mean fall?",250.4815684727234
2023-02-20,GOOGL,"Lots of chatter on GOOGL today, could this mean stabilize?",105.64779114122965
2023-03-08,GOOGL,"Investors are talking a lot about GOOGL, big moves expected soon!",89.49577838191351
2023-03-13,TSLA,Analysts believe TSLA could fall after recent news.,112.5579038235086
2023-01-31,AAPL,"Lots of chatter on AAPL today, could this mean dip?",110.29145320597452
2023-01-09,TSLA,The way TSLA has been performing makes me feel neutral.,106.13694076891493
2023-02-06,AAPL,"Investors are talking a lot about AAPL, big moves expected soon!",110.111771602523
2023-01-04,GOOGL,"GOOGL stock is drawing attention, traders are worried.",87.56346828310043
2023-03-14,TSLA,"Investors are talking a lot about TSLA, big moves expected soon!",117.73577041637893
2023-03-24,GOOGL,"Investors are talking a lot about GOOGL, big moves expected soon!",87.59981329687079
2023-03-29,TSLA,"TSLA stock is drawing attention, traders are worried.",117.26937252857788
2023-03-31,MSFT,"Lots of chatter on MSFT today, could this mean stabilize?",253.22305341902452
2023-03-14,GOOGL,"I'm worried on GOOGL, price action has been interesting.",91.54455366458208
2023-01-19,MSFT,"Investors are talking a lot about MSFT, big moves expected soon!",252.19675275701448
2023-02-08,TSLA,Market sentiment towards TSLA looks worried these days.,113.63097750248954
2023-01-13,AAPL,The way AAPL has been performing makes me feel bullish.,127.78871309603984
2023-03-21,TSLA,"I'm bearish on TSLA, price action has been interesting.",117.2064150051684
2023-03-10,AMZN,"I'm bearish on AMZN, price action has been interesting.",104.91895621571564
2023-01-19,AAPL,"Lots of chatter on AAPL today, could this mean rise?",125.76285888857272
2023-01-23,GOOGL,Market sentiment towards GOOGL looks excited these days.,88.96571465313265
2023-03-16,AAPL,"AAPL stock is drawing attention, traders are bullish.",108.1772087535367
2023-03-01,AAPL,"Lots of chatter on AAPL today, could this mean breakout?",125.62780247919687
2023-02-28,MSFT,"Lots of chatter on MSFT today, could this mean rise?",255.4070691205143
2023-01-31,AAPL,Analysts believe AAPL could rise after recent news.,111.4414380315412
2023-01-26,AMZN,"Investors are talking a lot about AMZN, big moves expected soon!",89.52899291686128
2023-02-23,AAPL,"Lots of chatter on AAPL today, could this mean dip?",129.1858806715181
2023-01-26,TSLA,"TSLA stock is drawing attention, traders are excited.",107.34009767559544
2023-01-23,MSFT,"I'm neutral on MSFT, price action has been interesting.",239.3103700989465
2023-03-16,AAPL,Analysts believe AAPL could dip after recent news.,135.05833649269752
2023-02-03,AMZN,Market sentiment towards AMZN looks neutral these days.,89.90876724578159
2023-01-25,AMZN,Market sentiment towards AMZN looks neutral these days.,99.19088779879525
2023-02-01,MSFT,"MSFT outlook is bullish, according to many investors.",254.3746539509492
2023-01-16,TSLA,"Lots of chatter on TSLA today, could this mean fall?",116.84545196412247
2023-02-23,TSLA,The way TSLA has been performing makes me feel neutral.,107.74149530735816
2023-02-03,GOOGL,Analysts believe GOOGL could dip after recent news.,103.7271867384658
2023-03-29,TSLA,"TSLA outlook is bullish, according to many investors.",113.63097750248954
2023-02-10,AMZN,"AMZN outlook is bearish, according to many investors.",89.07407304765302
2023-03-03,MSFT,The way MSFT has been performing makes me feel excited.,256.9250075615008
2023-03-27,GOOGL,"GOOGL outlook is neutral, according to many investors.",86.89961556713949
2023-03-13,TSLA,"TSLA outlook is worried, according to many investors.",112.03579327914883
2023-01-12,TSLA,"TSLA outlook is bullish, according to many investors.",115.26617096790577
2023-01-03,MSFT,"I'm neutral on MSFT, price action has been interesting.",252.826821580197
2023-01-06,GOOGL,"GOOGL stock is drawing attention, traders are neutral.",89.82595353728257
2023-03-28,GOOGL,"Lots of chatter on GOOGL today, could this mean dip?",95.3960924679492
2023-03-14,MSFT,Analysts believe MSFT could fall after recent news.,255.3793571324257
2023-01-06,TSLA,Market sentiment towards TSLA looks excited these days.,108.4269243404117
2023-03-23,MSFT,Analysts believe MSFT could fall after recent news.,258.7280582354071
2023-01-12,GOOGL,"I'm neutral on GOOGL, price action has been interesting.",86.01952659374552
2023-01-31,GOOGL,"GOOGL outlook is bullish, according to many investors.",86.79749893370014
2023-02-07,TSLA,"Lots of chatter on TSLA today, could this mean fall?",112.484954655671
2023-01-13,MSFT,"MSFT outlook is neutral, according to many investors.",243.2516973040306
2023-03-27,AAPL,"Lots of chatter on AAPL today, could this mean stabilize?",118.71118624893776
2023-03-13,AAPL,"AAPL stock is drawing attention, traders are neutral.",129.1858806715181
2023-01-13,GOOGL,Market sentiment towards GOOGL looks excited these days.,86.29183002409107
2023-01-09,AMZN,Market sentiment towards AMZN looks excited these days.,94.57938143046862
2023-03-28,MSFT,"I'm bearish on MSFT, price action has been interesting.",247.8969090457618
2023-01-06,TSLA,Market sentiment towards TSLA looks worried these days.,120.86505772800692
2023-03-29,TSLA,Analysts believe TSLA could fall after recent news.,105.8143693455829
2023-03-20,AAPL,"Lots of chatter on AAPL today, could this mean fall?",122.9133625161458
2023-03-23,GOOGL,"Lots of chatter on GOOGL today, could this mean breakout?",89.16355432644994
2023-03-29,AMZN,"I'm neutral on AMZN, price action has been interesting.",92.0357990874798
2023-03-23,MSFT,Analysts believe MSFT could fall after recent news.,247.8969090457618
2023-03-13,GOOGL,Market sentiment towards GOOGL looks bullish these days.,92.60610790975478
2023-03-10,GOOGL,"Lots of chatter on GOOGL today, could this mean dip?",98.31578314324582
2023-01-05,MSFT,"MSFT outlook is excited, according to many investors.",243.2516973040306
2023-03-08,MSFT,The way MSFT has been performing makes me feel bearish.,250.81557924919667
2023-02-14,AAPL,Analysts believe AAPL could rise after recent news.,137.58685188434174
2023-03-13,TSLA,"I'm neutral on TSLA, price action has been interesting.",117.02897351719348
2023-03-14,AMZN,"Investors are talking a lot about AMZN, big moves expected soon!",96.7871295272007
2023-02-16,AAPL,Analysts believe AAPL could dip after recent news.,121.21232939349684
2023-02-20,GOOGL,"GOOGL outlook is worried, according to many investors.",105.64779114122965
2023-03-01,AMZN,Analysts believe AMZN could stabilize after recent news.,91.53580168052092
2023-01-23,GOOGL,"GOOGL outlook is bearish, according to many investors.",90.21111369277384
2023-03-23,AAPL,"AAPL stock is drawing attention, traders are excited.",138.8150509186731
2023-03-15,TSLA,"TSLA outlook is bullish, according to many investors.",110.07817504102144
2023-01-26,GOOGL,Analysts believe GOOGL could fall after recent news.,86.29183002409107
2023-02-27,AMZN,"Investors are talking a lot about AMZN, big moves expected soon!",91.89867313786772
2023-03-07,GOOGL,Analysts believe GOOGL could rise after recent news.,87.99793268801773
2023-03-16,GOOGL,Market sentiment towards GOOGL looks bullish these days.,88.63862365044015
2023-03-17,TSLA,Analysts believe TSLA could dip after recent news.,117.73577041637893
2023-01-26,TSLA,"TSLA stock is drawing attention, traders are worried.",116.27312227613815
2023-03-28,GOOGL,"I'm worried on GOOGL, price action has been interesting.",87.99793268801773
2023-03-23,TSLA,"TSLA stock is drawing attention, traders are bearish.",106.62247105921196
2023-03-31,GOOGL,Analysts believe GOOGL could rise after recent news.,103.9596736554112
2023-02-08,TSLA,The way TSLA has been performing makes me feel excited.,116.43656434179384
2023-01-25,GOOGL,Market sentiment towards GOOGL looks neutral these days.,96.66495044526977
2023-02-06,AMZN,"AMZN outlook is worried, according to many investors.",96.81313331095652
2023-01-26,TSLA,Analysts believe TSLA could dip after recent news.,112.61449191231668
2023-03-17,AAPL,"Investors are talking a lot about AAPL, big moves expected soon!",112.50905292656483
2023-03-21,AMZN,"Investors are talking a lot about AMZN, big moves expected soon!",92.14327842542612
2023-01-09,MSFT,"MSFT stock is drawing attention, traders are excited.",250.1534581332311
2023-01-02,TSLA,"Investors are talking a lot about TSLA, big moves expected soon!",111.25909926874225
2023-01-11,MSFT,Market sentiment towards MSFT looks bearish these days.,239.42678753583849
2023-03-13,AAPL,Market sentiment towards AAPL looks bullish these days.,110.97868978511146
2023-02-03,GOOGL,Market sentiment towards GOOGL looks bullish these days.,86.384738769212
2023-03-07,AMZN,The way AMZN has been performing makes me feel worried.,91.89867313786772
2023-03-17,GOOGL,Analysts believe GOOGL could breakout after recent news.,86.29183002409107
2023-03-30,TSLA,"Lots of chatter on TSLA today, could this mean rise?",114.80657640380984
2023-01-13,TSLA,"TSLA stock is drawing attention, traders are bullish.",110.39484286163304
2023-03-20,MSFT,"Investors are talking a lot about MSFT, big moves expected soon!",256.3875940695456
2023-01-17,AMZN,"Investors are talking a lot about AMZN, big moves expected soon!",89.09791095488092
2023-02-15,AAPL,"I'm neutral on AAPL, price action has been interesting.",126.07935508016996
2023-01-24,AAPL,"Lots of chatter on AAPL today, could this mean rise?",138.8150509186731
2023-03-27,AMZN,"I'm bearish on AMZN, price action has been interesting.",91.53580168052092
2023-01-13,AAPL,The way AAPL has been performing makes me feel bearish.,112.1153304548266
2023-02-13,TSLA,"I'm bearish on TSLA, price action has been interesting.",115.62556751982744
2023-03-24,AMZN,Analysts believe AMZN could stabilize after recent news.,87.9040288351952
2023-01-24,TSLA,Analysts believe TSLA could dip after recent news.,114.80657640380984
2023-03-10,AMZN,The way AMZN has been performing makes me feel bullish.,91.38099100541976
2023-02-21,TSLA,"Lots of chatter on TSLA today, could this mean rise?",110.07817504102144
2023-03-28,TSLA,"Lots of chatter on TSLA today, could this mean breakout?",106.62247105921196
2023-02-09,AMZN,"Investors are talking a lot about AMZN, big moves expected soon!",94.05128089966354
2023-02-14,TSLA,Analysts believe TSLA could stabilize after recent news.,115.11576987004398
2023-01-16,AMZN,"Lots of chatter on AMZN today, could this mean rise?",92.03902588070363
2023-01-09,AMZN,The way AMZN has been performing makes me feel excited.,89.07407304765302
2023-02-17,GOOGL,Market sentiment towards GOOGL looks bearish these days.,94.21294969027754
2023-02-15,TSLA,Market sentiment towards TSLA looks neutral these days.,105.8143693455829
2023-01-25,MSFT,Analysts believe MSFT could stabilize after recent news.,256.9250075615008
2023-02-21,GOOGL,"Investors are talking a lot about GOOGL, big moves expected soon!",86.384738769212
2023-01-18,TSLA,Market sentiment towards TSLA looks bearish these days.,115.2769394274327
2023-03-30,AAPL,"AAPL stock is drawing attention, traders are neutral.",122.9133625161458
2023-01-02,AAPL,"Lots of chatter on AAPL today, could this mean fall?",117.50777302447896
2023-03-29,GOOGL,"Lots of chatter on GOOGL today, could this mean breakout?",103.92117866845123
2023-02-16,MSFT,Market sentiment towards MSFT looks bearish these days.,249.2035675109092
2023-01-13,AMZN,"AMZN outlook is bullish, according to many investors.",91.27015849190768
2023-01-10,MSFT,"Lots of chatter on MSFT today, could this mean fall?",253.22305341902452
2023-03-20,MSFT,Market sentiment towards MSFT looks bearish these days.,251.91478909246692
2023-02-21,AMZN,Analysts believe AMZN could dip after recent news.,91.38099100541976
2023-02-09,GOOGL,"GOOGL stock is drawing attention, traders are bearish.",86.01952659374552
2023-01-17,TSLA,"TSLA outlook is excited, according to many investors.",110.39484286163304
2023-01-24,GOOGL,"GOOGL outlook is neutral, according to many investors.",86.29183002409107
2023-03-08,AAPL,Analysts believe AAPL could breakout after recent news.,121.18533494402097
2023-02-06,AMZN,"Lots of chatter on AMZN today, could this mean stabilize?",89.81734526186513
2023-01-17,GOOGL,"GOOGL stock is drawing attention, traders are neutral.",88.08394296325406
2023-01-30,AAPL,"I'm neutral on AAPL, price action has been interesting.",132.0122767798815
2023-02-28,GOOGL,"GOOGL outlook is bullish, according to many investors.",103.9596736554112
2023-03-27,AMZN,Market sentiment towards AMZN looks bearish these days.,92.1193968628654
2023-03-22,AMZN,"Investors are talking a lot about AMZN, big moves expected soon!",89.52899291686128
2023-03-16,TSLA,"TSLA outlook is bearish, according to many investors.",112.5579038235086
2023-02-16,MSFT,Analysts believe MSFT could rise after recent news.,254.73482510718335
2023-01-10,AAPL,"AAPL stock is drawing attention, traders are bullish.",108.10077741317558
2023-02-17,TSLA,"I'm worried on TSLA, price action has been interesting.",112.3638206700515
2023-01-20,AMZN,"I'm bullish on AMZN, price action has been interesting.",88.90708958366359
2023-03-31,TSLA,Analysts believe TSLA could fall after recent news.,113.63097750248954
2023-02-03,MSFT,Market sentiment towards MSFT looks neutral these days.,249.71601303957576
2023-03-23,AAPL,"I'm neutral on AAPL, price action has been interesting.",137.58685188434174
2023-01-09,AMZN,"AMZN stock is drawing attention, traders are neutral.",87.9040288351952
2023-03-14,GOOGL,"I'm bullish on GOOGL, price action has been interesting.",98.02708834472024
2023-01-30,TSLA,"Lots of chatter on TSLA today, could this mean fall?",110.74399848729672
2023-02-14,TSLA,"Lots of chatter on TSLA today, could this mean rise?",116.84545196412247
2023-03-15,MSFT,"Lots of chatter on MSFT today, could this mean breakout?",254.32432759160727
2023-03-23,TSLA,"TSLA stock is drawing attention, traders are excited.",115.15479892754824
2023-03-28,MSFT,Market sentiment towards MSFT looks worried these days.,254.8222399169049
2023-01-05,MSFT,The way MSFT has been performing makes me feel bullish.,258.7280582354071
2023-01-25,GOOGL,Market sentiment towards GOOGL looks bullish these days.,86.79749893370014
2023-03-20,TSLA,"TSLA stock is drawing attention, traders are bullish.",111.44355272501969
2023-02-02,MSFT,"MSFT outlook is worried, according to many investors.",250.59121616293012
2023-01-18,MSFT,"Investors are talking a lot about MSFT, big moves expected soon!",240.4963585681164
2023-03-28,AAPL,Analysts believe AAPL could fall after recent news.,110.5381747122457
2023-03-16,AMZN,"AMZN outlook is bearish, according to many investors.",91.89867313786772
2023-01-20,MSFT,Market sentiment towards MSFT looks excited these days.,253.93499282328747
2023-01-04,TSLA,"Lots of chatter on TSLA today, could this mean rise?",112.71248005714163
2023-02-21,AAPL,"Investors are talking a lot about AAPL, big moves expected soon!",127.1602184308493
2023-02-21,AAPL,Market sentiment towards AAPL looks worried these days.,107.20012142941276
2023-01-04,MSFT,The way MSFT has been performing makes me feel excited.,240.7706347594577
2023-03-29,GOOGL,"Lots of chatter on GOOGL today, could this mean stabilize?",107.65982590422904
2023-02-17,AAPL,"Investors are talking a lot about AAPL, big moves expected soon!",122.04644224651518
2023-03-14,GOOGL,"GOOGL outlook is neutral, according to many investors.",86.89961556713949
2023-02-08,MSFT,"MSFT outlook is excited, according to many investors.",256.037607609795
2023-01-25,AAPL,Market sentiment towards AAPL looks worried these days.,127.78871309603984
2023-02-20,AAPL,Market sentiment towards AAPL looks bullish these days.,118.2733156103735
2023-02-15,AAPL,"Lots of chatter on AAPL today, could this mean rise?",113.98598608655568
2023-03-30,AAPL,Analysts believe AAPL could dip after recent news.,127.78871309603984
2023-02-06,MSFT,"MSFT stock is drawing attention, traders are excited.",247.8969090457618
2023-03-08,MSFT,"I'm worried on MSFT, price action has been interesting.",254.73482510718335
2023-02-24,TSLA,"I'm bearish on TSLA, price action has been interesting.",112.61449191231668
2023-01-24,AAPL,"I'm bullish on AAPL, price action has been interesting.",138.0343868483502
2023-02-24,MSFT,"Lots of chatter on MSFT today, could this mean breakout?",251.54188046292808
2023-01-10,TSLA,"Investors are talking a lot about TSLA, big moves expected soon!",113.63097750248954
2023-03-21,MSFT,"I'm excited on MSFT, price action has been interesting.",256.037607609795
2023-01-11,MSFT,"Lots of chatter on MSFT today, could this mean dip?",254.32432759160727
2023-03-20,AAPL,"AAPL stock is drawing attention, traders are excited.",121.82459706709544
2023-02-13,MSFT,Analysts believe MSFT could fall after recent news.,251.24849642836065
2023-03-23,AAPL,"I'm worried on AAPL, price action has been interesting.",119.74445509167056
2023-03-22,TSLA,"I'm bearish on TSLA, price action has been interesting.",108.4269243404117
2023-01-17,AAPL,Market sentiment towards AAPL looks neutral these days.,138.8150509186731
2023-03-08,GOOGL,The way GOOGL has been performing makes me feel worried.,86.29183002409107
2023-02-13,TSLA,"TSLA stock is drawing attention, traders are bearish.",112.5579038235086
2023-03-29,TSLA,Analysts believe TSLA could dip after recent news.,112.09895647004323
2023-02-23,AMZN,"AMZN stock is drawing attention, traders are bullish.",103.97248096656855
2023-01-27,AMZN,Market sentiment towards AMZN looks bullish these days.,99.72020146527116
2023-03-08,GOOGL,Analysts believe GOOGL could stabilize after recent news.,98.14613905684384
2023-03-16,GOOGL,Market sentiment towards GOOGL looks excited these days.,89.64912995730377
2023-02-09,AMZN,"I'm bullish on AMZN, price action has been interesting.",87.35981101659057
2023-03-08,GOOGL,"GOOGL outlook is excited, according to many investors.",103.7271867384658
2023-03-20,AMZN,"Investors are talking a lot about AMZN, big moves expected soon!",104.63122613197449
2023-01-24,GOOGL,Market sentiment towards GOOGL looks bearish these days.,98.14613905684384
2023-01-12,AMZN,"Investors are talking a lot about AMZN, big moves expected soon!",87.35981101659057
2023-02-16,AAPL,"I'm neutral on AAPL, price action has been interesting.",138.8150509186731
2023-03-03,GOOGL,"GOOGL stock is drawing attention, traders are bullish.",92.60610790975478
2023-01-12,AMZN,The way AMZN has been performing makes me feel bearish.,97.46193032884544
2023-01-10,AMZN,"I'm neutral on AMZN, price action has been interesting.",94.0224726042693
2023-01-23,AAPL,"I'm bullish on AAPL, price action has been interesting.",122.9133625161458
2023-01-26,GOOGL,"GOOGL outlook is worried, according to many investors.",86.2810077483177
2023-01-09,AAPL,"Lots of chatter on AAPL today, could this mean rise?",114.3287226489356
2023-01-16,MSFT,"I'm bullish on MSFT, price action has been interesting.",241.70844629714003
2023-03-27,MSFT,Analysts believe MSFT could fall after recent news.,249.2035675109092
2023-02-28,AAPL,Analysts believe AAPL could stabilize after recent news.,134.1217558293525
2023-01-18,GOOGL,The way GOOGL has been performing makes me feel worried.,92.60610790975478
2023-01-17,AMZN,Market sentiment towards AMZN looks bullish these days.,89.09791095488092
2023-01-27,AMZN,Analysts believe AMZN could dip after recent news.,92.91152312861108
2023-03-10,TSLA,"TSLA outlook is bearish, according to many investors.",114.45826765072462
2023-02-20,GOOGL,"GOOGL stock is drawing attention, traders are excited.",105.11149271932508
2023-02-21,AAPL,"Investors are talking a lot about AAPL, big moves expected soon!",109.26212047440468
2023-01-17,MSFT,"I'm bearish on MSFT, price action has been interesting.",250.5556902998358
2023-02-24,MSFT,Market sentiment towards MSFT looks neutral these days.,241.1440931999608
2023-03-16,AAPL,"AAPL outlook is excited, according to many investors.",105.5066884063496
2023-01-03,MSFT,"MSFT stock is drawing attention, traders are bullish.",250.81557924919667
2023-03-10,TSLA,Analysts believe TSLA could dip after recent news.,112.26658190056602
2023-02-27,GOOGL,"GOOGL stock is drawing attention, traders are bullish.",99.9428024152471
2023-03-03,GOOGL,The way GOOGL has been performing makes me feel worried.,88.41417458413825
2023-01-12,AAPL,"AAPL outlook is bullish, according to many investors.",113.98598608655568
2023-03-28,AMZN,"AMZN stock is drawing attention, traders are worried.",87.9040288351952
2023-03-07,GOOGL,"GOOGL outlook is bearish, according to many investors.",87.59981329687079
2023-01-06,TSLA,"TSLA stock is drawing attention, traders are excited.",105.8143693455829
2023-01-02,MSFT,Analysts believe MSFT could dip after recent news.,243.2516973040306
2023-03-02,TSLA,"Investors are talking a lot about TSLA, big moves expected soon!",116.2845051448232
2023-01-31,MSFT,Analysts believe MSFT could breakout after recent news.,252.23778094824587
2023-02-22,GOOGL,The way GOOGL has been performing makes me feel excited.,90.21111369277384
2023-01-26,AAPL,Market sentiment towards AAPL looks neutral these days.,107.33061285234297
2023-02-13,MSFT,The way MSFT has been performing makes me feel bearish.,257.4091621014592
2023-02-28,MSFT,"MSFT stock is drawing attention, traders are bullish.",250.0364394129566
2023-02-06,AAPL,"Investors are talking a lot about AAPL, big moves expected soon!",108.10077741317558
2023-01-18,GOOGL,"Investors are talking a lot about GOOGL, big moves expected soon!",89.75989832306075
2023-03-22,AAPL,"Investors are talking a lot about AAPL, big moves expected soon!",105.5066884063496
2023-01-25,GOOGL,"Investors are talking a lot about GOOGL, big moves expected soon!",95.3960924679492
2023-01-04,AAPL,"AAPL stock is drawing attention, traders are bullish.",112.50905292656483
2023-03-17,TSLA,"I'm bullish on TSLA, price action has been interesting.",114.73134936166689
2023-03-22,MSFT,"Lots of chatter on MSFT today, could this mean fall?",240.7706347594577
2023-03-29,AMZN,The way AMZN has been performing makes me feel worried.,89.52899291686128
2023-03-14,TSLA,The way TSLA has been performing makes me feel bearish.,112.26658190056602
2023-02-02,TSLA,The way TSLA has been performing makes me feel neutral.,110.74399848729672
2023-01-12,GOOGL,Market sentiment towards GOOGL looks neutral these days.,86.67560634834425
2023-02-21,AAPL,Analysts believe AAPL could dip after recent news.,121.82459706709544
2023-03-15,MSFT,"I'm worried on MSFT, price action has been interesting.",250.0364394129566
2023-02-02,TSLA,"Lots of chatter on TSLA today, could this mean breakout?",113.63097750248954
2023-01-30,TSLA,"Investors are talking a lot about TSLA, big moves expected soon!",107.2196372557134
2023-02-24,TSLA,The way TSLA has been performing makes me feel worried.,114.80657640380984
2023-03-28,AAPL,"AAPL stock is drawing attention, traders are bullish.",133.76029139502614
2023-01-19,AAPL,"AAPL outlook is bearish, according to many investors.",111.12468071263706
2023-02-28,MSFT,"I'm worried on MSFT, price action has been interesting.",239.42678753583849
2023-03-10,AAPL,"AAPL outlook is worried, according to many investors.",135.05833649269752
2023-03-27,TSLA,"Investors are talking a lot about TSLA, big moves expected soon!",116.07381954596286
2023-01-05,GOOGL,"Investors are talking a lot about GOOGL, big moves expected soon!",88.08394296325406
2023-01-24,AAPL,Market sentiment towards AAPL looks excited these days.,109.4462456661918
2023-03-21,TSLA,"TSLA stock is drawing attention, traders are worried.",112.26658190056602
2023-03-08,AAPL,The way AAPL has been performing makes me feel bullish.,126.07935508016996
2023-03-02,GOOGL,"GOOGL outlook is bearish, according to many investors.",88.77606573440579
2023-03-03,TSLA,Market sentiment towards TSLA looks bullish these days.,110.07817504102144
2023-02-15,AAPL,Market sentiment towards AAPL looks worried these days.,120.71500291031556
2023-02-13,AMZN,The way AMZN has been performing makes me feel neutral.,103.97248096656855
2023-03-07,TSLA,"Investors are talking a lot about TSLA, big moves expected soon!",115.24796470827592
2023-01-09,MSFT,"MSFT stock is drawing attention, traders are excited.",249.41390927844947
2023-02-16,GOOGL,"GOOGL outlook is bullish, according to many investors.",86.67560634834425
2023-03-15,MSFT,Analysts believe MSFT could stabilize after recent news.,249.71601303957576
2023-01-19,MSFT,Market sentiment towards MSFT looks bearish these days.,256.037607609795
2023-01-23,TSLA,Analysts believe TSLA could rise after recent news.,113.63097750248954
2023-03-01,GOOGL,"GOOGL outlook is bullish, according to many investors.",89.75989832306075
2023-01-17,AMZN,The way AMZN has been performing makes me feel bearish.,93.1969107503963
2023-01-26,TSLA,"TSLA stock is drawing attention, traders are excited.",111.88185997100378
2023-02-27,GOOGL,"Lots of chatter on GOOGL today, could this mean breakout?",90.88980558179196
2023-03-15,TSLA,"TSLA outlook is neutral, according to many investors.",107.2196372557134
2023-02-09,TSLA,The way TSLA has been performing makes me feel neutral.,117.44346666505422
2023-03-23,GOOGL,Market sentiment towards GOOGL looks excited these days.,94.4673967412954
2023-03-30,GOOGL,"GOOGL outlook is worried, according to many investors.",105.64779114122965
2023-02-02,AMZN,The way AMZN has been performing makes me feel neutral.,87.9040288351952
2023-01-23,AMZN,"Lots of chatter on AMZN today, could this mean stabilize?",101.29797167766668
2023-03-14,AMZN,"AMZN stock is drawing attention, traders are neutral.",89.07407304765302
2023-01-09,MSFT,Analysts believe MSFT could dip after recent news.,250.7110413556572
2023-02-21,AAPL,"Investors are talking a lot about AAPL, big moves expected soon!",113.49521869298056
2023-01-05,AMZN,"AMZN stock is drawing attention, traders are excited.",91.38099100541976
2023-02-22,GOOGL,Analysts believe GOOGL could stabilize after recent news.,86.89961556713949
2023-02-27,MSFT,The way MSFT has been performing makes me feel bullish.,251.54188046292808
2023-01-19,MSFT,"I'm bullish on MSFT, price action has been interesting.",254.73482510718335
2023-03-13,MSFT,"I'm bullish on MSFT, price action has been interesting.",239.65077902270352
2023-03-31,AAPL,"Investors are talking a lot about AAPL, big moves expected soon!",133.76029139502614
2023-03-14,GOOGL,"Lots of chatter on GOOGL today, could this mean rise?",103.92117866845123
2023-02-10,AAPL,The way AAPL has been performing makes me feel bearish.,107.20012142941276
2023-03-21,AAPL,"Investors are talking a lot about AAPL, big moves expected soon!",110.5381747122457
2023-02-10,TSLA,"I'm bullish on TSLA, price action has been interesting.",116.27312227613815
2023-02-28,GOOGL,"Investors are talking a lot about GOOGL, big moves expected soon!",89.93258335656962
2023-01-16,MSFT,"Investors are talking a lot about MSFT, big moves expected soon!",237.8564216608738
2023-02-07,GOOGL,"Investors are talking a lot about GOOGL, big moves expected soon!",89.82595353728257
2023-02-02,AMZN,The way AMZN has been performing makes me feel bullish.,90.55289027819296
2023-02-23,AAPL,"Investors are talking a lot about AAPL, big moves expected soon!",118.2733156103735
2023-01-25,TSLA,Market sentiment towards TSLA looks worried these days.,110.07817504102144
2023-03-03,AMZN,"Investors are talking a lot about AMZN, big moves expected soon!",87.35981101659057
2023-01-17,MSFT,The way MSFT has been performing makes me feel neutral.,255.5921656362433
2023-03-09,AAPL,"AAPL outlook is excited, according to many investors.",130.7168997036801
2023-02-13,TSLA,"Investors are talking a lot about TSLA, big moves expected soon!",117.02897351719348
2023-01-31,MSFT,"Investors are talking a lot about MSFT, big moves expected soon!",238.97799071361024
2023-03-02,GOOGL,The way GOOGL has been performing makes me feel worried.,87.41215474466284
2023-03-30,MSFT,"MSFT stock is drawing attention, traders are bullish.",240.67835092452796
2023-02-03,TSLA,The way TSLA has been performing makes me feel bullish.,112.56845981398098
2023-03-13,AMZN,Market sentiment towards AMZN looks worried these days.,88.92831195630367
2023-01-10,AMZN,The way AMZN has been performing makes me feel bullish.,87.31005948872884
2023-01-09,MSFT,Market sentiment towards MSFT looks excited these days.,239.3103700989465
2023-02-02,AAPL,The way AAPL has been performing makes me feel neutral.,113.98598608655568
2023-01-26,MSFT,"MSFT stock is drawing attention, traders are excited.",250.4815684727234
2023-01-12,AMZN,"I'm worried on AMZN, price action has been interesting.",92.91152312861108
2023-02-20,AAPL,"Investors are talking a lot about AAPL, big moves expected soon!",126.07935508016996
2023-02-24,AMZN,"AMZN outlook is bullish, according to many investors.",98.80649412024268
2023-02-02,GOOGL,Market sentiment towards GOOGL looks bearish these days.,89.49577838191351
2023-03-08,AAPL,Analysts believe AAPL could breakout after recent news.,123.14805754232684
2023-03-29,TSLA,"TSLA outlook is bullish, according to many investors.",110.39484286163304
2023-03-15,AAPL,"AAPL stock is drawing attention, traders are worried.",118.69104280038302
2023-03-16,GOOGL,The way GOOGL has been performing makes me feel bullish.,105.64779114122965
2023-02-28,AAPL,"Lots of chatter on AAPL today, could this mean dip?",111.12468071263706
2023-03-03,GOOGL,"GOOGL outlook is neutral, according to many investors.",96.66495044526977
2023-01-19,AMZN,"Lots of chatter on AMZN today, could this mean fall?",92.14327842542612
2023-02-09,AAPL,The way AAPL has been performing makes me feel excited.,105.97676885173104
2023-01-09,AMZN,"Lots of chatter on AMZN today, could this mean rise?",94.57938143046862
2023-01-10,MSFT,"Lots of chatter on MSFT today, could this mean fall?",250.4815684727234
2023-02-21,GOOGL,"Lots of chatter on GOOGL today, could this mean dip?",107.65982590422904
2023-03-15,MSFT,"MSFT outlook is neutral, according to many investors.",249.41390927844947
2023-01-25,AMZN,Analysts believe AMZN could dip after recent news.,103.07971095426508
2023-02-22,TSLA,Analysts believe TSLA could breakout after recent news.,116.84545196412247
2023-03-23,MSFT,Analysts believe MSFT could fall after recent news.,253.14061648859337
2023-01-02,AMZN,Analysts believe AMZN could dip after recent news.,99.15285597194504
2023-03-02,AAPL,"AAPL stock is drawing attention, traders are bearish.",110.111771602523
2023-03-07,AAPL,"I'm worried on AAPL, price action has been interesting.",137.1029273412097
2023-02-17,AMZN,"AMZN outlook is excited, according to many investors.",104.16824571467193
2023-03-24,AAPL,"AAPL outlook is neutral, according to many investors.",114.3287226489356
2023-03-14,GOOGL,"Investors are talking a lot about GOOGL, big moves expected soon!",89.16355432644994
2023-01-11,AAPL,"AAPL outlook is bearish, according to many investors.",119.74445509167056
2023-02-27,AMZN,"AMZN stock is drawing attention, traders are excited.",99.72020146527116
2023-01-04,GOOGL,Market sentiment towards GOOGL looks worried these days.,88.5494701524181
2023-01-19,TSLA,The way TSLA has been performing makes me feel neutral.,113.05383568799172
2023-02-06,AMZN,"I'm bearish on AMZN, price action has been interesting.",91.89867313786772
2023-03-22,GOOGL,The way GOOGL has been performing makes me feel worried.,91.42717056681614
2023-02-24,TSLA,The way TSLA has been performing makes me feel excited.,106.62247105921196
2023-03-13,GOOGL,"Lots of chatter on GOOGL today, could this mean breakout?",94.4673967412954
2023-01-06,TSLA,"Lots of chatter on TSLA today, could this mean stabilize?",110.39484286163304
2023-02-14,GOOGL,The way GOOGL has been performing makes me feel excited.,86.16647590995666
2023-01-02,AMZN,Analysts believe AMZN could breakout after recent news.,94.57938143046862
2023-03-16,MSFT,"MSFT stock is drawing attention, traders are neutral.",250.5556902998358
2023-01-16,MSFT,"MSFT stock is drawing attention, traders are worried.",239.65077902270352
2023-03-15,GOOGL,"GOOGL outlook is bullish, according to many investors.",86.2810077483177
2023-01-11,TSLA,Analysts believe TSLA could breakout after recent news.,119.1874876554298
2023-02-03,AAPL,Analysts believe AAPL could fall after recent news.,105.5066884063496
2023-02-24,GOOGL,Analysts believe GOOGL could breakout after recent news.,88.47249554433462
2023-02-14,TSLA,Analysts believe TSLA could stabilize after recent news.,111.88185997100378
2023-02-08,MSFT,The way MSFT has been performing makes me feel neutral.,258.7280582354071
2023-01-04,AAPL,"AAPL stock is drawing attention, traders are excited.",127.1602184308493
2023-03-28,TSLA,"Investors are talking a lot about TSLA, big moves expected soon!",114.80657640380984
2023-02-07,AAPL,Analysts believe AAPL could dip after recent news.,129.1858806715181
2023-03-03,MSFT,Market sentiment towards MSFT looks neutral these days.,253.14061648859337
2023-02-03,TSLA,"Lots of chatter on TSLA today, could this mean dip?",114.45826765072462
2023-03-27,GOOGL,"Lots of chatter on GOOGL today, could this mean rise?",91.45167777496049
2023-03-02,AMZN,Market sentiment towards AMZN looks worried these days.,88.40501453588696
2023-03-06,AMZN,Analysts believe AMZN could dip after recent news.,94.05128089966354
2023-01-19,AAPL,Market sentiment towards AAPL looks worried these days.,118.2733156103735
2023-01-11,AAPL,"Lots of chatter on AAPL today, could this mean stabilize?",138.8150509186731
2023-03-08,AMZN,"AMZN outlook is neutral, according to many investors.",99.15698660075932
2023-01-19,TSLA,"I'm neutral on TSLA, price action has been interesting.",117.2064150051684
2023-03-31,TSLA,"Lots of chatter on TSLA today, could this mean rise?",115.26617096790577
2023-01-10,AMZN,Analysts believe AMZN could rise after recent news.,99.19088779879525
2023-03-09,AAPL,"I'm excited on AAPL, price action has been interesting.",134.1217558293525
2023-03-17,GOOGL,Analysts believe GOOGL could fall after recent news.,86.89961556713949
2023-01-18,GOOGL,"Lots of chatter on GOOGL today, could this mean rise?",86.2810077483177
2023-03-20,GOOGL,Market sentiment towards GOOGL looks bearish these days.,89.49577838191351
2023-03-20,GOOGL,"GOOGL stock is drawing attention, traders are neutral.",89.49577838191351
2023-01-20,AMZN,Market sentiment towards AMZN looks bearish these days.,89.07407304765302
2023-03-21,GOOGL,"GOOGL stock is drawing attention, traders are bearish.",105.11149271932508
2023-03-22,GOOGL,Market sentiment towards GOOGL looks bullish these days.,98.31578314324582
2023-02-17,GOOGL,"Investors are talking a lot about GOOGL, big moves expected soon!",96.66495044526977
2023-01-23,MSFT,"MSFT stock is drawing attention, traders are excited.",250.7110413556572
2023-01-11,MSFT,"MSFT outlook is excited, according to many investors.",257.4091621014592
2023-03-03,AAPL,"AAPL outlook is bullish, according to many investors.",122.04644224651518
2023-02-24,TSLA,"Lots of chatter on TSLA today, could this mean fall?",112.09895647004323
2023-03-16,AMZN,"AMZN stock is drawing attention, traders are excited.",89.52899291686128
2023-01-19,GOOGL,"GOOGL stock is drawing attention, traders are neutral.",87.99793268801773
2023-03-23,MSFT,"MSFT outlook is bullish, according to many investors.",258.7280582354071
2023-03-15,GOOGL,"Investors are talking a lot about GOOGL, big moves expected soon!",102.55376002955576
2023-02-07,AMZN,The way AMZN has been performing makes me feel bullish.,92.03902588070363
2023-03-07,AMZN,"Investors are talking a lot about AMZN, big moves expected soon!",99.15698660075932
2023-01-09,TSLA,"Lots of chatter on TSLA today, could this mean dip?",112.09895647004323
2023-03-17,AMZN,"AMZN stock is drawing attention, traders are bullish.",105.88256082750448
2023-03-02,GOOGL,"Investors are talking a lot about GOOGL, big moves expected soon!",86.16647590995666
2023-01-25,AMZN,Market sentiment towards AMZN looks worried these days.,97.46193032884544
2023-01-23,MSFT,Market sentiment towards MSFT looks worried these days.,239.65077902270352
2023-01-17,MSFT,"Investors are talking a lot about MSFT, big moves expected soon!",250.9171170147616
2023-01-27,AMZN,"AMZN stock is drawing attention, traders are neutral.",97.46193032884544
2023-03-03,GOOGL,"Investors are talking a lot about GOOGL, big moves expected soon!",107.65982590422904
2023-03-30,GOOGL,Market sentiment towards GOOGL looks worried these days.,95.30714445261762
2023-03-23,AAPL,"I'm worried on AAPL, price action has been interesting.",108.82782091448937
2023-01-31,AAPL,Analysts believe AAPL could dip after recent news.,132.0122767798815
2023-03-07,GOOGL,Market sentiment towards GOOGL looks bearish these days.,96.66495044526977
2023-02-09,GOOGL,Analysts believe GOOGL could breakout after recent news.,86.89961556713949
2023-03-03,AAPL,"Lots of chatter on AAPL today, could this mean fall?",111.4414380315412
2023-01-12,GOOGL,The way GOOGL has been performing makes me feel neutral.,91.42717056681614
2023-02-02,AAPL,"AAPL stock is drawing attention, traders are excited.",120.71500291031556
2023-01-20,AAPL,"AAPL outlook is bearish, according to many investors.",105.5066884063496
2023-02-20,MSFT,"I'm neutral on MSFT, price action has been interesting.",254.9057199189457
2023-01-18,AAPL,"Investors are talking a lot about AAPL, big moves expected soon!",130.3104557300001
2023-03-02,AAPL,Analysts believe AAPL could fall after recent news.,129.1858806715181
2023-02-20,TSLA,"I'm worried on TSLA, price action has been interesting.",112.03579327914883
2023-03-27,TSLA,Market sentiment towards TSLA looks worried these days.,105.8143693455829
2023-02-24,TSLA,Market sentiment towards TSLA looks bullish these days.,116.07381954596286
2023-02-07,GOOGL,Analysts believe GOOGL could fall after recent news.,87.41215474466284
2023-01-02,AMZN,Market sentiment towards AMZN looks bearish these days.,100.86978418940626
2023-02-16,MSFT,"MSFT stock is drawing attention, traders are excited.",237.8564216608738
2023-01-30,GOOGL,The way GOOGL has been performing makes me feel excited.,102.59576771282129
2023-02-15,AAPL,The way AAPL has been performing makes me feel bullish.,105.5066884063496
2023-01-10,AMZN,"AMZN outlook is worried, according to many investors.",88.7885138526433
2023-03-31,GOOGL,Market sentiment towards GOOGL looks bearish these days.,88.5494701524181
2023-01-04,TSLA,Analysts believe TSLA could dip after recent news.,110.39484286163304
2023-03-13,TSLA,The way TSLA has been performing makes me feel worried.,112.56845981398098
2023-03-16,MSFT,"I'm neutral on MSFT, price action has been interesting.",255.3793571324257
2023-03-23,AAPL,"Lots of chatter on AAPL today, could this mean rise?",127.78871309603984
2023-01-09,TSLA,"TSLA outlook is bullish, according to many investors.",106.13694076891493
2023-02-09,AMZN,"AMZN outlook is bullish, according to many investors.",89.90876724578159
2023-01-24,GOOGL,Market sentiment towards GOOGL looks bearish these days.,103.98747284720118
2023-03-24,MSFT,Analysts believe MSFT could fall after recent news.,250.4815684727234
2023-01-31,TSLA,The way TSLA has been performing makes me feel bullish.,115.24796470827592
2023-02-02,TSLA,Market sentiment towards TSLA looks excited these days.,112.5579038235086
2023-03-13,AAPL,The way AAPL has been performing makes me feel bearish.,125.97266494499742
2023-03-10,TSLA,"Lots of chatter on TSLA today, could this mean breakout?",114.37058262128392
2023-01-16,AAPL,Analysts believe AAPL could rise after recent news.,109.49034777729648
2023-03-20,GOOGL,"Investors are talking a lot about GOOGL, big moves expected soon!",86.01952659374552
2023-02-28,MSFT,"MSFT outlook is excited, according to many investors.",250.81557924919667
2023-02-23,AAPL,"Lots of chatter on AAPL today, could this mean breakout?",125.97266494499742
2023-03-08,GOOGL,Analysts believe GOOGL could fall after recent news.,103.98747284720118
2023-03-21,AAPL,"I'm neutral on AAPL, price action has been interesting.",118.2733156103735
2023-01-30,GOOGL,"Investors are talking a lot about GOOGL, big moves expected soon!",88.08394296325406
2023-01-27,AAPL,"I'm worried on AAPL, price action has been interesting.",138.8150509186731
2023-01-20,TSLA,"TSLA stock is drawing attention, traders are neutral.",106.62247105921196
2023-03-13,GOOGL,"Investors are talking a lot about GOOGL, big moves expected soon!",87.71777194950126
2023-03-28,TSLA,"TSLA stock is drawing attention, traders are bullish.",112.26658190056602
2023-02-21,AMZN,The way AMZN has been performing makes me feel excited.,99.19088779879525
2023-01-09,GOOGL,"Investors are talking a lot about GOOGL, big moves expected soon!",87.99793268801773
2023-02-06,MSFT,"Investors are talking a lot about MSFT, big moves expected soon!",254.0987411020601
2023-01-11,GOOGL,The way GOOGL has been performing makes me feel bearish.,86.01952659374552
2023-01-05,GOOGL,Analysts believe GOOGL could stabilize after recent news.,88.5494701524181
2023-01-30,AMZN,"Investors are talking a lot about AMZN, big moves expected soon!",88.92831195630367
2023-02-13,GOOGL,The way GOOGL has been performing makes me feel excited.,95.3960924679492
2023-01-30,TSLA,"Investors are talking a lot about TSLA, big moves expected soon!",115.15479892754824
2023-02-03,TSLA,Market sentiment towards TSLA looks neutral these days.,113.63286221620928
2023-01-20,AMZN,Market sentiment towards AMZN looks excited these days.,92.0357990874798
2023-02-17,MSFT,"I'm bullish on MSFT, price action has been interesting.",240.4963585681164
2023-03-09,AAPL,"AAPL outlook is excited, according to many investors.",113.98598608655568
2023-03-01,AMZN,Market sentiment towards AMZN looks bullish these days.,93.1969107503963
2023-02-27,GOOGL,"GOOGL stock is drawing attention, traders are excited.",87.41215474466284
2023-02-21,AAPL,Analysts believe AAPL could dip after recent news.,125.76285888857272
2023-03-21,AMZN,"AMZN stock is drawing attention, traders are bearish.",99.15285597194504
2023-02-28,AMZN,"AMZN outlook is bearish, according to many investors.",89.52899291686128
2023-03-07,MSFT,"MSFT stock is drawing attention, traders are worried.",252.826821580197
2023-03-27,MSFT,"MSFT stock is drawing attention, traders are bullish.",250.1534581332311
2023-01-19,MSFT,"I'm worried on MSFT, price action has been interesting.",254.99352785022364
2023-03-15,AAPL,"Lots of chatter on AAPL today, could this mean fall?",108.10077741317558
2023-02-16,GOOGL,"GOOGL outlook is bearish, according to many investors.",94.21294969027754
2023-02-02,MSFT,"Lots of chatter on MSFT today, could this mean stabilize?",257.4091621014592
2023-01-27,AMZN,"AMZN stock is drawing attention, traders are worried.",88.92831195630367
2023-02-10,GOOGL,"GOOGL outlook is bearish, according to many investors.",103.47505135285812
2023-01-10,TSLA,The way TSLA has been performing makes me feel excited.,108.4269243404117
2023-02-20,AMZN,"AMZN stock is drawing attention, traders are excited.",90.59433197059629
2023-02-22,GOOGL,"I'm bearish on GOOGL, price action has been interesting.",86.93710310368019
2023-03-14,TSLA,The way TSLA has been performing makes me feel neutral.,115.24796470827592
2023-01-20,AMZN,"Investors are talking a lot about AMZN, big moves expected soon!",94.57938143046862
2023-03-06,GOOGL,"GOOGL outlook is bullish, according to many investors.",86.16647590995666
2023-02-01,AMZN,"Lots of chatter on AMZN today, could this mean stabilize?",90.59433197059629
2023-01-17,TSLA,Market sentiment towards TSLA looks worried these days.,112.5579038235086
2023-03-02,AAPL,"AAPL stock is drawing attention, traders are worried.",134.1217558293525
2023-01-20,AMZN,Analysts believe AMZN could rise after recent news.,88.90708958366359
2023-03-09,GOOGL,"I'm bullish on GOOGL, price action has been interesting.",92.6802413334508
2023-01-30,TSLA,"TSLA stock is drawing attention, traders are bullish.",117.8074224945988
2023-01-20,AMZN,Market sentiment towards AMZN looks worried these days.,87.35981101659057
2023-01-19,TSLA,"Lots of chatter on TSLA today, could this mean fall?",114.45826765072462
2023-02-28,MSFT,The way MSFT has been performing makes me feel worried.,237.14084694017723
2023-01-20,AMZN,"Lots of chatter on AMZN today, could this mean fall?",98.80649412024268
2023-03-29,AMZN,Market sentiment towards AMZN looks bearish these days.,94.0224726042693
2023-02-07,GOOGL,"GOOGL stock is drawing attention, traders are worried.",94.4673967412954
2023-03-15,MSFT,Market sentiment towards MSFT looks neutral these days.,243.2516973040306
2023-03-14,TSLA,"TSLA stock is drawing attention, traders are bullish.",112.3638206700515
2023-03-29,AAPL,"AAPL outlook is excited, according to many investors.",138.8150509186731
2023-03-15,AAPL,"AAPL stock is drawing attention, traders are excited.",127.1602184308493
2023-03-21,MSFT,The way MSFT has been performing makes me feel bullish.,239.3103700989465
2023-03-14,GOOGL,"GOOGL stock is drawing attention, traders are neutral.",86.79749893370014
2023-03-01,GOOGL,The way GOOGL has been performing makes me feel bearish.,90.21111369277384
2023-01-10,GOOGL,"GOOGL outlook is bearish, according to many investors.",89.49577838191351
2023-02-28,GOOGL,Analysts believe GOOGL could breakout after recent news.,91.45167777496049
2023-01-05,MSFT,"MSFT outlook is bullish, according to many investors.",250.0364394129566
2023-01-06,AMZN,"I'm neutral on AMZN, price action has been interesting.",104.77329839040188
2023-02-27,GOOGL,The way GOOGL has been performing makes me feel bullish.,95.3960924679492
2023-01-05,TSLA,Market sentiment towards TSLA looks neutral these days.,114.57552560976502
2023-01-03,TSLA,The way TSLA has been performing makes me feel neutral.,114.57552560976502
2023-01-30,AMZN,Market sentiment towards AMZN looks worried these days.,89.29757967336829
2023-03-01,AMZN,Market sentiment towards AMZN looks bearish these days.,96.81313331095652
2023-01-12,AMZN,"I'm bearish on AMZN, price action has been interesting.",99.19088779879525
2023-02-08,AMZN,Market sentiment towards AMZN looks excited these days.,98.96940265756044
2023-02-06,AMZN,"Investors are talking a lot about AMZN, big moves expected soon!",93.89707748083532
2023-01-04,GOOGL,"Lots of chatter on GOOGL today, could this mean fall?",103.3391401422243
2023-03-09,AAPL,"I'm bearish on AAPL, price action has been interesting.",107.33061285234297
2023-01-24,GOOGL,"GOOGL stock is drawing attention, traders are neutral.",92.84076267637236
2023-03-29,AAPL,"AAPL outlook is bearish, according to many investors.",107.452609474386
2023-03-17,GOOGL,"Lots of chatter on GOOGL today, could this mean rise?",87.99793268801773
2023-02-01,TSLA,"TSLA stock is drawing attention, traders are bullish.",107.2196372557134
2023-02-16,MSFT,"Investors are talking a lot about MSFT, big moves expected soon!",251.24849642836065
2023-01-20,TSLA,The way TSLA has been performing makes me feel bearish.,115.44975062951112
2023-03-07,AMZN,The way AMZN has been performing makes me feel neutral.,91.09136003888008
2023-01-04,GOOGL,Market sentiment towards GOOGL looks bullish these days.,88.77606573440579
2023-02-08,TSLA,"I'm bullish on TSLA, price action has been interesting.",115.08278432873662
2023-01-04,AAPL,Market sentiment towards AAPL looks bearish these days.,107.20012142941276
2023-01-05,AAPL,Market sentiment towards AAPL looks neutral these days.,114.09742608415914
2023-02-13,AMZN,The way AMZN has been performing makes me feel bullish.,92.1193968628654
2023-03-03,MSFT,Market sentiment towards MSFT looks neutral these days.,256.9250075615008
2023-03-23,TSLA,Analysts believe TSLA could rise after recent news.,107.34009767559544
2023-03-03,AAPL,The way AAPL has been performing makes me feel bearish.,112.1153304548266
2023-02-21,MSFT,The way MSFT has been performing makes me feel worried.,254.8222399169049
2023-03-31,TSLA,"TSLA stock is drawing attention, traders are bullish.",112.61449191231668
2023-01-12,GOOGL,"I'm bearish on GOOGL, price action has been interesting.",88.77606573440579
2023-01-24,AAPL,Analysts believe AAPL could rise after recent news.,110.111771602523
2023-03-31,GOOGL,Market sentiment towards GOOGL looks worried these days.,89.75989832306075
2023-01-04,TSLA,Market sentiment towards TSLA looks bullish these days.,117.21422940849848
2023-02-06,AMZN,"Investors are talking a lot about AMZN, big moves expected soon!",89.09791095488092
2023-03-15,TSLA,"Investors are talking a lot about TSLA, big moves expected soon!",112.62746341532046
2023-02-13,GOOGL,"Investors are talking a lot about GOOGL, big moves expected soon!",88.5494701524181
2023-02-06,AAPL,Analysts believe AAPL could dip after recent news.,118.2733156103735
2023-02-01,AMZN,Analysts believe AMZN could dip after recent news.,91.27015849190768
2023-02-10,AMZN,Analysts believe AMZN could rise after recent news.,89.65641888629835
2023-01-13,TSLA,Market sentiment towards TSLA looks worried these days.,107.27266500661185
2023-03-30,AAPL,Market sentiment towards AAPL looks bearish these days.,111.12468071263706
2023-01-31,AAPL,"AAPL stock is drawing attention, traders are bearish.",111.4414380315412
2023-01-20,GOOGL,"GOOGL outlook is bearish, according to many investors.",91.54455366458208
2023-03-20,TSLA,"I'm excited on TSLA, price action has been interesting.",110.39484286163304
2023-01-27,MSFT,The way MSFT has been performing makes me feel bearish.,250.5556902998358
2023-03-07,GOOGL,"Investors are talking a lot about GOOGL, big moves expected soon!",86.2810077483177
2023-03-15,TSLA,"I'm worried on TSLA, price action has been interesting.",116.2845051448232
2023-03-15,AMZN,Analysts believe AMZN could dip after recent news.,90.59433197059629
2023-01-02,GOOGL,"I'm neutral on GOOGL, price action has been interesting.",103.98747284720118
2023-01-03,TSLA,The way TSLA has been performing makes me feel neutral.,107.34009767559544
2023-03-22,MSFT,The way MSFT has been performing makes me feel excited.,254.9057199189457
2023-01-26,MSFT,"MSFT stock is drawing attention, traders are neutral.",251.24849642836065
2023-03-28,GOOGL,Market sentiment towards GOOGL looks excited these days.,89.75989832306075
2023-01-17,MSFT,"Investors are talking a lot about MSFT, big moves expected soon!",251.55173693368533
2023-02-06,AAPL,"AAPL stock is drawing attention, traders are neutral.",108.1772087535367
2023-02-07,MSFT,"Lots of chatter on MSFT today, could this mean stabilize?",256.9250075615008
2023-02-09,MSFT,The way MSFT has been performing makes me feel excited.,254.3746539509492
2023-01-20,AAPL,"I'm neutral on AAPL, price action has been interesting.",108.1772087535367
2023-03-06,AMZN,"AMZN outlook is neutral, according to many investors.",100.05001650489336
2023-01-02,AAPL,The way AAPL has been performing makes me feel worried.,110.97868978511146
2023-03-24,GOOGL,"Lots of chatter on GOOGL today, could this mean stabilize?",90.88980558179196
2023-03-21,AMZN,"I'm bearish on AMZN, price action has been interesting.",94.0224726042693
2023-01-04,AMZN,"AMZN stock is drawing attention, traders are excited.",92.91152312861108
2023-01-25,AAPL,"AAPL stock is drawing attention, traders are neutral.",120.49585112836192
2023-03-14,AMZN,"Lots of chatter on AMZN today, could this mean breakout?",89.29757967336829
2023-03-24,AMZN,"AMZN outlook is neutral, according to many investors.",91.38099100541976
2023-02-16,MSFT,"MSFT outlook is neutral, according to many investors.",252.23778094824587
2023-03-24,TSLA,The way TSLA has been performing makes me feel neutral.,112.56813073679352
2023-02-06,TSLA,"I'm excited on TSLA, price action has been interesting.",115.44975062951112
2023-01-26,AMZN,"AMZN outlook is bearish, according to many investors.",89.01952805283034
2023-01-31,MSFT,Market sentiment towards MSFT looks bearish these days.,251.427817526324
2023-02-15,AMZN,"Lots of chatter on AMZN today, could this mean breakout?",92.03902588070363
2023-02-22,AAPL,"Lots of chatter on AAPL today, could this mean dip?",105.5066884063496
2023-02-17,AMZN,"Lots of chatter on AMZN today, could this mean breakout?",96.7871295272007
2023-01-13,TSLA,"Investors are talking a lot about TSLA, big moves expected soon!",117.26937252857788
2023-01-20,AMZN,"Lots of chatter on AMZN today, could this mean rise?",89.02016276311137
2023-01-16,AMZN,The way AMZN has been performing makes me feel excited.,89.29757967336829
2023-02-02,MSFT,Market sentiment towards MSFT looks bullish these days.,243.2516973040306
2023-01-05,TSLA,Market sentiment towards TSLA looks worried these days.,108.4269243404117
2023-01-18,TSLA,"Lots of chatter on TSLA today, could this mean dip?",114.57552560976502
2023-03-21,AAPL,"AAPL outlook is worried, according to many investors.",119.74445509167056
2023-02-21,GOOGL,Analysts believe GOOGL could rise after recent news.,88.77606573440579
2023-03-08,TSLA,"Lots of chatter on TSLA today, could this mean dip?",106.13694076891493
2023-01-02,GOOGL,Analysts believe GOOGL could stabilize after recent news.,86.49507571519749
2023-03-24,TSLA,Analysts believe TSLA could rise after recent news.,106.62247105921196
2023-01-17,AAPL,"I'm bearish on AAPL, price action has been interesting.",110.29145320597452
2023-01-30,AMZN,"Lots of chatter on AMZN today, could this mean breakout?",89.90876724578159
2023-01-16,GOOGL,"GOOGL stock is drawing attention, traders are worried.",88.79797393518416
2023-03-02,TSLA,Market sentiment towards TSLA looks worried these days.,117.02897351719348
2023-03-22,AAPL,"Lots of chatter on AAPL today, could this mean breakout?",120.71500291031556
2023-03-02,AAPL,Market sentiment towards AAPL looks excited these days.,105.5066884063496
2023-02-16,TSLA,Analysts believe TSLA could breakout after recent news.,112.484954655671
2023-02-03,AAPL,"AAPL stock is drawing attention, traders are neutral.",138.0343868483502
2023-01-05,GOOGL,The way GOOGL has been performing makes me feel bearish.,86.01952659374552
2023-03-30,TSLA,"TSLA stock is drawing attention, traders are neutral.",116.2845051448232
2023-01-23,AMZN,Market sentiment towards AMZN looks bearish these days.,105.88256082750448
2023-01-13,MSFT,"Investors are talking a lot about MSFT, big moves expected soon!",250.0364394129566
2023-02-17,AAPL,Market sentiment towards AAPL looks excited these days.,137.2801814603673
2023-01-09,AMZN,"Lots of chatter on AMZN today, could this mean fall?",89.52899291686128
2023-01-26,AMZN,"Lots of chatter on AMZN today, could this mean rise?",98.80649412024268
2023-03-23,MSFT,"MSFT outlook is bearish, according to many investors.",251.427817526324
2023-03-15,TSLA,"Lots of chatter on TSLA today, could this mean fall?",113.63097571992164
2023-01-11,AMZN,"AMZN outlook is worried, according to many investors.",101.29797167766668
2023-01-13,AAPL,Analysts believe AAPL could dip after recent news.,123.14805754232684
2023-02-22,AAPL,Market sentiment towards AAPL looks neutral these days.,109.09848629545628
2023-02-09,AAPL,"AAPL stock is drawing attention, traders are worried.",138.96122223397512
2023-01-20,MSFT,"MSFT stock is drawing attention, traders are bullish.",253.8537717711724
2023-02-01,MSFT,"MSFT stock is drawing attention, traders are neutral.",256.36604823097264
2023-03-06,AAPL,"I'm excited on AAPL, price action has been interesting.",109.49034777729648
2023-02-08,MSFT,"MSFT outlook is worried, according to many investors.",243.2516973040306
2023-02-06,AMZN,"AMZN outlook is excited, according to many investors.",94.0224726042693
2023-01-13,AAPL,"Lots of chatter on AAPL today, could this mean rise?",138.0343868483502
2023-03-07,AAPL,"AAPL stock is drawing attention, traders are neutral.",112.1153304548266
2023-01-05,AMZN,Market sentiment towards AMZN looks worried these days.,99.15285597194504
2023-03-17,MSFT,"MSFT outlook is worried, according to many investors.",241.70844629714003
2023-01-10,AMZN,"Lots of chatter on AMZN today, could this mean dip?",99.19088779879525
2023-03-17,AAPL,Market sentiment towards AAPL looks bearish these days.,110.111771602523
2023-02-13,TSLA,"Lots of chatter on TSLA today, could this mean rise?",112.09895647004323
2023-01-26,GOOGL,"Investors are talking a lot about GOOGL, big moves expected soon!",87.56346828310043
2023-02-08,AAPL,"AAPL stock is drawing attention, traders are neutral.",122.9133625161458
2023-02-08,AAPL,The way AAPL has been performing makes me feel worried.,109.49034777729648
2023-01-26,MSFT,"I'm bullish on MSFT, price action has been interesting.",253.93499282328747
2023-01-27,AMZN,Analysts believe AMZN could fall after recent news.,88.90708958366359
2023-01-18,AAPL,"AAPL stock is drawing attention, traders are worried.",114.77170255262348
2023-03-01,AMZN,"Investors are talking a lot about AMZN, big moves expected soon!",86.26617635749504
2023-01-16,AAPL,Market sentiment towards AAPL looks neutral these days.,109.4462456661918
2023-03-08,GOOGL,Analysts believe GOOGL could dip after recent news.,88.79797393518416
2023-01-20,MSFT,"MSFT outlook is bullish, according to many investors.",252.34772443328157
2023-01-24,GOOGL,"GOOGL stock is drawing attention, traders are bearish.",89.93258335656962
2023-03-16,GOOGL,"GOOGL stock is drawing attention, traders are excited.",86.79749893370014
2023-03-10,AAPL,"Investors are talking a lot about AAPL, big moves expected soon!",138.96122223397512
2023-02-08,MSFT,The way MSFT has been performing makes me feel bearish.,254.99352785022364
2023-01-05,TSLA,Analysts believe TSLA could fall after recent news.,119.1874876554298
2023-01-31,AMZN,"AMZN stock is drawing attention, traders are bearish.",102.99140554903606
2023-02-23,GOOGL,"Investors are talking a lot about GOOGL, big moves expected soon!",88.77606573440579
2023-02-16,TSLA,"Investors are talking a lot about TSLA, big moves expected soon!",113.05383568799172
2023-03-02,TSLA,"I'm bullish on TSLA, price action has been interesting.",116.07381954596286
2023-02-28,GOOGL,The way GOOGL has been performing makes me feel worried.,91.05294543696355
2023-02-24,GOOGL,"GOOGL outlook is worried, according to many investors.",86.29183002409107
2023-01-17,GOOGL,"GOOGL outlook is worried, according to many investors.",86.39351060045915
2023-01-03,AMZN,"I'm bullish on AMZN, price action has been interesting.",88.40501453588696
2023-02-08,TSLA,"I'm bullish on TSLA, price action has been interesting.",112.41553111626052
2023-01-13,AAPL,Analysts believe AAPL could dip after recent news.,137.2801814603673
2023-03-21,TSLA,Market sentiment towards TSLA looks excited these days.,107.27266500661185
2023-02-21,MSFT,"MSFT outlook is bullish, according to many investors.",254.5032139891401
2023-03-30,TSLA,"TSLA outlook is bearish, according to many investors.",117.26937252857788
2023-02-24,AAPL,"Investors are talking a lot about AAPL, big moves expected soon!",111.4414380315412
2023-03-24,TSLA,"Investors are talking a lot about TSLA, big moves expected soon!",115.44975062951112
2023-03-08,TSLA,"I'm bullish on TSLA, price action has been interesting.",112.56845981398098
2023-01-26,AAPL,The way AAPL has been performing makes me feel bullish.,111.4414380315412
2023-02-15,TSLA,"TSLA outlook is bullish, according to many investors.",112.56813073679352
2023-03-02,AAPL,Analysts believe AAPL could fall after recent news.,110.29145320597452
2023-02-21,MSFT,Analysts believe MSFT could breakout after recent news.,252.23778094824587
2023-02-20,TSLA,"I'm neutral on TSLA, price action has been interesting.",117.02897351719348
2023-01-30,TSLA,"Investors are talking a lot about TSLA, big moves expected soon!",113.05383568799172
2023-01-03,TSLA,"I'm neutral on TSLA, price action has been interesting.",112.5579038235086
2023-02-13,AMZN,"Investors are talking a lot about AMZN, big moves expected soon!",99.19088779879525
2023-02-10,MSFT,Analysts believe MSFT could breakout after recent news.,252.19675275701448
2023-03-02,AMZN,The way AMZN has been performing makes me feel excited.,91.89867313786772
2023-01-17,GOOGL,"I'm bullish on GOOGL, price action has been interesting.",103.47505135285812
2023-03-13,AAPL,"Investors are talking a lot about AAPL, big moves expected soon!",110.48308955585064
2023-03-09,MSFT,The way MSFT has been performing makes me feel bearish.,250.0364394129566
2023-02-02,GOOGL,Analysts believe GOOGL could fall after recent news.,88.99064207912718
2023-02-02,TSLA,"TSLA outlook is bullish, according to many investors.",112.484954655671
2023-03-24,AAPL,"I'm worried on AAPL, price action has been interesting.",105.5066884063496
2023-01-16,AAPL,"AAPL outlook is bearish, according to many investors.",105.97676885173104
2023-01-18,MSFT,"MSFT stock is drawing attention, traders are bullish.",239.0029198870554
2023-03-30,GOOGL,"GOOGL outlook is bearish, according to many investors.",96.66495044526977
2023-01-27,MSFT,"MSFT stock is drawing attention, traders are excited.",240.4963585681164
2023-02-08,AMZN,Market sentiment towards AMZN looks bullish these days.,92.1193968628654
2023-01-03,AAPL,Market sentiment towards AAPL looks bearish these days.,110.48308955585064
2023-03-01,TSLA,"TSLA outlook is bullish, according to many investors.",115.24796470827592
2023-01-11,TSLA,"Investors are talking a lot about TSLA, big moves expected soon!",117.21422940849848
2023-01-18,AAPL,"Investors are talking a lot about AAPL, big moves expected soon!",108.10077741317558
2023-02-17,MSFT,"MSFT stock is drawing attention, traders are neutral.",238.6207084882862
2023-02-01,TSLA,"TSLA outlook is neutral, according to many investors.",117.26937252857788
2023-03-06,MSFT,Market sentiment towards MSFT looks bearish these days.,253.14061648859337
2023-01-20,GOOGL,"GOOGL stock is drawing attention, traders are neutral.",88.41417458413825
2023-01-03,GOOGL,"I'm neutral on GOOGL, price action has been interesting.",102.55376002955576
2023-03-27,AMZN,"AMZN outlook is worried, according to many investors.",94.57938143046862
2023-03-30,GOOGL,"Investors are talking a lot about GOOGL, big moves expected soon!",86.93710310368019
2023-03-14,AMZN,"Investors are talking a lot about AMZN, big moves expected soon!",97.46193032884544
2023-02-20,TSLA,Analysts believe TSLA could fall after recent news.,115.44975062951112
2023-03-07,AMZN,"Investors are talking a lot about AMZN, big moves expected soon!",99.15698660075932
2023-01-03,AMZN,Analysts believe AMZN could dip after recent news.,94.0224726042693
2023-03-02,AAPL,Analysts believe AAPL could rise after recent news.,125.62780247919687
2023-03-30,AMZN,Market sentiment towards AMZN looks bearish these days.,94.57938143046862
2023-02-08,TSLA,"Investors are talking a lot about TSLA, big moves expected soon!",112.62746341532046
2023-03-16,GOOGL,"GOOGL stock is drawing attention, traders are bullish.",87.41215474466284
2023-02-20,AMZN,"Investors are talking a lot about AMZN, big moves expected soon!",94.05128089966354
2023-03-29,AMZN,"I'm worried on AMZN, price action has been interesting.",99.15285597194504
2023-02-03,MSFT,"I'm bullish on MSFT, price action has been interesting.",243.2516973040306
2023-03-08,AAPL,Analysts believe AAPL could stabilize after recent news.,134.1217558293525
2023-02-23,AAPL,"AAPL stock is drawing attention, traders are bearish.",129.1858806715181
2023-03-07,AAPL,Analysts believe AAPL could stabilize after recent news.,137.2801814603673
2023-01-30,MSFT,"I'm bearish on MSFT, price action has been interesting.",243.2516973040306
2023-02-10,TSLA,"I'm worried on TSLA, price action has been interesting.",113.63097750248954
2023-02-13,AMZN,"Investors are talking a lot about AMZN, big moves expected soon!",99.46017888956618
2023-02-06,GOOGL,Analysts believe GOOGL could stabilize after recent news.,88.5494701524181
2023-01-31,AAPL,"Investors are talking a lot about AAPL, big moves expected soon!",105.5066884063496
2023-01-30,TSLA,"TSLA stock is drawing attention, traders are bearish.",113.05383568799172
2023-01-02,AAPL,The way AAPL has been performing makes me feel neutral.,119.29457374852431
2023-02-21,TSLA,"TSLA stock is drawing attention, traders are neutral.",112.09895647004323
2023-03-06,AAPL,"AAPL outlook is worried, according to many investors.",112.1153304548266
2023-01-12,TSLA,The way TSLA has been performing makes me feel excited.,114.45826765072462
2023-01-24,GOOGL,"Lots of chatter on GOOGL today, could this mean breakout?",103.7271867384658
2023-03-07,TSLA,The way TSLA has been performing makes me feel bullish.,116.07381954596286
2023-03-23,GOOGL,Market sentiment towards GOOGL looks neutral these days.,89.93258335656962
2023-03-16,TSLA,"TSLA outlook is excited, according to many investors.",115.62556751982744
2023-01-17,GOOGL,Analysts believe GOOGL could fall after recent news.,92.84076267637236
2023-03-30,AMZN,The way AMZN has been performing makes me feel bearish.,96.7871295272007
2023-01-09,MSFT,Analysts believe MSFT could dip after recent news.,241.70844629714003
2023-03-15,MSFT,"Investors are talking a lot about MSFT, big moves expected soon!",252.23778094824587
2023-01-23,AMZN,Analysts believe AMZN could fall after recent news.,94.57938143046862
2023-01-06,TSLA,"TSLA stock is drawing attention, traders are excited.",112.5579038235086
2023-03-06,TSLA,"TSLA outlook is neutral, according to many investors.",117.26937252857788
2023-01-19,AAPL,"Investors are talking a lot about AAPL, big moves expected soon!",121.82459706709544
2023-03-02,TSLA,"Investors are talking a lot about TSLA, big moves expected soon!",116.27312227613815
2023-03-29,AAPL,The way AAPL has been performing makes me feel bullish.,105.97676885173104
2023-03-14,TSLA,"Lots of chatter on TSLA today, could this mean fall?",110.07817504102144
2023-02-06,AMZN,"I'm neutral on AMZN, price action has been interesting.",94.57938143046862
2023-03-15,MSFT,Market sentiment towards MSFT looks bearish these days.,250.1534581332311
2023-02-09,MSFT,"Lots of chatter on MSFT today, could this mean dip?",239.3103700989465
2023-01-26,GOOGL,"Investors are talking a lot about GOOGL, big moves expected soon!",86.93710310368019
2023-03-07,GOOGL,"I'm excited on GOOGL, price action has been interesting.",86.89961556713949
2023-01-11,MSFT,Analysts believe MSFT could rise after recent news.,239.42678753583849
2023-02-01,TSLA,Analysts believe TSLA could stabilize after recent news.,117.73577041637893
2023-02-17,AMZN,"Lots of chatter on AMZN today, could this mean dip?",91.27015849190768
2023-03-15,MSFT,Analysts believe MSFT could stabilize after recent news.,249.71601303957576
2023-03-22,AMZN,Market sentiment towards AMZN looks neutral these days.,91.89867313786772
2023-01-06,AAPL,The way AAPL has been performing makes me feel neutral.,120.71500291031556
2023-01-23,MSFT,Market sentiment towards MSFT looks worried these days.,256.3875940695456
2023-01-24,TSLA,"TSLA outlook is bearish, according to many investors.",115.24796470827592
2023-02-14,AMZN,Analysts believe AMZN could fall after recent news.,89.01952805283034
2023-03-14,AAPL,"I'm bullish on AAPL, price action has been interesting.",110.5381747122457
2023-01-27,AAPL,The way AAPL has been performing makes me feel bearish.,122.9133625161458
2023-01-02,MSFT,"MSFT stock is drawing attention, traders are bullish.",239.42678753583849
2023-03-22,GOOGL,"I'm bearish on GOOGL, price action has been interesting.",89.16355432644994
2023-03-02,AAPL,Market sentiment towards AAPL looks bullish these days.,123.14805754232684
2023-01-09,AAPL,"Lots of chatter on AAPL today, could this mean stabilize?",121.21232939349684
2023-03-10,MSFT,"MSFT outlook is worried, according to many investors.",240.7706347594577
2023-01-27,TSLA,"TSLA stock is drawing attention, traders are worried.",112.71248005714163
2023-01-19,GOOGL,Market sentiment towards GOOGL looks bullish these days.,86.67560634834425
2023-01-06,TSLA,"TSLA outlook is excited, according to many investors.",109.26821498594242
2023-02-27,GOOGL,Analysts believe GOOGL could rise after recent news.,98.14613905684384
2023-02-24,GOOGL,"Lots of chatter on GOOGL today, could this mean rise?",90.21111369277384
2023-02-16,AMZN,Market sentiment towards AMZN looks bearish these days.,97.46193032884544
2023-03-03,AAPL,"AAPL stock is drawing attention, traders are neutral.",110.29145320597452
2023-02-07,GOOGL,"Investors are talking a lot about GOOGL, big moves expected soon!",86.93710310368019
2023-03-02,AAPL,Analysts believe AAPL could dip after recent news.,127.78871309603984
2023-02-15,TSLA,"TSLA outlook is bullish, according to many investors.",115.24796470827592
2023-02-15,AMZN,"Lots of chatter on AMZN today, could this mean breakout?",99.72020146527116
2023-03-02,AAPL,"AAPL stock is drawing attention, traders are bullish.",121.21232939349684
2023-01-27,AMZN,"AMZN outlook is bullish, according to many investors.",99.46017888956618
2023-02-20,GOOGL,The way GOOGL has been performing makes me feel worried.,86.39351060045915
2023-01-10,GOOGL,"GOOGL outlook is neutral, according to many investors.",87.41215474466284
2023-02-14,AAPL,Analysts believe AAPL could rise after recent news.,105.97676885173104
2023-02-23,AMZN,"AMZN stock is drawing attention, traders are neutral.",97.46193032884544
2023-02-02,AMZN,"I'm neutral on AMZN, price action has been interesting.",104.77329839040188
2023-03-16,TSLA,"I'm neutral on TSLA, price action has been interesting.",105.8143693455829
2023-02-22,AAPL,Market sentiment towards AAPL looks worried these days.,110.29145320597452
2023-02-14,AMZN,"I'm neutral on AMZN, price action has been interesting.",99.15285597194504
2023-03-03,GOOGL,"GOOGL outlook is bearish, according to many investors.",87.59981329687079
2023-03-27,AMZN,"AMZN outlook is bullish, according to many investors.",91.53580168052092
2023-03-15,GOOGL,"GOOGL outlook is bullish, according to many investors.",87.99793268801773
2023-03-13,AMZN,"AMZN outlook is excited, according to many investors.",102.0264607185497
2023-03-20,AAPL,The way AAPL has been performing makes me feel worried.,107.33061285234297
2023-02-07,AAPL,Market sentiment towards AAPL looks excited these days.,112.1153304548266
2023-02-22,TSLA,Analysts believe TSLA could rise after recent news.,114.05624946250992
2023-03-28,TSLA,"TSLA outlook is neutral, according to many investors.",112.41553111626052
2023-01-25,MSFT,The way MSFT has been performing makes me feel excited.,241.70844629714003
2023-03-30,MSFT,"MSFT outlook is bullish, according to many investors.",253.93499282328747
2023-02-10,MSFT,Market sentiment towards MSFT looks bearish these days.,252.826821580197
2023-03-09,TSLA,The way TSLA has been performing makes me feel excited.,117.21422940849848
2023-02-27,MSFT,The way MSFT has been performing makes me feel neutral.,238.6207084882862
2023-01-18,GOOGL,"GOOGL outlook is bullish, according to many investors.",98.31578314324582
2023-02-16,GOOGL,Market sentiment towards GOOGL looks bullish these days.,86.89961556713949
2023-02-03,AMZN,"I'm neutral on AMZN, price action has been interesting.",94.0224726042693
2023-01-25,AAPL,Market sentiment towards AAPL looks excited these days.,134.1217558293525
2023-01-06,TSLA,Market sentiment towards TSLA looks worried these days.,117.73577041637893
2023-01-26,GOOGL,The way GOOGL has been performing makes me feel neutral.,88.47249554433462
2023-02-28,AAPL,"AAPL stock is drawing attention, traders are bearish.",127.78871309603984
2023-01-25,GOOGL,"Lots of chatter on GOOGL today, could this mean breakout?",105.64779114122965
2023-02-14,AMZN,"Lots of chatter on AMZN today, could this mean dip?",90.85837652129794
2023-01-30,GOOGL,"Lots of chatter on GOOGL today, could this mean stabilize?",87.41215474466284
2023-01-13,AAPL,Analysts believe AAPL could breakout after recent news.,119.74445509167056
2023-02-21,GOOGL,"Investors are talking a lot about GOOGL, big moves expected soon!",105.11149271932508
2023-03-09,MSFT,Market sentiment towards MSFT looks worried these days.,249.41390927844947
2023-01-18,AAPL,"AAPL outlook is worried, according to many investors.",110.5381747122457
2023-03-17,AAPL,"AAPL outlook is bearish, according to many investors.",110.29145320597452
2023-01-24,MSFT,Market sentiment towards MSFT looks bearish these days.,250.1534581332311
2023-01-12,AMZN,Market sentiment towards AMZN looks worried these days.,90.969526103566
2023-03-02,MSFT,"Investors are talking a lot about MSFT, big moves expected soon!",251.427817526324
2023-03-06,GOOGL,Market sentiment towards GOOGL looks excited these days.,86.67560634834425
2023-01-11,GOOGL,Market sentiment towards GOOGL looks neutral these days.,103.3391401422243
2023-02-21,TSLA,Market sentiment towards TSLA looks neutral these days.,112.26658190056602
2023-01-26,AAPL,"I'm worried on AAPL, price action has been interesting.",121.82459706709544
2023-03-29,AAPL,"AAPL outlook is excited, according to many investors.",111.4414380315412
2023-03-06,AMZN,"AMZN stock is drawing attention, traders are bearish.",95.66659292425828
2023-02-06,GOOGL,Analysts believe GOOGL could stabilize after recent news.,91.45167777496049
2023-03-06,AMZN,"I'm bearish on AMZN, price action has been interesting.",89.02016276311137
2023-03-06,GOOGL,Analysts believe GOOGL could fall after recent news.,103.7271867384658
2023-01-19,TSLA,"TSLA stock is drawing attention, traders are neutral.",114.05624946250992
2023-03-29,MSFT,"I'm excited on MSFT, price action has been interesting.",247.8969090457618
2023-01-04,TSLA,"TSLA outlook is excited, according to many investors.",113.05383568799172
2023-02-08,TSLA,The way TSLA has been performing makes me feel worried.,117.8074224945988
2023-02-09,AMZN,"AMZN outlook is worried, according to many investors.",100.05001650489336
2023-01-25,AAPL,"AAPL outlook is excited, according to many investors.",126.07935508016996
2023-02-17,AAPL,"Investors are talking a lot about AAPL, big moves expected soon!",113.49521869298056
2023-03-07,AAPL,Analysts believe AAPL could rise after recent news.,110.111771602523
2023-01-06,AAPL,"AAPL outlook is bearish, according to many investors.",107.452609474386
2023-03-23,GOOGL,"GOOGL stock is drawing attention, traders are bearish.",88.63862365044015
2023-03-23,MSFT,Analysts believe MSFT could rise after recent news.,250.822460604913
2023-03-07,AAPL,Market sentiment towards AAPL looks worried these days.,108.1772087535367
2023-01-18,MSFT,"Investors are talking a lot about MSFT, big moves expected soon!",252.23778094824587
2023-02-15,AMZN,"Lots of chatter on AMZN today, could this mean rise?",92.1193968628654
2023-03-28,AMZN,"AMZN stock is drawing attention, traders are neutral.",102.0264607185497
2023-01-23,GOOGL,Market sentiment towards GOOGL looks worried these days.,103.92117866845123
2023-03-02,GOOGL,The way GOOGL has been performing makes me feel worried.,103.7271867384658
2023-03-22,TSLA,"Lots of chatter on TSLA today, could this mean dip?",106.62247105921196
2023-01-09,AAPL,Market sentiment towards AAPL looks bullish these days.,134.59002974325085
2023-01-20,TSLA,"TSLA stock is drawing attention, traders are worried.",115.81012322074378
2023-01-05,MSFT,Analysts believe MSFT could breakout after recent news.,250.81557924919667
2023-03-20,GOOGL,"GOOGL stock is drawing attention, traders are neutral.",89.93258335656962
2023-03-30,AMZN,Market sentiment towards AMZN looks bullish these days.,89.02016276311137
2023-02-16,MSFT,"I'm neutral on MSFT, price action has been interesting.",255.79604932771065
2023-03-20,TSLA,"TSLA outlook is excited, according to many investors.",107.74149530735816
2023-02-14,AMZN,Market sentiment towards AMZN looks bullish these days.,89.29757967336829
2023-01-12,AAPL,"I'm bearish on AAPL, price action has been interesting.",114.77170255262348
2023-03-29,AMZN,Analysts believe AMZN could stabilize after recent news.,89.07407304765302
2023-02-15,AAPL,"AAPL stock is drawing attention, traders are bullish.",129.1858806715181
2023-01-30,GOOGL,The way GOOGL has been performing makes me feel worried.,95.30714445261762
2023-03-17,GOOGL,"Investors are talking a lot about GOOGL, big moves expected soon!",88.08394296325406
2023-03-21,MSFT,"Lots of chatter on MSFT today, could this mean stabilize?",254.73482510718335
2023-01-03,TSLA,"Investors are talking a lot about TSLA, big moves expected soon!",113.05383568799172
2023-01-18,AAPL,"Investors are talking a lot about AAPL, big moves expected soon!",125.62780247919687
2023-01-05,AMZN,Market sentiment towards AMZN looks bullish these days.,102.0264607185497
2023-03-10,AAPL,"I'm excited on AAPL, price action has been interesting.",127.78871309603984
2023-03-08,AAPL,Market sentiment towards AAPL looks bearish these days.,108.1772087535367
2023-02-10,TSLA,"Lots of chatter on TSLA today, could this mean dip?",111.11020743720992
2023-02-09,AAPL,"Investors are talking a lot about AAPL, big moves expected soon!",122.9133625161458
2023-01-11,GOOGL,"Lots of chatter on GOOGL today, could this mean breakout?",86.89961556713949
2023-01-17,AAPL,Market sentiment towards AAPL looks neutral these days.,105.97676885173104
2023-02-27,MSFT,Analysts believe MSFT could fall after recent news.,241.70844629714003
2023-02-06,MSFT,"Investors are talking a lot about MSFT, big moves expected soon!",251.33964010816825
2023-03-10,MSFT,"I'm excited on MSFT, price action has been interesting.",241.1440931999608
2023-01-03,MSFT,"I'm bullish on MSFT, price action has been interesting.",239.3103700989465
2023-03-17,MSFT,Analysts believe MSFT could stabilize after recent news.,251.427817526324
2023-03-20,TSLA,"Lots of chatter on TSLA today, could this mean stabilize?",110.74399848729672
2023-01-19,AAPL,The way AAPL has been performing makes me feel excited.,137.1029273412097
2023-01-09,AAPL,The way AAPL has been performing makes me feel excited.,118.2733156103735
2023-03-27,GOOGL,"GOOGL outlook is neutral, according to many investors.",92.6802413334508
2023-01-17,AMZN,"AMZN outlook is bearish, according to many investors.",87.73786151172393
2023-01-18,AMZN,Analysts believe AMZN could breakout after recent news.,90.969526103566
2023-01-26,TSLA,Analysts believe TSLA could dip after recent news.,114.73134936166689
2023-03-02,MSFT,Market sentiment towards MSFT looks bearish these days.,252.19675275701448
2023-03-23,TSLA,"TSLA stock is drawing attention, traders are excited.",115.08278432873662
2023-02-21,TSLA,"Lots of chatter on TSLA today, could this mean fall?",117.26937252857788
2023-02-03,TSLA,"TSLA outlook is bearish, according to many investors.",112.09895647004323
2023-01-23,AAPL,Market sentiment towards AAPL looks neutral these days.,109.4462456661918
2023-02-22,GOOGL,Market sentiment towards GOOGL looks worried these days.,86.16647590995666
2023-03-01,MSFT,"Investors are talking a lot about MSFT, big moves expected soon!",241.1440931999608
2023-01-19,MSFT,"Lots of chatter on MSFT today, could this mean fall?",251.427817526324
2023-01-09,GOOGL,"Investors are talking a lot about GOOGL, big moves expected soon!",105.64779114122965
2023-02-01,GOOGL,"GOOGL outlook is bullish, according to many investors.",89.93258335656962
2023-03-24,AMZN,Analysts believe AMZN could breakout after recent news.,90.969526103566
2023-01-17,GOOGL,"GOOGL outlook is excited, according to many investors.",99.9428024152471
2023-01-18,AMZN,Market sentiment towards AMZN looks bullish these days.,92.0357990874798
2023-01-09,GOOGL,Market sentiment towards GOOGL looks worried these days.,92.64791109768308
2023-03-29,TSLA,"TSLA stock is drawing attention, traders are bullish.",112.3638206700515
2023-02-22,TSLA,"Investors are talking a lot about TSLA, big moves expected soon!",116.84545196412247
2023-03-10,AMZN,Market sentiment towards AMZN looks bullish these days.,91.27015849190768
2023-03-14,AMZN,Market sentiment towards AMZN looks excited these days.,105.88256082750448
2023-02-24,MSFT,"I'm bullish on MSFT, price action has been interesting.",254.97225513830807
2023-01-11,MSFT,Analysts believe MSFT could fall after recent news.,256.36604823097264
2023-03-27,AMZN,Market sentiment towards AMZN looks bullish these days.,89.01952805283034
2023-01-11,TSLA,The way TSLA has been performing makes me feel bullish.,106.13694076891493
2023-02-16,AMZN,Market sentiment towards AMZN looks bullish these days.,102.99140554903606
2023-03-24,TSLA,"I'm worried on TSLA, price action has been interesting.",117.73577041637893
2023-03-21,AMZN,"AMZN outlook is neutral, according to many investors.",94.57938143046862
2023-03-06,AMZN,Analysts believe AMZN could breakout after recent news.,86.26617635749504
2023-01-31,MSFT,Analysts believe MSFT could dip after recent news.,254.3746539509492
2023-02-24,GOOGL,"Lots of chatter on GOOGL today, could this mean breakout?",86.29183002409107
2023-03-03,AMZN,Market sentiment towards AMZN looks bullish these days.,87.31005948872884
2023-03-17,GOOGL,"Investors are talking a lot about GOOGL, big moves expected soon!",87.71777194950126
2023-03-13,AMZN,"AMZN outlook is bearish, according to many investors.",89.65641888629835
2023-01-06,MSFT,Market sentiment towards MSFT looks worried these days.,254.3746539509492
2023-01-18,AMZN,"Investors are talking a lot about AMZN, big moves expected soon!",104.77329839040188
2023-02-08,GOOGL,"GOOGL stock is drawing attention, traders are worried.",98.14613905684384
2023-03-28,GOOGL,"I'm neutral on GOOGL, price action has been interesting.",88.96571465313265
2023-02-02,GOOGL,The way GOOGL has been performing makes me feel worried.,86.49507571519749
2023-01-10,TSLA,"Investors are talking a lot about TSLA, big moves expected soon!",116.2845051448232
2023-02-22,MSFT,The way MSFT has been performing makes me feel bullish.,251.54188046292808
2023-02-21,TSLA,"I'm bearish on TSLA, price action has been interesting.",112.3638206700515
2023-02-28,AAPL,Analysts believe AAPL could rise after recent news.,123.14805754232684
2023-01-06,AAPL,"Investors are talking a lot about AAPL, big moves expected soon!",109.09848629545628
2023-03-30,MSFT,"Lots of chatter on MSFT today, could this mean fall?",254.5032139891401
2023-03-10,GOOGL,"I'm bullish on GOOGL, price action has been interesting.",88.77606573440579
2023-01-20,GOOGL,"Lots of chatter on GOOGL today, could this mean fall?",89.75989832306075
2023-03-15,GOOGL,"GOOGL outlook is bullish, according to many investors.",89.75989832306075
2023-02-03,TSLA,"TSLA outlook is neutral, according to many investors.",113.63097750248954
2023-01-12,AMZN,"Lots of chatter on AMZN today, could this mean rise?",97.46193032884544
2023-02-22,AAPL,Market sentiment towards AAPL looks bullish these days.,137.58685188434174
2023-01-31,AAPL,"AAPL outlook is excited, according to many investors.",113.49521869298056
2023-03-09,AAPL,Analysts believe AAPL could dip after recent news.,107.131740051138
2023-01-20,MSFT,"Investors are talking a lot about MSFT, big moves expected soon!",239.42678753583849
2023-03-31,GOOGL,Analysts believe GOOGL could breakout after recent news.,89.49577838191351
2023-03-16,MSFT,"I'm bullish on MSFT, price action has been interesting.",240.4963585681164
2023-02-10,AMZN,Market sentiment towards AMZN looks neutral these days.,89.29757967336829
2023-01-27,TSLA,"TSLA stock is drawing attention, traders are worried.",112.71248005714163
2023-02-15,AMZN,Market sentiment towards AMZN looks excited these days.,89.65641888629835
2023-01-10,MSFT,"MSFT stock is drawing attention, traders are bearish.",247.8969090457618
2023-01-11,TSLA,"I'm bearish on TSLA, price action has been interesting.",116.07381954596286
2023-02-08,AMZN,"AMZN outlook is bullish, according to many investors.",93.1969107503963
2023-03-03,AMZN,"Lots of chatter on AMZN today, could this mean breakout?",99.15285597194504
2023-01-16,TSLA,"Lots of chatter on TSLA today, could this mean stabilize?",117.73577041637893
2023-02-13,TSLA,"Investors are talking a lot about TSLA, big moves expected soon!",115.2987976598603
2023-01-17,TSLA,"TSLA stock is drawing attention, traders are bearish.",107.34009767559544
2023-03-13,AAPL,"AAPL stock is drawing attention, traders are worried.",137.8761021468032
2023-03-02,AAPL,"AAPL outlook is neutral, according to many investors.",119.74445509167056
2023-03-10,TSLA,"Investors are talking a lot about TSLA, big moves expected soon!",117.44346666505422
2023-01-24,AMZN,The way AMZN has been performing makes me feel neutral.,96.81313331095652
2023-02-17,GOOGL,"GOOGL stock is drawing attention, traders are worried.",86.29183002409107
2023-01-02,TSLA,Analysts believe TSLA could fall after recent news.,112.09895647004323
2023-02-09,TSLA,"I'm worried on TSLA, price action has been interesting.",115.24796470827592
2023-03-13,MSFT,"MSFT outlook is bullish, according to many investors.",252.826821580197
2023-03-30,GOOGL,"GOOGL stock is drawing attention, traders are neutral.",86.67560634834425
2023-01-05,MSFT,"Lots of chatter on MSFT today, could this mean fall?",251.427817526324
2023-02-08,MSFT,"MSFT outlook is bullish, according to many investors.",257.8609798488129
2023-01-23,GOOGL,"Lots of chatter on GOOGL today, could this mean stabilize?",91.54455366458208
2023-03-29,AMZN,The way AMZN has been performing makes me feel worried.,89.02016276311137
2023-03-15,MSFT,"MSFT outlook is excited, according to many investors.",251.91478909246692
2023-01-24,MSFT,"MSFT stock is drawing attention, traders are neutral.",253.22305341902452
2023-02-24,AAPL,Analysts believe AAPL could rise after recent news.,125.97266494499742
2023-01-18,TSLA,"TSLA stock is drawing attention, traders are excited.",114.37058262128392
2023-03-14,GOOGL,"I'm bullish on GOOGL, price action has been interesting.",94.4673967412954
2023-03-22,MSFT,Analysts believe MSFT could breakout after recent news.,253.93499282328747
2023-02-21,AMZN,Market sentiment towards AMZN looks bearish these days.,87.31005948872884
2023-03-27,AAPL,The way AAPL has been performing makes me feel bullish.,112.50905292656483
2023-02-16,AAPL,"Investors are talking a lot about AAPL, big moves expected soon!",125.62780247919687
2023-01-24,AMZN,"AMZN outlook is bullish, according to many investors.",89.09791095488092
2023-01-27,AAPL,The way AAPL has been performing makes me feel bearish.,130.99342830602245
2023-03-23,TSLA,"Investors are talking a lot about TSLA, big moves expected soon!",115.24796470827592
2023-02-15,AAPL,"Lots of chatter on AAPL today, could this mean fall?",112.1153304548266
2023-01-24,AMZN,"Investors are talking a lot about AMZN, big moves expected soon!",98.80649412024268
2023-03-21,AMZN,"Lots of chatter on AMZN today, could this mean rise?",91.27015849190768
2023-01-02,GOOGL,"I'm excited on GOOGL, price action has been interesting.",94.90275914774982
2023-01-18,AMZN,"Investors are talking a lot about AMZN, big moves expected soon!",96.7871295272007
2023-02-07,MSFT,"MSFT stock is drawing attention, traders are worried.",241.70844629714003
2023-03-23,TSLA,"Investors are talking a lot about TSLA, big moves expected soon!",115.15479892754824
2023-01-09,MSFT,"MSFT outlook is excited, according to many investors.",255.79604932771065
2023-02-01,GOOGL,"GOOGL stock is drawing attention, traders are worried.",91.54455366458208
2023-01-13,GOOGL,The way GOOGL has been performing makes me feel bearish.,89.93258335656962
2023-03-13,GOOGL,The way GOOGL has been performing makes me feel bearish.,91.45167777496049
2023-01-26,AMZN,Market sentiment towards AMZN looks excited these days.,99.15285597194504
2023-03-13,MSFT,"Investors are talking a lot about MSFT, big moves expected soon!",255.79604932771065
2023-02-28,GOOGL,"GOOGL outlook is bullish, according to many investors.",94.90275914774982
2023-03-21,MSFT,"MSFT stock is drawing attention, traders are bullish.",254.99352785022364
2023-02-22,AMZN,The way AMZN has been performing makes me feel bearish.,101.29797167766668
2023-03-28,AAPL,"AAPL stock is drawing attention, traders are neutral.",113.49521869298056
2023-01-10,MSFT,"Lots of chatter on MSFT today, could this mean stabilize?",240.67835092452796
2023-03-10,TSLA,Market sentiment towards TSLA looks bullish these days.,112.484954655671
2023-03-14,TSLA,"TSLA outlook is neutral, according to many investors.",117.8074224945988
2023-02-06,AAPL,"AAPL stock is drawing attention, traders are bullish.",112.50905292656483
2023-02-06,MSFT,"MSFT outlook is neutral, according to many investors.",241.1440931999608
2023-01-26,GOOGL,"GOOGL outlook is bullish, according to many investors.",103.9596736554112
2023-01-12,AMZN,"AMZN stock is drawing attention, traders are excited.",92.91152312861108
2023-03-27,GOOGL,Market sentiment towards GOOGL looks bearish these days.,86.49507571519749
2023-01-27,TSLA,The way TSLA has been performing makes me feel bullish.,114.37058262128392
2023-03-10,AMZN,"Lots of chatter on AMZN today, could this mean stabilize?",93.1969107503963
2023-01-31,MSFT,Analysts believe MSFT could dip after recent news.,241.1440931999608
2023-01-18,GOOGL,"GOOGL stock is drawing attention, traders are bullish.",89.21135449552935
2023-01-17,MSFT,Analysts believe MSFT could dip after recent news.,251.54188046292808
2023-01-13,AAPL,"Lots of chatter on AAPL today, could this mean breakout?",107.89910165451091
2023-03-31,AMZN,The way AMZN has been performing makes me feel bullish.,89.09791095488092
2023-02-10,GOOGL,"GOOGL stock is drawing attention, traders are worried.",92.6802413334508
2023-01-11,TSLA,"I'm worried on TSLA, price action has been interesting.",108.4269243404117
2023-01-30,TSLA,The way TSLA has been performing makes me feel bearish.,111.25909926874225
2023-01-31,AAPL,"Investors are talking a lot about AAPL, big moves expected soon!",120.49585112836192
2023-01-25,AAPL,Analysts believe AAPL could rise after recent news.,127.1602184308493
2023-03-08,GOOGL,"I'm bearish on GOOGL, price action has been interesting.",88.99064207912718
2023-03-02,AAPL,"Lots of chatter on AAPL today, could this mean rise?",129.1858806715181
2023-01-12,TSLA,"TSLA outlook is neutral, according to many investors.",115.62556751982744
2023-03-16,TSLA,The way TSLA has been performing makes me feel neutral.,109.26821498594242
2023-02-06,AMZN,"Lots of chatter on AMZN today, could this mean dip?",88.90708958366359
2023-02-06,TSLA,The way TSLA has been performing makes me feel excited.,112.56845981398098
2023-02-16,AAPL,"AAPL outlook is bearish, according to many investors.",114.77170255262348
2023-01-11,MSFT,"MSFT outlook is bullish, according to many investors.",252.2763125126309
2023-01-13,MSFT,Market sentiment towards MSFT looks bullish these days.,250.9171170147616
2023-03-08,AAPL,The way AAPL has been performing makes me feel neutral.,118.2733156103735
2023-03-17,GOOGL,"GOOGL stock is drawing attention, traders are neutral.",98.02708834472024
2023-03-16,GOOGL,Market sentiment towards GOOGL looks worried these days.,92.71093545880773
2023-02-24,GOOGL,"GOOGL stock is drawing attention, traders are bullish.",88.77606573440579
2023-01-20,AAPL,Market sentiment towards AAPL looks bullish these days.,110.97868978511146
2023-01-25,AAPL,Analysts believe AAPL could fall after recent news.,119.29457374852431
2023-02-01,MSFT,"MSFT outlook is bearish, according to many investors.",252.2763125126309
2023-03-28,AMZN,"AMZN outlook is excited, according to many investors.",95.6829014695944
2023-03-06,TSLA,Market sentiment towards TSLA looks excited these days.,108.4269243404117
2023-02-23,AAPL,"AAPL outlook is neutral, according to many investors.",118.2733156103735
2023-01-20,AMZN,"AMZN stock is drawing attention, traders are neutral.",96.81313331095652
2023-03-15,GOOGL,"Lots of chatter on GOOGL today, could this mean fall?",86.01952659374552
2023-03-30,MSFT,"Investors are talking a lot about MSFT, big moves expected soon!",239.42678753583849
2023-03-29,AMZN,"AMZN stock is drawing attention, traders are excited.",103.97248096656855
2023-01-23,MSFT,"MSFT stock is drawing attention, traders are bullish.",251.91478909246692
2023-01-18,AAPL,The way AAPL has been performing makes me feel bearish.,112.50905292656483
2023-03-07,AMZN,"Investors are talking a lot about AMZN, big moves expected soon!",91.38099100541976
2023-01-12,MSFT,"MSFT outlook is bearish, according to many investors.",251.91478909246692
2023-03-29,AMZN,The way AMZN has been performing makes me feel excited.,92.1193968628654
2023-02-16,TSLA,"TSLA outlook is bullish, according to many investors.",112.03579327914883
2023-02-09,MSFT,Analysts believe MSFT could rise after recent news.,255.79604932771065
2023-02-21,TSLA,"Lots of chatter on TSLA today, could this mean fall?",120.86505772800692
2023-03-01,AAPL,"Lots of chatter on AAPL today, could this mean breakout?",126.07935508016996
2023-03-30,MSFT,"Investors are talking a lot about MSFT, big moves expected soon!",251.427817526324
2023-02-02,AAPL,"AAPL stock is drawing attention, traders are worried.",138.8150509186731
2023-02-16,AMZN,"AMZN stock is drawing attention, traders are bearish.",101.29797167766668
2023-03-08,AMZN,"Investors are talking a lot about AMZN, big moves expected soon!",94.05128089966354
2023-01-17,MSFT,"MSFT stock is drawing attention, traders are bearish.",256.3875940695456
2023-02-01,AAPL,Market sentiment towards AAPL looks worried these days.,110.48308955585064
2023-01-18,TSLA,"I'm worried on TSLA, price action has been interesting.",112.61449191231668
2023-03-03,MSFT,The way MSFT has been performing makes me feel bearish.,250.0364394129566
2023-03-31,AMZN,"Lots of chatter on AMZN today, could this mean breakout?",88.20236890604593
2023-03-07,AAPL,Analysts believe AAPL could dip after recent news.,137.1029273412097
2023-03-22,AMZN,"Lots of chatter on AMZN today, could this mean stabilize?",94.05128089966354
2023-01-06,TSLA,"TSLA outlook is excited, according to many investors.",112.56813073679352
2023-01-06,GOOGL,"Lots of chatter on GOOGL today, could this mean stabilize?",87.71777194950126
2023-03-24,AMZN,"Investors are talking a lot about AMZN, big moves expected soon!",104.63122613197449
2023-01-30,AAPL,Analysts believe AAPL could breakout after recent news.,134.1217558293525
2023-02-02,AMZN,The way AMZN has been performing makes me feel bearish.,91.53580168052092
2023-01-25,TSLA,"Investors are talking a lot about TSLA, big moves expected soon!",116.43656434179384
2023-01-30,GOOGL,"Lots of chatter on GOOGL today, could this mean fall?",92.60610790975478
2023-03-16,GOOGL,"Investors are talking a lot about GOOGL, big moves expected soon!",103.47505135285812
2023-01-13,AMZN,The way AMZN has been performing makes me feel worried.,93.1969107503963
2023-02-02,MSFT,Analysts believe MSFT could rise after recent news.,240.7706347594577
2023-03-24,AAPL,Market sentiment towards AAPL looks bearish these days.,122.04644224651518
2023-03-21,AAPL,"Investors are talking a lot about AAPL, big moves expected soon!",117.50777302447896
2023-02-01,AAPL,Market sentiment towards AAPL looks neutral these days.,113.49521869298056
2023-01-31,AAPL,"AAPL outlook is neutral, according to many investors.",120.49585112836192
2023-02-16,AAPL,Analysts believe AAPL could stabilize after recent news.,138.8150509186731
2023-02-08,AAPL,"Lots of chatter on AAPL today, could this mean fall?",108.10077741317558
2023-02-23,AMZN,"AMZN outlook is excited, according to many investors.",103.97248096656855
2023-02-28,MSFT,"Lots of chatter on MSFT today, could this mean breakout?",250.59121616293012
2023-02-01,AMZN,Market sentiment towards AMZN looks excited these days.,97.46193032884544
2023-01-03,AMZN,"Lots of chatter on AMZN today, could this mean dip?",98.96940265756044
2023-02-02,MSFT,"MSFT outlook is bearish, according to many investors.",256.037607609795
2023-01-24,AMZN,"AMZN stock is drawing attention, traders are worried.",89.02016276311137
2023-03-31,AAPL,Market sentiment towards AAPL looks worried these days.,107.452609474386
2023-03-24,GOOGL,"Investors are talking a lot about GOOGL, big moves expected soon!",86.89961556713949
2023-03-10,GOOGL,"GOOGL stock is drawing attention, traders are worried.",89.49577838191351
2023-01-17,TSLA,"I'm bearish on TSLA, price action has been interesting.",112.09895647004323
2023-03-07,AMZN,The way AMZN has been performing makes me feel worried.,91.53580168052092
2023-03-31,AMZN,"Investors are talking a lot about AMZN, big moves expected soon!",92.1193968628654
2023-02-07,GOOGL,"Lots of chatter on GOOGL today, could this mean fall?",103.98747284720118
2023-03-08,TSLA,"I'm neutral on TSLA, price action has been interesting.",114.45826765072462
2023-03-28,AAPL,"I'm excited on AAPL, price action has been interesting.",110.48308955585064
2023-03-02,AAPL,The way AAPL has been performing makes me feel worried.,125.62780247919687
2023-01-26,GOOGL,Analysts believe GOOGL could dip after recent news.,86.67560634834425
2023-03-23,GOOGL,"Investors are talking a lot about GOOGL, big moves expected soon!",87.56346828310043
2023-01-11,TSLA,"Lots of chatter on TSLA today, could this mean fall?",117.73577041637893
2023-03-17,AMZN,"AMZN outlook is neutral, according to many investors.",92.14327842542612
2023-03-07,TSLA,The way TSLA has been performing makes me feel excited.,117.73577041637893
2023-01-03,MSFT,"I'm worried on MSFT, price action has been interesting.",257.4091621014592
2023-02-23,GOOGL,"I'm neutral on GOOGL, price action has been interesting.",103.47505135285812
2023-03-03,MSFT,"Investors are talking a lot about MSFT, big moves expected soon!",256.3875940695456
2023-02-14,GOOGL,Analysts believe GOOGL could dip after recent news.,86.79749893370014
2023-03-31,GOOGL,"Investors are talking a lot about GOOGL, big moves expected soon!",86.29183002409107
2023-02-22,TSLA,"Investors are talking a lot about TSLA, big moves expected soon!",113.32871705534018
2023-01-16,AMZN,Market sentiment towards AMZN looks bullish these days.,89.52899291686128
2023-01-13,AMZN,The way AMZN has been performing makes me feel bullish.,91.89867313786772
2023-03-23,AAPL,"AAPL stock is drawing attention, traders are worried.",112.50905292656483
2023-03-17,TSLA,"TSLA outlook is bullish, according to many investors.",107.2196372557134
2023-01-27,MSFT,The way MSFT has been performing makes me feel bullish.,254.32432759160727
2023-01-24,AMZN,"AMZN stock is drawing attention, traders are neutral.",99.46017888956618
2023-01-06,AMZN,"AMZN stock is drawing attention, traders are bearish.",94.05128089966354
2023-03-24,AAPL,"Investors are talking a lot about AAPL, big moves expected soon!",114.3287226489356
2023-02-01,GOOGL,Analysts believe GOOGL could fall after recent news.,86.39351060045915
2023-03-06,AMZN,"I'm bearish on AMZN, price action has been interesting.",104.77329839040188
2023-03-14,GOOGL,"Investors are talking a lot about GOOGL, big moves expected soon!",86.2810077483177
2023-01-13,GOOGL,Analysts believe GOOGL could rise after recent news.,94.21294969027754
2023-03-06,AAPL,Analysts believe AAPL could breakout after recent news.,125.62780247919687
2023-02-08,AAPL,The way AAPL has been performing makes me feel neutral.,110.5381747122457
2023-03-01,GOOGL,The way GOOGL has been performing makes me feel bullish.,91.45167777496049
2023-02-06,TSLA,The way TSLA has been performing makes me feel bearish.,107.27266500661185
2023-03-17,MSFT,"MSFT outlook is excited, according to many investors.",250.0364394129566
2023-03-08,TSLA,"TSLA outlook is excited, according to many investors.",117.2064150051684
2023-02-09,AMZN,"Lots of chatter on AMZN today, could this mean dip?",102.0264607185497
2023-02-07,GOOGL,"GOOGL stock is drawing attention, traders are bullish.",88.79797393518416
2023-01-25,TSLA,"I'm neutral on TSLA, price action has been interesting.",116.84545196412247
2023-03-24,AAPL,The way AAPL has been performing makes me feel neutral.,110.111771602523
2023-01-30,GOOGL,"I'm neutral on GOOGL, price action has been interesting.",102.55376002955576
2023-02-02,TSLA,"TSLA outlook is excited, according to many investors.",110.07817504102144
2023-01-04,AMZN,"Lots of chatter on AMZN today, could this mean fall?",91.38099100541976
2023-03-28,AMZN,"Lots of chatter on AMZN today, could this mean rise?",98.80649412024268
2023-01-03,AAPL,Analysts believe AAPL could breakout after recent news.,125.62780247919687
2023-02-28,AAPL,"AAPL stock is drawing attention, traders are excited.",113.98598608655568
2023-02-16,AMZN,Analysts believe AMZN could stabilize after recent news.,99.15698660075932
2023-02-28,AAPL,"Investors are talking a lot about AAPL, big moves expected soon!",121.18533494402097
2023-01-27,AAPL,Analysts believe AAPL could breakout after recent news.,138.0343868483502
2023-03-03,MSFT,"Lots of chatter on MSFT today, could this mean dip?",253.93499282328747
2023-02-28,MSFT,"I'm neutral on MSFT, price action has been interesting.",252.19675275701448
2023-03-07,GOOGL,"GOOGL outlook is worried, according to many investors.",88.77606573440579
2023-01-06,MSFT,"MSFT stock is drawing attention, traders are neutral.",250.81557924919667
2023-03-09,GOOGL,"GOOGL outlook is bearish, according to many investors.",86.2810077483177
2023-02-21,MSFT,"I'm worried on MSFT, price action has been interesting.",250.1534581332311
2023-02-16,TSLA,Analysts believe TSLA could rise after recent news.,114.37058262128392
2023-01-25,MSFT,The way MSFT has been performing makes me feel excited.,254.0987411020601
2023-01-26,GOOGL,Analysts believe GOOGL could rise after recent news.,107.65982590422904
2023-02-24,MSFT,Market sentiment towards MSFT looks bullish these days.,252.34772443328157
2023-01-24,GOOGL,"Investors are talking a lot about GOOGL, big moves expected soon!",98.31578314324582
2023-03-24,MSFT,"Lots of chatter on MSFT today, could this mean stabilize?",256.037607609795
2023-02-28,AAPL,"I'm neutral on AAPL, price action has been interesting.",112.50905292656483
2023-03-31,MSFT,"MSFT stock is drawing attention, traders are bearish.",237.8564216608738
2023-03-15,MSFT,Analysts believe MSFT could breakout after recent news.,250.0364394129566
2023-01-10,GOOGL,"Investors are talking a lot about GOOGL, big moves expected soon!",91.42717056681614
2023-01-06,TSLA,The way TSLA has been performing makes me feel worried.,112.5579038235086
2023-02-02,MSFT,"MSFT stock is drawing attention, traders are bullish.",239.3103700989465
2023-02-08,AMZN,Market sentiment towards AMZN looks worried these days.,92.1193968628654
2023-03-28,AMZN,Market sentiment towards AMZN looks worried these days.,92.03902588070363
2023-01-24,AAPL,"Lots of chatter on AAPL today, could this mean fall?",108.10077741317558
2023-01-27,TSLA,"I'm bullish on TSLA, price action has been interesting.",113.86768673542504
2023-01-04,AAPL,"Investors are talking a lot about AAPL, big moves expected soon!",121.18533494402097
2023-02-21,GOOGL,"Lots of chatter on GOOGL today, could this mean rise?",89.16355432644994
2023-01-20,AAPL,Analysts believe AAPL could stabilize after recent news.,132.0122767798815
2023-03-13,AMZN,"Lots of chatter on AMZN today, could this mean breakout?",91.38099100541976
2023-03-08,MSFT,"MSFT stock is drawing attention, traders are neutral.",255.79604932771065
2023-01-11,AMZN,"Lots of chatter on AMZN today, could this mean breakout?",86.26617635749504
2023-01-18,AAPL,Market sentiment towards AAPL looks bearish these days.,138.8150509186731
2023-03-08,AMZN,The way AMZN has been performing makes me feel excited.,98.96940265756044
2023-01-04,MSFT,"Investors are talking a lot about MSFT, big moves expected soon!",253.22305341902452
2023-03-31,AAPL,"Investors are talking a lot about AAPL, big moves expected soon!",119.74445509167056
2023-02-13,AAPL,"I'm excited on AAPL, price action has been interesting.",117.50777302447896
2023-02-06,MSFT,"Lots of chatter on MSFT today, could this mean rise?",250.9171170147616
2023-03-20,TSLA,Market sentiment towards TSLA looks worried these days.,116.43656434179384
2023-02-16,TSLA,The way TSLA has been performing makes me feel excited.,114.05624946250992
2023-01-12,TSLA,"I'm bullish on TSLA, price action has been interesting.",112.56813073679352
2023-03-28,AMZN,Market sentiment towards AMZN looks bullish these days.,99.72020146527116
2023-01-18,MSFT,Analysts believe MSFT could rise after recent news.,251.55173693368533
2023-02-27,GOOGL,"Investors are talking a lot about GOOGL, big moves expected soon!",89.64912995730377
2023-01-02,MSFT,"Investors are talking a lot about MSFT, big moves expected soon!",251.4915430306843
2023-03-07,AAPL,Market sentiment towards AAPL looks neutral these days.,108.1772087535367
2023-01-05,TSLA,"TSLA stock is drawing attention, traders are worried.",105.8143693455829
2023-03-29,GOOGL,"I'm worried on GOOGL, price action has been interesting.",86.89961556713949
2023-03-14,TSLA,"Investors are talking a lot about TSLA, big moves expected soon!",110.74399848729672
2023-01-13,TSLA,Market sentiment towards TSLA looks excited these days.,111.44355272501969
2023-02-08,GOOGL,The way GOOGL has been performing makes me feel bearish.,86.39351060045915
2023-01-09,MSFT,Market sentiment towards MSFT looks bullish these days.,251.4915430306843
2023-02-07,GOOGL,The way GOOGL has been performing makes me feel neutral.,89.75989832306075
2023-01-17,TSLA,"Investors are talking a lot about TSLA, big moves expected soon!",111.44355272501969
2023-03-28,TSLA,"TSLA stock is drawing attention, traders are bullish.",105.8143693455829
2023-03-14,MSFT,"I'm excited on MSFT, price action has been interesting.",250.0364394129566
2023-03-08,MSFT,"MSFT stock is drawing attention, traders are neutral.",255.3793571324257
2023-03-06,AMZN,"I'm neutral on AMZN, price action has been interesting.",100.86978418940626
2023-01-20,AMZN,Analysts believe AMZN could fall after recent news.,99.19088779879525
2023-02-20,MSFT,"Lots of chatter on MSFT today, could this mean breakout?",256.3875940695456
2023-01-19,AAPL,Analysts believe AAPL could breakout after recent news.,110.111771602523
2023-01-04,AAPL,"I'm neutral on AAPL, price action has been interesting.",111.12468071263706
2023-01-26,MSFT,The way MSFT has been performing makes me feel excited.,240.7706347594577
2023-03-16,AAPL,"I'm worried on AAPL, price action has been interesting.",112.1153304548266
2023-01-13,MSFT,The way MSFT has been performing makes me feel bullish.,254.8222399169049
2023-02-15,MSFT,"Lots of chatter on MSFT today, could this mean stabilize?",250.1534581332311
2023-01-18,AAPL,Analysts believe AAPL could dip after recent news.,114.09742608415914
2023-03-13,AAPL,"AAPL stock is drawing attention, traders are bullish.",110.48308955585064
2023-02-14,GOOGL,"I'm bearish on GOOGL, price action has been interesting.",103.47505135285812
2023-02-02,AAPL,Market sentiment towards AAPL looks bullish these days.,121.18533494402097
2023-02-17,GOOGL,"GOOGL outlook is excited, according to many investors.",89.64912995730377
2023-02-24,GOOGL,Market sentiment towards GOOGL looks worried these days.,88.08394296325406
2023-03-16,GOOGL,Analysts believe GOOGL could fall after recent news.,89.93258335656962
2023-03-02,MSFT,"MSFT outlook is worried, according to many investors.",239.65077902270352
2023-03-28,MSFT,The way MSFT has been performing makes me feel excited.,254.8222399169049
2023-02-15,MSFT,"MSFT stock is drawing attention, traders are bullish.",239.0029198870554
2023-03-20,TSLA,"TSLA outlook is excited, according to many investors.",107.27266500661185
2023-02-20,AAPL,"Investors are talking a lot about AAPL, big moves expected soon!",111.4414380315412
2023-03-16,GOOGL,"Investors are talking a lot about GOOGL, big moves expected soon!",102.59576771282129
2023-01-26,AMZN,"I'm bullish on AMZN, price action has been interesting.",91.38099100541976
2023-03-01,GOOGL,Market sentiment towards GOOGL looks worried these days.,107.65982590422904
2023-01-17,MSFT,"I'm bullish on MSFT, price action has been interesting.",240.4963585681164
2023-01-16,AMZN,"AMZN stock is drawing attention, traders are bullish.",93.1969107503963
2023-01-17,TSLA,"TSLA outlook is worried, according to many investors.",112.26658190056602
2023-02-27,GOOGL,"GOOGL stock is drawing attention, traders are bullish.",90.88980558179196
2023-02-03,MSFT,The way MSFT has been performing makes me feel excited.,243.2516973040306
2023-01-04,TSLA,Market sentiment towards TSLA looks worried these days.,117.02897351719348
2023-01-04,MSFT,"I'm worried on MSFT, price action has been interesting.",250.7110413556572
2023-02-08,AAPL,Analysts believe AAPL could stabilize after recent news.,111.12468071263706
2023-02-01,AAPL,"Lots of chatter on AAPL today, could this mean fall?",118.71118624893776
2023-03-08,TSLA,"I'm bearish on TSLA, price action has been interesting.",105.8143693455829
2023-02-28,AMZN,"I'm bullish on AMZN, price action has been interesting.",91.53580168052092
2023-02-24,TSLA,"Investors are talking a lot about TSLA, big moves expected soon!",112.62746341532046
2023-01-09,AAPL,"Lots of chatter on AAPL today, could this mean dip?",119.29457374852431
2023-01-27,MSFT,Analysts believe MSFT could fall after recent news.,250.1534581332311
2023-01-16,MSFT,Analysts believe MSFT could dip after recent news.,238.6207084882862
2023-02-07,GOOGL,"Investors are talking a lot about GOOGL, big moves expected soon!",103.92117866845123
2023-01-30,MSFT,"I'm bullish on MSFT, price action has been interesting.",243.2516973040306
2023-01-18,MSFT,"I'm worried on MSFT, price action has been interesting.",251.91478909246692
2023-02-17,GOOGL,Analysts believe GOOGL could stabilize after recent news.,92.60610790975478
2023-03-07,TSLA,"TSLA outlook is neutral, according to many investors.",117.2064150051684
2023-02-08,AAPL,Market sentiment towards AAPL looks neutral these days.,123.14805754232684
2023-01-30,TSLA,The way TSLA has been performing makes me feel worried.,110.07817504102144
2023-01-25,TSLA,"Lots of chatter on TSLA today, could this mean stabilize?",115.15479892754824
2023-02-13,GOOGL,"Investors are talking a lot about GOOGL, big moves expected soon!",91.45167777496049
2023-03-24,GOOGL,The way GOOGL has been performing makes me feel worried.,103.47505135285812
2023-02-21,AAPL,"Lots of chatter on AAPL today, could this mean breakout?",117.50777302447896
2023-01-30,TSLA,"I'm bullish on TSLA, price action has been interesting.",114.45826765072462
2023-01-19,AAPL,"Investors are talking a lot about AAPL, big moves expected soon!",110.111771602523
2023-03-24,TSLA,Market sentiment towards TSLA looks excited these days.,115.81012322074378
2023-02-01,TSLA,"Lots of chatter on TSLA today, could this mean breakout?",115.11576987004398
2023-02-09,AAPL,"AAPL stock is drawing attention, traders are bearish.",127.78871309603984
2023-03-07,TSLA,Analysts believe TSLA could rise after recent news.,113.32871705534018
2023-02-10,GOOGL,"Investors are talking a lot about GOOGL, big moves expected soon!",87.41215474466284
2023-02-22,TSLA,"Investors are talking a lot about TSLA, big moves expected soon!",114.73134936166689
2023-02-07,GOOGL,The way GOOGL has been performing makes me feel neutral.,86.29183002409107
2023-01-20,AMZN,Market sentiment towards AMZN looks excited these days.,92.1193968628654
2023-03-23,GOOGL,"I'm bullish on GOOGL, price action has been interesting.",91.45167777496049
2023-01-04,TSLA,"Investors are talking a lot about TSLA, big moves expected soon!",117.21422940849848
2023-01-13,MSFT,The way MSFT has been performing makes me feel worried.,251.427817526324
2023-01-24,AAPL,Market sentiment towards AAPL looks worried these days.,120.49585112836192
2023-01-16,MSFT,"MSFT stock is drawing attention, traders are bullish.",251.55173693368533
2023-03-08,TSLA,Market sentiment towards TSLA looks bearish these days.,107.27266500661185
2023-01-06,MSFT,"MSFT outlook is bullish, according to many investors.",249.41390927844947
2023-03-30,AAPL,The way AAPL has been performing makes me feel neutral.,137.2801814603673
2023-01-19,AAPL,"AAPL outlook is bullish, according to many investors.",137.1029273412097
2023-03-10,AMZN,The way AMZN has been performing makes me feel worried.,89.65641888629835
2023-02-06,MSFT,"Investors are talking a lot about MSFT, big moves expected soon!",254.9057199189457
2023-01-10,GOOGL,Market sentiment towards GOOGL looks bullish these days.,91.42717056681614
2023-01-23,TSLA,Market sentiment towards TSLA looks bullish these days.,114.05624946250992
2023-03-17,GOOGL,The way GOOGL has been performing makes me feel bearish.,88.77606573440579
2023-03-20,AAPL,"AAPL stock is drawing attention, traders are bullish.",118.69104280038302
2023-01-05,GOOGL,The way GOOGL has been performing makes me feel bearish.,99.9428024152471
2023-03-08,GOOGL,"I'm bullish on GOOGL, price action has been interesting.",103.3391401422243
2023-01-24,AMZN,Market sentiment towards AMZN looks excited these days.,92.91152312861108
2023-02-20,TSLA,Analysts believe TSLA could stabilize after recent news.,114.37058262128392
2023-02-22,TSLA,Analysts believe TSLA could breakout after recent news.,112.03579327914883
2023-03-28,AAPL,Market sentiment towards AAPL looks excited these days.,119.06991308610915
2023-03-08,AMZN,"Investors are talking a lot about AMZN, big moves expected soon!",89.09791095488092
2023-01-13,MSFT,"MSFT stock is drawing attention, traders are excited.",250.7110413556572
2023-02-20,TSLA,"TSLA stock is drawing attention, traders are excited.",112.71248005714163
2023-02-09,MSFT,"MSFT stock is drawing attention, traders are worried.",252.2960828325226
2023-01-05,GOOGL,"Lots of chatter on GOOGL today, could this mean dip?",86.49507571519749
2023-03-02,AMZN,"AMZN outlook is neutral, according to many investors.",99.72020146527116
2023-03-20,AAPL,"AAPL stock is drawing attention, traders are excited.",114.3287226489356
2023-02-28,AMZN,The way AMZN has been performing makes me feel excited.,99.15698660075932
2023-01-18,AAPL,The way AAPL has been performing makes me feel excited.,113.49521869298056
2023-03-06,AMZN,"Lots of chatter on AMZN today, could this mean breakout?",104.63122613197449
2023-02-15,AAPL,"Lots of chatter on AAPL today, could this mean rise?",126.07935508016996
2023-01-30,GOOGL,The way GOOGL has been performing makes me feel bearish.,86.93710310368019
2023-03-21,MSFT,"MSFT stock is drawing attention, traders are neutral.",251.33964010816825
2023-03-08,MSFT,The way MSFT has been performing makes me feel excited.,250.5556902998358
2023-02-15,TSLA,"Investors are talking a lot about TSLA, big moves expected soon!",117.26937252857788
2023-02-20,MSFT,Market sentiment towards MSFT looks excited these days.,250.822460604913
2023-02-15,MSFT,"Investors are talking a lot about MSFT, big moves expected soon!",240.4963585681164
2023-02-13,TSLA,Market sentiment towards TSLA looks bearish these days.,105.8143693455829
2023-01-30,TSLA,The way TSLA has been performing makes me feel worried.,115.24796470827592
2023-02-07,AAPL,"AAPL stock is drawing attention, traders are excited.",109.26212047440468
2023-03-28,GOOGL,"GOOGL stock is drawing attention, traders are worried.",89.82595353728257
2023-02-06,MSFT,The way MSFT has been performing makes me feel excited.,251.427817526324
2023-01-17,MSFT,The way MSFT has been performing makes me feel neutral.,250.59121616293012
2023-01-31,GOOGL,Market sentiment towards GOOGL looks excited these days.,105.64779114122965
2023-01-24,AMZN,"Lots of chatter on AMZN today, could this mean fall?",95.66659292425828
2023-01-10,MSFT,"Investors are talking a lot about MSFT, big moves expected soon!",237.8564216608738
2023-02-21,TSLA,"TSLA outlook is excited, according to many investors.",106.62247105921196
2023-02-22,MSFT,Market sentiment towards MSFT looks neutral these days.,240.7706347594577
2023-01-16,AMZN,"I'm excited on AMZN, price action has been interesting.",96.81313331095652
2023-01-02,GOOGL,"Investors are talking a lot about GOOGL, big moves expected soon!",88.61815752840099
2023-02-03,AAPL,"Lots of chatter on AAPL today, could this mean fall?",109.26212047440468
2023-02-28,AAPL,The way AAPL has been performing makes me feel bearish.,127.78871309603984
2023-03-14,GOOGL,"Investors are talking a lot about GOOGL, big moves expected soon!",92.71093545880773
2023-02-02,GOOGL,The way GOOGL has been performing makes me feel bearish.,89.21135449552935
2023-03-15,MSFT,"MSFT stock is drawing attention, traders are neutral.",250.59121616293012
2023-03-20,AMZN,"Investors are talking a lot about AMZN, big moves expected soon!",89.81734526186513
2023-03-29,AMZN,Market sentiment towards AMZN looks bearish these days.,95.13276302912864
2023-01-11,MSFT,"MSFT stock is drawing attention, traders are bearish.",251.91478909246692
2023-03-23,AAPL,The way AAPL has been performing makes me feel neutral.,107.131740051138
2023-03-03,GOOGL,Market sentiment towards GOOGL looks excited these days.,86.29183002409107
2023-02-07,GOOGL,"Investors are talking a lot about GOOGL, big moves expected soon!",86.49507571519749
2023-03-14,AAPL,The way AAPL has been performing makes me feel neutral.,113.98598608655568
2023-01-25,GOOGL,"GOOGL stock is drawing attention, traders are excited.",86.89961556713949
2023-01-23,TSLA,Market sentiment towards TSLA looks excited these days.,117.73577041637893
2023-01-06,MSFT,"MSFT stock is drawing attention, traders are worried.",251.91478909246692
2023-01-04,MSFT,Analysts believe MSFT could breakout after recent news.,249.2035675109092
2023-01-10,TSLA,The way TSLA has been performing makes me feel bullish.,115.44975062951112
2023-03-10,AMZN,"AMZN outlook is excited, according to many investors.",103.97248096656855
2023-01-19,AMZN,Market sentiment towards AMZN looks worried these days.,92.1193968628654
2023-02-22,AAPL,"AAPL stock is drawing attention, traders are bullish.",137.8761021468032
2023-03-07,GOOGL,"Investors are talking a lot about GOOGL, big moves expected soon!",102.55376002955576
2023-02-15,AAPL,"I'm excited on AAPL, price action has been interesting.",114.77170255262348
2023-03-01,MSFT,Market sentiment towards MSFT looks bullish these days.,250.5556902998358
2023-02-09,AMZN,"Investors are talking a lot about AMZN, big moves expected soon!",101.29797167766668
2023-03-21,GOOGL,The way GOOGL has been performing makes me feel worried.,102.59576771282129
2023-01-06,MSFT,"I'm bullish on MSFT, price action has been interesting.",249.2035675109092
2023-03-24,AMZN,"AMZN outlook is bearish, according to many investors.",89.52899291686128
2023-01-03,MSFT,Market sentiment towards MSFT looks neutral these days.,257.8609798488129
2023-03-01,TSLA,Analysts believe TSLA could rise after recent news.,115.26617096790577
2023-01-05,MSFT,Market sentiment towards MSFT looks bullish these days.,251.54188046292808
2023-03-20,GOOGL,Market sentiment towards GOOGL looks worried these days.,94.4673967412954
2023-03-23,TSLA,"Lots of chatter on TSLA today, could this mean rise?",112.71248005714163
2023-01-12,TSLA,Market sentiment towards TSLA looks bearish these days.,117.73577041637893
2023-01-04,AAPL,Analysts believe AAPL could stabilize after recent news.,121.21232939349684
2023-03-08,MSFT,Market sentiment towards MSFT looks bearish these days.,247.8969090457618
2023-03-01,GOOGL,Market sentiment towards GOOGL looks worried these days.,91.54455366458208
2023-01-02,TSLA,"Lots of chatter on TSLA today, could this mean breakout?",115.26617096790577
2023-03-21,GOOGL,"Investors are talking a lot about GOOGL, big moves expected soon!",90.21111369277384
2023-03-15,TSLA,"TSLA stock is drawing attention, traders are excited.",115.11576987004398
2023-01-23,GOOGL,"I'm bullish on GOOGL, price action has been interesting.",105.64779114122965
2023-03-13,TSLA,Analysts believe TSLA could stabilize after recent news.,112.5579038235086
2023-03-17,MSFT,Analysts believe MSFT could rise after recent news.,252.19675275701448
2023-01-02,MSFT,Market sentiment towards MSFT looks bearish these days.,256.9250075615008
2023-02-08,TSLA,"TSLA stock is drawing attention, traders are bearish.",110.74399848729672
2023-03-15,AAPL,"AAPL outlook is bullish, according to many investors.",122.04644224651518
2023-03-22,AMZN,"AMZN outlook is excited, according to many investors.",102.54447997838436
2023-03-24,TSLA,"Investors are talking a lot about TSLA, big moves expected soon!",116.43656434179384
2023-03-23,TSLA,"TSLA stock is drawing attention, traders are excited.",112.03579327914883
2023-01-31,TSLA,"I'm excited on TSLA, price action has been interesting.",115.2769394274327
2023-01-11,MSFT,"MSFT outlook is worried, according to many investors.",253.14061648859337
2023-03-09,AMZN,The way AMZN has been performing makes me feel neutral.,92.14327842542612
2023-02-28,AAPL,"I'm bearish on AAPL, price action has been interesting.",105.97676885173104
2023-02-07,TSLA,"I'm worried on TSLA, price action has been interesting.",116.07381954596286
2023-02-23,TSLA,"I'm bullish on TSLA, price action has been interesting.",115.08278432873662
2023-02-03,GOOGL,The way GOOGL has been performing makes me feel excited.,105.11149271932508
2023-02-22,AMZN,The way AMZN has been performing makes me feel neutral.,99.15285597194504
2023-02-02,AAPL,"Lots of chatter on AAPL today, could this mean dip?",110.5381747122457
2023-02-02,MSFT,"I'm excited on MSFT, price action has been interesting.",253.8537717711724
2023-03-24,GOOGL,Market sentiment towards GOOGL looks bearish these days.,88.61815752840099
2023-03-10,MSFT,"Investors are talking a lot about MSFT, big moves expected soon!",250.0364394129566
2023-01-19,AAPL,"Investors are talking a lot about AAPL, big moves expected soon!",105.97676885173104
2023-03-15,AMZN,The way AMZN has been performing makes me feel excited.,94.0224726042693
2023-02-14,GOOGL,Market sentiment towards GOOGL looks bearish these days.,88.47249554433462
2023-03-08,TSLA,"TSLA outlook is bullish, according to many investors.",105.8143693455829
2023-02-23,GOOGL,"I'm bearish on GOOGL, price action has been interesting.",91.45167777496049
2023-02-24,AAPL,"AAPL stock is drawing attention, traders are worried.",117.50777302447896
2023-02-28,MSFT,"I'm bullish on MSFT, price action has been interesting.",253.93499282328747
2023-01-11,GOOGL,"GOOGL outlook is neutral, according to many investors.",99.9428024152471
2023-02-06,MSFT,"I'm bearish on MSFT, price action has been interesting.",237.14084694017723
2023-01-17,AMZN,"Lots of chatter on AMZN today, could this mean breakout?",100.05001650489336
2023-03-01,TSLA,The way TSLA has been performing makes me feel worried.,112.09895647004323
2023-03-13,AAPL,The way AAPL has been performing makes me feel bullish.,107.131740051138
2023-03-29,AAPL,The way AAPL has been performing makes me feel bullish.,110.29145320597452
2023-03-09,MSFT,The way MSFT has been performing makes me feel bearish.,239.0029198870554
2023-02-07,AMZN,"Lots of chatter on AMZN today, could this mean dip?",88.7885138526433
2023-01-12,TSLA,"TSLA stock is drawing attention, traders are worried.",117.44346666505422
2023-02-23,TSLA,"TSLA outlook is worried, according to many investors.",117.8074224945988
2023-03-31,AAPL,The way AAPL has been performing makes me feel bullish.,137.8761021468032
2023-01-10,AAPL,"AAPL outlook is excited, according to many investors.",137.8761021468032
2023-01-13,MSFT,Analysts believe MSFT could rise after recent news.,250.4815684727234
2023-03-15,TSLA,The way TSLA has been performing makes me feel excited.,117.8074224945988
2023-03-21,AMZN,"I'm bearish on AMZN, price action has been interesting.",92.0357990874798
2023-02-07,MSFT,Analysts believe MSFT could fall after recent news.,254.3746539509492
2023-03-16,AAPL,Analysts believe AAPL could rise after recent news.,138.8150509186731
2023-01-05,TSLA,The way TSLA has been performing makes me feel worried.,113.63286221620928
2023-02-01,TSLA,The way TSLA has been performing makes me feel neutral.,115.11576987004398
2023-03-08,TSLA,"Lots of chatter on TSLA today, could this mean rise?",113.32871705534018
2023-02-28,AMZN,Market sentiment towards AMZN looks neutral these days.,87.35981101659057
2023-01-04,MSFT,"MSFT outlook is neutral, according to many investors.",253.8537717711724
2023-01-04,TSLA,Market sentiment towards TSLA looks bullish these days.,112.26658190056602
2023-02-08,GOOGL,"I'm bullish on GOOGL, price action has been interesting.",98.14613905684384
2023-03-29,TSLA,Market sentiment towards TSLA looks bearish these days.,112.61449191231668
2023-02-13,GOOGL,"GOOGL stock is drawing attention, traders are bearish.",88.61815752840099
2023-01-13,TSLA,"TSLA stock is drawing attention, traders are worried.",113.32871705534018
2023-03-09,AAPL,"Lots of chatter on AAPL today, could this mean dip?",134.59002974325085
2023-01-30,GOOGL,"GOOGL stock is drawing attention, traders are excited.",87.59981329687079
2023-03-15,MSFT,The way MSFT has been performing makes me feel worried.,253.93499282328747
2023-03-16,MSFT,Analysts believe MSFT could stabilize after recent news.,252.19675275701448
2023-03-21,GOOGL,"I'm worried on GOOGL, price action has been interesting.",88.99064207912718
2023-01-27,AMZN,"Lots of chatter on AMZN today, could this mean stabilize?",89.90876724578159
2023-03-09,GOOGL,"GOOGL outlook is excited, according to many investors.",86.79749893370014
2023-01-10,GOOGL,"Investors are talking a lot about GOOGL, big moves expected soon!",86.29183002409107
2023-02-09,TSLA,The way TSLA has been performing makes me feel bearish.,117.21422940849848
2023-03-08,AAPL,Market sentiment towards AAPL looks neutral these days.,117.50777302447896
2023-01-18,MSFT,Market sentiment towards MSFT looks bullish these days.,241.1440931999608
2023-01-04,MSFT,"Investors are talking a lot about MSFT, big moves expected soon!",238.97799071361024
2023-01-03,TSLA,"TSLA outlook is bullish, according to many investors.",115.44975062951112
2023-01-23,TSLA,"Lots of chatter on TSLA today, could this mean stabilize?",112.71248005714163
2023-01-09,MSFT,"MSFT stock is drawing attention, traders are worried.",247.8969090457618
2023-03-03,MSFT,The way MSFT has been performing makes me feel worried.,238.6207084882862
2023-01-06,TSLA,Analysts believe TSLA could stabilize after recent news.,115.2987976598603
2023-03-20,AAPL,"I'm bullish on AAPL, price action has been interesting.",129.1858806715181
2023-02-14,TSLA,The way TSLA has been performing makes me feel bearish.,114.05624946250992
2023-03-09,AAPL,Market sentiment towards AAPL looks neutral these days.,126.07935508016996
2023-01-18,GOOGL,"GOOGL stock is drawing attention, traders are excited.",103.9596736554112
2023-02-10,AMZN,The way AMZN has been performing makes me feel worried.,89.81734526186513
2023-02-03,AMZN,"AMZN outlook is worried, according to many investors.",92.14327842542612
2023-03-24,TSLA,"Lots of chatter on TSLA today, could this mean dip?",113.05383568799172
2023-03-23,MSFT,"MSFT outlook is bearish, according to many investors.",250.9171170147616
2023-02-08,MSFT,"I'm excited on MSFT, price action has been interesting.",254.9057199189457
2023-03-22,AMZN,"I'm bullish on AMZN, price action has been interesting.",95.66659292425828
2023-01-27,AMZN,"Lots of chatter on AMZN today, could this mean dip?",89.91119166002758
2023-02-16,MSFT,Analysts believe MSFT could dip after recent news.,243.2516973040306
2023-01-06,AAPL,Market sentiment towards AAPL looks neutral these days.,121.82459706709544
2023-03-24,MSFT,"MSFT stock is drawing attention, traders are neutral.",251.4915430306843
2023-03-01,TSLA,"TSLA stock is drawing attention, traders are neutral.",116.27312227613815
2023-03-21,GOOGL,"Investors are talking a lot about GOOGL, big moves expected soon!",89.64912995730377
2023-03-21,TSLA,"Investors are talking a lot about TSLA, big moves expected soon!",113.63286221620928
2023-03-16,GOOGL,"Investors are talking a lot about GOOGL, big moves expected soon!",86.93710310368019
2023-03-03,AAPL,The way AAPL has been performing makes me feel worried.,114.09742608415914
2023-02-21,AAPL,"AAPL stock is drawing attention, traders are bearish.",107.20012142941276
2023-03-08,GOOGL,Analysts believe GOOGL could stabilize after recent news.,92.71093545880773
2023-03-16,GOOGL,The way GOOGL has been performing makes me feel bullish.,86.89961556713949
2023-03-08,GOOGL,Analysts believe GOOGL could dip after recent news.,86.39351060045915
2023-01-09,AAPL,"AAPL stock is drawing attention, traders are excited.",110.5381747122457
2023-02-16,AMZN,"AMZN outlook is worried, according to many investors.",90.969526103566
2023-03-29,AMZN,The way AMZN has been performing makes me feel worried.,93.89707748083532
2023-03-08,GOOGL,The way GOOGL has been performing makes me feel bearish.,88.41417458413825
2023-02-01,GOOGL,"I'm bearish on GOOGL, price action has been interesting.",86.01952659374552
2023-01-18,TSLA,Market sentiment towards TSLA looks bearish these days.,115.2987976598603
2023-03-07,MSFT,"Lots of chatter on MSFT today, could this mean rise?",251.54188046292808
2023-03-02,AMZN,"Investors are talking a lot about AMZN, big moves expected soon!",86.26617635749504
2023-02-14,TSLA,"I'm neutral on TSLA, price action has been interesting.",117.2064150051684
2023-02-06,AAPL,Market sentiment towards AAPL looks excited these days.,109.49034777729648
2023-03-15,TSLA,Market sentiment towards TSLA looks worried these days.,111.25909926874225
2023-01-19,AMZN,"Investors are talking a lot about AMZN, big moves expected soon!",95.6829014695944
2023-03-14,AMZN,The way AMZN has been performing makes me feel excited.,104.63122613197449
2023-02-20,MSFT,"I'm bullish on MSFT, price action has been interesting.",256.36604823097264
2023-01-11,MSFT,"MSFT stock is drawing attention, traders are excited.",253.14061648859337
2023-02-24,GOOGL,Market sentiment towards GOOGL looks bullish these days.,98.14613905684384
2023-01-31,AAPL,"Investors are talking a lot about AAPL, big moves expected soon!",113.98598608655568
2023-01-23,TSLA,Analysts believe TSLA could dip after recent news.,116.07381954596286
2023-03-24,MSFT,"MSFT stock is drawing attention, traders are bearish.",250.1534581332311
2023-03-24,AAPL,"Lots of chatter on AAPL today, could this mean breakout?",107.452609474386
2023-01-13,AMZN,The way AMZN has been performing makes me feel neutral.,99.19088779879525
2023-02-03,MSFT,"I'm bullish on MSFT, price action has been interesting.",255.3793571324257
2023-02-13,MSFT,The way MSFT has been performing makes me feel neutral.,252.2763125126309
2023-01-30,AAPL,"Investors are talking a lot about AAPL, big moves expected soon!",121.18533494402097
2023-02-15,AAPL,"Investors are talking a lot about AAPL, big moves expected soon!",105.97676885173104
2023-02-13,GOOGL,The way GOOGL has been performing makes me feel excited.,88.79797393518416
2023-01-30,GOOGL,"GOOGL outlook is bullish, according to many investors.",91.05294543696355
2023-02-20,GOOGL,"Lots of chatter on GOOGL today, could this mean rise?",87.71777194950126
2023-03-31,AAPL,The way AAPL has been performing makes me feel bullish.,108.1772087535367
2023-01-05,AAPL,Market sentiment towards AAPL looks neutral these days.,110.111771602523
2023-01-05,TSLA,"Investors are talking a lot about TSLA, big moves expected soon!",107.74149530735816
2023-01-12,AMZN,"AMZN stock is drawing attention, traders are excited.",94.05128089966354
2023-02-10,AMZN,Market sentiment towards AMZN looks excited these days.,89.07407304765302
2023-03-03,TSLA,"I'm bearish on TSLA, price action has been interesting.",112.61449191231668
2023-01-05,GOOGL,"Investors are talking a lot about GOOGL, big moves expected soon!",86.2810077483177
2023-02-01,GOOGL,Market sentiment towards GOOGL looks neutral these days.,88.99064207912718
2023-01-23,MSFT,"Lots of chatter on MSFT today, could this mean breakout?",240.67835092452796
2023-01-31,AAPL,"Lots of chatter on AAPL today, could this mean stabilize?",137.8761021468032
2023-03-08,TSLA,"Lots of chatter on TSLA today, could this mean dip?",112.62746341532046
2023-03-28,AAPL,Market sentiment towards AAPL looks worried these days.,108.10077741317558
2023-03-24,MSFT,"Lots of chatter on MSFT today, could this mean rise?",257.4091621014592
2023-01-06,AAPL,"AAPL stock is drawing attention, traders are bullish.",105.97676885173104
2023-01-10,TSLA,Market sentiment towards TSLA looks worried these days.,112.09895647004323
2023-03-13,MSFT,"MSFT outlook is neutral, according to many investors.",254.97225513830807
2023-03-31,GOOGL,"GOOGL stock is drawing attention, traders are bearish.",86.384738769212
2023-01-12,GOOGL,"I'm excited on GOOGL, price action has been interesting.",103.3391401422243
2023-03-03,AAPL,"AAPL stock is drawing attention, traders are worried.",108.82782091448937
2023-03-07,AAPL,"Lots of chatter on AAPL today, could this mean rise?",113.98598608655568
2023-02-02,AAPL,The way AAPL has been performing makes me feel neutral.,108.1772087535367
2023-01-13,AMZN,"I'm neutral on AMZN, price action has been interesting.",94.05128089966354
2023-03-08,AMZN,"Lots of chatter on AMZN today, could this mean dip?",99.15285597194504
2023-02-17,GOOGL,"GOOGL outlook is worried, according to many investors.",91.54455366458208
2023-03-16,GOOGL,"GOOGL stock is drawing attention, traders are worried.",89.16355432644994
2023-01-23,TSLA,"TSLA stock is drawing attention, traders are excited.",105.8143693455829
2023-03-15,MSFT,"MSFT stock is drawing attention, traders are bearish.",254.0987411020601
2023-02-24,TSLA,The way TSLA has been performing makes me feel excited.,113.32871705534018
2023-01-27,MSFT,Analysts believe MSFT could fall after recent news.,239.3103700989465
2023-03-03,TSLA,Market sentiment towards TSLA looks worried these days.,116.2845051448232
2023-01-09,AMZN,"AMZN outlook is excited, according to many investors.",104.16824571467193
2023-03-09,AAPL,"AAPL outlook is bearish, according to many investors.",125.62780247919687
2023-02-23,AMZN,"I'm bearish on AMZN, price action has been interesting.",90.59433197059629
2023-01-03,AAPL,"I'm worried on AAPL, price action has been interesting.",125.76285888857272
2023-02-23,TSLA,"Lots of chatter on TSLA today, could this mean dip?",111.44355272501969
2023-01-30,GOOGL,"GOOGL outlook is bearish, according to many investors.",95.30714445261762
2023-02-24,AMZN,"AMZN outlook is neutral, according to many investors.",89.65641888629835
2023-03-16,GOOGL,Analysts believe GOOGL could dip after recent news.,89.21135449552935
2023-01-17,MSFT,"I'm bearish on MSFT, price action has been interesting.",250.5556902998358
2023-02-21,MSFT,"I'm bearish on MSFT, price action has been interesting.",252.2763125126309
2023-02-22,MSFT,"MSFT outlook is bearish, according to many investors.",254.0987411020601
2023-01-20,GOOGL,"GOOGL outlook is bearish, according to many investors.",89.75989832306075
2023-01-10,AMZN,The way AMZN has been performing makes me feel bullish.,89.52899291686128
2023-03-10,MSFT,The way MSFT has been performing makes me feel neutral.,254.97225513830807
2023-03-31,GOOGL,"Lots of chatter on GOOGL today, could this mean stabilize?",87.71777194950126
2023-03-02,MSFT,"MSFT outlook is excited, according to many investors.",254.32432759160727
2023-02-13,GOOGL,The way GOOGL has been performing makes me feel bearish.,105.64779114122965
2023-03-01,AMZN,"Lots of chatter on AMZN today, could this mean fall?",92.0357990874798
2023-03-08,AMZN,"Investors are talking a lot about AMZN, big moves expected soon!",98.96940265756044
2023-03-27,GOOGL,The way GOOGL has been performing makes me feel bearish.,98.02708834472024
2023-01-13,MSFT,Market sentiment towards MSFT looks bearish these days.,250.0364394129566
2023-02-09,GOOGL,"Lots of chatter on GOOGL today, could this mean dip?",89.82595353728257
2023-03-08,AAPL,Market sentiment towards AAPL looks excited these days.,111.4414380315412
2023-03-28,TSLA,"TSLA stock is drawing attention, traders are worried.",113.63097571992164
2023-01-18,GOOGL,Analysts believe GOOGL could rise after recent news.,89.49577838191351
2023-03-02,AMZN,The way AMZN has been performing makes me feel neutral.,93.1969107503963
2023-03-07,AMZN,Analysts believe AMZN could fall after recent news.,94.05128089966354
2023-03-30,AAPL,The way AAPL has been performing makes me feel bearish.,133.76029139502614
2023-03-15,AMZN,"AMZN outlook is bearish, according to many investors.",92.03902588070363
2023-03-02,AMZN,Market sentiment towards AMZN looks worried these days.,104.63122613197449
2023-02-08,TSLA,The way TSLA has been performing makes me feel bullish.,116.84545196412247
2023-01-03,TSLA,The way TSLA has been performing makes me feel worried.,117.21422940849848
2023-03-21,MSFT,"Investors are talking a lot about MSFT, big moves expected soon!",237.8564216608738
2023-03-21,AMZN,"Investors are talking a lot about AMZN, big moves expected soon!",101.29797167766668
2023-02-16,TSLA,"TSLA outlook is worried, according to many investors.",114.00855815065005
2023-03-22,GOOGL,Analysts believe GOOGL could fall after recent news.,88.08394296325406
2023-03-14,AAPL,"AAPL stock is drawing attention, traders are bearish.",109.26212047440468
2023-02-09,TSLA,"TSLA stock is drawing attention, traders are bullish.",107.2196372557134
2023-02-17,AMZN,Analysts believe AMZN could rise after recent news.,99.19088779879525
2023-03-08,AAPL,Analysts believe AAPL could fall after recent news.,110.29145320597452
2023-02-15,TSLA,"TSLA outlook is worried, according to many investors.",117.8074224945988
2023-01-12,AMZN,Analysts believe AMZN could dip after recent news.,89.52899291686128
2023-03-08,AAPL,The way AAPL has been performing makes me feel bearish.,123.14805754232684
2023-02-20,GOOGL,"Lots of chatter on GOOGL today, could this mean rise?",90.88980558179196
2023-03-02,TSLA,Analysts believe TSLA could stabilize after recent news.,107.2196372557134
2023-03-24,TSLA,"I'm excited on TSLA, price action has been interesting.",111.11020743720992
2023-03-29,AMZN,"I'm bullish on AMZN, price action has been interesting.",95.13276302912864
2023-01-06,AMZN,"Lots of chatter on AMZN today, could this mean stabilize?",87.73786151172393
2023-02-24,AAPL,Market sentiment towards AAPL looks bearish these days.,107.131740051138
2023-01-26,TSLA,"Lots of chatter on TSLA today, could this mean fall?",115.11576987004398
2023-03-07,AMZN,The way AMZN has been performing makes me feel worried.,99.46017888956618
2023-03-31,TSLA,"TSLA stock is drawing attention, traders are worried.",114.00855815065005
2023-01-25,MSFT,"Investors are talking a lot about MSFT, big moves expected soon!",254.73482510718335
2023-03-10,AMZN,"Investors are talking a lot about AMZN, big moves expected soon!",95.6829014695944
2023-02-10,MSFT,"Lots of chatter on MSFT today, could this mean dip?",255.3793571324257
2023-01-06,MSFT,"MSFT outlook is neutral, according to many investors.",254.5032139891401
2023-02-28,TSLA,"TSLA outlook is bearish, according to many investors.",115.08278432873662
2023-01-06,GOOGL,"I'm bullish on GOOGL, price action has been interesting.",103.7271867384658
2023-03-10,TSLA,Market sentiment towards TSLA looks excited these days.,115.24796470827592
2023-03-22,AMZN,"AMZN outlook is excited, according to many investors.",102.54447997838436
2023-01-11,MSFT,"Lots of chatter on MSFT today, could this mean dip?",252.2960828325226
2023-02-13,AMZN,Analysts believe AMZN could rise after recent news.,99.15698660075932
2023-01-17,TSLA,"I'm bearish on TSLA, price action has been interesting.",117.26937252857788
2023-01-30,AAPL,"AAPL stock is drawing attention, traders are bullish.",133.76029139502614
2023-03-28,AMZN,"AMZN outlook is bullish, according to many investors.",104.16824571467193
2023-02-15,AMZN,"Investors are talking a lot about AMZN, big moves expected soon!",99.15285597194504
2023-02-06,GOOGL,The way GOOGL has been performing makes me feel excited.,88.96571465313265
2023-02-24,TSLA,"TSLA outlook is excited, according to many investors.",116.43656434179384
2023-03-31,TSLA,"Investors are talking a lot about TSLA, big moves expected soon!",114.45826765072462
2023-03-23,MSFT,"Lots of chatter on MSFT today, could this mean stabilize?",255.4070691205143
2023-01-20,AMZN,Market sentiment towards AMZN looks worried these days.,105.88256082750448
2023-01-02,AMZN,"Investors are talking a lot about AMZN, big moves expected soon!",88.40501453588696
2023-01-16,TSLA,"Lots of chatter on TSLA today, could this mean breakout?",117.21422940849848
2023-03-17,TSLA,The way TSLA has been performing makes me feel bullish.,117.44346666505422
2023-01-03,MSFT,"Investors are talking a lot about MSFT, big moves expected soon!",251.91478909246692
2023-03-31,TSLA,"TSLA outlook is bullish, according to many investors.",117.73577041637893
2023-03-02,MSFT,"MSFT outlook is bullish, according to many investors.",252.19675275701448
2023-01-23,MSFT,"Investors are talking a lot about MSFT, big moves expected soon!",250.9171170147616
2023-01-31,MSFT,The way MSFT has been performing makes me feel excited.,250.59121616293012
2023-01-25,AMZN,"Lots of chatter on AMZN today, could this mean rise?",89.65641888629835
2023-03-07,TSLA,"I'm excited on TSLA, price action has been interesting.",114.80657640380984
2023-02-10,TSLA,Analysts believe TSLA could breakout after recent news.,117.8074224945988
2023-01-13,AAPL,"I'm worried on AAPL, price action has been interesting.",110.48308955585064
2023-03-22,GOOGL,"GOOGL stock is drawing attention, traders are worried.",96.66495044526977
2023-03-28,MSFT,"MSFT stock is drawing attention, traders are bullish.",250.4815684727234
2023-01-09,AMZN,"I'm worried on AMZN, price action has been interesting.",100.86978418940626
2023-02-27,AAPL,Analysts believe AAPL could rise after recent news.,119.29457374852431
2023-03-01,AMZN,"I'm bearish on AMZN, price action has been interesting.",92.03902588070363
2023-01-25,AMZN,"AMZN outlook is excited, according to many investors.",99.72020146527116
2023-03-22,TSLA,Market sentiment towards TSLA looks bullish these days.,105.8143693455829
2023-03-24,AMZN,"AMZN outlook is excited, according to many investors.",104.91895621571564
2023-02-07,GOOGL,"GOOGL stock is drawing attention, traders are neutral.",86.2810077483177
2023-01-31,GOOGL,Analysts believe GOOGL could stabilize after recent news.,86.16647590995666
2023-02-02,AMZN,The way AMZN has been performing makes me feel excited.,101.29797167766668
2023-02-24,AAPL,The way AAPL has been performing makes me feel excited.,114.09742608415914
2023-02-24,GOOGL,"GOOGL outlook is bullish, according to many investors.",107.65982590422904
2023-01-09,AMZN,Market sentiment towards AMZN looks bearish these days.,99.19088779879525
2023-01-25,TSLA,"TSLA outlook is neutral, according to many investors.",114.80657640380984
2023-02-10,MSFT,Market sentiment towards MSFT looks excited these days.,253.8537717711724
2023-01-30,TSLA,"TSLA outlook is neutral, according to many investors.",114.73134936166689
2023-03-28,AMZN,"Investors are talking a lot about AMZN, big moves expected soon!",89.91119166002758
2023-01-13,AAPL,"Investors are talking a lot about AAPL, big moves expected soon!",126.07935508016996
2023-01-18,TSLA,"TSLA stock is drawing attention, traders are excited.",114.73134936166689
2023-01-12,MSFT,"MSFT outlook is excited, according to many investors.",252.23778094824587
2023-02-23,AMZN,"I'm worried on AMZN, price action has been interesting.",89.01952805283034
2023-02-02,AMZN,"I'm bearish on AMZN, price action has been interesting.",98.96940265756044
2023-02-16,AAPL,The way AAPL has been performing makes me feel worried.,122.9133625161458
2023-03-27,TSLA,Analysts believe TSLA could breakout after recent news.,108.4269243404117
2023-02-27,AAPL,"Investors are talking a lot about AAPL, big moves expected soon!",107.20012142941276
2023-01-06,TSLA,"TSLA stock is drawing attention, traders are worried.",114.57552560976502
2023-03-10,GOOGL,"I'm bullish on GOOGL, price action has been interesting.",102.59576771282129
2023-01-05,AAPL,"Investors are talking a lot about AAPL, big moves expected soon!",114.77170255262348
2023-03-13,GOOGL,"Investors are talking a lot about GOOGL, big moves expected soon!",98.31578314324582
2023-03-14,MSFT,Analysts believe MSFT could dip after recent news.,255.85989399460053
2023-02-23,TSLA,The way TSLA has been performing makes me feel bearish.,112.41553111626052
2023-01-11,TSLA,"Lots of chatter on TSLA today, could this mean breakout?",113.05383568799172
2023-03-03,AAPL,"AAPL outlook is bearish, according to many investors.",109.09848629545628
2023-02-08,AMZN,The way AMZN has been performing makes me feel excited.,100.05001650489336
2023-02-07,TSLA,"TSLA stock is drawing attention, traders are excited.",115.26617096790577
2023-03-31,MSFT,"Lots of chatter on MSFT today, could this mean rise?",254.99352785022364
2023-02-16,AMZN,"Investors are talking a lot about AMZN, big moves expected soon!",96.7871295272007
2023-03-28,MSFT,"MSFT outlook is bearish, according to many investors.",250.81557924919667
2023-03-28,AAPL,"AAPL outlook is neutral, according to many investors.",130.7168997036801
2023-02-22,AMZN,Market sentiment towards AMZN looks neutral these days.,102.54447997838436
2023-02-06,GOOGL,"GOOGL stock is drawing attention, traders are excited.",88.5494701524181
2023-02-02,TSLA,"Lots of chatter on TSLA today, could this mean breakout?",105.8143693455829
2023-02-23,GOOGL,Analysts believe GOOGL could fall after recent news.,98.31578314324582
2023-01-30,GOOGL,"Lots of chatter on GOOGL today, could this mean fall?",107.65982590422904
2023-03-07,TSLA,"TSLA stock is drawing attention, traders are worried.",116.27312227613815
2023-03-08,MSFT,"Investors are talking a lot about MSFT, big moves expected soon!",253.14061648859337
2023-01-18,MSFT,The way MSFT has been performing makes me feel neutral.,251.4915430306843
2023-01-04,AAPL,The way AAPL has been performing makes me feel worried.,125.62780247919687
2023-02-14,GOOGL,"GOOGL stock is drawing attention, traders are bearish.",102.55376002955576
2023-02-17,MSFT,"Investors are talking a lot about MSFT, big moves expected soon!",249.41390927844947
2023-01-26,TSLA,"TSLA outlook is neutral, according to many investors.",115.44975062951112
2023-01-19,AAPL,Market sentiment towards AAPL looks bearish these days.,111.12468071263706
2023-03-08,MSFT,"MSFT stock is drawing attention, traders are excited.",250.4815684727234
2023-03-03,AAPL,"AAPL stock is drawing attention, traders are bullish.",129.1858806715181
2023-01-26,AAPL,The way AAPL has been performing makes me feel excited.,121.82459706709544
2023-03-30,AAPL,"AAPL stock is drawing attention, traders are bullish.",137.1029273412097
2023-03-03,GOOGL,"I'm excited on GOOGL, price action has been interesting.",92.60610790975478
2023-01-04,AMZN,Market sentiment towards AMZN looks worried these days.,86.26617635749504
2023-02-22,AMZN,"I'm excited on AMZN, price action has been interesting.",96.7871295272007
2023-02-28,AAPL,Market sentiment towards AAPL looks bearish these days.,118.69104280038302
2023-02-24,AAPL,"AAPL stock is drawing attention, traders are neutral.",126.07935508016996
2023-03-10,TSLA,"TSLA outlook is worried, according to many investors.",115.08278432873662
2023-02-17,AMZN,"I'm bearish on AMZN, price action has been interesting.",99.15698660075932
2023-02-02,MSFT,Market sentiment towards MSFT looks worried these days.,250.5556902998358
2023-01-24,TSLA,Analysts believe TSLA could breakout after recent news.,107.27266500661185
2023-02-24,AMZN,"AMZN stock is drawing attention, traders are bullish.",101.29797167766668
2023-03-02,TSLA,"I'm neutral on TSLA, price action has been interesting.",110.07817504102144
2023-02-01,GOOGL,"GOOGL stock is drawing attention, traders are bullish.",86.01952659374552
2023-01-09,AMZN,"Lots of chatter on AMZN today, could this mean dip?",88.90708958366359
2023-01-30,AAPL,"AAPL stock is drawing attention, traders are bullish.",114.77170255262348
2023-02-17,GOOGL,"I'm bearish on GOOGL, price action has been interesting.",94.21294969027754
2023-02-09,AMZN,The way AMZN has been performing makes me feel excited.,96.81313331095652
2023-01-10,TSLA,The way TSLA has been performing makes me feel bearish.,107.27266500661185
2023-03-15,AAPL,"AAPL outlook is excited, according to many investors.",107.89910165451091
2023-02-21,GOOGL,"GOOGL outlook is neutral, according to many investors.",105.64779114122965
2023-02-01,AAPL,Analysts believe AAPL could rise after recent news.,135.05833649269752
2023-01-11,GOOGL,"Lots of chatter on GOOGL today, could this mean stabilize?",91.54455366458208
2023-03-08,TSLA,"Lots of chatter on TSLA today, could this mean breakout?",110.39484286163304
2023-01-13,AMZN,"I'm bearish on AMZN, price action has been interesting.",87.35981101659057
2023-02-02,TSLA,"Lots of chatter on TSLA today, could this mean dip?",115.81012322074378
2023-03-07,AAPL,Analysts believe AAPL could rise after recent news.,137.8761021468032
2023-03-15,TSLA,"I'm neutral on TSLA, price action has been interesting.",117.8074224945988
2023-02-23,GOOGL,"Lots of chatter on GOOGL today, could this mean stabilize?",89.82595353728257
2023-01-09,AMZN,Analysts believe AMZN could rise after recent news.,88.90708958366359
2023-01-30,AMZN,"Investors are talking a lot about AMZN, big moves expected soon!",89.07407304765302
2023-02-20,AMZN,"I'm neutral on AMZN, price action has been interesting.",87.73786151172393
2023-01-04,GOOGL,"Lots of chatter on GOOGL today, could this mean fall?",88.5494701524181
2023-02-28,MSFT,"Investors are talking a lot about MSFT, big moves expected soon!",249.71601303957576
2023-03-03,AAPL,"AAPL outlook is neutral, according to many investors.",110.48308955585064
2023-03-02,MSFT,The way MSFT has been performing makes me feel neutral.,247.8969090457618
2023-02-15,AAPL,The way AAPL has been performing makes me feel bearish.,130.7168997036801
2023-03-24,GOOGL,"Investors are talking a lot about GOOGL, big moves expected soon!",89.64912995730377
2023-02-06,MSFT,"I'm excited on MSFT, price action has been interesting.",252.826821580197
2023-01-30,AMZN,"Lots of chatter on AMZN today, could this mean dip?",89.52899291686128
2023-01-03,AAPL,"I'm neutral on AAPL, price action has been interesting.",137.2801814603673
2023-03-07,AMZN,"AMZN stock is drawing attention, traders are bearish.",92.1193968628654
2023-02-10,MSFT,Analysts believe MSFT could dip after recent news.,254.0987411020601
2023-02-07,TSLA,"TSLA stock is drawing attention, traders are excited.",117.26937252857788
2023-01-27,AAPL,"AAPL stock is drawing attention, traders are bullish.",119.29457374852431
2023-03-10,GOOGL,"I'm worried on GOOGL, price action has been interesting.",88.41417458413825
2023-02-01,GOOGL,"GOOGL outlook is excited, according to many investors.",92.71093545880773
2023-01-18,GOOGL,"Investors are talking a lot about GOOGL, big moves expected soon!",88.41417458413825
2023-01-05,GOOGL,Analysts believe GOOGL could rise after recent news.,99.9428024152471
2023-01-19,TSLA,"I'm bearish on TSLA, price action has been interesting.",113.63286221620928
2023-01-27,AMZN,"Investors are talking a lot about AMZN, big moves expected soon!",87.9040288351952
2023-01-18,AAPL,"Investors are talking a lot about AAPL, big moves expected soon!",129.1858806715181
2023-01-04,GOOGL,"I'm neutral on GOOGL, price action has been interesting.",89.49577838191351
2023-03-07,AMZN,"Lots of chatter on AMZN today, could this mean dip?",89.90876724578159
2023-01-04,AAPL,"Investors are talking a lot about AAPL, big moves expected soon!",118.2733156103735
2023-01-02,GOOGL,"GOOGL outlook is neutral, according to many investors.",87.59981329687079
2023-02-02,AAPL,"Lots of chatter on AAPL today, could this mean fall?",121.18533494402097
2023-02-17,AAPL,Market sentiment towards AAPL looks excited these days.,107.20012142941276
2023-01-19,GOOGL,Analysts believe GOOGL could rise after recent news.,91.42717056681614
2023-01-18,MSFT,Analysts believe MSFT could rise after recent news.,254.5032139891401
2023-03-07,AAPL,"AAPL outlook is neutral, according to many investors.",120.49585112836192
2023-03-10,AAPL,Market sentiment towards AAPL looks neutral these days.,137.58685188434174
2023-02-06,AAPL,"Lots of chatter on AAPL today, could this mean fall?",108.82782091448937
2023-01-04,TSLA,The way TSLA has been performing makes me feel excited.,111.25909926874225
2023-03-13,TSLA,"Lots of chatter on TSLA today, could this mean fall?",117.02897351719348
2023-02-24,AAPL,"Investors are talking a lot about AAPL, big moves expected soon!",138.0343868483502
2023-02-20,MSFT,"Investors are talking a lot about MSFT, big moves expected soon!",253.93499282328747
2023-03-13,AMZN,"Investors are talking a lot about AMZN, big moves expected soon!",88.90708958366359
2023-01-02,MSFT,"MSFT outlook is neutral, according to many investors.",237.8564216608738
2023-02-15,TSLA,"Lots of chatter on TSLA today, could this mean rise?",115.08278432873662
2023-01-10,TSLA,"Lots of chatter on TSLA today, could this mean stabilize?",116.07381954596286
2023-03-14,GOOGL,"Lots of chatter on GOOGL today, could this mean stabilize?",86.79749893370014
2023-01-16,TSLA,"TSLA stock is drawing attention, traders are bullish.",107.74149530735816
2023-02-07,AAPL,"AAPL outlook is excited, according to many investors.",134.59002974325085
2023-01-19,GOOGL,"Investors are talking a lot about GOOGL, big moves expected soon!",86.01952659374552
2023-03-06,TSLA,"TSLA outlook is worried, according to many investors.",112.71248005714163
2023-01-13,GOOGL,"Investors are talking a lot about GOOGL, big moves expected soon!",88.79797393518416
2023-02-02,AMZN,The way AMZN has been performing makes me feel worried.,91.53580168052092
2023-03-27,AAPL,The way AAPL has been performing makes me feel bearish.,138.0343868483502
2023-01-25,GOOGL,"GOOGL stock is drawing attention, traders are excited.",87.56346828310043
2023-01-12,GOOGL,Analysts believe GOOGL could fall after recent news.,88.77606573440579
2023-01-24,GOOGL,"Investors are talking a lot about GOOGL, big moves expected soon!",88.41417458413825
2023-03-22,AAPL,The way AAPL has been performing makes me feel bearish.,137.58685188434174
2023-01-18,AMZN,Market sentiment towards AMZN looks worried these days.,89.01952805283034
2023-03-10,AMZN,"Investors are talking a lot about AMZN, big moves expected soon!",103.97248096656855
2023-01-09,AMZN,"AMZN outlook is excited, according to many investors.",98.96940265756044
2023-03-13,MSFT,Analysts believe MSFT could fall after recent news.,239.3103700989465
2023-02-20,MSFT,"Lots of chatter on MSFT today, could this mean breakout?",255.85989399460053
2023-02-03,AMZN,"AMZN stock is drawing attention, traders are neutral.",99.72020146527116
2023-01-16,MSFT,Analysts believe MSFT could dip after recent news.,257.8609798488129
2023-03-02,AMZN,"Lots of chatter on AMZN today, could this mean dip?",88.7885138526433
2023-01-19,MSFT,"Lots of chatter on MSFT today, could this mean breakout?",250.9171170147616
2023-02-09,AAPL,"AAPL outlook is worried, according to many investors.",111.12468071263706
2023-03-10,TSLA,"I'm bullish on TSLA, price action has been interesting.",106.13694076891493
2023-01-06,AMZN,Market sentiment towards AMZN looks worried these days.,100.05001650489336
2023-03-21,AAPL,Market sentiment towards AAPL looks worried these days.,108.82782091448937
2023-02-06,AAPL,"I'm bullish on AAPL, price action has been interesting.",110.111771602523
2023-01-09,TSLA,"Lots of chatter on TSLA today, could this mean fall?",111.11020743720992
2023-01-23,AMZN,"AMZN outlook is excited, according to many investors.",105.88256082750448
2023-03-24,TSLA,"TSLA outlook is worried, according to many investors.",117.02897351719348
2023-01-17,TSLA,"I'm excited on TSLA, price action has been interesting.",117.8074224945988
2023-01-04,MSFT,"I'm worried on MSFT, price action has been interesting.",254.99352785022364
2023-03-29,TSLA,Analysts believe TSLA could rise after recent news.,111.25909926874225
2023-03-30,AAPL,Analysts believe AAPL could dip after recent news.,114.3287226489356
2023-03-28,TSLA,Analysts believe TSLA could fall after recent news.,117.21422940849848
2023-01-09,MSFT,Market sentiment towards MSFT looks worried these days.,239.3103700989465
2023-01-26,AAPL,"I'm excited on AAPL, price action has been interesting.",132.0122767798815
2023-01-25,AAPL,The way AAPL has been performing makes me feel neutral.,112.50905292656483
2023-03-01,AMZN,"AMZN outlook is bullish, according to many investors.",104.16824571467193
2023-01-04,AMZN,"I'm bearish on AMZN, price action has been interesting.",91.89867313786772
2023-02-22,GOOGL,"Lots of chatter on GOOGL today, could this mean dip?",103.9596736554112
2023-03-02,TSLA,The way TSLA has been performing makes me feel excited.,115.44975062951112
2023-03-29,MSFT,Analysts believe MSFT could dip after recent news.,239.42678753583849
2023-02-28,GOOGL,Market sentiment towards GOOGL looks worried these days.,89.75989832306075
2023-03-30,TSLA,Market sentiment towards TSLA looks bearish these days.,110.39484286163304
2023-03-16,AMZN,"AMZN stock is drawing attention, traders are worried.",98.96940265756044
2023-02-21,AAPL,"I'm bearish on AAPL, price action has been interesting.",137.8761021468032
2023-01-05,TSLA,Market sentiment towards TSLA looks bullish these days.,117.44346666505422
2023-01-03,AMZN,The way AMZN has been performing makes me feel neutral.,104.16824571467193
2023-03-02,TSLA,The way TSLA has been performing makes me feel worried.,114.37058262128392
2023-03-28,MSFT,"Lots of chatter on MSFT today, could this mean breakout?",250.7110413556572
2023-01-02,TSLA,Market sentiment towards TSLA looks excited these days.,110.07817504102144
2023-01-24,GOOGL,"GOOGL outlook is worried, according to many investors.",86.93710310368019
2023-01-23,TSLA,"I'm excited on TSLA, price action has been interesting.",114.80657640380984
2023-01-12,TSLA,"Investors are talking a lot about TSLA, big moves expected soon!",117.21422940849848
2023-03-15,AAPL,Market sentiment towards AAPL looks worried these days.,112.1153304548266
2023-03-23,GOOGL,"Investors are talking a lot about GOOGL, big moves expected soon!",90.88980558179196
2023-01-12,AMZN,The way AMZN has been performing makes me feel bullish.,87.31005948872884
2023-01-17,AAPL,The way AAPL has been performing makes me feel worried.,130.7168997036801
2023-02-27,AAPL,"I'm bullish on AAPL, price action has been interesting.",135.05833649269752
2023-01-20,AAPL,Market sentiment towards AAPL looks bullish these days.,138.8150509186731
2023-01-16,TSLA,"TSLA outlook is worried, according to many investors.",116.2845051448232
2023-01-11,GOOGL,"Investors are talking a lot about GOOGL, big moves expected soon!",86.89961556713949
2023-03-17,AMZN,"I'm bullish on AMZN, price action has been interesting.",92.91152312861108
2023-01-09,GOOGL,"I'm excited on GOOGL, price action has been interesting.",94.4673967412954
2023-03-15,MSFT,Market sentiment towards MSFT looks worried these days.,238.97799071361024
2023-01-27,AMZN,"Investors are talking a lot about AMZN, big moves expected soon!",89.29757967336829
2023-02-23,AMZN,"AMZN stock is drawing attention, traders are worried.",105.88256082750448
2023-02-16,AAPL,"AAPL stock is drawing attention, traders are excited.",134.1217558293525
2023-03-21,AAPL,Market sentiment towards AAPL looks bullish these days.,125.76285888857272
2023-01-26,AAPL,"Investors are talking a lot about AAPL, big moves expected soon!",137.8761021468032
2023-02-13,AAPL,"Lots of chatter on AAPL today, could this mean breakout?",110.29145320597452
2023-02-24,AMZN,Market sentiment towards AMZN looks bearish these days.,89.81734526186513
2023-01-19,GOOGL,"Lots of chatter on GOOGL today, could this mean breakout?",86.89961556713949
2023-02-21,TSLA,"TSLA outlook is neutral, according to many investors.",113.63286221620928
2023-03-02,GOOGL,"Lots of chatter on GOOGL today, could this mean breakout?",87.59981329687079
2023-01-12,AAPL,Market sentiment towards AAPL looks neutral these days.,137.58685188434174
2023-03-22,MSFT,Analysts believe MSFT could stabilize after recent news.,239.42678753583849
2023-01-27,MSFT,Analysts believe MSFT could stabilize after recent news.,255.85989399460053
2023-03-10,TSLA,Analysts believe TSLA could fall after recent news.,115.24796470827592
2023-01-27,AMZN,"Investors are talking a lot about AMZN, big moves expected soon!",92.0357990874798
2023-02-20,TSLA,Analysts believe TSLA could dip after recent news.,115.81012322074378
2023-02-07,AAPL,The way AAPL has been performing makes me feel bullish.,137.58685188434174
2023-02-14,GOOGL,The way GOOGL has been performing makes me feel bullish.,107.65982590422904
2023-01-02,AMZN,"I'm bullish on AMZN, price action has been interesting.",89.01952805283034
2023-01-24,MSFT,"Lots of chatter on MSFT today, could this mean dip?",256.037607609795
2023-01-12,AAPL,"AAPL outlook is neutral, according to many investors.",109.4462456661918
2023-03-03,TSLA,"Lots of chatter on TSLA today, could this mean dip?",115.62556751982744
2023-02-14,MSFT,"I'm bearish on MSFT, price action has been interesting.",239.65077902270352
2023-03-03,MSFT,The way MSFT has been performing makes me feel bullish.,254.5032139891401
2023-01-12,TSLA,The way TSLA has been performing makes me feel excited.,112.484954655671
2023-02-10,MSFT,The way MSFT has been performing makes me feel excited.,251.55173693368533
2023-02-22,AAPL,"AAPL outlook is worried, according to many investors.",120.71500291031556
2023-03-24,MSFT,"I'm excited on MSFT, price action has been interesting.",256.3875940695456
2023-01-02,GOOGL,Analysts believe GOOGL could stabilize after recent news.,88.5494701524181
2023-01-06,AMZN,Analysts believe AMZN could breakout after recent news.,89.65641888629835
2023-03-29,GOOGL,"Lots of chatter on GOOGL today, could this mean fall?",103.47505135285812
2023-02-20,AAPL,"Investors are talking a lot about AAPL, big moves expected soon!",110.5381747122457
2023-03-31,AMZN,The way AMZN has been performing makes me feel excited.,92.03902588070363
2023-02-02,TSLA,The way TSLA has been performing makes me feel neutral.,113.86768673542504
2023-01-05,MSFT,"Lots of chatter on MSFT today, could this mean dip?",238.97799071361024
2023-02-03,TSLA,"I'm bearish on TSLA, price action has been interesting.",116.84545196412247
2023-01-10,MSFT,The way MSFT has been performing makes me feel bearish.,238.6207084882862
2023-01-18,AMZN,Analysts believe AMZN could dip after recent news.,89.52899291686128
2023-03-01,TSLA,"TSLA outlook is bearish, according to many investors.",115.81012322074378
2023-03-21,MSFT,"Investors are talking a lot about MSFT, big moves expected soon!",238.6207084882862
2023-02-20,GOOGL,"GOOGL stock is drawing attention, traders are excited.",89.21135449552935
2023-01-19,TSLA,"TSLA stock is drawing attention, traders are worried.",112.71248005714163
2023-02-07,AAPL,Analysts believe AAPL could rise after recent news.,125.62780247919687
2023-02-21,AMZN,Market sentiment towards AMZN looks excited these days.,89.29757967336829
2023-02-03,AAPL,Analysts believe AAPL could rise after recent news.,108.1772087535367
2023-01-05,TSLA,Analysts believe TSLA could fall after recent news.,112.61449191231668
2023-01-23,AAPL,"Investors are talking a lot about AAPL, big moves expected soon!",122.04644224651518
2023-01-26,AMZN,The way AMZN has been performing makes me feel excited.,89.91119166002758
2023-02-09,GOOGL,"I'm worried on GOOGL, price action has been interesting.",87.71777194950126
2023-03-13,AMZN,"AMZN stock is drawing attention, traders are worried.",86.26617635749504
2023-01-25,TSLA,"Lots of chatter on TSLA today, could this mean rise?",106.62247105921196
2023-03-22,TSLA,Analysts believe TSLA could breakout after recent news.,106.62247105921196
2023-03-02,MSFT,"MSFT stock is drawing attention, traders are worried.",239.65077902270352
2023-01-23,TSLA,Analysts believe TSLA could breakout after recent news.,117.02897351719348
2023-03-31,TSLA,"TSLA outlook is bearish, according to many investors.",107.27266500661185
2023-01-03,GOOGL,"GOOGL stock is drawing attention, traders are worried.",103.7271867384658
2023-03-20,TSLA,"I'm bearish on TSLA, price action has been interesting.",112.41553111626052
2023-02-08,AAPL,The way AAPL has been performing makes me feel neutral.,107.33061285234297
2023-03-31,GOOGL,"I'm neutral on GOOGL, price action has been interesting.",90.21111369277384
2023-01-06,AAPL,"AAPL stock is drawing attention, traders are bearish.",137.8761021468032
2023-01-31,TSLA,"TSLA stock is drawing attention, traders are excited.",106.62247105921196
2023-01-18,TSLA,"Investors are talking a lot about TSLA, big moves expected soon!",106.13694076891493
2023-03-31,GOOGL,"Investors are talking a lot about GOOGL, big moves expected soon!",86.384738769212
2023-01-23,TSLA,The way TSLA has been performing makes me feel worried.,108.4269243404117
2023-03-30,GOOGL,"Lots of chatter on GOOGL today, could this mean stabilize?",88.63862365044015
2023-02-14,GOOGL,"I'm excited on GOOGL, price action has been interesting.",87.71777194950126
2023-03-13,AMZN,"AMZN outlook is worried, according to many investors.",86.26617635749504
2023-03-22,TSLA,"Lots of chatter on TSLA today, could this mean stabilize?",110.74399848729672
2023-03-06,MSFT,Market sentiment towards MSFT looks neutral these days.,257.8609798488129
2023-03-14,AAPL,Market sentiment towards AAPL looks bearish these days.,138.8150509186731
2023-03-29,MSFT,"I'm worried on MSFT, price action has been interesting.",258.7280582354071
2023-03-24,GOOGL,The way GOOGL has been performing makes me feel bullish.,86.39351060045915
2023-03-31,AAPL,The way AAPL has been performing makes me feel neutral.,121.21232939349684
2023-03-17,AAPL,Market sentiment towards AAPL looks bullish these days.,123.14805754232684
2023-03-21,AMZN,"Investors are talking a lot about AMZN, big moves expected soon!",99.46017888956618
2023-02-06,MSFT,"MSFT outlook is bullish, according to many investors.",251.33964010816825
2023-01-17,MSFT,"MSFT stock is drawing attention, traders are neutral.",252.19675275701448
2023-03-06,AMZN,Market sentiment towards AMZN looks worried these days.,94.0224726042693
2023-03-07,TSLA,The way TSLA has been performing makes me feel bearish.,116.27312227613815
2023-02-22,AMZN,"I'm bearish on AMZN, price action has been interesting.",96.81313331095652
2023-01-30,AAPL,"AAPL stock is drawing attention, traders are bullish.",126.07935508016996
2023-01-19,AMZN,Analysts believe AMZN could dip after recent news.,87.9040288351952
2023-01-03,TSLA,Analysts believe TSLA could dip after recent news.,114.80657640380984
2023-02-15,GOOGL,"GOOGL outlook is bearish, according to many investors.",88.08394296325406
2023-01-09,GOOGL,Market sentiment towards GOOGL looks bearish these days.,87.99793268801773
2023-02-21,GOOGL,Market sentiment towards GOOGL looks worried these days.,98.02708834472024
2023-01-19,MSFT,"Investors are talking a lot about MSFT, big moves expected soon!",240.67835092452796
2023-02-21,MSFT,The way MSFT has been performing makes me feel neutral.,239.3103700989465
2023-01-11,MSFT,Market sentiment towards MSFT looks worried these days.,253.93499282328747
2023-01-18,GOOGL,Market sentiment towards GOOGL looks neutral these days.,92.84076267637236
2023-02-24,AMZN,"AMZN outlook is neutral, according to many investors.",98.96940265756044
2023-03-22,GOOGL,Market sentiment towards GOOGL looks bearish these days.,86.2810077483177
2023-01-25,AAPL,"AAPL stock is drawing attention, traders are neutral.",118.71118624893776
2023-03-21,MSFT,"MSFT stock is drawing attention, traders are bearish.",249.41390927844947
2023-02-22,AAPL,"I'm bullish on AAPL, price action has been interesting.",120.71500291031556
2023-02-14,TSLA,"TSLA outlook is neutral, according to many investors.",112.41553111626052
2023-02-03,MSFT,Analysts believe MSFT could fall after recent news.,239.3103700989465
2023-03-22,MSFT,"Lots of chatter on MSFT today, could this mean fall?",252.2763125126309
2023-02-15,GOOGL,"GOOGL stock is drawing attention, traders are excited.",103.9596736554112
2023-02-10,MSFT,Analysts believe MSFT could dip after recent news.,250.7110413556572
2023-02-16,AAPL,Analysts believe AAPL could rise after recent news.,138.96122223397512
2023-03-08,AMZN,"I'm excited on AMZN, price action has been interesting.",89.90876724578159
2023-02-24,AAPL,"AAPL stock is drawing attention, traders are neutral.",127.1602184308493
2023-03-13,AAPL,Market sentiment towards AAPL looks worried these days.,108.1772087535367
2023-01-18,TSLA,"TSLA outlook is bearish, according to many investors.",107.74149530735816
2023-02-13,AMZN,"AMZN stock is drawing attention, traders are neutral.",93.89707748083532
2023-02-23,MSFT,"Investors are talking a lot about MSFT, big moves expected soon!",254.8222399169049
2023-03-29,AAPL,"I'm excited on AAPL, price action has been interesting.",118.71118624893776
2023-03-08,TSLA,"TSLA stock is drawing attention, traders are neutral.",107.74149530735816
2023-03-08,AMZN,"Lots of chatter on AMZN today, could this mean stabilize?",104.63122613197449
2023-03-27,AAPL,"AAPL outlook is neutral, according to many investors.",125.76285888857272
2023-01-17,GOOGL,Market sentiment towards GOOGL looks bullish these days.,88.41417458413825
2023-03-20,TSLA,"TSLA stock is drawing attention, traders are excited.",110.74399848729672
2023-01-25,AAPL,Analysts believe AAPL could rise after recent news.,107.20012142941276
2023-02-07,GOOGL,Analysts believe GOOGL could fall after recent news.,88.5494701524181
2023-02-08,MSFT,"MSFT outlook is bullish, according to many investors.",256.36604823097264
2023-03-14,GOOGL,"Lots of chatter on GOOGL today, could this mean stabilize?",105.11149271932508
2023-01-23,MSFT,"MSFT stock is drawing attention, traders are worried.",251.24849642836065
2023-03-22,AMZN,The way AMZN has been performing makes me feel bearish.,98.96940265756044
2023-01-12,AAPL,Market sentiment towards AAPL looks excited these days.,119.74445509167056
2023-02-06,MSFT,Market sentiment towards MSFT looks bearish these days.,239.65077902270352
2023-02-08,AMZN,"Investors are talking a lot about AMZN, big moves expected soon!",87.73786151172393
2023-02-20,TSLA,"TSLA stock is drawing attention, traders are bearish.",112.26658190056602
2023-01-12,AMZN,"Lots of chatter on AMZN today, could this mean rise?",87.73786151172393
2023-03-07,TSLA,The way TSLA has been performing makes me feel bearish.,116.07381954596286
2023-03-13,TSLA,The way TSLA has been performing makes me feel bearish.,114.45826765072462
2023-03-21,AAPL,"AAPL stock is drawing attention, traders are neutral.",112.50905292656483
2023-02-14,TSLA,"I'm excited on TSLA, price action has been interesting.",107.34009767559544
2023-03-21,AAPL,"AAPL stock is drawing attention, traders are excited.",122.9133625161458
2023-03-16,AMZN,"Investors are talking a lot about AMZN, big moves expected soon!",89.02016276311137
2023-01-23,GOOGL,"GOOGL outlook is bearish, according to many investors.",86.384738769212
2023-03-28,MSFT,Analysts believe MSFT could fall after recent news.,240.67835092452796
2023-03-20,AAPL,"AAPL stock is drawing attention, traders are worried.",123.14805754232684
2023-02-01,AMZN,"AMZN stock is drawing attention, traders are excited.",104.91895621571564
2023-01-24,AMZN,"Investors are talking a lot about AMZN, big moves expected soon!",87.9040288351952
2023-02-22,MSFT,Market sentiment towards MSFT looks worried these days.,239.0029198870554
2023-02-10,TSLA,Analysts believe TSLA could breakout after recent news.,119.1874876554298
2023-03-22,TSLA,"TSLA stock is drawing attention, traders are worried.",114.73134936166689
2023-01-31,AAPL,Analysts believe AAPL could breakout after recent news.,122.04644224651518
2023-01-24,TSLA,"TSLA stock is drawing attention, traders are excited.",106.62247105921196
2023-01-20,AAPL,Market sentiment towards AAPL looks worried these days.,137.2801814603673
2023-03-08,MSFT,The way MSFT has been performing makes me feel bullish.,240.4963585681164
2023-02-14,MSFT,"Investors are talking a lot about MSFT, big moves expected soon!",250.1534581332311
2023-02-24,MSFT,Market sentiment towards MSFT looks excited these days.,255.4070691205143
2023-03-21,MSFT,The way MSFT has been performing makes me feel bullish.,255.85989399460053
2023-03-22,MSFT,"I'm worried on MSFT, price action has been interesting.",254.5032139891401
2023-01-23,GOOGL,"Investors are talking a lot about GOOGL, big moves expected soon!",96.66495044526977
2023-02-08,AAPL,Market sentiment towards AAPL looks bullish these days.,130.99342830602245
2023-01-02,AMZN,"AMZN outlook is bearish, according to many investors.",93.89707748083532
2023-02-27,AMZN,"AMZN stock is drawing attention, traders are bearish.",90.85837652129794
2023-03-08,GOOGL,The way GOOGL has been performing makes me feel bullish.,87.41215474466284
2023-02-13,AAPL,"AAPL outlook is worried, according to many investors.",119.29457374852431
2023-02-20,AMZN,Analysts believe AMZN could fall after recent news.,99.72020146527116
2023-02-15,AMZN,"Investors are talking a lot about AMZN, big moves expected soon!",87.73786151172393
2023-02-15,AAPL,Market sentiment towards AAPL looks excited these days.,130.3104557300001
2023-02-01,AAPL,The way AAPL has been performing makes me feel excited.,107.33061285234297
2023-03-24,AMZN,"I'm bearish on AMZN, price action has been interesting.",103.07971095426508
2023-02-10,AAPL,Analysts believe AAPL could fall after recent news.,137.1029273412097
2023-03-03,AMZN,"AMZN outlook is bullish, according to many investors.",90.969526103566
2023-02-23,TSLA,Market sentiment towards TSLA looks excited these days.,112.41553111626052
2023-03-03,AAPL,"AAPL outlook is excited, according to many investors.",107.89910165451091
2023-01-17,AMZN,"AMZN stock is drawing attention, traders are bullish.",104.77329839040188
2023-02-14,GOOGL,"Lots of chatter on GOOGL today, could this mean dip?",89.49577838191351
2023-03-20,MSFT,The way MSFT has been performing makes me feel excited.,256.36604823097264
2023-02-02,TSLA,"TSLA stock is drawing attention, traders are excited.",116.07381954596286
2023-01-18,GOOGL,The way GOOGL has been performing makes me feel bullish.,86.93710310368019
2023-01-27,GOOGL,"GOOGL stock is drawing attention, traders are worried.",86.384738769212
2023-03-20,AAPL,"AAPL stock is drawing attention, traders are bullish.",114.09742608415914
2023-03-15,AMZN,"Lots of chatter on AMZN today, could this mean rise?",100.05001650489336
2023-03-16,MSFT,"Lots of chatter on MSFT today, could this mean rise?",250.9171170147616
2023-02-16,GOOGL,"GOOGL outlook is worried, according to many investors.",86.01952659374552
2023-02-08,TSLA,"Investors are talking a lot about TSLA, big moves expected soon!",119.1874876554298
2023-03-10,GOOGL,"I'm bullish on GOOGL, price action has been interesting.",88.99064207912718
2023-01-03,MSFT,"MSFT outlook is bullish, according to many investors.",250.1534581332311
2023-02-06,MSFT,"MSFT stock is drawing attention, traders are worried.",250.9171170147616
2023-03-13,GOOGL,"GOOGL stock is drawing attention, traders are worried.",91.45167777496049
2023-03-07,AMZN,"Lots of chatter on AMZN today, could this mean fall?",89.90876724578159
2023-02-06,MSFT,The way MSFT has been performing makes me feel neutral.,239.42678753583849
2023-03-27,GOOGL,"I'm bullish on GOOGL, price action has been interesting.",96.66495044526977
2023-02-01,GOOGL,"I'm excited on GOOGL, price action has been interesting.",94.90275914774982
2023-02-21,GOOGL,Analysts believe GOOGL could stabilize after recent news.,98.14613905684384
2023-02-27,MSFT,"Lots of chatter on MSFT today, could this mean breakout?",254.3746539509492
2023-03-14,MSFT,"Lots of chatter on MSFT today, could this mean rise?",253.22305341902452
2023-03-09,MSFT,Analysts believe MSFT could dip after recent news.,256.36604823097264
2023-02-07,MSFT,Market sentiment towards MSFT looks bearish these days.,240.4963585681164
2023-01-09,AAPL,"AAPL stock is drawing attention, traders are neutral.",119.06991308610915
2023-02-02,AMZN,"Lots of chatter on AMZN today, could this mean rise?",99.19088779879525
2023-02-22,GOOGL,Analysts believe GOOGL could fall after recent news.,87.99793268801773
2023-02-08,MSFT,"Investors are talking a lot about MSFT, big moves expected soon!",247.8969090457618
2023-02-08,MSFT,"I'm excited on MSFT, price action has been interesting.",250.9171170147616
2023-03-27,MSFT,"MSFT stock is drawing attention, traders are neutral.",255.85989399460053
2023-03-06,AMZN,The way AMZN has been performing makes me feel bullish.,103.07971095426508
2023-03-01,AMZN,"AMZN outlook is bearish, according to many investors.",89.09791095488092
2023-03-23,AMZN,The way AMZN has been performing makes me feel worried.,99.15285597194504
2023-01-03,GOOGL,Market sentiment towards GOOGL looks neutral these days.,105.11149271932508
2023-01-20,TSLA,"Investors are talking a lot about TSLA, big moves expected soon!",120.86505772800692
2023-02-21,TSLA,"TSLA stock is drawing attention, traders are neutral.",112.484954655671
2023-01-27,AAPL,"AAPL outlook is bullish, according to many investors.",125.97266494499742
2023-02-17,GOOGL,"Lots of chatter on GOOGL today, could this mean fall?",86.384738769212
2023-02-16,AMZN,Market sentiment towards AMZN looks worried these days.,88.90708958366359
2023-02-13,MSFT,"MSFT outlook is neutral, according to many investors.",254.32432759160727
2023-01-26,TSLA,The way TSLA has been performing makes me feel neutral.,106.62247105921196
2023-02-02,TSLA,"I'm bullish on TSLA, price action has been interesting.",115.44975062951112
2023-02-23,MSFT,The way MSFT has been performing makes me feel neutral.,237.8564216608738
2023-03-16,AMZN,"Investors are talking a lot about AMZN, big moves expected soon!",89.90876724578159
2023-02-23,MSFT,"Investors are talking a lot about MSFT, big moves expected soon!",250.822460604913
2023-01-24,AAPL,"I'm neutral on AAPL, price action has been interesting.",137.2801814603673
2023-01-26,TSLA,Analysts believe TSLA could stabilize after recent news.,115.81012322074378
2023-03-08,MSFT,The way MSFT has been performing makes me feel neutral.,255.3793571324257
2023-02-17,MSFT,"MSFT outlook is bearish, according to many investors.",249.2035675109092
2023-02-14,AMZN,"Lots of chatter on AMZN today, could this mean dip?",97.46193032884544
2023-03-07,GOOGL,"Lots of chatter on GOOGL today, could this mean breakout?",107.65982590422904
2023-03-07,TSLA,"TSLA outlook is neutral, according to many investors.",111.25909926874225
2023-03-30,AAPL,"AAPL stock is drawing attention, traders are excited.",137.8761021468032
2023-03-06,AMZN,Market sentiment towards AMZN looks neutral these days.,94.0224726042693
2023-02-17,AAPL,The way AAPL has been performing makes me feel bearish.,111.12468071263706
2023-01-24,GOOGL,"GOOGL outlook is neutral, according to many investors.",89.82595353728257
2023-02-28,AAPL,"AAPL outlook is neutral, according to many investors.",119.29457374852431
2023-02-09,AAPL,The way AAPL has been performing makes me feel bullish.,117.50777302447896
2023-01-24,TSLA,"I'm worried on TSLA, price action has been interesting.",112.03579327914883
2023-01-19,GOOGL,"Investors are talking a lot about GOOGL, big moves expected soon!",86.384738769212
2023-02-02,GOOGL,"GOOGL stock is drawing attention, traders are neutral.",88.41417458413825
2023-03-21,AMZN,Market sentiment towards AMZN looks neutral these days.,100.86978418940626
2023-03-10,AMZN,Market sentiment towards AMZN looks worried these days.,98.80649412024268
2023-03-21,GOOGL,"GOOGL stock is drawing attention, traders are bearish.",88.77606573440579
2023-03-27,AMZN,"I'm worried on AMZN, price action has been interesting.",88.40501453588696
2023-02-23,TSLA,Analysts believe TSLA could stabilize after recent news.,112.56845981398098
2023-03-17,GOOGL,Market sentiment towards GOOGL looks neutral these days.,88.61815752840099
2023-02-20,TSLA,Market sentiment towards TSLA looks bullish these days.,110.74399848729672
2023-02-21,MSFT,"MSFT outlook is bullish, according to many investors.",252.2960828325226
2023-01-19,MSFT,"Investors are talking a lot about MSFT, big moves expected soon!",254.3746539509492
2023-02-07,TSLA,"Lots of chatter on TSLA today, could this mean stabilize?",107.2196372557134
2023-02-13,TSLA,Analysts believe TSLA could fall after recent news.,116.27312227613815
2023-03-02,GOOGL,"GOOGL outlook is excited, according to many investors.",87.56346828310043
2023-03-08,TSLA,"I'm neutral on TSLA, price action has been interesting.",112.09895647004323
2023-03-21,TSLA,"TSLA outlook is excited, according to many investors.",107.2196372557134
2023-01-31,AAPL,Analysts believe AAPL could breakout after recent news.,112.50905292656483
2023-01-05,TSLA,"I'm worried on TSLA, price action has been interesting.",112.62746341532046
2023-03-06,AMZN,"I'm neutral on AMZN, price action has been interesting.",92.91152312861108
2023-03-23,GOOGL,"GOOGL outlook is bearish, according to many investors.",87.56346828310043
2023-02-16,AAPL,"I'm neutral on AAPL, price action has been interesting.",134.1217558293525
2023-01-16,TSLA,"I'm neutral on TSLA, price action has been interesting.",116.2845051448232
2023-02-13,GOOGL,Market sentiment towards GOOGL looks bearish these days.,98.14613905684384
2023-01-16,TSLA,Market sentiment towards TSLA looks worried these days.,113.63286221620928
2023-03-20,AAPL,Analysts believe AAPL could breakout after recent news.,118.2733156103735
2023-02-22,MSFT,"MSFT outlook is bearish, according to many investors.",255.4070691205143
2023-01-30,GOOGL,"Lots of chatter on GOOGL today, could this mean stabilize?",86.39351060045915
2023-01-13,GOOGL,"Investors are talking a lot about GOOGL, big moves expected soon!",95.30714445261762
2023-02-06,AAPL,"Lots of chatter on AAPL today, could this mean dip?",120.71500291031556
2023-01-11,MSFT,"MSFT outlook is bearish, according to many investors.",251.427817526324
2023-01-11,TSLA,Analysts believe TSLA could breakout after recent news.,111.25909926874225
2023-03-24,AAPL,"AAPL outlook is neutral, according to many investors.",125.62780247919687
2023-02-16,AAPL,"Investors are talking a lot about AAPL, big moves expected soon!",122.9133625161458
2023-01-23,AMZN,Analysts believe AMZN could breakout after recent news.,88.90708958366359
2023-01-18,TSLA,Analysts believe TSLA could rise after recent news.,112.09895647004323
2023-01-31,AAPL,"I'm excited on AAPL, price action has been interesting.",113.98598608655568
2023-02-07,MSFT,"MSFT stock is drawing attention, traders are worried.",253.14061648859337
2023-03-30,AMZN,"Investors are talking a lot about AMZN, big moves expected soon!",104.91895621571564
2023-01-03,AMZN,"AMZN outlook is bullish, according to many investors.",87.35981101659057
2023-02-06,MSFT,The way MSFT has been performing makes me feel bullish.,258.7280582354071
2023-02-10,MSFT,The way MSFT has been performing makes me feel worried.,250.822460604913
2023-01-11,GOOGL,"I'm bullish on GOOGL, price action has been interesting.",86.39351060045915
2023-02-22,MSFT,"MSFT stock is drawing attention, traders are worried.",250.5556902998358
2023-03-27,TSLA,Analysts believe TSLA could fall after recent news.,112.41553111626052
2023-03-31,TSLA,The way TSLA has been performing makes me feel bullish.,116.43656434179384
2023-03-06,AMZN,The way AMZN has been performing makes me feel bullish.,89.09791095488092
2023-03-01,TSLA,"Investors are talking a lot about TSLA, big moves expected soon!",117.73577041637893
2023-03-23,AMZN,"AMZN outlook is bearish, according to many investors.",89.07407304765302
2023-03-06,GOOGL,The way GOOGL has been performing makes me feel bearish.,89.64912995730377
2023-02-17,AMZN,"AMZN outlook is bullish, according to many investors.",88.20236890604593
2023-02-23,AMZN,"AMZN outlook is worried, according to many investors.",89.91119166002758
2023-03-13,GOOGL,"Lots of chatter on GOOGL today, could this mean fall?",86.39351060045915
2023-01-05,TSLA,"I'm bearish on TSLA, price action has been interesting.",112.71248005714163
2023-03-13,TSLA,"TSLA stock is drawing attention, traders are worried.",120.86505772800692
2023-01-06,MSFT,"Investors are talking a lot about MSFT, big moves expected soon!",250.81557924919667
2023-03-17,AMZN,"I'm neutral on AMZN, price action has been interesting.",90.55289027819296
2023-01-27,GOOGL,Market sentiment towards GOOGL looks bearish these days.,95.30714445261762
2023-02-02,GOOGL,"I'm excited on GOOGL, price action has been interesting.",88.63862365044015
2023-02-20,AAPL,"Lots of chatter on AAPL today, could this mean dip?",133.76029139502614
2023-02-16,TSLA,"Investors are talking a lot about TSLA, big moves expected soon!",117.2064150051684
2023-03-16,GOOGL,"Investors are talking a lot about GOOGL, big moves expected soon!",103.3391401422243
2023-02-16,MSFT,"MSFT stock is drawing attention, traders are worried.",254.32432759160727
2023-01-24,AAPL,"AAPL stock is drawing attention, traders are bullish.",125.97266494499742
2023-01-06,TSLA,"Investors are talking a lot about TSLA, big moves expected soon!",117.2064150051684
2023-01-25,GOOGL,"Lots of chatter on GOOGL today, could this mean breakout?",98.14613905684384
2023-03-17,AAPL,The way AAPL has been performing makes me feel bullish.,126.07935508016996
2023-03-15,AMZN,Analysts believe AMZN could stabilize after recent news.,88.90708958366359
2023-03-10,MSFT,"MSFT outlook is excited, according to many investors.",251.54188046292808
2023-03-03,MSFT,"Investors are talking a lot about MSFT, big moves expected soon!",249.71601303957576
2023-01-18,AMZN,The way AMZN has been performing makes me feel neutral.,102.0264607185497
2023-01-23,GOOGL,Market sentiment towards GOOGL looks bullish these days.,95.3960924679492
2023-01-18,AAPL,The way AAPL has been performing makes me feel bullish.,138.96122223397512
2023-01-27,AMZN,"Lots of chatter on AMZN today, could this mean rise?",102.0264607185497
2023-03-07,TSLA,"TSLA stock is drawing attention, traders are excited.",116.43656434179384
2023-01-26,AAPL,Market sentiment towards AAPL looks bullish these days.,113.98598608655568
2023-03-03,MSFT,"MSFT stock is drawing attention, traders are bullish.",250.4815684727234
2023-02-21,TSLA,"TSLA stock is drawing attention, traders are worried.",114.37058262128392
2023-03-16,AAPL,The way AAPL has been performing makes me feel excited.,105.97676885173104
2023-01-09,AAPL,The way AAPL has been performing makes me feel bullish.,137.8761021468032
2023-01-19,TSLA,Analysts believe TSLA could dip after recent news.,112.484954655671
2023-01-05,TSLA,Market sentiment towards TSLA looks bearish these days.,112.5579038235086
2023-03-17,MSFT,The way MSFT has been performing makes me feel bearish.,250.81557924919667
2023-02-16,TSLA,"TSLA outlook is bearish, according to many investors.",117.02897351719348
2023-02-07,TSLA,"TSLA outlook is worried, according to many investors.",111.25909926874225
2023-01-10,TSLA,"TSLA stock is drawing attention, traders are worried.",112.71248005714163
2023-01-04,TSLA,Analysts believe TSLA could dip after recent news.,113.63286221620928
2023-03-07,MSFT,Market sentiment towards MSFT looks worried these days.,239.0029198870554
2023-01-03,AAPL,Analysts believe AAPL could dip after recent news.,109.49034777729648
2023-02-03,AMZN,"Lots of chatter on AMZN today, could this mean fall?",90.59433197059629
2023-03-24,MSFT,Market sentiment towards MSFT looks bearish these days.,253.8537717711724
2023-02-02,GOOGL,"GOOGL stock is drawing attention, traders are excited.",88.08394296325406
2023-01-20,GOOGL,"GOOGL outlook is excited, according to many investors.",96.66495044526977
2023-01-19,AAPL,"Investors are talking a lot about AAPL, big moves expected soon!",114.77170255262348
2023-03-16,GOOGL,"Investors are talking a lot about GOOGL, big moves expected soon!",88.47249554433462
2023-01-09,GOOGL,"GOOGL stock is drawing attention, traders are bullish.",92.71093545880773
2023-01-25,TSLA,The way TSLA has been performing makes me feel bullish.,114.37058262128392
2023-01-27,TSLA,"TSLA outlook is bearish, according to many investors.",113.63097571992164
2023-03-28,AAPL,Market sentiment towards AAPL looks worried these days.,108.10077741317558
2023-02-24,GOOGL,"GOOGL stock is drawing attention, traders are neutral.",102.59576771282129
2023-02-23,AMZN,Analysts believe AMZN could fall after recent news.,89.52899291686128
2023-03-14,GOOGL,"Investors are talking a lot about GOOGL, big moves expected soon!",102.55376002955576
2023-02-14,TSLA,"I'm excited on TSLA, price action has been interesting.",107.74149530735816
2023-02-07,GOOGL,"GOOGL stock is drawing attention, traders are bearish.",86.79749893370014
2023-03-14,GOOGL,Analysts believe GOOGL could stabilize after recent news.,86.29183002409107
2023-03-29,AAPL,"I'm excited on AAPL, price action has been interesting.",118.2733156103735
2023-03-29,AMZN,Analysts believe AMZN could rise after recent news.,89.91119166002758
2023-01-24,GOOGL,"Lots of chatter on GOOGL today, could this mean rise?",86.2810077483177
2023-03-09,MSFT,Market sentiment towards MSFT looks bearish these days.,239.42678753583849
2023-02-01,AMZN,Market sentiment towards AMZN looks neutral these days.,104.91895621571564
2023-01-18,GOOGL,Analysts believe GOOGL could fall after recent news.,92.71093545880773
2023-02-01,MSFT,"MSFT outlook is worried, according to many investors.",250.81557924919667
2023-03-21,GOOGL,Analysts believe GOOGL could rise after recent news.,103.7271867384658
2023-03-28,MSFT,"MSFT outlook is bullish, according to many investors.",250.7110413556572
2023-03-16,TSLA,Analysts believe TSLA could dip after recent news.,115.24796470827592
2023-01-27,TSLA,"Investors are talking a lot about TSLA, big moves expected soon!",112.62746341532046
2023-03-14,AMZN,"I'm bearish on AMZN, price action has been interesting.",102.0264607185497
2023-02-01,AMZN,"I'm bullish on AMZN, price action has been interesting.",90.55289027819296
2023-02-17,TSLA,"TSLA outlook is excited, according to many investors.",106.13694076891493
2023-02-16,AAPL,Analysts believe AAPL could dip after recent news.,122.04644224651518
2023-02-15,AAPL,Analysts believe AAPL could rise after recent news.,118.71118624893776
2023-03-06,MSFT,"Investors are talking a lot about MSFT, big moves expected soon!",239.42678753583849
2023-03-03,TSLA,"Lots of chatter on TSLA today, could this mean dip?",117.21422940849848
2023-01-26,MSFT,"MSFT outlook is excited, according to many investors.",256.037607609795
2023-01-20,MSFT,"MSFT outlook is bullish, according to many investors.",250.4815684727234
2023-02-23,TSLA,"Investors are talking a lot about TSLA, big moves expected soon!",111.88185997100378
2023-01-25,AMZN,"Lots of chatter on AMZN today, could this mean dip?",97.46193032884544
2023-03-23,AAPL,"Investors are talking a lot about AAPL, big moves expected soon!",110.48308955585064
2023-02-14,TSLA,Analysts believe TSLA could stabilize after recent news.,114.00855815065005
2023-01-30,AAPL,"Investors are talking a lot about AAPL, big moves expected soon!",110.111771602523
2023-02-24,MSFT,The way MSFT has been performing makes me feel neutral.,256.037607609795
2023-02-07,AAPL,Market sentiment towards AAPL looks excited these days.,125.76285888857272
2023-01-03,AAPL,Market sentiment towards AAPL looks worried these days.,105.97676885173104
2023-02-23,GOOGL,"Lots of chatter on GOOGL today, could this mean dip?",107.65982590422904
2023-03-20,MSFT,The way MSFT has been performing makes me feel bullish.,250.5556902998358
2023-01-18,TSLA,"Investors are talking a lot about TSLA, big moves expected soon!",113.63097750248954
2023-03-20,MSFT,"Investors are talking a lot about MSFT, big moves expected soon!",257.4091621014592
2023-03-20,MSFT,The way MSFT has been performing makes me feel bearish.,239.0029198870554
2023-02-08,MSFT,"MSFT outlook is worried, according to many investors.",254.8222399169049
2023-03-30,AAPL,Analysts believe AAPL could dip after recent news.,138.8150509186731
2023-03-30,TSLA,Analysts believe TSLA could rise after recent news.,112.484954655671
2023-03-20,MSFT,"MSFT outlook is worried, according to many investors.",238.97799071361024
2023-02-27,AMZN,"I'm neutral on AMZN, price action has been interesting.",88.92831195630367
2023-02-27,GOOGL,"Lots of chatter on GOOGL today, could this mean rise?",88.96571465313265
2023-01-05,AAPL,"I'm neutral on AAPL, price action has been interesting.",107.33061285234297
2023-03-21,MSFT,"MSFT outlook is excited, according to many investors.",239.42678753583849
2023-02-10,GOOGL,Market sentiment towards GOOGL looks bearish these days.,86.49507571519749
2023-03-06,GOOGL,"GOOGL stock is drawing attention, traders are worried.",88.47249554433462
2023-03-20,AAPL,"Investors are talking a lot about AAPL, big moves expected soon!",119.06991308610915
2023-02-13,GOOGL,Market sentiment towards GOOGL looks bullish these days.,86.49507571519749
2023-01-10,TSLA,Market sentiment towards TSLA looks excited these days.,115.11576987004398
2023-03-16,MSFT,"MSFT outlook is bullish, according to many investors.",254.5032139891401
2023-01-11,TSLA,"I'm neutral on TSLA, price action has been interesting.",112.56813073679352
2023-03-17,GOOGL,"I'm worried on GOOGL, price action has been interesting.",86.39351060045915
2023-03-02,TSLA,Analysts believe TSLA could fall after recent news.,112.71248005714163
2023-01-18,AAPL,Analysts believe AAPL could rise after recent news.,107.452609474386
2023-01-27,MSFT,"MSFT stock is drawing attention, traders are neutral.",239.42678753583849
2023-02-14,AAPL,"Investors are talking a lot about AAPL, big moves expected soon!",133.76029139502614
2023-03-24,TSLA,"Investors are talking a lot about TSLA, big moves expected soon!",114.80657640380984
2023-03-10,AMZN,"Lots of chatter on AMZN today, could this mean fall?",90.59433197059629
2023-02-07,AAPL,"AAPL outlook is bullish, according to many investors.",137.1029273412097
2023-02-03,MSFT,"MSFT stock is drawing attention, traders are bearish.",250.7110413556572
2023-03-14,TSLA,"Lots of chatter on TSLA today, could this mean fall?",117.21422940849848
2023-01-30,TSLA,Market sentiment towards TSLA looks neutral these days.,114.05624946250992
2023-01-25,GOOGL,The way GOOGL has been performing makes me feel bullish.,105.64779114122965
2023-02-23,AMZN,"I'm bearish on AMZN, price action has been interesting.",88.20236890604593
2023-01-20,AMZN,"Investors are talking a lot about AMZN, big moves expected soon!",93.89707748083532
2023-03-15,MSFT,"MSFT outlook is bearish, according to many investors.",239.42678753583849
2023-02-22,GOOGL,"Investors are talking a lot about GOOGL, big moves expected soon!",103.47505135285812
2023-03-08,AMZN,Market sentiment towards AMZN looks bullish these days.,102.99140554903606
2023-03-14,AMZN,The way AMZN has been performing makes me feel worried.,100.86978418940626
2023-02-08,GOOGL,"Lots of chatter on GOOGL today, could this mean stabilize?",88.77606573440579
2023-01-23,MSFT,"Investors are talking a lot about MSFT, big moves expected soon!",252.826821580197
2023-01-23,MSFT,"I'm neutral on MSFT, price action has been interesting.",256.36604823097264
2023-02-17,AMZN,"AMZN outlook is bearish, according to many investors.",96.81313331095652
2023-01-24,AMZN,"I'm worried on AMZN, price action has been interesting.",88.90708958366359
2023-03-14,AAPL,"AAPL stock is drawing attention, traders are bullish.",130.3104557300001
2023-01-17,MSFT,"MSFT stock is drawing attention, traders are worried.",256.037607609795
2023-03-08,AAPL,Market sentiment towards AAPL looks worried these days.,135.05833649269752
2023-01-31,TSLA,"TSLA outlook is bullish, according to many investors.",115.26617096790577
2023-03-09,AMZN,Market sentiment towards AMZN looks neutral these days.,99.15285597194504
2023-03-14,TSLA,The way TSLA has been performing makes me feel bearish.,117.21422940849848
2023-01-02,AAPL,"I'm bearish on AAPL, price action has been interesting.",138.0343868483502
2023-03-30,TSLA,The way TSLA has been performing makes me feel bullish.,114.37058262128392
2023-01-11,GOOGL,"I'm excited on GOOGL, price action has been interesting.",103.9596736554112
2023-02-03,MSFT,"MSFT stock is drawing attention, traders are bullish.",251.55173693368533
2023-03-13,AMZN,"I'm worried on AMZN, price action has been interesting.",87.35981101659057
2023-03-15,AMZN,"Investors are talking a lot about AMZN, big moves expected soon!",100.05001650489336
2023-01-20,TSLA,"TSLA outlook is bullish, according to many investors.",116.43656434179384
2023-03-10,AAPL,"AAPL outlook is excited, according to many investors.",134.1217558293525
2023-02-22,GOOGL,Market sentiment towards GOOGL looks bearish these days.,105.64779114122965
2023-02-24,AAPL,"I'm excited on AAPL, price action has been interesting.",137.8761021468032
2023-02-23,AMZN,"AMZN stock is drawing attention, traders are excited.",90.969526103566
2023-01-24,AMZN,Analysts believe AMZN could stabilize after recent news.,89.07407304765302
2023-01-10,AMZN,Analysts believe AMZN could breakout after recent news.,101.29797167766668
2023-02-23,AMZN,"Lots of chatter on AMZN today, could this mean rise?",95.66659292425828
2023-02-17,AMZN,Analysts believe AMZN could rise after recent news.,94.57938143046862
2023-03-13,TSLA,"TSLA outlook is bullish, according to many investors.",112.71248005714163
2023-03-07,TSLA,"TSLA outlook is excited, according to many investors.",116.43656434179384
2023-02-20,AMZN,"I'm bearish on AMZN, price action has been interesting.",100.86978418940626
2023-03-30,TSLA,Analysts believe TSLA could rise after recent news.,111.88185997100378
2023-01-18,GOOGL,"GOOGL stock is drawing attention, traders are bearish.",88.08394296325406
2023-01-25,AAPL,The way AAPL has been performing makes me feel worried.,117.50777302447896
2023-01-30,AMZN,Analysts believe AMZN could stabilize after recent news.,92.0357990874798
2023-03-31,AMZN,Analysts believe AMZN could breakout after recent news.,91.53580168052092
2023-01-11,AAPL,"Lots of chatter on AAPL today, could this mean fall?",134.1217558293525
2023-03-08,AMZN,"AMZN outlook is neutral, according to many investors.",88.7885138526433
2023-03-01,MSFT,"MSFT stock is drawing attention, traders are excited.",255.3793571324257
2023-03-15,AMZN,Analysts believe AMZN could fall after recent news.,87.31005948872884
2023-02-07,MSFT,"I'm neutral on MSFT, price action has been interesting.",252.34772443328157
2023-01-26,GOOGL,"Lots of chatter on GOOGL today, could this mean dip?",88.47249554433462
2023-02-01,AMZN,The way AMZN has been performing makes me feel excited.,103.07971095426508
2023-03-10,GOOGL,Market sentiment towards GOOGL looks excited these days.,94.90275914774982
2023-03-13,TSLA,Analysts believe TSLA could dip after recent news.,113.63097571992164
2023-03-01,AMZN,Market sentiment towards AMZN looks worried these days.,86.26617635749504
2023-03-13,GOOGL,The way GOOGL has been performing makes me feel excited.,102.55376002955576
2023-02-27,AAPL,Market sentiment towards AAPL looks neutral these days.,123.14805754232684
2023-01-16,AAPL,Analysts believe AAPL could breakout after recent news.,121.21232939349684
2023-03-14,MSFT,Market sentiment towards MSFT looks bearish these days.,250.9171170147616
2023-02-01,AMZN,"AMZN outlook is bullish, according to many investors.",89.65641888629835
2023-03-09,GOOGL,"Investors are talking a lot about GOOGL, big moves expected soon!",88.63862365044015
2023-02-22,AAPL,Market sentiment towards AAPL looks excited these days.,118.2733156103735
2023-03-07,TSLA,"Investors are talking a lot about TSLA, big moves expected soon!",113.86768673542504
2023-01-10,AMZN,"I'm worried on AMZN, price action has been interesting.",90.55289027819296
2023-03-28,AAPL,"AAPL outlook is bullish, according to many investors.",137.58685188434174
2023-02-09,AMZN,The way AMZN has been performing makes me feel worried.,87.73786151172393
2023-02-22,TSLA,"Lots of chatter on TSLA today, could this mean dip?",110.07817504102144
2023-02-15,GOOGL,"I'm neutral on GOOGL, price action has been interesting.",86.384738769212
2023-02-09,TSLA,"Lots of chatter on TSLA today, could this mean stabilize?",115.81012322074378
2023-02-01,MSFT,"Lots of chatter on MSFT today, could this mean rise?",253.22305341902452
2023-01-04,GOOGL,Market sentiment towards GOOGL looks neutral these days.,105.64779114122965
2023-03-03,GOOGL,"Investors are talking a lot about GOOGL, big moves expected soon!",86.93710310368019
2023-01-11,AMZN,The way AMZN has been performing makes me feel bullish.,87.31005948872884
2023-02-09,GOOGL,"GOOGL stock is drawing attention, traders are worried.",94.90275914774982
2023-01-03,AAPL,"Investors are talking a lot about AAPL, big moves expected soon!",107.89910165451091
2023-03-10,GOOGL,"Investors are talking a lot about GOOGL, big moves expected soon!",87.56346828310043
2023-03-31,AAPL,"AAPL stock is drawing attention, traders are neutral.",130.3104557300001
2023-01-27,AMZN,"I'm bearish on AMZN, price action has been interesting.",92.0357990874798
2023-03-14,AMZN,Analysts believe AMZN could breakout after recent news.,89.07407304765302
2023-02-21,AMZN,"AMZN outlook is bearish, according to many investors.",98.80649412024268
2023-02-07,AAPL,"I'm neutral on AAPL, price action has been interesting.",114.77170255262348
2023-03-07,AAPL,"Lots of chatter on AAPL today, could this mean breakout?",134.59002974325085
2023-01-09,GOOGL,"GOOGL stock is drawing attention, traders are neutral.",89.49577838191351
2023-03-24,AAPL,"Investors are talking a lot about AAPL, big moves expected soon!",113.98598608655568
2023-03-03,AAPL,"AAPL outlook is excited, according to many investors.",121.82459706709544
2023-03-02,GOOGL,"Investors are talking a lot about GOOGL, big moves expected soon!",86.79749893370014
2023-01-25,GOOGL,Market sentiment towards GOOGL looks bearish these days.,90.21111369277384
2023-03-31,MSFT,Market sentiment towards MSFT looks excited these days.,256.037607609795
2023-02-03,TSLA,Market sentiment towards TSLA looks bearish these days.,115.44975062951112
2023-02-07,MSFT,"MSFT outlook is bullish, according to many investors.",251.55173693368533
2023-01-10,AAPL,"AAPL outlook is bullish, according to many investors.",130.7168997036801
2023-03-02,AAPL,"I'm worried on AAPL, price action has been interesting.",109.26212047440468
2023-02-09,AAPL,"AAPL stock is drawing attention, traders are bearish.",130.7168997036801
2023-03-02,AMZN,"Investors are talking a lot about AMZN, big moves expected soon!",88.40501453588696
2023-02-20,TSLA,"I'm neutral on TSLA, price action has been interesting.",113.63097571992164
2023-01-26,GOOGL,The way GOOGL has been performing makes me feel excited.,103.3391401422243
2023-01-09,TSLA,"TSLA stock is drawing attention, traders are worried.",114.37058262128392
2023-02-03,MSFT,The way MSFT has been performing makes me feel excited.,251.33964010816825
2023-02-13,MSFT,Analysts believe MSFT could dip after recent news.,238.97799071361024
2023-01-12,AAPL,Market sentiment towards AAPL looks excited these days.,110.111771602523
2023-02-21,MSFT,"Investors are talking a lot about MSFT, big moves expected soon!",253.93499282328747
2023-02-07,AMZN,Market sentiment towards AMZN looks excited these days.,92.1193968628654
2023-01-18,MSFT,Market sentiment towards MSFT looks worried these days.,254.3746539509492
2023-02-27,AAPL,"AAPL outlook is bearish, according to many investors.",137.58685188434174
2023-02-02,MSFT,"I'm excited on MSFT, price action has been interesting.",247.8969090457618
2023-03-02,AAPL,"AAPL outlook is excited, according to many investors.",110.29145320597452
2023-03-24,AMZN,"I'm excited on AMZN, price action has been interesting.",91.89867313786772
2023-01-12,AMZN,"AMZN stock is drawing attention, traders are bullish.",94.05128089966354
2023-01-03,MSFT,Market sentiment towards MSFT looks worried these days.,251.4915430306843
2023-03-20,TSLA,"Investors are talking a lot about TSLA, big moves expected soon!",110.74399848729672
2023-02-10,GOOGL,"I'm bullish on GOOGL, price action has been interesting.",92.71093545880773
2023-01-31,GOOGL,"GOOGL stock is drawing attention, traders are bullish.",94.21294969027754
2023-01-18,GOOGL,"GOOGL stock is drawing attention, traders are neutral.",89.16355432644994
2023-01-23,MSFT,Market sentiment towards MSFT looks neutral these days.,252.826821580197
2023-03-03,MSFT,"MSFT outlook is neutral, according to many investors.",250.0364394129566
2023-03-31,TSLA,"Lots of chatter on TSLA today, could this mean stabilize?",114.37058262128392
2023-01-16,AAPL,"Lots of chatter on AAPL today, could this mean stabilize?",107.452609474386
2023-01-27,AAPL,"AAPL outlook is worried, according to many investors.",119.74445509167056
2023-03-29,MSFT,"MSFT outlook is bearish, according to many investors.",255.4070691205143
2023-01-17,GOOGL,"Investors are talking a lot about GOOGL, big moves expected soon!",95.30714445261762
2023-03-28,GOOGL,"I'm bullish on GOOGL, price action has been interesting.",98.02708834472024
2023-02-28,AMZN,"AMZN stock is drawing attention, traders are excited.",91.27015849190768
2023-03-22,AMZN,"Lots of chatter on AMZN today, could this mean rise?",92.03902588070363
2023-01-06,TSLA,Market sentiment towards TSLA looks bullish these days.,110.07817504102144
2023-02-07,AAPL,Analysts believe AAPL could dip after recent news.,125.97266494499742
2023-02-08,AMZN,"Investors are talking a lot about AMZN, big moves expected soon!",97.46193032884544
2023-02-06,AMZN,"Investors are talking a lot about AMZN, big moves expected soon!",92.0357990874798
2023-03-09,MSFT,Market sentiment towards MSFT looks bullish these days.,255.5921656362433
2023-01-30,AAPL,Analysts believe AAPL could rise after recent news.,108.82782091448937
2023-01-02,AAPL,"I'm worried on AAPL, price action has been interesting.",107.20012142941276
2023-03-22,MSFT,Market sentiment towards MSFT looks worried these days.,250.1534581332311
2023-03-17,AMZN,Analysts believe AMZN could rise after recent news.,104.91895621571564
2023-02-06,MSFT,Analysts believe MSFT could breakout after recent news.,254.99352785022364
2023-02-03,TSLA,"Investors are talking a lot about TSLA, big moves expected soon!",112.5579038235086
2023-02-15,TSLA,Analysts believe TSLA could stabilize after recent news.,112.56813073679352
2023-01-09,GOOGL,"I'm bullish on GOOGL, price action has been interesting.",103.47505135285812
2023-02-01,AMZN,Market sentiment towards AMZN looks bullish these days.,90.55289027819296
2023-02-10,AMZN,Analysts believe AMZN could rise after recent news.,86.26617635749504
2023-03-16,TSLA,Market sentiment towards TSLA looks worried these days.,113.86768673542504
2023-01-16,TSLA,"TSLA stock is drawing attention, traders are excited.",105.8143693455829
2023-02-13,TSLA,Market sentiment towards TSLA looks excited these days.,112.71248005714163
2023-01-09,AMZN,Market sentiment towards AMZN looks neutral these days.,89.81734526186513
2023-01-16,GOOGL,"Lots of chatter on GOOGL today, could this mean stabilize?",92.6802413334508
2023-01-17,GOOGL,"GOOGL stock is drawing attention, traders are excited.",88.79797393518416
2023-03-15,TSLA,Market sentiment towards TSLA looks bullish these days.,115.2769394274327
2023-02-20,AMZN,"I'm excited on AMZN, price action has been interesting.",90.969526103566
2023-01-24,AAPL,Analysts believe AAPL could stabilize after recent news.,107.89910165451091
2023-02-08,MSFT,"I'm neutral on MSFT, price action has been interesting.",255.5921656362433
2023-01-31,AMZN,"AMZN outlook is excited, according to many investors.",88.7885138526433
2023-01-10,AAPL,Analysts believe AAPL could fall after recent news.,108.1772087535367
2023-01-20,AMZN,Market sentiment towards AMZN looks excited these days.,88.90708958366359
2023-01-16,AMZN,"I'm worried on AMZN, price action has been interesting.",88.92831195630367
2023-02-02,GOOGL,"I'm bearish on GOOGL, price action has been interesting.",103.92117866845123
2023-02-10,MSFT,"MSFT outlook is bearish, according to many investors.",250.81557924919667
2023-03-27,MSFT,Analysts believe MSFT could fall after recent news.,254.9057199189457
2023-02-27,MSFT,Analysts believe MSFT could fall after recent news.,252.19675275701448
2023-03-13,GOOGL,"GOOGL outlook is bullish, according to many investors.",86.93710310368019
2023-03-02,AAPL,"I'm neutral on AAPL, price action has been interesting.",134.59002974325085
2023-01-18,GOOGL,"Lots of chatter on GOOGL today, could this mean rise?",102.59576771282129
2023-01-17,AAPL,"Lots of chatter on AAPL today, could this mean rise?",110.5381747122457
2023-01-12,AMZN,"Investors are talking a lot about AMZN, big moves expected soon!",92.91152312861108
2023-03-08,MSFT,Analysts believe MSFT could dip after recent news.,256.9250075615008
2023-03-09,AAPL,"AAPL outlook is bearish, according to many investors.",133.76029139502614
2023-03-15,GOOGL,Analysts believe GOOGL could dip after recent news.,86.89961556713949
2023-03-20,AMZN,"AMZN stock is drawing attention, traders are bullish.",97.46193032884544
2023-02-24,GOOGL,Analysts believe GOOGL could stabilize after recent news.,92.71093545880773
2023-02-02,TSLA,Market sentiment towards TSLA looks neutral these days.,117.02897351719348
2023-02-15,MSFT,"Lots of chatter on MSFT today, could this mean dip?",240.4963585681164
2023-02-01,AMZN,Market sentiment towards AMZN looks neutral these days.,95.6829014695944
2023-03-16,AMZN,Market sentiment towards AMZN looks neutral these days.,94.0224726042693
2023-03-15,AMZN,Market sentiment towards AMZN looks neutral these days.,91.09136003888008
2023-03-09,AMZN,"I'm bearish on AMZN, price action has been interesting.",92.91152312861108
2023-03-09,GOOGL,"GOOGL stock is drawing attention, traders are neutral.",98.31578314324582
2023-03-24,MSFT,"I'm excited on MSFT, price action has been interesting.",240.7706347594577
2023-03-31,AAPL,"AAPL stock is drawing attention, traders are worried.",113.98598608655568
2023-02-14,GOOGL,The way GOOGL has been performing makes me feel neutral.,88.77606573440579
2023-01-30,GOOGL,Market sentiment towards GOOGL looks worried these days.,86.49507571519749
2023-01-25,TSLA,The way TSLA has been performing makes me feel neutral.,114.37058262128392
2023-03-24,AMZN,"Investors are talking a lot about AMZN, big moves expected soon!",95.6829014695944
2023-01-18,TSLA,Market sentiment towards TSLA looks neutral these days.,114.37058262128392
2023-02-02,MSFT,"MSFT outlook is bullish, according to many investors.",255.4070691205143
2023-02-10,MSFT,"MSFT stock is drawing attention, traders are bullish.",252.2960828325226
2023-01-03,GOOGL,"GOOGL outlook is bullish, according to many investors.",91.54455366458208
2023-02-03,MSFT,"MSFT outlook is worried, according to many investors.",239.3103700989465
