sport,playlist_name,url,song,artist,album
gym,gym baddies playlist🎧✨🩷,https://open.spotify.com/playlist/3wivqvNFOgb1I9yJC1oFLb,Rich Baby Daddy (feat. Sexyy Red & SZA),"Drake, Sexyy Red, SZA",For All The Dogs
gym,gym baddies playlist🎧✨🩷,https://open.spotify.com/playlist/3wivqvNFOgb1I9yJC1oFLb,SHE WILL - Instrumental,XXKATUSJINSUX,SHE WILL (Instrumental)
gym,gym baddies playlist🎧✨🩷,https://open.spotify.com/playlist/3wivqvNFOgb1I9yJC1oFLb,Megan's Piano,Megan Thee Stallion,Something for Thee Hotties
gym,gym baddies playlist🎧✨🩷,https://open.spotify.com/playlist/3wivqvNFOgb1I9yJC1oFLb,Paparazzi,Lady Gaga,The Fame
gym,gym baddies playlist🎧✨🩷,https://open.spotify.com/playlist/3wivqvNFOgb1I9yJC1oFLb,FTCU,Nicki Minaj,Pink Friday 2
gym,gym baddies playlist🎧✨🩷,https://open.spotify.com/playlist/3wivqvNFOgb1I9yJC1oFLb,You Know You Like It,"DJ Snake, AlunaGeorge",You Know You Like It
gym,gym baddies playlist🎧✨🩷,https://open.spotify.com/playlist/3wivqvNFOgb1I9yJC1oFLb,Obsessed,Mariah Carey,Memoirs of an imperfect Angel
gym,gym baddies playlist🎧✨🩷,https://open.spotify.com/playlist/3wivqvNFOgb1I9yJC1oFLb,Work Bitch,Britney Spears,Britney Jean (Deluxe Version)
gym,gym baddies playlist🎧✨🩷,https://open.spotify.com/playlist/3wivqvNFOgb1I9yJC1oFLb,Maneater,Nelly Furtado,Loose
gym,gym baddies playlist🎧✨🩷,https://open.spotify.com/playlist/3wivqvNFOgb1I9yJC1oFLb,2 On (feat. ScHoolboy Q),"Tinashe, ScHoolboy Q",Aquarius
gym,gym baddies playlist🎧✨🩷,https://open.spotify.com/playlist/3wivqvNFOgb1I9yJC1oFLb,Me & U,Cassie,Cassie (U.S. Version)
gym,gym baddies playlist🎧✨🩷,https://open.spotify.com/playlist/3wivqvNFOgb1I9yJC1oFLb,Pink Friday Girls,Nicki Minaj,Pink Friday 2
gym,gym baddies playlist🎧✨🩷,https://open.spotify.com/playlist/3wivqvNFOgb1I9yJC1oFLb,Gold Digger,"Kanye West, Jamie Foxx",Late Registration
gym,gym baddies playlist🎧✨🩷,https://open.spotify.com/playlist/3wivqvNFOgb1I9yJC1oFLb,Clarity,"Zedd, Foxes",Clarity
gym,gym baddies playlist🎧✨🩷,https://open.spotify.com/playlist/3wivqvNFOgb1I9yJC1oFLb,Motivation,"Kelly Rowland, Lil Wayne",Motivation
gym,gym baddies playlist🎧✨🩷,https://open.spotify.com/playlist/3wivqvNFOgb1I9yJC1oFLb,What Goes Around.../...Comes Around (Interlude),Justin Timberlake,FutureSex/LoveSounds
gym,gym baddies playlist🎧✨🩷,https://open.spotify.com/playlist/3wivqvNFOgb1I9yJC1oFLb,Gimme More,Britney Spears,Blackout
gym,gym baddies playlist🎧✨🩷,https://open.spotify.com/playlist/3wivqvNFOgb1I9yJC1oFLb,Stir Fry,Migos,Culture II
gym,gym baddies playlist🎧✨🩷,https://open.spotify.com/playlist/3wivqvNFOgb1I9yJC1oFLb,Habits (Stay High),Tove Lo,Queen Of The Clouds
gym,gym baddies playlist🎧✨🩷,https://open.spotify.com/playlist/3wivqvNFOgb1I9yJC1oFLb,Poker Face,Lady Gaga,The Fame
gym,gym baddies playlist🎧✨🩷,https://open.spotify.com/playlist/3wivqvNFOgb1I9yJC1oFLb,Meet Me Halfway,Black Eyed Peas,THE E.N.D. (THE ENERGY NEVER DIES)
gym,gym baddies playlist🎧✨🩷,https://open.spotify.com/playlist/3wivqvNFOgb1I9yJC1oFLb,CARNIVAL,"¥$, Kanye West, Ty Dolla $ign",VULTURES 1
gym,gym baddies playlist🎧✨🩷,https://open.spotify.com/playlist/3wivqvNFOgb1I9yJC1oFLb,Softcore,The Neighbourhood,Hard To Imagine The Neighbourhood Ever Changing
gym,gym baddies playlist🎧✨🩷,https://open.spotify.com/playlist/3wivqvNFOgb1I9yJC1oFLb,The Night Is Still Young,Nicki Minaj,The Pinkprint (Deluxe)
gym,gym baddies playlist🎧✨🩷,https://open.spotify.com/playlist/3wivqvNFOgb1I9yJC1oFLb,The Sweet Escape,"Gwen Stefani, Akon",The Sweet Escape
gym,gym baddies playlist🎧✨🩷,https://open.spotify.com/playlist/3wivqvNFOgb1I9yJC1oFLb,Crazy In Love (feat. JAY-Z),"Beyoncé, JAY-Z",Dangerously In Love
gym,gym baddies playlist🎧✨🩷,https://open.spotify.com/playlist/3wivqvNFOgb1I9yJC1oFLb,Diva,Beyoncé,I AM...SASHA FIERCE
gym,gym baddies playlist🎧✨🩷,https://open.spotify.com/playlist/3wivqvNFOgb1I9yJC1oFLb,Applause,Lady Gaga,ARTPOP
gym,gym baddies playlist🎧✨🩷,https://open.spotify.com/playlist/3wivqvNFOgb1I9yJC1oFLb,Gang Baby,NLE Choppa,SLUT SZN
gym,gym baddies playlist🎧✨🩷,https://open.spotify.com/playlist/3wivqvNFOgb1I9yJC1oFLb,Time of Our Lives,"Pitbull, Ne-Yo",Globalization
gym,gym baddies playlist🎧✨🩷,https://open.spotify.com/playlist/3wivqvNFOgb1I9yJC1oFLb,Fair Trade (with Travis Scott),"Drake, Travis Scott",Certified Lover Boy
gym,gym baddies playlist🎧✨🩷,https://open.spotify.com/playlist/3wivqvNFOgb1I9yJC1oFLb,Rocking A Cardigan in Atlanta,lil Shordie Scott,Rocking A Cardigan in Atlanta
gym,gym baddies playlist🎧✨🩷,https://open.spotify.com/playlist/3wivqvNFOgb1I9yJC1oFLb,No Pole,Don Toliver,Love Sick (Deluxe)
gym,gym baddies playlist🎧✨🩷,https://open.spotify.com/playlist/3wivqvNFOgb1I9yJC1oFLb,Breakin' Dishes,Rihanna,Good Girl Gone Bad
gym,gym baddies playlist🎧✨🩷,https://open.spotify.com/playlist/3wivqvNFOgb1I9yJC1oFLb,Kids,MGMT,Oracular Spectacular
gym,gym baddies playlist🎧✨🩷,https://open.spotify.com/playlist/3wivqvNFOgb1I9yJC1oFLb,The Spins,"Mac Miller, Empire Of The Sun",K.I.D.S. (Deluxe)
gym,gym baddies playlist🎧✨🩷,https://open.spotify.com/playlist/3wivqvNFOgb1I9yJC1oFLb,Nightcrawler (feat. Swae Lee & Chief Keef),"Travis Scott, Swae Lee, Chief Keef",Rodeo
gym,gym baddies playlist🎧✨🩷,https://open.spotify.com/playlist/3wivqvNFOgb1I9yJC1oFLb,Timeless (feat. Playboi Carti),"The Weeknd, Playboi Carti",Timeless
gym,gym baddies playlist🎧✨🩷,https://open.spotify.com/playlist/3wivqvNFOgb1I9yJC1oFLb,On The Floor,"Jennifer Lopez, Pitbull",LOVE?
gym,gym baddies playlist🎧✨🩷,https://open.spotify.com/playlist/3wivqvNFOgb1I9yJC1oFLb,Hall of Fame (feat. will.i.am),"The Script, will.i.am",#3
gym,gym baddies playlist🎧✨🩷,https://open.spotify.com/playlist/3wivqvNFOgb1I9yJC1oFLb,Love Me,"Lil Wayne, Drake, Future",I Am Not A Human Being II (Deluxe)
gym,gym baddies playlist🎧✨🩷,https://open.spotify.com/playlist/3wivqvNFOgb1I9yJC1oFLb,Breakin' Dishes,Rihanna,Good Girl Gone Bad: Reloaded
gym,gym baddies playlist🎧✨🩷,https://open.spotify.com/playlist/3wivqvNFOgb1I9yJC1oFLb,Throw Away,Future,Monster
gym,gym baddies playlist🎧✨🩷,https://open.spotify.com/playlist/3wivqvNFOgb1I9yJC1oFLb,São Paulo (feat. Anitta),"The Weeknd, Anitta",São Paulo
gym,gym baddies playlist🎧✨🩷,https://open.spotify.com/playlist/3wivqvNFOgb1I9yJC1oFLb,All Too Well (Taylor's Version),Taylor Swift,Red (Taylor's Version)
gym,gym baddies playlist🎧✨🩷,https://open.spotify.com/playlist/3wivqvNFOgb1I9yJC1oFLb,Heartbeat,Childish Gambino,Camp
gym,gym baddies playlist🎧✨🩷,https://open.spotify.com/playlist/3wivqvNFOgb1I9yJC1oFLb,Mirrors,Justin Timberlake,The 20/20 Experience (Deluxe Version)
gym,gym baddies playlist🎧✨🩷,https://open.spotify.com/playlist/3wivqvNFOgb1I9yJC1oFLb,She Will,"Lil Wayne, Drake",Tha Carter IV (Complete Edition)
gym,gym baddies playlist🎧✨🩷,https://open.spotify.com/playlist/3wivqvNFOgb1I9yJC1oFLb,"Crazy Story, Pt. 3",King Von,"Grandson, Vol. 1"
gym,gym baddies playlist🎧✨🩷,https://open.spotify.com/playlist/3wivqvNFOgb1I9yJC1oFLb,Lose Yourself,Eminem,Curtain Call: The Hits (Deluxe Edition)
gym,gym baddies playlist🎧✨🩷,https://open.spotify.com/playlist/3wivqvNFOgb1I9yJC1oFLb,FE!N (feat. Playboi Carti),"Travis Scott, Playboi Carti",UTOPIA
gym,gym baddies playlist🎧✨🩷,https://open.spotify.com/playlist/3wivqvNFOgb1I9yJC1oFLb,Fashion Killa,A$AP Rocky,LONG.LIVE.A$AP (Deluxe Version)
gym,gym baddies playlist🎧✨🩷,https://open.spotify.com/playlist/3wivqvNFOgb1I9yJC1oFLb,luther (with sza),"Kendrick Lamar, SZA",GNX
gym,gym baddies playlist🎧✨🩷,https://open.spotify.com/playlist/3wivqvNFOgb1I9yJC1oFLb,Needed Me,Rihanna,ANTI (Deluxe)
gym,gym baddies playlist🎧✨🩷,https://open.spotify.com/playlist/3wivqvNFOgb1I9yJC1oFLb,It's ok I'm ok,Tate McRae,It's ok I'm ok
gym,gym baddies playlist🎧✨🩷,https://open.spotify.com/playlist/3wivqvNFOgb1I9yJC1oFLb,Ric Flair Drip (with Metro Boomin),"Offset, Metro Boomin",Without Warning
gym,gym baddies playlist🎧✨🩷,https://open.spotify.com/playlist/3wivqvNFOgb1I9yJC1oFLb,Miss The Rage,"Trippie Redd, Playboi Carti",Trip At Knight
gym,gym baddies playlist🎧✨🩷,https://open.spotify.com/playlist/3wivqvNFOgb1I9yJC1oFLb,If We Being Rëal,Yeat,2093
gym,gym baddies playlist🎧✨🩷,https://open.spotify.com/playlist/3wivqvNFOgb1I9yJC1oFLb,Talk,Yeat,Talk
gym,gym baddies playlist🎧✨🩷,https://open.spotify.com/playlist/3wivqvNFOgb1I9yJC1oFLb,Sports car,Tate McRae,Sports car
gym,gym baddies playlist🎧✨🩷,https://open.spotify.com/playlist/3wivqvNFOgb1I9yJC1oFLb,Trance (with Travis Scott & Young Thug),"Metro Boomin, Travis Scott, Young Thug",HEROES & VILLAINS
gym,gym baddies playlist🎧✨🩷,https://open.spotify.com/playlist/3wivqvNFOgb1I9yJC1oFLb,No Hands (feat. Roscoe Dash & Wale),"Waka Flocka Flame, Roscoe Dash, Wale",Flockaveli
gym,gym baddies playlist🎧✨🩷,https://open.spotify.com/playlist/3wivqvNFOgb1I9yJC1oFLb,you broke me first,Tate McRae,TOO YOUNG TO BE SAD
gym,gym baddies playlist🎧✨🩷,https://open.spotify.com/playlist/3wivqvNFOgb1I9yJC1oFLb,Never Lose Me (feat. SZA & Cardi B),"Flo Milli, SZA, Cardi B","Fine Ho, Stay"
gym,gym baddies playlist🎧✨🩷,https://open.spotify.com/playlist/3wivqvNFOgb1I9yJC1oFLb,Love Sosa,Chief Keef,Finally Rich
gym,gym baddies playlist🎧✨🩷,https://open.spotify.com/playlist/3wivqvNFOgb1I9yJC1oFLb,Temperature,Sean Paul,The Trinity
gym,gym baddies playlist🎧✨🩷,https://open.spotify.com/playlist/3wivqvNFOgb1I9yJC1oFLb,ILUV,Yeat,2093
gym,gym baddies playlist🎧✨🩷,https://open.spotify.com/playlist/3wivqvNFOgb1I9yJC1oFLb,Stuff (feat. Travis Scott),"Lil Baby, Travis Scott",WHAM (Extended Version)
gym,gym baddies playlist🎧✨🩷,https://open.spotify.com/playlist/3wivqvNFOgb1I9yJC1oFLb,Can't Hold Us (feat. Ray Dalton),"Macklemore, Ryan Lewis, Macklemore & Ryan Lewis, Ray Dalton",The Heist
gym,gym baddies playlist🎧✨🩷,https://open.spotify.com/playlist/3wivqvNFOgb1I9yJC1oFLb,Rodeo (Remix),"Lah Pat, Flo Milli",Rodeo (Remix)
gym,gym baddies playlist🎧✨🩷,https://open.spotify.com/playlist/3wivqvNFOgb1I9yJC1oFLb,Cinnamon Girl,Lana Del Rey,Norman Fucking Rockwell!
gym,gym baddies playlist🎧✨🩷,https://open.spotify.com/playlist/3wivqvNFOgb1I9yJC1oFLb,Flex Up (feat. Future & Playboi Carti),"Lil Yachty, Future, Playboi Carti",Lil Boat 3.5
gym,gym baddies playlist🎧✨🩷,https://open.spotify.com/playlist/3wivqvNFOgb1I9yJC1oFLb,Tapout,"Rich Gang, Lil Wayne, Birdman, Mack Maine, Nicki Minaj, Future",Tapout
gym,gym baddies playlist🎧✨🩷,https://open.spotify.com/playlist/3wivqvNFOgb1I9yJC1oFLb,EVERY CHANCE I GET (feat. Lil Baby & Lil Durk),"DJ Khaled, Lil Baby, Lil Durk",KHALED KHALED
gym,gym baddies playlist🎧✨🩷,https://open.spotify.com/playlist/3wivqvNFOgb1I9yJC1oFLb,All Of The Lights,Kanye West,My Beautiful Dark Twisted Fantasy
gym,gym baddies playlist🎧✨🩷,https://open.spotify.com/playlist/3wivqvNFOgb1I9yJC1oFLb,Levels - Original Version,Avicii,Levels
gym,gym baddies playlist🎧✨🩷,https://open.spotify.com/playlist/3wivqvNFOgb1I9yJC1oFLb,"Or Nah (feat. The Weeknd, Wiz Khalifa & DJ Mustard) - Remix","Ty Dolla $ign, The Weeknd, Wiz Khalifa, Mustard","Or Nah (feat. The Weeknd, Wiz Khalifa & DJ Mustard) [Remix]"
gym,gym baddies playlist🎧✨🩷,https://open.spotify.com/playlist/3wivqvNFOgb1I9yJC1oFLb,Lollipop,"Lil Wayne, Static Major",Tha Carter III
gym,gym baddies playlist🎧✨🩷,https://open.spotify.com/playlist/3wivqvNFOgb1I9yJC1oFLb,Woops,Dj Bountyhunter,Woops
gym,gym baddies playlist🎧✨🩷,https://open.spotify.com/playlist/3wivqvNFOgb1I9yJC1oFLb,HIGHEST IN THE ROOM,Travis Scott,HIGHEST IN THE ROOM
gym,gym baddies playlist🎧✨🩷,https://open.spotify.com/playlist/3wivqvNFOgb1I9yJC1oFLb,Tell Ur Girlfriend,Lay Bankz,Tell Ur Girlfriend
gym,gym baddies playlist🎧✨🩷,https://open.spotify.com/playlist/3wivqvNFOgb1I9yJC1oFLb,LoveGame,Lady Gaga,The Fame
gym,gym baddies playlist🎧✨🩷,https://open.spotify.com/playlist/3wivqvNFOgb1I9yJC1oFLb,We Found Love,"Rihanna, Calvin Harris",Talk That Talk
gym,gym baddies playlist🎧✨🩷,https://open.spotify.com/playlist/3wivqvNFOgb1I9yJC1oFLb,Like That,"Future, Metro Boomin, Kendrick Lamar",WE DON'T TRUST YOU
gym,gym baddies playlist🎧✨🩷,https://open.spotify.com/playlist/3wivqvNFOgb1I9yJC1oFLb,Young Metro,"Future, Metro Boomin, The Weeknd",WE DON'T TRUST YOU
gym,gym baddies playlist🎧✨🩷,https://open.spotify.com/playlist/3wivqvNFOgb1I9yJC1oFLb,West Coast,Lana Del Rey,Ultraviolence (Deluxe)
gym,gym baddies playlist🎧✨🩷,https://open.spotify.com/playlist/3wivqvNFOgb1I9yJC1oFLb,I KNOW ?,Travis Scott,UTOPIA
gym,gym baddies playlist🎧✨🩷,https://open.spotify.com/playlist/3wivqvNFOgb1I9yJC1oFLb,Pyramids,Frank Ocean,channel ORANGE
gym,gym baddies playlist🎧✨🩷,https://open.spotify.com/playlist/3wivqvNFOgb1I9yJC1oFLb,Element,Pop Smoke,Meet The Woo 2
gym,gym baddies playlist🎧✨🩷,https://open.spotify.com/playlist/3wivqvNFOgb1I9yJC1oFLb,Flashing Lights,"Kanye West, Dwele",Graduation
gym,gym baddies playlist🎧✨🩷,https://open.spotify.com/playlist/3wivqvNFOgb1I9yJC1oFLb,Money In The Grave (Drake ft. Rick Ross),"Drake, Rick Ross",The Best In The World Pack
gym,gym baddies playlist🎧✨🩷,https://open.spotify.com/playlist/3wivqvNFOgb1I9yJC1oFLb,Love Potions,"BJ Lips, princess paparazzi",Cum n Cocaine
gym,gym baddies playlist🎧✨🩷,https://open.spotify.com/playlist/3wivqvNFOgb1I9yJC1oFLb,Too Comfortable,Future,High Off Life
gym,gym baddies playlist🎧✨🩷,https://open.spotify.com/playlist/3wivqvNFOgb1I9yJC1oFLb,You Only Live Twice (with Lil Wayne & Rick Ross),"Drake, Lil Wayne, Rick Ross",Certified Lover Boy
gym,gym baddies playlist🎧✨🩷,https://open.spotify.com/playlist/3wivqvNFOgb1I9yJC1oFLb,Your Love Is My Drug,Kesha,Animal (Expanded Edition)
gym,gym baddies playlist🎧✨🩷,https://open.spotify.com/playlist/3wivqvNFOgb1I9yJC1oFLb,INDUSTRY BABY (feat. Jack Harlow),"Lil Nas X, Jack Harlow",INDUSTRY BABY (feat. Jack Harlow)
gym,gym baddies playlist🎧✨🩷,https://open.spotify.com/playlist/3wivqvNFOgb1I9yJC1oFLb,Star Shopping,Lil Peep,Star Shopping
gym,gym baddies playlist🎧✨🩷,https://open.spotify.com/playlist/3wivqvNFOgb1I9yJC1oFLb,POWER,Kanye West,My Beautiful Dark Twisted Fantasy
gym,gym baddies playlist🎧✨🩷,https://open.spotify.com/playlist/3wivqvNFOgb1I9yJC1oFLb,Her Way,PARTYNEXTDOOR,PARTYNEXTDOOR TWO
gym,gym baddies playlist🎧✨🩷,https://open.spotify.com/playlist/3wivqvNFOgb1I9yJC1oFLb,Can't Tell Me Nothing,Kanye West,Graduation
gym,gym baddies playlist🎧✨🩷,https://open.spotify.com/playlist/3wivqvNFOgb1I9yJC1oFLb,Let It All Work Out,Lil Wayne,Tha Carter V
gym,gym baddies playlist🎧✨🩷,https://open.spotify.com/playlist/3wivqvNFOgb1I9yJC1oFLb,Cry For Me,The Weeknd,Hurry Up Tomorrow
gym,gym baddies playlist🎧✨🩷,https://open.spotify.com/playlist/3wivqvNFOgb1I9yJC1oFLb,Up All Night,"Drake, Nicki Minaj",Thank Me Later
gym,gym baddies playlist🎧✨🩷,https://open.spotify.com/playlist/3wivqvNFOgb1I9yJC1oFLb,Fancy,"Drake, T.I., Swizz Beatz",Thank Me Later
gym,gym baddies playlist🎧✨🩷,https://open.spotify.com/playlist/3wivqvNFOgb1I9yJC1oFLb,Praise The Lord (Da Shine) (feat. Skepta),"A$AP Rocky, Skepta",TESTING
gym,gym baddies playlist🎧✨🩷,https://open.spotify.com/playlist/3wivqvNFOgb1I9yJC1oFLb,OFF MY FACE,Måneskin,RUSH! (ARE U COMING?)
gym,gym baddies playlist🎧✨🩷,https://open.spotify.com/playlist/3wivqvNFOgb1I9yJC1oFLb,overseas,Ken Carson,A Great Chaos (Deluxe)
gym,gym baddies playlist🎧✨🩷,https://open.spotify.com/playlist/3wivqvNFOgb1I9yJC1oFLb,Enter Sandman (Remastered),Metallica,Metallica (Remastered)
gym,gym baddies playlist🎧✨🩷,https://open.spotify.com/playlist/3wivqvNFOgb1I9yJC1oFLb,Look Back at It,A Boogie Wit da Hoodie,Hoodie SZN
gym,gym baddies playlist🎧✨🩷,https://open.spotify.com/playlist/3wivqvNFOgb1I9yJC1oFLb,Void,Pouya,Five Five
gym,gym baddies playlist🎧✨🩷,https://open.spotify.com/playlist/3wivqvNFOgb1I9yJC1oFLb,DNA.,Kendrick Lamar,DAMN.
gym,gym baddies playlist🎧✨🩷,https://open.spotify.com/playlist/3wivqvNFOgb1I9yJC1oFLb,Tia Tamera (feat. Rico Nasty),"Doja Cat, Rico Nasty",Amala (Deluxe Version)
gym,gym baddies playlist🎧✨🩷,https://open.spotify.com/playlist/3wivqvNFOgb1I9yJC1oFLb,Best I Ever Had,Drake,So Far Gone
gym,gym baddies playlist🎧✨🩷,https://open.spotify.com/playlist/3wivqvNFOgb1I9yJC1oFLb,Monëy so big,Yeat,Up 2 Më
gym,gym baddies playlist🎧✨🩷,https://open.spotify.com/playlist/3wivqvNFOgb1I9yJC1oFLb,Passionfruit,Drake,More Life
gym,gym baddies playlist🎧✨🩷,https://open.spotify.com/playlist/3wivqvNFOgb1I9yJC1oFLb,You,"Lloyd, Lil Wayne",Street Love
gym,gym baddies playlist🎧✨🩷,https://open.spotify.com/playlist/3wivqvNFOgb1I9yJC1oFLb,OUT WEST (feat. Young Thug),"JACKBOYS, Travis Scott, Young Thug",JACKBOYS
gym,gym baddies playlist🎧✨🩷,https://open.spotify.com/playlist/3wivqvNFOgb1I9yJC1oFLb,Slumber Party (feat. Princess Nokia),"Ashnikko, Princess Nokia",DEMIDEVIL
gym,gym baddies playlist🎧✨🩷,https://open.spotify.com/playlist/3wivqvNFOgb1I9yJC1oFLb,Hard To Choose One,Future,High Off Life
gym,gym baddies playlist🎧✨🩷,https://open.spotify.com/playlist/3wivqvNFOgb1I9yJC1oFLb,Don't Stop The Music,Rihanna,Good Girl Gone Bad: Reloaded
gym,gym baddies playlist🎧✨🩷,https://open.spotify.com/playlist/3wivqvNFOgb1I9yJC1oFLb,Big Dawgs,"Hanumankind, Kalmi",Big Dawgs
gym,gym baddies playlist🎧✨🩷,https://open.spotify.com/playlist/3wivqvNFOgb1I9yJC1oFLb,Rap Saved Me (feat. Quavo),"21 Savage, Offset, Metro Boomin, Quavo",Without Warning
gym,gym baddies playlist🎧✨🩷,https://open.spotify.com/playlist/3wivqvNFOgb1I9yJC1oFLb,Homecoming,"Kanye West, Chris Martin",Graduation
gym,gym baddies playlist🎧✨🩷,https://open.spotify.com/playlist/3wivqvNFOgb1I9yJC1oFLb,leavemealone,"Fred again.., Baby Keem",leavemealone
gym,gym baddies playlist🎧✨🩷,https://open.spotify.com/playlist/3wivqvNFOgb1I9yJC1oFLb,Type Shit,"Future, Metro Boomin, Travis Scott, Playboi Carti",WE DON'T TRUST YOU
gym,gym baddies playlist🎧✨🩷,https://open.spotify.com/playlist/3wivqvNFOgb1I9yJC1oFLb,Poison,Brent Faiyaz,Poison
gym,gym baddies playlist🎧✨🩷,https://open.spotify.com/playlist/3wivqvNFOgb1I9yJC1oFLb,Confident,"Justin Bieber, Chance the Rapper",Journals
gym,gym baddies playlist🎧✨🩷,https://open.spotify.com/playlist/3wivqvNFOgb1I9yJC1oFLb,P power (feat. Drake),"Gunna, Drake",DS4EVER
gym,gym baddies playlist🎧✨🩷,https://open.spotify.com/playlist/3wivqvNFOgb1I9yJC1oFLb,SLUT ME OUT,NLE Choppa,SLUT ME OUT
gym,gym baddies playlist🎧✨🩷,https://open.spotify.com/playlist/3wivqvNFOgb1I9yJC1oFLb,The Morning,The Weeknd,Trilogy
gym,gym baddies playlist🎧✨🩷,https://open.spotify.com/playlist/3wivqvNFOgb1I9yJC1oFLb,Talking Body - The Young Professionals Remix,"Tove Lo, The Young Professionals",Talking Body (The Remixes)
gym,gym baddies playlist🎧✨🩷,https://open.spotify.com/playlist/3wivqvNFOgb1I9yJC1oFLb,Replay,Iyaz,Replay
gym,gym baddies playlist🎧✨🩷,https://open.spotify.com/playlist/3wivqvNFOgb1I9yJC1oFLb,Body,Megan Thee Stallion,Good News
gym,gym baddies playlist🎧✨🩷,https://open.spotify.com/playlist/3wivqvNFOgb1I9yJC1oFLb,Chun-Li,Nicki Minaj,Queen
gym,gym baddies playlist🎧✨🩷,https://open.spotify.com/playlist/3wivqvNFOgb1I9yJC1oFLb,Deja Vu (feat. JAY-Z),"Beyoncé, JAY-Z",B'Day Deluxe Edition
gym,gym baddies playlist🎧✨🩷,https://open.spotify.com/playlist/3wivqvNFOgb1I9yJC1oFLb,Lose My Breath,Destiny's Child,Destiny Fulfilled
gym,gym baddies playlist🎧✨🩷,https://open.spotify.com/playlist/3wivqvNFOgb1I9yJC1oFLb,Run This Town,"JAY-Z, Rihanna, Kanye West",The Blueprint 3
gym,gym baddies playlist🎧✨🩷,https://open.spotify.com/playlist/3wivqvNFOgb1I9yJC1oFLb,30 For 30 (with Kendrick Lamar),"SZA, Kendrick Lamar",SOS Deluxe: LANA
gym,gym baddies playlist🎧✨🩷,https://open.spotify.com/playlist/3wivqvNFOgb1I9yJC1oFLb,Summertime Sadness (Lana Del Rey Vs. Cedric Gervais) - Cedric Gervais Remix,"Lana Del Rey, Cedric Gervais",Summertime Sadness (Lana Del Rey Vs. Cedric Gervais) [Cedric Gervais Remix]
gym,gym baddies playlist🎧✨🩷,https://open.spotify.com/playlist/3wivqvNFOgb1I9yJC1oFLb,6 Foot 7 Foot,"Lil Wayne, Cory Gunz",Tha Carter IV (Complete Edition)
gym,gym baddies playlist🎧✨🩷,https://open.spotify.com/playlist/3wivqvNFOgb1I9yJC1oFLb,Solo,Future,HNDRXX
gym,gym baddies playlist🎧✨🩷,https://open.spotify.com/playlist/3wivqvNFOgb1I9yJC1oFLb,Fight Night,Migos,No Label II
gym,gym baddies playlist🎧✨🩷,https://open.spotify.com/playlist/3wivqvNFOgb1I9yJC1oFLb,Push Ups,Drake,Push Ups
gym,gym baddies playlist🎧✨🩷,https://open.spotify.com/playlist/3wivqvNFOgb1I9yJC1oFLb,Ivy,Frank Ocean,Blonde
gym,gym baddies playlist🎧✨🩷,https://open.spotify.com/playlist/3wivqvNFOgb1I9yJC1oFLb,Heartless,The Weeknd,After Hours
gym,gym baddies playlist🎧✨🩷,https://open.spotify.com/playlist/3wivqvNFOgb1I9yJC1oFLb,Nonstop,Drake,Scorpion
gym,gym baddies playlist🎧✨🩷,https://open.spotify.com/playlist/3wivqvNFOgb1I9yJC1oFLb,"Work Hard, Play Hard",Wiz Khalifa,O.N.I.F.C. (Deluxe)
gym,gym baddies playlist🎧✨🩷,https://open.spotify.com/playlist/3wivqvNFOgb1I9yJC1oFLb,I Know,"Big Sean, Jhené Aiko",Dark Sky Paradise
gym,gym baddies playlist🎧✨🩷,https://open.spotify.com/playlist/3wivqvNFOgb1I9yJC1oFLb,Turn On The Lights again.. (feat. Future),"Fred again.., Swedish House Mafia, Future",Turn On The Lights again.. (feat. Future)
gym,gym baddies playlist🎧✨🩷,https://open.spotify.com/playlist/3wivqvNFOgb1I9yJC1oFLb,Back To Black,Amy Winehouse,Back To Black
gym,gym baddies playlist🎧✨🩷,https://open.spotify.com/playlist/3wivqvNFOgb1I9yJC1oFLb,Cake By The Ocean,DNCE,DNCE
gym,gym baddies playlist🎧✨🩷,https://open.spotify.com/playlist/3wivqvNFOgb1I9yJC1oFLb,Like A G6,"Far East Movement, The Cataracs, DEV",Free Wired
gym,gym baddies playlist🎧✨🩷,https://open.spotify.com/playlist/3wivqvNFOgb1I9yJC1oFLb,Only Girl (In The World),Rihanna,Loud
gym,gym baddies playlist🎧✨🩷,https://open.spotify.com/playlist/3wivqvNFOgb1I9yJC1oFLb,Going Bad (feat. Drake),"Meek Mill, Drake",Championships
gym,gym baddies playlist🎧✨🩷,https://open.spotify.com/playlist/3wivqvNFOgb1I9yJC1oFLb,No Role Modelz,J. Cole,2014 Forest Hills Drive
gym,gym baddies playlist🎧✨🩷,https://open.spotify.com/playlist/3wivqvNFOgb1I9yJC1oFLb,Bonfire,Childish Gambino,Camp
gym,gym baddies playlist🎧✨🩷,https://open.spotify.com/playlist/3wivqvNFOgb1I9yJC1oFLb,Lost in the Fire (feat. The Weeknd),"Gesaffelstein, The Weeknd",Hyperion
gym,gym baddies playlist🎧✨🩷,https://open.spotify.com/playlist/3wivqvNFOgb1I9yJC1oFLb,HOTEL LOBBY (Unc & Phew),"Quavo, Takeoff",HOTEL LOBBY (Unc & Phew)
gym,gym baddies playlist🎧✨🩷,https://open.spotify.com/playlist/3wivqvNFOgb1I9yJC1oFLb,Fighter,Christina Aguilera,Stripped
gym,gym baddies playlist🎧✨🩷,https://open.spotify.com/playlist/3wivqvNFOgb1I9yJC1oFLb,Knife Talk (with 21 Savage ft. Project Pat),"Drake, 21 Savage, Project Pat",Certified Lover Boy
gym,gym baddies playlist🎧✨🩷,https://open.spotify.com/playlist/3wivqvNFOgb1I9yJC1oFLb,Life Goes On,"Lil Baby, Gunna, Lil Uzi Vert",Harder Than Ever
gym,gym baddies playlist🎧✨🩷,https://open.spotify.com/playlist/3wivqvNFOgb1I9yJC1oFLb,Buttons,The Pussycat Dolls,PCD
gym,gym baddies playlist🎧✨🩷,https://open.spotify.com/playlist/3wivqvNFOgb1I9yJC1oFLb,Smack That,"Akon, Eminem",Konvicted
gym,gym baddies playlist🎧✨🩷,https://open.spotify.com/playlist/3wivqvNFOgb1I9yJC1oFLb,"Sticky (feat. GloRilla, Sexyy Red & Lil Wayne)","Tyler, The Creator, GloRilla, Sexyy Red, Lil Wayne",CHROMAKOPIA
gym,gym baddies playlist🎧✨🩷,https://open.spotify.com/playlist/3wivqvNFOgb1I9yJC1oFLb,IFHY (feat. Pharrell),"Tyler, The Creator, Pharrell Williams",Wolf
gym,gym baddies playlist🎧✨🩷,https://open.spotify.com/playlist/3wivqvNFOgb1I9yJC1oFLb,Disturbia,Rihanna,Good Girl Gone Bad: Reloaded
gym,gym baddies playlist🎧✨🩷,https://open.spotify.com/playlist/3wivqvNFOgb1I9yJC1oFLb,California Gurls,"Katy Perry, Snoop Dogg",Teenage Dream
gym,gym baddies playlist🎧✨🩷,https://open.spotify.com/playlist/3wivqvNFOgb1I9yJC1oFLb,Danza Kuduro,"Don Omar, Lucenzo",Meet The Orphans
gym,gym baddies playlist🎧✨🩷,https://open.spotify.com/playlist/3wivqvNFOgb1I9yJC1oFLb,Break Stuff,Limp Bizkit,Significant Other
gym,gym baddies playlist🎧✨🩷,https://open.spotify.com/playlist/3wivqvNFOgb1I9yJC1oFLb,What Is Love - Club Mix,Haddaway,What Is Love
gym,gym baddies playlist🎧✨🩷,https://open.spotify.com/playlist/3wivqvNFOgb1I9yJC1oFLb,The Man,Taylor Swift,Lover
gym,gym baddies playlist🎧✨🩷,https://open.spotify.com/playlist/3wivqvNFOgb1I9yJC1oFLb,Thru Your Phone,Cardi B,Invasion of Privacy
gym,gym baddies playlist🎧✨🩷,https://open.spotify.com/playlist/3wivqvNFOgb1I9yJC1oFLb,FRANCHISE (feat. Young Thug & M.I.A.),"Travis Scott, Young Thug, M.I.A.",FRANCHISE (feat. Young Thug & M.I.A.)
gym,gym baddies playlist🎧✨🩷,https://open.spotify.com/playlist/3wivqvNFOgb1I9yJC1oFLb,Count Me Out,Kendrick Lamar,Mr. Morale & The Big Steppers
gym,gym baddies playlist🎧✨🩷,https://open.spotify.com/playlist/3wivqvNFOgb1I9yJC1oFLb,Too Close,Ariana Grande,My Everything (Tenth Anniversary Edition)
gym,gym baddies playlist🎧✨🩷,https://open.spotify.com/playlist/3wivqvNFOgb1I9yJC1oFLb,Stay Schemin,"Rick Ross, French Montana, Drake",Stay Schemin
gym,gym baddies playlist🎧✨🩷,https://open.spotify.com/playlist/3wivqvNFOgb1I9yJC1oFLb,Having Our Way (feat. Drake),"Migos, Drake",Culture III
gym,gym baddies playlist🎧✨🩷,https://open.spotify.com/playlist/3wivqvNFOgb1I9yJC1oFLb,Controlla,Drake,Views
gym,gym baddies playlist🎧✨🩷,https://open.spotify.com/playlist/3wivqvNFOgb1I9yJC1oFLb,goosebumps,Travis Scott,Birds In The Trap Sing McKnight
gym,gym baddies playlist🎧✨🩷,https://open.spotify.com/playlist/3wivqvNFOgb1I9yJC1oFLb,3500 (feat. Future & 2 Chainz),"Travis Scott, Future, 2 Chainz",Rodeo
gym,gym baddies playlist🎧✨🩷,https://open.spotify.com/playlist/3wivqvNFOgb1I9yJC1oFLb,run for the hills,Tate McRae,THINK LATER
gym,gym baddies playlist🎧✨🩷,https://open.spotify.com/playlist/3wivqvNFOgb1I9yJC1oFLb,Right Now,Megan Thee Stallion,MEGAN: ACT II
gym,gym baddies playlist🎧✨🩷,https://open.spotify.com/playlist/3wivqvNFOgb1I9yJC1oFLb,"Work REMIX (feat. A$AP Rocky, French Montana, Trinidad James & ScHoolboy Q)","A$AP Ferg, French Montana, A$AP Rocky, Trinidad James, ScHoolboy Q",Trap Lord
gym,gym baddies playlist🎧✨🩷,https://open.spotify.com/playlist/3wivqvNFOgb1I9yJC1oFLb,one of wun,Gunna,One of Wun
gym,gym baddies playlist🎧✨🩷,https://open.spotify.com/playlist/3wivqvNFOgb1I9yJC1oFLb,fukumean,Gunna,a Gift & a Curse
gym,gym baddies playlist🎧✨🩷,https://open.spotify.com/playlist/3wivqvNFOgb1I9yJC1oFLb,Mrs. Officer,"Lil Wayne, Bobby V., Kidd Kidd",Tha Carter III
gym,gym baddies playlist🎧✨🩷,https://open.spotify.com/playlist/3wivqvNFOgb1I9yJC1oFLb,Too Many Nights (feat. Don Toliver & with Future),"Metro Boomin, Future, Don Toliver",HEROES & VILLAINS
gym,gym baddies playlist🎧✨🩷,https://open.spotify.com/playlist/3wivqvNFOgb1I9yJC1oFLb,3 Musketeers,"NextYoungin, ppcocaine",3 Musketeers
gym,gym baddies playlist🎧✨🩷,https://open.spotify.com/playlist/3wivqvNFOgb1I9yJC1oFLb,All Mine,Kanye West,ye
gym,gym baddies playlist🎧✨🩷,https://open.spotify.com/playlist/3wivqvNFOgb1I9yJC1oFLb,DAMN SHORTY (feat. Sexyy Red),"Chief Keef, Mike WiLL Made-It, Sexyy Red",DIRTY NACHOS
gym,gym baddies playlist🎧✨🩷,https://open.spotify.com/playlist/3wivqvNFOgb1I9yJC1oFLb,My Chick Bad,"Ludacris, Nicki Minaj",Battle Of The Sexes (Deluxe)
gym,gym baddies playlist🎧✨🩷,https://open.spotify.com/playlist/3wivqvNFOgb1I9yJC1oFLb,Soft Spot - 955 remix,"JMSN, Sada Baby",Soft Spot (Deluxe Edition)
gym,gym baddies playlist🎧✨🩷,https://open.spotify.com/playlist/3wivqvNFOgb1I9yJC1oFLb,Miss possessive,Tate McRae,So Close To What
gym,gym baddies playlist🎧✨🩷,https://open.spotify.com/playlist/3wivqvNFOgb1I9yJC1oFLb,ILBB2 (feat. GloRilla),"Jorjiana, GloRilla",ILBB2 (feat. GloRilla)
gym,gym baddies playlist🎧✨🩷,https://open.spotify.com/playlist/3wivqvNFOgb1I9yJC1oFLb,Wanna Be (with Megan Thee Stallion),"GloRilla, Megan Thee Stallion",Ehhthang Ehhthang
gym,WORKOUT PLAYLIST 2025,https://open.spotify.com/playlist/2SM6rniZl84fEyMCB5KMQB,Still D.R.E.,"Dr. Dre, Snoop Dogg",2001
gym,WORKOUT PLAYLIST 2025,https://open.spotify.com/playlist/2SM6rniZl84fEyMCB5KMQB,Jimmy Cooks (feat. 21 Savage),"Drake, 21 Savage","Honestly, Nevermind"
gym,WORKOUT PLAYLIST 2025,https://open.spotify.com/playlist/2SM6rniZl84fEyMCB5KMQB,Rasputin,"Majestic, Boney M.",Rasputin
gym,WORKOUT PLAYLIST 2025,https://open.spotify.com/playlist/2SM6rniZl84fEyMCB5KMQB,MILLION DOLLAR BABY,Tommy Richman,MILLION DOLLAR BABY
gym,WORKOUT PLAYLIST 2025,https://open.spotify.com/playlist/2SM6rniZl84fEyMCB5KMQB,Vegas (From the Original Motion Picture Soundtrack ELVIS),Doja Cat,Vegas (From the Original Motion Picture Soundtrack ELVIS)
gym,WORKOUT PLAYLIST 2025,https://open.spotify.com/playlist/2SM6rniZl84fEyMCB5KMQB,FE!N (feat. Playboi Carti),"Travis Scott, Playboi Carti",UTOPIA
gym,WORKOUT PLAYLIST 2025,https://open.spotify.com/playlist/2SM6rniZl84fEyMCB5KMQB,Ni**as In Paris,"JAY-Z, Kanye West",Watch The Throne (Deluxe)
gym,WORKOUT PLAYLIST 2025,https://open.spotify.com/playlist/2SM6rniZl84fEyMCB5KMQB,MIDNIGHT,"PLAYAMANE, Nateki",MIDNIGHT
gym,WORKOUT PLAYLIST 2025,https://open.spotify.com/playlist/2SM6rniZl84fEyMCB5KMQB,No Hands (feat. Roscoe Dash & Wale),"Waka Flocka Flame, Roscoe Dash, Wale",Flockaveli
gym,WORKOUT PLAYLIST 2025,https://open.spotify.com/playlist/2SM6rniZl84fEyMCB5KMQB,I Like You (A Happier Song) (with Doja Cat),"Post Malone, Doja Cat",Twelve Carat Toothache
gym,WORKOUT PLAYLIST 2025,https://open.spotify.com/playlist/2SM6rniZl84fEyMCB5KMQB,Calabria (feat. Lunis & Lujavo),"Dance Fruits Music, DMNDS, dnvn, Lunis, Lujavo",Calabria (feat. Lunis & Lujavo)
gym,WORKOUT PLAYLIST 2025,https://open.spotify.com/playlist/2SM6rniZl84fEyMCB5KMQB,i like the way you kiss me,Artemas,i like the way you kiss me (remixes)
gym,WORKOUT PLAYLIST 2025,https://open.spotify.com/playlist/2SM6rniZl84fEyMCB5KMQB,Goosebumps - Remix,"Travis Scott, HVME",Goosebumps (Remix)
gym,WORKOUT PLAYLIST 2025,https://open.spotify.com/playlist/2SM6rniZl84fEyMCB5KMQB,"Quevedo: Bzrp Music Sessions, Vol. 52","Bizarrap, Quevedo","Quevedo: Bzrp Music Sessions, Vol. 52"
gym,WORKOUT PLAYLIST 2025,https://open.spotify.com/playlist/2SM6rniZl84fEyMCB5KMQB,APT.,"ROSÉ, Bruno Mars",APT.
gym,WORKOUT PLAYLIST 2025,https://open.spotify.com/playlist/2SM6rniZl84fEyMCB5KMQB,MONEY ON THE DASH - SPED UP,"Elley Duhé, Whethan",MONEY ON THE DASH
gym,WORKOUT PLAYLIST 2025,https://open.spotify.com/playlist/2SM6rniZl84fEyMCB5KMQB,Mwaki - Tiësto's VIP Mix,"Zerb, Sofiya Nzau, Tiësto",Mwaki (Major Lazer Remix)
gym,WORKOUT PLAYLIST 2025,https://open.spotify.com/playlist/2SM6rniZl84fEyMCB5KMQB,Insane,Post Malone,Twelve Carat Toothache (Deluxe)
gym,WORKOUT PLAYLIST 2025,https://open.spotify.com/playlist/2SM6rniZl84fEyMCB5KMQB,A Sky Full of Stars,Coldplay,Ghost Stories
gym,WORKOUT PLAYLIST 2025,https://open.spotify.com/playlist/2SM6rniZl84fEyMCB5KMQB,THATS WHAT I WANT,Lil Nas X,MONTERO
gym,WORKOUT PLAYLIST 2025,https://open.spotify.com/playlist/2SM6rniZl84fEyMCB5KMQB,LET'S GET FKD UP,"Alok, Mondello'G, CERES, Tribbs",LET'S GET FKD UP (feat. Tribbs)
gym,WORKOUT PLAYLIST 2025,https://open.spotify.com/playlist/2SM6rniZl84fEyMCB5KMQB,You Make My Heart Go,"Sad Puppy, Sunday Shirt",You Make My Heart Go
gym,WORKOUT PLAYLIST 2025,https://open.spotify.com/playlist/2SM6rniZl84fEyMCB5KMQB,ONE CALL,Rich Amiri,Ghetto Fabulous
gym,WORKOUT PLAYLIST 2025,https://open.spotify.com/playlist/2SM6rniZl84fEyMCB5KMQB,Don't Stop The Music,Rihanna,Good Girl Gone Bad: Reloaded
gym,WORKOUT PLAYLIST 2025,https://open.spotify.com/playlist/2SM6rniZl84fEyMCB5KMQB,The Next Episode,"Dr. Dre, Snoop Dogg",2001
gym,WORKOUT PLAYLIST 2025,https://open.spotify.com/playlist/2SM6rniZl84fEyMCB5KMQB,Bad Decisions (with BTS & Snoop Dogg),"benny blanco, BTS, Snoop Dogg",Bad Decisions (with BTS & Snoop Dogg)
gym,WORKOUT PLAYLIST 2025,https://open.spotify.com/playlist/2SM6rniZl84fEyMCB5KMQB,one of wun,Gunna,One of Wun
gym,WORKOUT PLAYLIST 2025,https://open.spotify.com/playlist/2SM6rniZl84fEyMCB5KMQB,REPEAT IT (with Gunna),"Lil Tecca, Gunna",REPEAT IT
gym,WORKOUT PLAYLIST 2025,https://open.spotify.com/playlist/2SM6rniZl84fEyMCB5KMQB,Panda,Desiigner,Panda
gym,WORKOUT PLAYLIST 2025,https://open.spotify.com/playlist/2SM6rniZl84fEyMCB5KMQB,Love Tonight (David Guetta Remix Edit),"Shouse, David Guetta",Love Tonight (David Guetta Remix)
gym,WORKOUT PLAYLIST 2025,https://open.spotify.com/playlist/2SM6rniZl84fEyMCB5KMQB,Out Of The Dark,"LMNT 115, Zak Abel",Out Of The Dark
gym,WORKOUT PLAYLIST 2025,https://open.spotify.com/playlist/2SM6rniZl84fEyMCB5KMQB,Roses - Imanbek Remix,"SAINt JHN, Imanbek",Roses (Imanbek Remix)
gym,WORKOUT PLAYLIST 2025,https://open.spotify.com/playlist/2SM6rniZl84fEyMCB5KMQB,Without You (feat. Sandro Cavazza),"Avicii, Sandro Cavazza",AVĪCI (01)
gym,WORKOUT PLAYLIST 2025,https://open.spotify.com/playlist/2SM6rniZl84fEyMCB5KMQB,"Crazy Story, Pt. 3",King Von,"Grandson, Vol. 1"
gym,WORKOUT PLAYLIST 2025,https://open.spotify.com/playlist/2SM6rniZl84fEyMCB5KMQB,Run,OneRepublic,Run
gym,WORKOUT PLAYLIST 2025,https://open.spotify.com/playlist/2SM6rniZl84fEyMCB5KMQB,Sweet Lies - Sped Up,"Chaël, nowifi",Sweet Lies (Sped Up)
gym,WORKOUT PLAYLIST 2025,https://open.spotify.com/playlist/2SM6rniZl84fEyMCB5KMQB,Right Above It,"Lil Wayne, Drake",I Am Not A Human Being
gym,WORKOUT PLAYLIST 2025,https://open.spotify.com/playlist/2SM6rniZl84fEyMCB5KMQB,The Business,Tiësto,The Business
gym,WORKOUT PLAYLIST 2025,https://open.spotify.com/playlist/2SM6rniZl84fEyMCB5KMQB,Bad Memories (feat. Elley Duhé & FAST BOY),"MEDUZA, James Carter, Elley Duhé, FAST BOY",Bad Memories (feat. Elley Duhé & FAST BOY)
gym,WORKOUT PLAYLIST 2025,https://open.spotify.com/playlist/2SM6rniZl84fEyMCB5KMQB,Worlds Apart (Dark Side Mix),Sickick,Worlds Apart (Dark Side Mix)
gym,WORKOUT PLAYLIST 2025,https://open.spotify.com/playlist/2SM6rniZl84fEyMCB5KMQB,Time of Our Lives,"Pitbull, Ne-Yo",Globalization
gym,WORKOUT PLAYLIST 2025,https://open.spotify.com/playlist/2SM6rniZl84fEyMCB5KMQB,Can't Hold Us (feat. Ray Dalton),"Macklemore, Ryan Lewis, Macklemore & Ryan Lewis, Ray Dalton",The Heist
gym,WORKOUT PLAYLIST 2025,https://open.spotify.com/playlist/2SM6rniZl84fEyMCB5KMQB,STAY (with Justin Bieber),"The Kid LAROI, Justin Bieber",F*CK LOVE 3: OVER YOU
gym,WORKOUT PLAYLIST 2025,https://open.spotify.com/playlist/2SM6rniZl84fEyMCB5KMQB,Bones,Imagine Dragons,Mercury - Acts 1 & 2
gym,WORKOUT PLAYLIST 2025,https://open.spotify.com/playlist/2SM6rniZl84fEyMCB5KMQB,Scream & Shout,"will.i.am, Britney Spears",#willpower
gym,WORKOUT PLAYLIST 2025,https://open.spotify.com/playlist/2SM6rniZl84fEyMCB5KMQB,Cake By The Ocean,DNCE,DNCE
gym,WORKOUT PLAYLIST 2025,https://open.spotify.com/playlist/2SM6rniZl84fEyMCB5KMQB,Your Love (9PM),"ATB, Topic, A7S",Your Love (9PM)
gym,WORKOUT PLAYLIST 2025,https://open.spotify.com/playlist/2SM6rniZl84fEyMCB5KMQB,Hot In It (feat. Charli XCX),"Tiësto, Charli xcx",Hot In It
gym,WORKOUT PLAYLIST 2025,https://open.spotify.com/playlist/2SM6rniZl84fEyMCB5KMQB,What You Want,VERNON,Nuclear
gym,WORKOUT PLAYLIST 2025,https://open.spotify.com/playlist/2SM6rniZl84fEyMCB5KMQB,Feel This Moment (feat. Christina Aguilera),"Pitbull, Christina Aguilera",Global Warming: Meltdown (Deluxe Version)
gym,WORKOUT PLAYLIST 2025,https://open.spotify.com/playlist/2SM6rniZl84fEyMCB5KMQB,Hold Me Closer,"Elton John, Britney Spears",Hold Me Closer
gym,WORKOUT PLAYLIST 2025,https://open.spotify.com/playlist/2SM6rniZl84fEyMCB5KMQB,We Found Love,"Rihanna, Calvin Harris",Talk That Talk (Explicit)
gym,WORKOUT PLAYLIST 2025,https://open.spotify.com/playlist/2SM6rniZl84fEyMCB5KMQB,No Role Modelz,J. Cole,2014 Forest Hills Drive
gym,WORKOUT PLAYLIST 2025,https://open.spotify.com/playlist/2SM6rniZl84fEyMCB5KMQB,Wow.,Post Malone,Hollywood's Bleeding
gym,WORKOUT PLAYLIST 2025,https://open.spotify.com/playlist/2SM6rniZl84fEyMCB5KMQB,Blinding Lights,The Weeknd,After Hours
gym,WORKOUT PLAYLIST 2025,https://open.spotify.com/playlist/2SM6rniZl84fEyMCB5KMQB,Astronaut In The Ocean,Masked Wolf,Astronaut In The Ocean
gym,WORKOUT PLAYLIST 2025,https://open.spotify.com/playlist/2SM6rniZl84fEyMCB5KMQB,TiK ToK,Kesha,Animal (Expanded Edition)
gym,WORKOUT PLAYLIST 2025,https://open.spotify.com/playlist/2SM6rniZl84fEyMCB5KMQB,Wake Me Up,Avicii,TRUE
gym,WORKOUT PLAYLIST 2025,https://open.spotify.com/playlist/2SM6rniZl84fEyMCB5KMQB,Tick Tock (feat. 24kGoldn),"Clean Bandit, Mabel, 24kGoldn",Tick Tock (feat. 24kGoldn)
gym,WORKOUT PLAYLIST 2025,https://open.spotify.com/playlist/2SM6rniZl84fEyMCB5KMQB,Remind Me,Tom Grennan,Remind Me
gym,WORKOUT PLAYLIST 2025,https://open.spotify.com/playlist/2SM6rniZl84fEyMCB5KMQB,OUT OUT (feat. Charli XCX & Saweetie),"Joel Corry, Jax Jones, Charli xcx, Saweetie",OUT OUT (feat. Charli XCX & Saweetie)
gym,WORKOUT PLAYLIST 2025,https://open.spotify.com/playlist/2SM6rniZl84fEyMCB5KMQB,POWER,Kanye West,My Beautiful Dark Twisted Fantasy
gym,WORKOUT PLAYLIST 2025,https://open.spotify.com/playlist/2SM6rniZl84fEyMCB5KMQB,In Da Club,50 Cent,Get Rich Or Die Tryin'
gym,WORKOUT PLAYLIST 2025,https://open.spotify.com/playlist/2SM6rniZl84fEyMCB5KMQB,Bad Habits,Ed Sheeran,=
gym,WORKOUT PLAYLIST 2025,https://open.spotify.com/playlist/2SM6rniZl84fEyMCB5KMQB,Feel So Close - Radio Edit,Calvin Harris,18 Months
gym,WORKOUT PLAYLIST 2025,https://open.spotify.com/playlist/2SM6rniZl84fEyMCB5KMQB,Heat Waves,Glass Animals,Dreamland (+ Bonus Levels)
gym,WORKOUT PLAYLIST 2025,https://open.spotify.com/playlist/2SM6rniZl84fEyMCB5KMQB,Hey Brother,Avicii,TRUE
gym,WORKOUT PLAYLIST 2025,https://open.spotify.com/playlist/2SM6rniZl84fEyMCB5KMQB,What Love Feels Like (feat. Nathan Nicholson),"Frank Walker, Nathan Nicholson",What Love Feels Like (feat. Nathan Nicholson)
gym,WORKOUT PLAYLIST 2025,https://open.spotify.com/playlist/2SM6rniZl84fEyMCB5KMQB,Maps,Maroon 5,V
gym,WORKOUT PLAYLIST 2025,https://open.spotify.com/playlist/2SM6rniZl84fEyMCB5KMQB,Breaking Me,"Topic, A7S",Breaking Me
gym,WORKOUT PLAYLIST 2025,https://open.spotify.com/playlist/2SM6rniZl84fEyMCB5KMQB,Only Girl (In The World),Rihanna,Loud
gym,WORKOUT PLAYLIST 2025,https://open.spotify.com/playlist/2SM6rniZl84fEyMCB5KMQB,Levels - Radio Edit,Avicii,Levels
gym,WORKOUT PLAYLIST 2025,https://open.spotify.com/playlist/2SM6rniZl84fEyMCB5KMQB,Toxic,Britney Spears,In The Zone
gym,WORKOUT PLAYLIST 2025,https://open.spotify.com/playlist/2SM6rniZl84fEyMCB5KMQB,Die Young,Kesha,Warrior (Expanded Edition)
gym,WORKOUT PLAYLIST 2025,https://open.spotify.com/playlist/2SM6rniZl84fEyMCB5KMQB,Unstoppable,Sia,This Is Acting (Deluxe Version)
gym,WORKOUT PLAYLIST 2025,https://open.spotify.com/playlist/2SM6rniZl84fEyMCB5KMQB,Superstar - Radio Edit,David May,Superstar
gym,WORKOUT PLAYLIST 2025,https://open.spotify.com/playlist/2SM6rniZl84fEyMCB5KMQB,Maybe You’re The Problem,Ava Max,Maybe You’re The Problem
gym,WORKOUT PLAYLIST 2025,https://open.spotify.com/playlist/2SM6rniZl84fEyMCB5KMQB,Lose Yourself,Eminem,Curtain Call: The Hits (Deluxe Edition)
gym,WORKOUT PLAYLIST 2025,https://open.spotify.com/playlist/2SM6rniZl84fEyMCB5KMQB,Part Of Me,Katy Perry,Teenage Dream: The Complete Confection
gym,WORKOUT PLAYLIST 2025,https://open.spotify.com/playlist/2SM6rniZl84fEyMCB5KMQB,CITY OF ANGELS,24kGoldn,DROPPED OUTTA COLLEGE
gym,WORKOUT PLAYLIST 2025,https://open.spotify.com/playlist/2SM6rniZl84fEyMCB5KMQB,Rise,"Jonas Blue, Jack & Jack",Rise
gym,WORKOUT PLAYLIST 2025,https://open.spotify.com/playlist/2SM6rniZl84fEyMCB5KMQB,Move Your Body,"Öwnboss, Sevek",Move Your Body
gym,WORKOUT PLAYLIST 2025,https://open.spotify.com/playlist/2SM6rniZl84fEyMCB5KMQB,Fire Burning,Sean Kingston,Tomorrow
gym,WORKOUT PLAYLIST 2025,https://open.spotify.com/playlist/2SM6rniZl84fEyMCB5KMQB,Raise Your Glass,P!nk,Raise Your Glass
gym,WORKOUT PLAYLIST 2025,https://open.spotify.com/playlist/2SM6rniZl84fEyMCB5KMQB,I'm Good (Blue),"David Guetta, Bebe Rexha",I'm Good (Blue)
gym,WORKOUT PLAYLIST 2025,https://open.spotify.com/playlist/2SM6rniZl84fEyMCB5KMQB,Girlie-Pop!,Amaarae,Girlie-Pop!
gym,WORKOUT PLAYLIST 2025,https://open.spotify.com/playlist/2SM6rniZl84fEyMCB5KMQB,Centuries,Fall Out Boy,American Beauty/American Psycho
gym,WORKOUT PLAYLIST 2025,https://open.spotify.com/playlist/2SM6rniZl84fEyMCB5KMQB,Don't Go Yet,Camila Cabello,Don't Go Yet
gym,WORKOUT PLAYLIST 2025,https://open.spotify.com/playlist/2SM6rniZl84fEyMCB5KMQB,Wild Ones (feat. Sia),"Flo Rida, Sia",Wild Ones
gym,WORKOUT PLAYLIST 2025,https://open.spotify.com/playlist/2SM6rniZl84fEyMCB5KMQB,Cinderella Man,Eminem,Recovery
gym,WORKOUT PLAYLIST 2025,https://open.spotify.com/playlist/2SM6rniZl84fEyMCB5KMQB,Broke In A Minute,Tory Lanez,The New Toronto 3
gym,WORKOUT PLAYLIST 2025,https://open.spotify.com/playlist/2SM6rniZl84fEyMCB5KMQB,Doja,Central Cee,Doja
gym,WORKOUT PLAYLIST 2025,https://open.spotify.com/playlist/2SM6rniZl84fEyMCB5KMQB,Can't Remember to Forget You (feat. Rihanna),"Shakira, Rihanna",Shakira. (Expanded Edition)
gym,WORKOUT PLAYLIST 2025,https://open.spotify.com/playlist/2SM6rniZl84fEyMCB5KMQB,All Of The Lights,Kanye West,My Beautiful Dark Twisted Fantasy
gym,WORKOUT PLAYLIST 2025,https://open.spotify.com/playlist/2SM6rniZl84fEyMCB5KMQB,Good Feeling,Flo Rida,Wild Ones
gym,WORKOUT PLAYLIST 2025,https://open.spotify.com/playlist/2SM6rniZl84fEyMCB5KMQB,Gimme! Gimme! Gimme! (A Man After Midnight),ABBA,Voulez-Vous
gym,WORKOUT PLAYLIST 2025,https://open.spotify.com/playlist/2SM6rniZl84fEyMCB5KMQB,Juicy,"Doja Cat, Tyga",Hot Pink
gym,WORKOUT PLAYLIST 2025,https://open.spotify.com/playlist/2SM6rniZl84fEyMCB5KMQB,Big Gangsta,Kevin Gates,Big Gangsta
gym,WORKOUT PLAYLIST 2025,https://open.spotify.com/playlist/2SM6rniZl84fEyMCB5KMQB,Fireball (feat. John Ryan),"Pitbull, John Ryan",Globalization
gym,WORKOUT PLAYLIST 2025,https://open.spotify.com/playlist/2SM6rniZl84fEyMCB5KMQB,Coming Home,"Diddy - Dirty Money, Skylar Grey",Last Train To Paris
gym,WORKOUT PLAYLIST 2025,https://open.spotify.com/playlist/2SM6rniZl84fEyMCB5KMQB,Locked out of Heaven,Bruno Mars,Unorthodox Jukebox
gym,WORKOUT PLAYLIST 2025,https://open.spotify.com/playlist/2SM6rniZl84fEyMCB5KMQB,Gold Digger,"Kanye West, Jamie Foxx",Late Registration
gym,WORKOUT PLAYLIST 2025,https://open.spotify.com/playlist/2SM6rniZl84fEyMCB5KMQB,Disturbia,Rihanna,Good Girl Gone Bad: Reloaded
gym,WORKOUT PLAYLIST 2025,https://open.spotify.com/playlist/2SM6rniZl84fEyMCB5KMQB,Come Get Her,Rae Sremmurd,SremmLife
gym,WORKOUT PLAYLIST 2025,https://open.spotify.com/playlist/2SM6rniZl84fEyMCB5KMQB,Still Trappin',"Lil Durk, King Von",The Voice
gym,WORKOUT PLAYLIST 2025,https://open.spotify.com/playlist/2SM6rniZl84fEyMCB5KMQB,Nonstop,Drake,Scorpion
gym,WORKOUT PLAYLIST 2025,https://open.spotify.com/playlist/2SM6rniZl84fEyMCB5KMQB,I See Lights,Zauntee,We Already Won
gym,WORKOUT PLAYLIST 2025,https://open.spotify.com/playlist/2SM6rniZl84fEyMCB5KMQB,Hey Ya!,Outkast,Speakerboxxx/The Love Below
gym,WORKOUT PLAYLIST 2025,https://open.spotify.com/playlist/2SM6rniZl84fEyMCB5KMQB,rockstar (feat. 21 Savage),"Post Malone, 21 Savage",beerbongs & bentleys
gym,WORKOUT PLAYLIST 2025,https://open.spotify.com/playlist/2SM6rniZl84fEyMCB5KMQB,Shut Down,BLACKPINK,BORN PINK
gym,WORKOUT PLAYLIST 2025,https://open.spotify.com/playlist/2SM6rniZl84fEyMCB5KMQB,Ferrari,"James Hype, Miggy Dela Rosa",Ferrari
gym,WORKOUT PLAYLIST 2025,https://open.spotify.com/playlist/2SM6rniZl84fEyMCB5KMQB,Level Up,"Onary, Carlprit, EMMA LX",Level Up
gym,WORKOUT PLAYLIST 2025,https://open.spotify.com/playlist/2SM6rniZl84fEyMCB5KMQB,Hold Me Closer,"Elton John, Britney Spears",The Lockdown Sessions
gym,WORKOUT PLAYLIST 2025,https://open.spotify.com/playlist/2SM6rniZl84fEyMCB5KMQB,Pour Your Heart Out (feat. 070 Shake),"RL Grime, 070 Shake",Pour Your Heart Out (feat. 070 Shake)
gym,WORKOUT PLAYLIST 2025,https://open.spotify.com/playlist/2SM6rniZl84fEyMCB5KMQB,Kiss A Lot,Joe Kox,Kiss A Lot
gym,WORKOUT PLAYLIST 2025,https://open.spotify.com/playlist/2SM6rniZl84fEyMCB5KMQB,VIRUS - Odd Mob Remix,"GEN.KLOUD, Odd Mob",AUTONOMY (REMIXES)
gym,WORKOUT PLAYLIST 2025,https://open.spotify.com/playlist/2SM6rniZl84fEyMCB5KMQB,Ambition For Cash,Key Glock,Yellow Tape 2
gym,WORKOUT PLAYLIST 2025,https://open.spotify.com/playlist/2SM6rniZl84fEyMCB5KMQB,Need Your Love,IVANA,Need Your Love
gym,WORKOUT PLAYLIST 2025,https://open.spotify.com/playlist/2SM6rniZl84fEyMCB5KMQB,Man On The Moon,"Alan Walker, Benjamin Ingrosso",World Of Walker
gym,WORKOUT PLAYLIST 2025,https://open.spotify.com/playlist/2SM6rniZl84fEyMCB5KMQB,Lose My Mind - Radio-Edit,AZK,Lose My Mind (Radio-Edit)
gym,WORKOUT PLAYLIST 2025,https://open.spotify.com/playlist/2SM6rniZl84fEyMCB5KMQB,Jenny From The Block,"DJSM, Fyex",Jenny From The Block
gym,WORKOUT PLAYLIST 2025,https://open.spotify.com/playlist/2SM6rniZl84fEyMCB5KMQB,Till I Collapse,"Eminem, Nate Dogg",The Eminem Show
gym,WORKOUT PLAYLIST 2025,https://open.spotify.com/playlist/2SM6rniZl84fEyMCB5KMQB,Guiding Light,"newhaven, Shan Scott",Guiding Light
gym,WORKOUT PLAYLIST 2025,https://open.spotify.com/playlist/2SM6rniZl84fEyMCB5KMQB,Chemical,Post Malone,AUSTIN
gym,WORKOUT PLAYLIST 2025,https://open.spotify.com/playlist/2SM6rniZl84fEyMCB5KMQB,Water,"Tyla, Marshmello",Water
gym,WORKOUT PLAYLIST 2025,https://open.spotify.com/playlist/2SM6rniZl84fEyMCB5KMQB,CLASSY,Cloud,CLASSY
gym,WORKOUT PLAYLIST 2025,https://open.spotify.com/playlist/2SM6rniZl84fEyMCB5KMQB,whatsapp (wassam),Gunna,One of Wun
gym,WORKOUT PLAYLIST 2025,https://open.spotify.com/playlist/2SM6rniZl84fEyMCB5KMQB,500lbs,Lil Tecca,TEC
gym,WORKOUT PLAYLIST 2025,https://open.spotify.com/playlist/2SM6rniZl84fEyMCB5KMQB,The World Is Mine,"ConKi, B.R.T, Shiah Maisel",The World Is Mine
gym,WORKOUT PLAYLIST 2025,https://open.spotify.com/playlist/2SM6rniZl84fEyMCB5KMQB,Type Shit,"Future, Metro Boomin, Travis Scott, Playboi Carti",WE DON'T TRUST YOU
gym,WORKOUT PLAYLIST 2025,https://open.spotify.com/playlist/2SM6rniZl84fEyMCB5KMQB,BIG,Young M.A,Herstory in the Making
golf,Best Golfing Playlist 2025,https://open.spotify.com/playlist/19FqlcUKdHRq2pzYqDr19F,Fortunate Son,Creedence Clearwater Revival,The Long Road Home - The Ultimate John Fogerty / Creedence Collection
golf,Best Golfing Playlist 2025,https://open.spotify.com/playlist/19FqlcUKdHRq2pzYqDr19F,Can't You See,The Marshall Tucker Band,The Marshall Tucker Band
golf,Best Golfing Playlist 2025,https://open.spotify.com/playlist/19FqlcUKdHRq2pzYqDr19F,Swingin',Tom Petty and the Heartbreakers,Echo
golf,Best Golfing Playlist 2025,https://open.spotify.com/playlist/19FqlcUKdHRq2pzYqDr19F,(Don't Fear) The Reaper,Blue Öyster Cult,Agents Of Fortune
golf,Best Golfing Playlist 2025,https://open.spotify.com/playlist/19FqlcUKdHRq2pzYqDr19F,Beast Of Burden - Remastered,The Rolling Stones,Some Girls
golf,Best Golfing Playlist 2025,https://open.spotify.com/playlist/19FqlcUKdHRq2pzYqDr19F,Mary Jane's Last Dance,Tom Petty and the Heartbreakers,Anthology: Through The Years
golf,Best Golfing Playlist 2025,https://open.spotify.com/playlist/19FqlcUKdHRq2pzYqDr19F,Gimme Shelter,The Rolling Stones,Let It Bleed
golf,Best Golfing Playlist 2025,https://open.spotify.com/playlist/19FqlcUKdHRq2pzYqDr19F,House Of The Rising Sun,The Animals,The Best Of The Animals
golf,Best Golfing Playlist 2025,https://open.spotify.com/playlist/19FqlcUKdHRq2pzYqDr19F,Long Time Running,The Tragically Hip,Road Apples
golf,Best Golfing Playlist 2025,https://open.spotify.com/playlist/19FqlcUKdHRq2pzYqDr19F,Ramble On - 1990 Remaster,Led Zeppelin,Led Zeppelin II (1994 Remaster)
golf,Best Golfing Playlist 2025,https://open.spotify.com/playlist/19FqlcUKdHRq2pzYqDr19F,Feel like Makin' Love - 2015 Remaster,Bad Company,Straight Shooter
golf,Best Golfing Playlist 2025,https://open.spotify.com/playlist/19FqlcUKdHRq2pzYqDr19F,The Chain,Fleetwood Mac,Rumours
golf,Best Golfing Playlist 2025,https://open.spotify.com/playlist/19FqlcUKdHRq2pzYqDr19F,Black Water - Single Version,The Doobie Brothers,Best of The Doobies
golf,Best Golfing Playlist 2025,https://open.spotify.com/playlist/19FqlcUKdHRq2pzYqDr19F,The Ocean - Remaster,Led Zeppelin,Houses of the Holy (Remaster)
golf,Best Golfing Playlist 2025,https://open.spotify.com/playlist/19FqlcUKdHRq2pzYqDr19F,Blue Sky,Allman Brothers Band,Eat A Peach
golf,Best Golfing Playlist 2025,https://open.spotify.com/playlist/19FqlcUKdHRq2pzYqDr19F,Wild Horses - 2009 Mix,The Rolling Stones,Sticky Fingers (Remastered)
golf,Best Golfing Playlist 2025,https://open.spotify.com/playlist/19FqlcUKdHRq2pzYqDr19F,Hymn for the Weekend - Seeb Remix,"Coldplay, Seeb",Hymn for the Weekend (Seeb Remix)
golf,Best Golfing Playlist 2025,https://open.spotify.com/playlist/19FqlcUKdHRq2pzYqDr19F,Heart Full of Soul,The Yardbirds,The Yardbirds Story - Pt. 3 - 1965/66 - Big Hits & America Calling
golf,Best Golfing Playlist 2025,https://open.spotify.com/playlist/19FqlcUKdHRq2pzYqDr19F,I Won't Back Down,Tom Petty,Full Moon Fever
golf,Best Golfing Playlist 2025,https://open.spotify.com/playlist/19FqlcUKdHRq2pzYqDr19F,Cocaine,Eric Clapton,Slowhand 35th Anniversary
golf,Best Golfing Playlist 2025,https://open.spotify.com/playlist/19FqlcUKdHRq2pzYqDr19F,Amerika,Wintersleep,The Great Detachment
golf,Best Golfing Playlist 2025,https://open.spotify.com/playlist/19FqlcUKdHRq2pzYqDr19F,Pink Houses,John Mellencamp,Uh-HUH!
golf,Best Golfing Playlist 2025,https://open.spotify.com/playlist/19FqlcUKdHRq2pzYqDr19F,Stuck In The Middle With You,Stealers Wheel,Reservoir Dogs (Original Motion Picture Soundtrack)
golf,Best Golfing Playlist 2025,https://open.spotify.com/playlist/19FqlcUKdHRq2pzYqDr19F,Learning To Fly,Tom Petty and the Heartbreakers,Into The Great Wide Open
golf,Best Golfing Playlist 2025,https://open.spotify.com/playlist/19FqlcUKdHRq2pzYqDr19F,S.O.S. (Sawed Off Shotgun),The Glorious Sons,Young Beauties and Fools
golf,Best Golfing Playlist 2025,https://open.spotify.com/playlist/19FqlcUKdHRq2pzYqDr19F,"""99""",Barns Courtney,“99”
golf,Best Golfing Playlist 2025,https://open.spotify.com/playlist/19FqlcUKdHRq2pzYqDr19F,"My My, Hey Hey (Out of the Blue) - 2016 Remaster","Neil Young, Crazy Horse",Rust Never Sleeps
golf,Best Golfing Playlist 2025,https://open.spotify.com/playlist/19FqlcUKdHRq2pzYqDr19F,Belive,Leko,1
golf,Best Golfing Playlist 2025,https://open.spotify.com/playlist/19FqlcUKdHRq2pzYqDr19F,Long Train Runnin',The Doobie Brothers,The Captain and Me
golf,Best Golfing Playlist 2025,https://open.spotify.com/playlist/19FqlcUKdHRq2pzYqDr19F,Don't Come Around Here No More,Tom Petty and the Heartbreakers,Greatest Hits
golf,Best Golfing Playlist 2025,https://open.spotify.com/playlist/19FqlcUKdHRq2pzYqDr19F,End Of The Line,Traveling Wilburys,"The Traveling Wilburys, Vol. 1"
golf,Best Golfing Playlist 2025,https://open.spotify.com/playlist/19FqlcUKdHRq2pzYqDr19F,Cocaine Cowgirl,"Matt Mays, El Torpedo",Matt Mays & El Torpedo
golf,Best Golfing Playlist 2025,https://open.spotify.com/playlist/19FqlcUKdHRq2pzYqDr19F,Bad Moon Rising,Creedence Clearwater Revival,The Ultimate Collection (Australian Exclusive)
golf,Best Golfing Playlist 2025,https://open.spotify.com/playlist/19FqlcUKdHRq2pzYqDr19F,You Can't Always Get What You Want,The Rolling Stones,Let It Bleed
golf,Best Golfing Playlist 2025,https://open.spotify.com/playlist/19FqlcUKdHRq2pzYqDr19F,Fireworks,The Tragically Hip,Phantom Power
golf,Best Golfing Playlist 2025,https://open.spotify.com/playlist/19FqlcUKdHRq2pzYqDr19F,Maggie May,Rod Stewart,Every Picture Tells A Story
golf,Best Golfing Playlist 2025,https://open.spotify.com/playlist/19FqlcUKdHRq2pzYqDr19F,Midnight Rider,Allman Brothers Band,Idlewild South (Deluxe Edition Remastered)
golf,Best Golfing Playlist 2025,https://open.spotify.com/playlist/19FqlcUKdHRq2pzYqDr19F,"Hold On, I'm Comin'",Sam & Dave,"Hold On, I'm Comin'"
golf,Best Golfing Playlist 2025,https://open.spotify.com/playlist/19FqlcUKdHRq2pzYqDr19F,All My Friends,The Revivalists,Take Good Care
golf,Best Golfing Playlist 2025,https://open.spotify.com/playlist/19FqlcUKdHRq2pzYqDr19F,Have a Cigar,Pink Floyd,Wish You Were Here
golf,Best Golfing Playlist 2025,https://open.spotify.com/playlist/19FqlcUKdHRq2pzYqDr19F,Longshot,Catfish and the Bottlemen,The Balance
golf,Best Golfing Playlist 2025,https://open.spotify.com/playlist/19FqlcUKdHRq2pzYqDr19F,Ready To Let Go,Cage The Elephant,Social Cues
golf,Best Golfing Playlist 2025,https://open.spotify.com/playlist/19FqlcUKdHRq2pzYqDr19F,Silver Lining,Mt. Joy,Silver Lining
golf,Best Golfing Playlist 2025,https://open.spotify.com/playlist/19FqlcUKdHRq2pzYqDr19F,Cherry Bomb,John Mellencamp,The Lonesome Jubilee
golf,Best Golfing Playlist 2025,https://open.spotify.com/playlist/19FqlcUKdHRq2pzYqDr19F,Home (feat. Saavan),"Mount Dreams, Saavan",Début Album
golf,Best Golfing Playlist 2025,https://open.spotify.com/playlist/19FqlcUKdHRq2pzYqDr19F,Them Shoes,Patrick Sweany,Every Hour Is A Dollar Gone
golf,Best Golfing Playlist 2025,https://open.spotify.com/playlist/19FqlcUKdHRq2pzYqDr19F,Lonely Is The Night - Remastered 2010,Billy Squier,Don't Say No (Remastered 2010)
golf,Best Golfing Playlist 2025,https://open.spotify.com/playlist/19FqlcUKdHRq2pzYqDr19F,Listen to Her Heart,Tom Petty and the Heartbreakers,You're Gonna Get It!
golf,Best Golfing Playlist 2025,https://open.spotify.com/playlist/19FqlcUKdHRq2pzYqDr19F,Doesn't Remind Me,Audioslave,Out of Exile
golf,Best Golfing Playlist 2025,https://open.spotify.com/playlist/19FqlcUKdHRq2pzYqDr19F,You Don't Know How It Feels,Tom Petty,Wildflowers
golf,Best Golfing Playlist 2025,https://open.spotify.com/playlist/19FqlcUKdHRq2pzYqDr19F,&Run,Sir Sly,"Don't You Worry, Honey"
golf,Best Golfing Playlist 2025,https://open.spotify.com/playlist/19FqlcUKdHRq2pzYqDr19F,Elderly Woman Behind the Counter in a Small Town - Remastered,Pearl Jam,Vs.
golf,Best Golfing Playlist 2025,https://open.spotify.com/playlist/19FqlcUKdHRq2pzYqDr19F,Bridge To Nowhere,Sam Roberts Band,Chemical City
golf,Best Golfing Playlist 2025,https://open.spotify.com/playlist/19FqlcUKdHRq2pzYqDr19F,Bobcaygeon,The Tragically Hip,Phantom Power
golf,Best Golfing Playlist 2025,https://open.spotify.com/playlist/19FqlcUKdHRq2pzYqDr19F,Tweeter And The Monkey Man,Traveling Wilburys,"The Traveling Wilburys, Vol. 1"
golf,Best Golfing Playlist 2025,https://open.spotify.com/playlist/19FqlcUKdHRq2pzYqDr19F,New Orleans Is Sinking,The Tragically Hip,Up To Here
golf,Best Golfing Playlist 2025,https://open.spotify.com/playlist/19FqlcUKdHRq2pzYqDr19F,Courage (For Hugh MacLennan) - Remastered,The Tragically Hip,Fully Completely (Deluxe)
golf,Best Golfing Playlist 2025,https://open.spotify.com/playlist/19FqlcUKdHRq2pzYqDr19F,Black Smoke Rising,Greta Van Fleet,From The Fires
golf,Best Golfing Playlist 2025,https://open.spotify.com/playlist/19FqlcUKdHRq2pzYqDr19F,Take It All Back 2.0,Judah & the Lion,Folk Hop N' Roll (Deluxe)
golf,Best Golfing Playlist 2025,https://open.spotify.com/playlist/19FqlcUKdHRq2pzYqDr19F,First,Cold War Kids,Hold My Home (Deluxe Edition)
golf,Best Golfing Playlist 2025,https://open.spotify.com/playlist/19FqlcUKdHRq2pzYqDr19F,You Wreck Me,Tom Petty,Wildflowers
golf,Best Golfing Playlist 2025,https://open.spotify.com/playlist/19FqlcUKdHRq2pzYqDr19F,Locked In The Trunk Of A Car - Remastered,The Tragically Hip,Fully Completely (Deluxe)
golf,Best Golfing Playlist 2025,https://open.spotify.com/playlist/19FqlcUKdHRq2pzYqDr19F,Kill The Lights,The Glorious Sons,Kill The Lights
golf,Best Golfing Playlist 2025,https://open.spotify.com/playlist/19FqlcUKdHRq2pzYqDr19F,Rx,Theory of a Deadman,Wake Up Call
golf,Best Golfing Playlist 2025,https://open.spotify.com/playlist/19FqlcUKdHRq2pzYqDr19F,Highway Tune,Greta Van Fleet,Black Smoke Rising
golf,Best Golfing Playlist 2025,https://open.spotify.com/playlist/19FqlcUKdHRq2pzYqDr19F,The Needle And The Spoon,Lynyrd Skynyrd,Second Helping (Expanded Edition)
golf,Best Golfing Playlist 2025,https://open.spotify.com/playlist/19FqlcUKdHRq2pzYqDr19F,Renegades,X Ambassadors,VHS
golf,Best Golfing Playlist 2025,https://open.spotify.com/playlist/19FqlcUKdHRq2pzYqDr19F,Old Man - 2009 Remaster,Neil Young,Harvest (2009 Remaster)
golf,Best Golfing Playlist 2025,https://open.spotify.com/playlist/19FqlcUKdHRq2pzYqDr19F,Rhiannon,Fleetwood Mac,Fleetwood Mac
golf,Best Golfing Playlist 2025,https://open.spotify.com/playlist/19FqlcUKdHRq2pzYqDr19F,Gypsy,Fleetwood Mac,Greatest Hits
golf,Best Golfing Playlist 2025,https://open.spotify.com/playlist/19FqlcUKdHRq2pzYqDr19F,The Weight - Remastered,The Band,Music From Big Pink (Expanded Edition)
golf,Best Golfing Playlist 2025,https://open.spotify.com/playlist/19FqlcUKdHRq2pzYqDr19F,For What It's Worth,Buffalo Springfield,Forrest Gump - The Soundtrack
golf,Best Golfing Playlist 2025,https://open.spotify.com/playlist/19FqlcUKdHRq2pzYqDr19F,Night Moves,Bob Seger,Night Moves
golf,Best Golfing Playlist 2025,https://open.spotify.com/playlist/19FqlcUKdHRq2pzYqDr19F,When the Levee Breaks - Remaster,Led Zeppelin,Led Zeppelin IV (Deluxe Edition)
golf,Best Golfing Playlist 2025,https://open.spotify.com/playlist/19FqlcUKdHRq2pzYqDr19F,Lean On Me Love,The Glorious Sons,A War On Everything
golf,Best Golfing Playlist 2025,https://open.spotify.com/playlist/19FqlcUKdHRq2pzYqDr19F,Hasn't Hit Me Yet - 2012 Remaster,Blue Rodeo,Five Days in July (2012 Remaster)
golf,Best Golfing Playlist 2025,https://open.spotify.com/playlist/19FqlcUKdHRq2pzYqDr19F,Ahead By A Century,The Tragically Hip,Trouble At The Henhouse
golf,Best Golfing Playlist 2025,https://open.spotify.com/playlist/19FqlcUKdHRq2pzYqDr19F,We're Here For A Good Time (Not A Long Time),Trooper,Knock 'Em Dead Kid
golf,Best Golfing Playlist 2025,https://open.spotify.com/playlist/19FqlcUKdHRq2pzYqDr19F,Blow At High Dough,The Tragically Hip,Up To Here
golf,Best Golfing Playlist 2025,https://open.spotify.com/playlist/19FqlcUKdHRq2pzYqDr19F,38 Years Old,The Tragically Hip,Up To Here
golf,Best Golfing Playlist 2025,https://open.spotify.com/playlist/19FqlcUKdHRq2pzYqDr19F,No Sugar Tonight / New Mother Nature - 2024 Remaster,The Guess Who,American Woman
golf,Best Golfing Playlist 2025,https://open.spotify.com/playlist/19FqlcUKdHRq2pzYqDr19F,Heart of Gold - 2009 Remaster,Neil Young,Harvest (2009 Remaster)
golf,Best Golfing Playlist 2025,https://open.spotify.com/playlist/19FqlcUKdHRq2pzYqDr19F,I Don't Know - EP Version,The Sheepdogs,Five Easy Pieces
golf,Best Golfing Playlist 2025,https://open.spotify.com/playlist/19FqlcUKdHRq2pzYqDr19F,Feeling Good,The Sheepdogs,The Sheepdogs (Deluxe)
golf,Best Golfing Playlist 2025,https://open.spotify.com/playlist/19FqlcUKdHRq2pzYqDr19F,Poor Ol' Broken Hearted Me,The Trews,Den of Thieves
golf,Best Golfing Playlist 2025,https://open.spotify.com/playlist/19FqlcUKdHRq2pzYqDr19F,Heavy,The Glorious Sons,The Union
golf,Best Golfing Playlist 2025,https://open.spotify.com/playlist/19FqlcUKdHRq2pzYqDr19F,Mama,The Glorious Sons,The Union
golf,Best Golfing Playlist 2025,https://open.spotify.com/playlist/19FqlcUKdHRq2pzYqDr19F,Fly At Night (In The Morning We Land),Chilliwack,"Dreams, Dreams, Dreams"
golf,Best Golfing Playlist 2025,https://open.spotify.com/playlist/19FqlcUKdHRq2pzYqDr19F,White Noise (Radio Mix),The Glorious Sons,Shapeless Art
golf,Best Golfing Playlist 2025,https://open.spotify.com/playlist/19FqlcUKdHRq2pzYqDr19F,Weighty Ghost,Wintersleep,Welcome To The Night Sky
golf,Best Golfing Playlist 2025,https://open.spotify.com/playlist/19FqlcUKdHRq2pzYqDr19F,Downtown,The Sheepdogs,Future Nostalgia
golf,Best Golfing Playlist 2025,https://open.spotify.com/playlist/19FqlcUKdHRq2pzYqDr19F,I've Got a Hole Where My Heart Should Be,The Sheepdogs,Changing Colours
golf,Best Golfing Playlist 2025,https://open.spotify.com/playlist/19FqlcUKdHRq2pzYqDr19F,Safari Song,Greta Van Fleet,From The Fires
golf,Best Golfing Playlist 2025,https://open.spotify.com/playlist/19FqlcUKdHRq2pzYqDr19F,You're The One,Greta Van Fleet,Anthem Of The Peaceful Army
golf,Best Golfing Playlist 2025,https://open.spotify.com/playlist/19FqlcUKdHRq2pzYqDr19F,Stairway to Heaven - Remaster,Led Zeppelin,Led Zeppelin IV (Deluxe Edition)
golf,Best Golfing Playlist 2025,https://open.spotify.com/playlist/19FqlcUKdHRq2pzYqDr19F,Smoke on the Water,Jessta James,Smoke on the Water
golf,Best Golfing Playlist 2025,https://open.spotify.com/playlist/19FqlcUKdHRq2pzYqDr19F,Wheat Kings,The Tragically Hip,Fully Completely
golf,Best Golfing Playlist 2025,https://open.spotify.com/playlist/19FqlcUKdHRq2pzYqDr19F,Brother Down,Sam Roberts Band,We Were Born In A Flame
golf,Best Golfing Playlist 2025,https://open.spotify.com/playlist/19FqlcUKdHRq2pzYqDr19F,Ocean Pearl,54-40,Smilin' Buddha Cabaret
golf,Best Golfing Playlist 2025,https://open.spotify.com/playlist/19FqlcUKdHRq2pzYqDr19F,Little Bones,The Tragically Hip,Road Apples
golf,Best Golfing Playlist 2025,https://open.spotify.com/playlist/19FqlcUKdHRq2pzYqDr19F,5 Days in May - 2012 Remaster,Blue Rodeo,Five Days in July (2012 Remaster)
golf,Best Golfing Playlist 2025,https://open.spotify.com/playlist/19FqlcUKdHRq2pzYqDr19F,"Grace, Too",The Tragically Hip,Day For Night
golf,Best Golfing Playlist 2025,https://open.spotify.com/playlist/19FqlcUKdHRq2pzYqDr19F,Poets,The Tragically Hip,Phantom Power
golf,Best Golfing Playlist 2025,https://open.spotify.com/playlist/19FqlcUKdHRq2pzYqDr19F,You Could Have Been a Lady,April Wine,April Wine: Greatest Hits
golf,Best Golfing Playlist 2025,https://open.spotify.com/playlist/19FqlcUKdHRq2pzYqDr19F,Thinking of You,Harlequin,Harlequin Greatest Hits
golf,Best Golfing Playlist 2025,https://open.spotify.com/playlist/19FqlcUKdHRq2pzYqDr19F,Til I Am Myself Again - 2012 Remaster,Blue Rodeo,Casino
golf,Best Golfing Playlist 2025,https://open.spotify.com/playlist/19FqlcUKdHRq2pzYqDr19F,Sundown,Gordon Lightfoot,Sundown
golf,Best Golfing Playlist 2025,https://open.spotify.com/playlist/19FqlcUKdHRq2pzYqDr19F,"Hey, Hey What Can I Do - 2019 Remaster",Hootie & The Blowfish,Cracked Rear View (25th Anniversary Deluxe Edition)
golf,Best Golfing Playlist 2025,https://open.spotify.com/playlist/19FqlcUKdHRq2pzYqDr19F,Going to California - 1990 Remaster,Led Zeppelin,Led Zeppelin IV
golf,Best Golfing Playlist 2025,https://open.spotify.com/playlist/19FqlcUKdHRq2pzYqDr19F,Atlantic City,The Band,Jericho
golf,Best Golfing Playlist 2025,https://open.spotify.com/playlist/19FqlcUKdHRq2pzYqDr19F,Boots Or Hearts,The Tragically Hip,Up To Here
golf,Best Golfing Playlist 2025,https://open.spotify.com/playlist/19FqlcUKdHRq2pzYqDr19F,Shine A Little Light,The Black Keys,"""Let's Rock"""
golf,Best Golfing Playlist 2025,https://open.spotify.com/playlist/19FqlcUKdHRq2pzYqDr19F,No Man's Land,Bob Seger,Against The Wind
golf,Best Golfing Playlist 2025,https://open.spotify.com/playlist/19FqlcUKdHRq2pzYqDr19F,Watching Over,Greta Van Fleet,Watching Over
golf,Best Golfing Playlist 2025,https://open.spotify.com/playlist/19FqlcUKdHRq2pzYqDr19F,Ohio - Single Version,"Crosby, Stills, Nash & Young",Neil Young Archives Vol. I (1963 - 1972)
golf,Best Golfing Playlist 2025,https://open.spotify.com/playlist/19FqlcUKdHRq2pzYqDr19F,Fire Lake,Bob Seger,Against The Wind
golf,Best Golfing Playlist 2025,https://open.spotify.com/playlist/19FqlcUKdHRq2pzYqDr19F,Stone,Whiskey Myers,Mud
golf,Best Golfing Playlist 2025,https://open.spotify.com/playlist/19FqlcUKdHRq2pzYqDr19F,Keep The Wolves Away,Uncle Lucius,And You Are Me
golf,Best Golfing Playlist 2025,https://open.spotify.com/playlist/19FqlcUKdHRq2pzYqDr19F,Over the Hills and Far Away - 1990 Remaster,Led Zeppelin,Houses of the Holy (1994 Remaster)
golf,Best Golfing Playlist 2025,https://open.spotify.com/playlist/19FqlcUKdHRq2pzYqDr19F,Bury My Bones,Whiskey Myers,Whiskey Myers
golf,Best Golfing Playlist 2025,https://open.spotify.com/playlist/19FqlcUKdHRq2pzYqDr19F,On the River,Whiskey Myers,Mud
golf,Best Golfing Playlist 2025,https://open.spotify.com/playlist/19FqlcUKdHRq2pzYqDr19F,Tuesday's Gone,Lynyrd Skynyrd,Pronounced' Leh-'Nerd 'Skin-'Nerd
golf,Best Golfing Playlist 2025,https://open.spotify.com/playlist/19FqlcUKdHRq2pzYqDr19F,Simple Man,Lynyrd Skynyrd,Pronounced' Leh-'Nerd 'Skin-'Nerd
golf,Best Golfing Playlist 2025,https://open.spotify.com/playlist/19FqlcUKdHRq2pzYqDr19F,Kansas City,The New Basement Tapes,Lost On The River (Deluxe)
golf,Best Golfing Playlist 2025,https://open.spotify.com/playlist/19FqlcUKdHRq2pzYqDr19F,Dear Mr. Fantasy - Radio Edit,Big Sugar,Hit And Run: The Best Of Big Sugar
golf,Best Golfing Playlist 2025,https://open.spotify.com/playlist/19FqlcUKdHRq2pzYqDr19F,longwaytoneverland,Headstones,LOVE + FURY
golf,Best Golfing Playlist 2025,https://open.spotify.com/playlist/19FqlcUKdHRq2pzYqDr19F,Heat Above,Greta Van Fleet,Broken Bells
golf,Best Golfing Playlist 2025,https://open.spotify.com/playlist/19FqlcUKdHRq2pzYqDr19F,Shame On The Moon,Bob Seger,The Distance
golf,Best Golfing Playlist 2025,https://open.spotify.com/playlist/19FqlcUKdHRq2pzYqDr19F,"Hey, Hey, What Can I Do - Remaster",Led Zeppelin,Coda (Deluxe Edition)
golf,Best Golfing Playlist 2025,https://open.spotify.com/playlist/19FqlcUKdHRq2pzYqDr19F,Fool in the Rain - Remaster,Led Zeppelin,In Through the out Door (Remaster)
golf,Best Golfing Playlist 2025,https://open.spotify.com/playlist/19FqlcUKdHRq2pzYqDr19F,Can't You Hear Me Knocking - 2009 Mix,The Rolling Stones,Sticky Fingers (Remastered)
golf,Best Golfing Playlist 2025,https://open.spotify.com/playlist/19FqlcUKdHRq2pzYqDr19F,Ooh La La,Faces,Ooh La La
golf,Best Golfing Playlist 2025,https://open.spotify.com/playlist/19FqlcUKdHRq2pzYqDr19F,Bad Side of the Moon,April Wine,The First Decade
golf,Best Golfing Playlist 2025,https://open.spotify.com/playlist/19FqlcUKdHRq2pzYqDr19F,While My Guitar Gently Weeps,"Tom Petty, Jeff Lynne, Steve Winwood, Dhani Harrison, Prince",The Best of Rock and Roll Hall of Fame + Museum Live
golf,Best Golfing Playlist 2025,https://open.spotify.com/playlist/19FqlcUKdHRq2pzYqDr19F,Still The Same,Bob Seger,Stranger In Town
golf,Best Golfing Playlist 2025,https://open.spotify.com/playlist/19FqlcUKdHRq2pzYqDr19F,Knockin' On Heaven's Door,Bob Dylan,Pat Garrett & Billy The Kid (Soundtrack From The Motion Picture)
golf,Best Golfing Playlist 2025,https://open.spotify.com/playlist/19FqlcUKdHRq2pzYqDr19F,Till It Shines,Bob Seger,Stranger In Town
golf,Best Golfing Playlist 2025,https://open.spotify.com/playlist/19FqlcUKdHRq2pzYqDr19F,And It's Still Alright,Nathaniel Rateliff,And It’s Still Alright
golf,Best Golfing Playlist 2025,https://open.spotify.com/playlist/19FqlcUKdHRq2pzYqDr19F,Good Times Roll,The Cars,The Cars
golf,Best Golfing Playlist 2025,https://open.spotify.com/playlist/19FqlcUKdHRq2pzYqDr19F,Refugee,Tom Petty and the Heartbreakers,Damn The Torpedoes (Deluxe Edition)
golf,Best Golfing Playlist 2025,https://open.spotify.com/playlist/19FqlcUKdHRq2pzYqDr19F,Flower Power,Greta Van Fleet,From The Fires
golf,Golf Cart Bangers ⛳️⛳️⛳️,https://open.spotify.com/playlist/78YvwnuHS1aD0SzaWoeac4,I Was Jack (You Were Diane),Jake Owen,Greetings From...Jake
golf,Golf Cart Bangers ⛳️⛳️⛳️,https://open.spotify.com/playlist/78YvwnuHS1aD0SzaWoeac4,Barefoot Blue Jean Night,Jake Owen,Barefoot Blue Jean Night
golf,Golf Cart Bangers ⛳️⛳️⛳️,https://open.spotify.com/playlist/78YvwnuHS1aD0SzaWoeac4,Drinkin' Problem,Midland,On The Rocks
golf,Golf Cart Bangers ⛳️⛳️⛳️,https://open.spotify.com/playlist/78YvwnuHS1aD0SzaWoeac4,Play It Again,Luke Bryan,Crash My Party
golf,Golf Cart Bangers ⛳️⛳️⛳️,https://open.spotify.com/playlist/78YvwnuHS1aD0SzaWoeac4,Everything's Gonna Be Alright,"David Lee Murphy, Kenny Chesney",No Zip Code
golf,Golf Cart Bangers ⛳️⛳️⛳️,https://open.spotify.com/playlist/78YvwnuHS1aD0SzaWoeac4,Drift Away,Uncle Kracker,No Stranger to Shame
golf,Golf Cart Bangers ⛳️⛳️⛳️,https://open.spotify.com/playlist/78YvwnuHS1aD0SzaWoeac4,Drink In My Hand,Eric Church,Chief
golf,Golf Cart Bangers ⛳️⛳️⛳️,https://open.spotify.com/playlist/78YvwnuHS1aD0SzaWoeac4,Cruise,Florida Georgia Line,Here's To The Good Times
golf,Golf Cart Bangers ⛳️⛳️⛳️,https://open.spotify.com/playlist/78YvwnuHS1aD0SzaWoeac4,I Don't Want This Night To End,Luke Bryan,Tailgates & Tanlines
golf,Golf Cart Bangers ⛳️⛳️⛳️,https://open.spotify.com/playlist/78YvwnuHS1aD0SzaWoeac4,All the Pretty Girls,Kenny Chesney,Cosmic Hallelujah
golf,Golf Cart Bangers ⛳️⛳️⛳️,https://open.spotify.com/playlist/78YvwnuHS1aD0SzaWoeac4,Homegrown,Zac Brown Band,JEKYLL + HYDE
golf,Golf Cart Bangers ⛳️⛳️⛳️,https://open.spotify.com/playlist/78YvwnuHS1aD0SzaWoeac4,Do I Make You Wanna,Billy Currington,Summer Forever
golf,Golf Cart Bangers ⛳️⛳️⛳️,https://open.spotify.com/playlist/78YvwnuHS1aD0SzaWoeac4,All Summer Long,Kid Rock,Rock n Roll Jesus
golf,Golf Cart Bangers ⛳️⛳️⛳️,https://open.spotify.com/playlist/78YvwnuHS1aD0SzaWoeac4,Drunk On You,Luke Bryan,Tailgates & Tanlines
golf,Golf Cart Bangers ⛳️⛳️⛳️,https://open.spotify.com/playlist/78YvwnuHS1aD0SzaWoeac4,You Make It Easy,Jason Aldean,Rearview Town
golf,Golf Cart Bangers ⛳️⛳️⛳️,https://open.spotify.com/playlist/78YvwnuHS1aD0SzaWoeac4,It Don't Hurt Like It Used To,Billy Currington,Summer Forever
golf,Golf Cart Bangers ⛳️⛳️⛳️,https://open.spotify.com/playlist/78YvwnuHS1aD0SzaWoeac4,Sangria,Blake Shelton,BRINGING BACK THE SUNSHINE
golf,Golf Cart Bangers ⛳️⛳️⛳️,https://open.spotify.com/playlist/78YvwnuHS1aD0SzaWoeac4,Heartache Medication,Jon Pardi,Heartache Medication
golf,Golf Cart Bangers ⛳️⛳️⛳️,https://open.spotify.com/playlist/78YvwnuHS1aD0SzaWoeac4,Whiskey Glasses,Morgan Wallen,If I Know Me
golf,Golf Cart Bangers ⛳️⛳️⛳️,https://open.spotify.com/playlist/78YvwnuHS1aD0SzaWoeac4,7 Summers,Morgan Wallen,Dangerous: The Double Album
golf,Golf Cart Bangers ⛳️⛳️⛳️,https://open.spotify.com/playlist/78YvwnuHS1aD0SzaWoeac4,Night Shift,Jon Pardi,California Sunrise
golf,Golf Cart Bangers ⛳️⛳️⛳️,https://open.spotify.com/playlist/78YvwnuHS1aD0SzaWoeac4,This Is How We Roll,"Florida Georgia Line, Luke Bryan",Here's To The Good Times...This Is How We Roll
golf,Golf Cart Bangers ⛳️⛳️⛳️,https://open.spotify.com/playlist/78YvwnuHS1aD0SzaWoeac4,Head Over Boots,Jon Pardi,California Sunrise
golf,Golf Cart Bangers ⛳️⛳️⛳️,https://open.spotify.com/playlist/78YvwnuHS1aD0SzaWoeac4,5-1-5-0,Dierks Bentley,Home
golf,Golf Cart Bangers ⛳️⛳️⛳️,https://open.spotify.com/playlist/78YvwnuHS1aD0SzaWoeac4,Hotel Key,Old Dominion,Happy Endings
golf,Golf Cart Bangers ⛳️⛳️⛳️,https://open.spotify.com/playlist/78YvwnuHS1aD0SzaWoeac4,Almost Maybes,Jordan Davis,Buy Dirt
golf,Golf Cart Bangers ⛳️⛳️⛳️,https://open.spotify.com/playlist/78YvwnuHS1aD0SzaWoeac4,The Fighter,"Keith Urban, Carrie Underwood",Ripcord
golf,Golf Cart Bangers ⛳️⛳️⛳️,https://open.spotify.com/playlist/78YvwnuHS1aD0SzaWoeac4,Cop Car,Keith Urban,Fuse (Deluxe Edition)
golf,Golf Cart Bangers ⛳️⛳️⛳️,https://open.spotify.com/playlist/78YvwnuHS1aD0SzaWoeac4,We Were,Keith Urban,We Were
golf,Golf Cart Bangers ⛳️⛳️⛳️,https://open.spotify.com/playlist/78YvwnuHS1aD0SzaWoeac4,Burn Out,Midland,On The Rocks
golf,Golf Cart Bangers ⛳️⛳️⛳️,https://open.spotify.com/playlist/78YvwnuHS1aD0SzaWoeac4,Born to Love You,LANCO,Hallelujah Nights
golf,Golf Cart Bangers ⛳️⛳️⛳️,https://open.spotify.com/playlist/78YvwnuHS1aD0SzaWoeac4,Springsteen,Eric Church,Chief
golf,Golf Cart Bangers ⛳️⛳️⛳️,https://open.spotify.com/playlist/78YvwnuHS1aD0SzaWoeac4,Wagon Wheel,Darius Rucker,True Believers
golf,Golf Cart Bangers ⛳️⛳️⛳️,https://open.spotify.com/playlist/78YvwnuHS1aD0SzaWoeac4,I'll Name the Dogs,Blake Shelton,Texoma Shore
golf,Golf Cart Bangers ⛳️⛳️⛳️,https://open.spotify.com/playlist/78YvwnuHS1aD0SzaWoeac4,Round Here,Florida Georgia Line,Here's To The Good Times
golf,Golf Cart Bangers ⛳️⛳️⛳️,https://open.spotify.com/playlist/78YvwnuHS1aD0SzaWoeac4,I Go Back,Kenny Chesney,When The Sun Goes Down
golf,Golf Cart Bangers ⛳️⛳️⛳️,https://open.spotify.com/playlist/78YvwnuHS1aD0SzaWoeac4,Smile,Uncle Kracker,Happy Hour
golf,Golf Cart Bangers ⛳️⛳️⛳️,https://open.spotify.com/playlist/78YvwnuHS1aD0SzaWoeac4,Dirt On My Boots,Jon Pardi,California Sunrise
golf,Golf Cart Bangers ⛳️⛳️⛳️,https://open.spotify.com/playlist/78YvwnuHS1aD0SzaWoeac4,"God, Your Mama, And Me","Florida Georgia Line, Backstreet Boys",Dig Your Roots
golf,Golf Cart Bangers ⛳️⛳️⛳️,https://open.spotify.com/playlist/78YvwnuHS1aD0SzaWoeac4,Rumor,Lee Brice,Lee Brice
golf,Golf Cart Bangers ⛳️⛳️⛳️,https://open.spotify.com/playlist/78YvwnuHS1aD0SzaWoeac4,Beat of the Music,Brett Eldredge,Bring You Back
golf,Golf Cart Bangers ⛳️⛳️⛳️,https://open.spotify.com/playlist/78YvwnuHS1aD0SzaWoeac4,Jack & Diane,John Mellencamp,American Fool
golf,Golf Cart Bangers ⛳️⛳️⛳️,https://open.spotify.com/playlist/78YvwnuHS1aD0SzaWoeac4,Night Train,Jason Aldean,Night Train
golf,Golf Cart Bangers ⛳️⛳️⛳️,https://open.spotify.com/playlist/78YvwnuHS1aD0SzaWoeac4,Drunk on Your Love,Brett Eldredge,Illinois
golf,Golf Cart Bangers ⛳️⛳️⛳️,https://open.spotify.com/playlist/78YvwnuHS1aD0SzaWoeac4,Don't Ya,Brett Eldredge,Bring You Back
golf,Golf Cart Bangers ⛳️⛳️⛳️,https://open.spotify.com/playlist/78YvwnuHS1aD0SzaWoeac4,Ol' Red,Blake Shelton,Blake Shelton
golf,Golf Cart Bangers ⛳️⛳️⛳️,https://open.spotify.com/playlist/78YvwnuHS1aD0SzaWoeac4,Whatever She's Got,David Nail,I'm A Fire
golf,Golf Cart Bangers ⛳️⛳️⛳️,https://open.spotify.com/playlist/78YvwnuHS1aD0SzaWoeac4,"Huntin', Fishin' And Lovin' Every Day",Luke Bryan,Kill The Lights (Deluxe)
golf,Golf Cart Bangers ⛳️⛳️⛳️,https://open.spotify.com/playlist/78YvwnuHS1aD0SzaWoeac4,My Girl,Dylan Scott,Dylan Scott (Deluxe Edition)
golf,Golf Cart Bangers ⛳️⛳️⛳️,https://open.spotify.com/playlist/78YvwnuHS1aD0SzaWoeac4,Five More Minutes,Scotty McCreery,Seasons Change
golf,Golf Cart Bangers ⛳️⛳️⛳️,https://open.spotify.com/playlist/78YvwnuHS1aD0SzaWoeac4,Talkin' Tennessee,Morgan Wallen,If I Know Me
golf,Golf Cart Bangers ⛳️⛳️⛳️,https://open.spotify.com/playlist/78YvwnuHS1aD0SzaWoeac4,The Long Way,Brett Eldredge,Brett Eldredge
golf,Golf Cart Bangers ⛳️⛳️⛳️,https://open.spotify.com/playlist/78YvwnuHS1aD0SzaWoeac4,Wanna Be That Song,Brett Eldredge,Illinois
golf,Golf Cart Bangers ⛳️⛳️⛳️,https://open.spotify.com/playlist/78YvwnuHS1aD0SzaWoeac4,Love Someone,Brett Eldredge,Brett Eldredge
golf,Golf Cart Bangers ⛳️⛳️⛳️,https://open.spotify.com/playlist/78YvwnuHS1aD0SzaWoeac4,Good Vibes,Chris Janson,Good Vibes
golf,Golf Cart Bangers ⛳️⛳️⛳️,https://open.spotify.com/playlist/78YvwnuHS1aD0SzaWoeac4,Drunk On A Plane,Dierks Bentley,RISER
golf,Golf Cart Bangers ⛳️⛳️⛳️,https://open.spotify.com/playlist/78YvwnuHS1aD0SzaWoeac4,Anything Goes,Florida Georgia Line,Anything Goes
golf,Golf Cart Bangers ⛳️⛳️⛳️,https://open.spotify.com/playlist/78YvwnuHS1aD0SzaWoeac4,Heartache On The Dance Floor,Jon Pardi,California Sunrise
golf,Golf Cart Bangers ⛳️⛳️⛳️,https://open.spotify.com/playlist/78YvwnuHS1aD0SzaWoeac4,Toes,Zac Brown Band,The Foundation
golf,Golf Cart Bangers ⛳️⛳️⛳️,https://open.spotify.com/playlist/78YvwnuHS1aD0SzaWoeac4,Take It On the Run,REO Speedwagon,Hi Infidelity (30th Anniversary Edition)
golf,Golf Cart Bangers ⛳️⛳️⛳️,https://open.spotify.com/playlist/78YvwnuHS1aD0SzaWoeac4,Moneytalks,AC/DC,The Razors Edge
golf,Golf Cart Bangers ⛳️⛳️⛳️,https://open.spotify.com/playlist/78YvwnuHS1aD0SzaWoeac4,Panama - 2015 Remaster,Van Halen,1984 (Remastered)
golf,Golf Cart Bangers ⛳️⛳️⛳️,https://open.spotify.com/playlist/78YvwnuHS1aD0SzaWoeac4,No More Mr. Nice Guy,Alice Cooper,Billion Dollar Babies (Deluxe Reissue)
golf,Golf Cart Bangers ⛳️⛳️⛳️,https://open.spotify.com/playlist/78YvwnuHS1aD0SzaWoeac4,Born to Run,Bruce Springsteen,Born To Run
golf,Golf Cart Bangers ⛳️⛳️⛳️,https://open.spotify.com/playlist/78YvwnuHS1aD0SzaWoeac4,The Boys Are Back In Town,Thin Lizzy,Jailbreak (Deluxe Edition)
golf,Golf Cart Bangers ⛳️⛳️⛳️,https://open.spotify.com/playlist/78YvwnuHS1aD0SzaWoeac4,Heat Of The Moment,Asia,Asia
golf,Golf Cart Bangers ⛳️⛳️⛳️,https://open.spotify.com/playlist/78YvwnuHS1aD0SzaWoeac4,Cum on Feel the Noize,Quiet Riot,Metal Health
golf,Golf Cart Bangers ⛳️⛳️⛳️,https://open.spotify.com/playlist/78YvwnuHS1aD0SzaWoeac4,Jump - 2015 Remaster,Van Halen,1984 (Remastered)
golf,Golf Cart Bangers ⛳️⛳️⛳️,https://open.spotify.com/playlist/78YvwnuHS1aD0SzaWoeac4,It's a Long Way to the Top (If You Wanna Rock 'N' Roll),AC/DC,High Voltage
golf,Golf Cart Bangers ⛳️⛳️⛳️,https://open.spotify.com/playlist/78YvwnuHS1aD0SzaWoeac4,The Stroke - Remastered 2010,Billy Squier,Don't Say No (Remastered 2010)
golf,Golf Cart Bangers ⛳️⛳️⛳️,https://open.spotify.com/playlist/78YvwnuHS1aD0SzaWoeac4,Juke Box Hero,Foreigner,4 (Expanded)
golf,Golf Cart Bangers ⛳️⛳️⛳️,https://open.spotify.com/playlist/78YvwnuHS1aD0SzaWoeac4,Kickstart My Heart,Mötley Crüe,Dr. Feelgood
golf,Golf Cart Bangers ⛳️⛳️⛳️,https://open.spotify.com/playlist/78YvwnuHS1aD0SzaWoeac4,Life in the Fast Lane - 2013 Remaster,Eagles,Hotel California (2013 Remaster)
golf,Golf Cart Bangers ⛳️⛳️⛳️,https://open.spotify.com/playlist/78YvwnuHS1aD0SzaWoeac4,Pour Some Sugar On Me - Remastered 2017,Def Leppard,Hysteria (Super Deluxe)
golf,Golf Cart Bangers ⛳️⛳️⛳️,https://open.spotify.com/playlist/78YvwnuHS1aD0SzaWoeac4,Crazy Train,Ozzy Osbourne,Blizzard of Ozz (Expanded Edition)
golf,Golf Cart Bangers ⛳️⛳️⛳️,https://open.spotify.com/playlist/78YvwnuHS1aD0SzaWoeac4,Renegade,Styx,Pieces Of Eight
golf,Golf Cart Bangers ⛳️⛳️⛳️,https://open.spotify.com/playlist/78YvwnuHS1aD0SzaWoeac4,Glory Days,Bruce Springsteen,Born In The U.S.A.
golf,Golf Cart Bangers ⛳️⛳️⛳️,https://open.spotify.com/playlist/78YvwnuHS1aD0SzaWoeac4,Hurts So Good,John Mellencamp,American Fool
golf,Golf Cart Bangers ⛳️⛳️⛳️,https://open.spotify.com/playlist/78YvwnuHS1aD0SzaWoeac4,No One Like You,Scorpions,Blackout
golf,Golf Cart Bangers ⛳️⛳️⛳️,https://open.spotify.com/playlist/78YvwnuHS1aD0SzaWoeac4,Hot for Teacher - 2015 Remaster,Van Halen,1984 (Remastered)
golf,Golf Cart Bangers ⛳️⛳️⛳️,https://open.spotify.com/playlist/78YvwnuHS1aD0SzaWoeac4,Runnin' with the Devil - 2015 Remaster,Van Halen,Van Halen (Remastered)
golf,Golf Cart Bangers ⛳️⛳️⛳️,https://open.spotify.com/playlist/78YvwnuHS1aD0SzaWoeac4,You Shook Me All Night Long,AC/DC,Back In Black
golf,Golf Cart Bangers ⛳️⛳️⛳️,https://open.spotify.com/playlist/78YvwnuHS1aD0SzaWoeac4,Night Moves,Bob Seger,Night Moves
golf,Golf Cart Bangers ⛳️⛳️⛳️,https://open.spotify.com/playlist/78YvwnuHS1aD0SzaWoeac4,Separate Ways (Worlds Apart),Journey,Frontiers
golf,Golf Cart Bangers ⛳️⛳️⛳️,https://open.spotify.com/playlist/78YvwnuHS1aD0SzaWoeac4,Just What I Needed,The Cars,The Cars
golf,Golf Cart Bangers ⛳️⛳️⛳️,https://open.spotify.com/playlist/78YvwnuHS1aD0SzaWoeac4,Blinded By The Light,Manfred Mann's Earth Band,The Roaring Silence
golf,Golf Cart Bangers ⛳️⛳️⛳️,https://open.spotify.com/playlist/78YvwnuHS1aD0SzaWoeac4,Rock And Roll All Nite,KISS,Dressed To Kill
golf,Golf Cart Bangers ⛳️⛳️⛳️,https://open.spotify.com/playlist/78YvwnuHS1aD0SzaWoeac4,Back In Black,AC/DC,Back In Black
golf,Golf Cart Bangers ⛳️⛳️⛳️,https://open.spotify.com/playlist/78YvwnuHS1aD0SzaWoeac4,Summer Of '69,Bryan Adams,Reckless (30th Anniversary / Deluxe Edition)
golf,Golf Cart Bangers ⛳️⛳️⛳️,https://open.spotify.com/playlist/78YvwnuHS1aD0SzaWoeac4,Livin' On A Prayer,Bon Jovi,Slippery When Wet
golf,Golf Cart Bangers ⛳️⛳️⛳️,https://open.spotify.com/playlist/78YvwnuHS1aD0SzaWoeac4,Don't Stop Believin',Journey,Escape (Bonus Track Version)
golf,Golf Cart Bangers ⛳️⛳️⛳️,https://open.spotify.com/playlist/78YvwnuHS1aD0SzaWoeac4,Highway to Hell,AC/DC,Highway to Hell
golf,Golf Cart Bangers ⛳️⛳️⛳️,https://open.spotify.com/playlist/78YvwnuHS1aD0SzaWoeac4,Cold as Ice,Foreigner,Foreigner (Expanded)
golf,Golf Cart Bangers ⛳️⛳️⛳️,https://open.spotify.com/playlist/78YvwnuHS1aD0SzaWoeac4,Start Me Up - Remastered 2009,The Rolling Stones,Tattoo You (2009 Re-Mastered)
golf,Golf Cart Bangers ⛳️⛳️⛳️,https://open.spotify.com/playlist/78YvwnuHS1aD0SzaWoeac4,More Than a Feeling,Boston,Boston
golf,Golf Cart Bangers ⛳️⛳️⛳️,https://open.spotify.com/playlist/78YvwnuHS1aD0SzaWoeac4,I Was Made For Lovin' You,KISS,Dynasty
golf,Golf Cart Bangers ⛳️⛳️⛳️,https://open.spotify.com/playlist/78YvwnuHS1aD0SzaWoeac4,Don't Stop Me Now - Remastered 2011,Queen,Jazz (Deluxe Remastered Version)
golf,Golf Cart Bangers ⛳️⛳️⛳️,https://open.spotify.com/playlist/78YvwnuHS1aD0SzaWoeac4,Hold the Line,TOTO,Toto
golf,Golf Cart Bangers ⛳️⛳️⛳️,https://open.spotify.com/playlist/78YvwnuHS1aD0SzaWoeac4,All Right Now,Free,Fire And Water (Deluxe Edition)
golf,Golf Cart Bangers ⛳️⛳️⛳️,https://open.spotify.com/playlist/78YvwnuHS1aD0SzaWoeac4,Backstreets,Bruce Springsteen,Born To Run
golf,Golf Cart Bangers ⛳️⛳️⛳️,https://open.spotify.com/playlist/78YvwnuHS1aD0SzaWoeac4,Nothin' But A Good Time - Remastered 2006,Poison,Open Up And Say...Ahh! (20th Anniversary Edition)
golf,Golf Cart Bangers ⛳️⛳️⛳️,https://open.spotify.com/playlist/78YvwnuHS1aD0SzaWoeac4,Old Time Rock & Roll,Bob Seger,Stranger In Town
golf,Golf Cart Bangers ⛳️⛳️⛳️,https://open.spotify.com/playlist/78YvwnuHS1aD0SzaWoeac4,Feels like the First Time - 2008 Remaster,Foreigner,No End in Sight: The Very Best of Foreigner (Expanded)
golf,Golf Cart Bangers ⛳️⛳️⛳️,https://open.spotify.com/playlist/78YvwnuHS1aD0SzaWoeac4,"Take Me Home, Country Roads - Original Version",John Denver,"Poems, Prayers and Promises"
golf,Golf Cart Bangers ⛳️⛳️⛳️,https://open.spotify.com/playlist/78YvwnuHS1aD0SzaWoeac4,Rebel Yell,Billy Idol,Rebel Yell
golf,Golf Cart Bangers ⛳️⛳️⛳️,https://open.spotify.com/playlist/78YvwnuHS1aD0SzaWoeac4,Baba O'Riley,The Who,Who's Next (Deluxe Edition)
golf,Golf Cart Bangers ⛳️⛳️⛳️,https://open.spotify.com/playlist/78YvwnuHS1aD0SzaWoeac4,Dream On,Aerosmith,Aerosmith
golf,Golf Cart Bangers ⛳️⛳️⛳️,https://open.spotify.com/playlist/78YvwnuHS1aD0SzaWoeac4,American Girl,Tom Petty and the Heartbreakers,Tom Petty & The Heartbreakers
golf,Golf Cart Bangers ⛳️⛳️⛳️,https://open.spotify.com/playlist/78YvwnuHS1aD0SzaWoeac4,Don't You (Forget About Me),Simple Minds,Once Upon A Time (Super Deluxe)
golf,Golf Cart Bangers ⛳️⛳️⛳️,https://open.spotify.com/playlist/78YvwnuHS1aD0SzaWoeac4,Rock You Like a Hurricane - 2015 - Remaster,Scorpions,Love At First Sting (Deluxe Edition)
golf,Golf Cart Bangers ⛳️⛳️⛳️,https://open.spotify.com/playlist/78YvwnuHS1aD0SzaWoeac4,American Pie,Don McLean,American Pie
golf,Golf Cart Bangers ⛳️⛳️⛳️,https://open.spotify.com/playlist/78YvwnuHS1aD0SzaWoeac4,Free Fallin',Tom Petty,Full Moon Fever
golf,Golf Cart Bangers ⛳️⛳️⛳️,https://open.spotify.com/playlist/78YvwnuHS1aD0SzaWoeac4,Two Tickets to Paradise (2022 Remaster),Eddie Money,Eddie Money (2022 Remaster)
golf,Golf Cart Bangers ⛳️⛳️⛳️,https://open.spotify.com/playlist/78YvwnuHS1aD0SzaWoeac4,Hot Blooded,Foreigner,Double Vision (Expanded)
golf,Golf Cart Bangers ⛳️⛳️⛳️,https://open.spotify.com/playlist/78YvwnuHS1aD0SzaWoeac4,Home Sweet Home,Mötley Crüe,Theatre of Pain
golf,Golf Cart Bangers ⛳️⛳️⛳️,https://open.spotify.com/playlist/78YvwnuHS1aD0SzaWoeac4,Rock 'n' Roll Fantasy - 2009 Remaster,Bad Company,Desolation Angels (2009 Remaster)
golf,Golf Cart Bangers ⛳️⛳️⛳️,https://open.spotify.com/playlist/78YvwnuHS1aD0SzaWoeac4,Keep on Loving You,REO Speedwagon,Hi Infidelity (30th Anniversary Edition)
golf,Golf Cart Bangers ⛳️⛳️⛳️,https://open.spotify.com/playlist/78YvwnuHS1aD0SzaWoeac4,Joker And The Thief,Wolfmother,Wolfmother
golf,Golf Cart Bangers ⛳️⛳️⛳️,https://open.spotify.com/playlist/78YvwnuHS1aD0SzaWoeac4,Africa,TOTO,Toto IV
golf,Golf Cart Bangers ⛳️⛳️⛳️,https://open.spotify.com/playlist/78YvwnuHS1aD0SzaWoeac4,Sun Daze,Florida Georgia Line,Anything Goes
golf,Golf Cart Bangers ⛳️⛳️⛳️,https://open.spotify.com/playlist/78YvwnuHS1aD0SzaWoeac4,Why We Drink,Justin Moore,Late Nights And Longnecks
golf,Golf Cart Bangers ⛳️⛳️⛳️,https://open.spotify.com/playlist/78YvwnuHS1aD0SzaWoeac4,Up Down (feat. Florida Georgia Line),"Morgan Wallen, Florida Georgia Line",If I Know Me
golf,Golf Cart Bangers ⛳️⛳️⛳️,https://open.spotify.com/playlist/78YvwnuHS1aD0SzaWoeac4,Don't Get Better Than That,LOCASH,Don't Get Better Than That
golf,Golf Cart Bangers ⛳️⛳️⛳️,https://open.spotify.com/playlist/78YvwnuHS1aD0SzaWoeac4,Beer Never Broke My Heart,Luke Combs,What You See Is What You Get
golf,Golf Cart Bangers ⛳️⛳️⛳️,https://open.spotify.com/playlist/78YvwnuHS1aD0SzaWoeac4,One Man Band,Old Dominion,Old Dominion
golf,Golf Cart Bangers ⛳️⛳️⛳️,https://open.spotify.com/playlist/78YvwnuHS1aD0SzaWoeac4,Night's On Fire,David Nail,Fighter
golf,Golf Cart Bangers ⛳️⛳️⛳️,https://open.spotify.com/playlist/78YvwnuHS1aD0SzaWoeac4,Hometown Girl,Josh Turner,Deep South
golf,Golf Cart Bangers ⛳️⛳️⛳️,https://open.spotify.com/playlist/78YvwnuHS1aD0SzaWoeac4,Hooked,Dylan Scott,Dylan Scott (Deluxe Edition)
golf,Golf Cart Bangers ⛳️⛳️⛳️,https://open.spotify.com/playlist/78YvwnuHS1aD0SzaWoeac4,I Know Somebody,LOCASH,The Fighters
golf,Golf Cart Bangers ⛳️⛳️⛳️,https://open.spotify.com/playlist/78YvwnuHS1aD0SzaWoeac4,How Not To,Dan + Shay,Obsessed
golf,Golf Cart Bangers ⛳️⛳️⛳️,https://open.spotify.com/playlist/78YvwnuHS1aD0SzaWoeac4,"Sunrise, Sunburn, Sunset",Luke Bryan,What Makes You Country
golf,Golf Cart Bangers ⛳️⛳️⛳️,https://open.spotify.com/playlist/78YvwnuHS1aD0SzaWoeac4,Get to You,Michael Ray,Amos
golf,Golf Cart Bangers ⛳️⛳️⛳️,https://open.spotify.com/playlist/78YvwnuHS1aD0SzaWoeac4,I Like The Sound Of That,Rascal Flatts,Rewind
golf,Golf Cart Bangers ⛳️⛳️⛳️,https://open.spotify.com/playlist/78YvwnuHS1aD0SzaWoeac4,Fat Bottomed Girls,Queen,Jazz
golf,Golf Cart Bangers ⛳️⛳️⛳️,https://open.spotify.com/playlist/78YvwnuHS1aD0SzaWoeac4,Dicked Down in Dallas,Trey Lewis,Dicked Down in Dallas
golf,Golf Cart Bangers ⛳️⛳️⛳️,https://open.spotify.com/playlist/78YvwnuHS1aD0SzaWoeac4,Sweet Home Alabama,Lynyrd Skynyrd,The Essential Lynyrd Skynyrd
golf,Golf Cart Bangers ⛳️⛳️⛳️,https://open.spotify.com/playlist/78YvwnuHS1aD0SzaWoeac4,Lights,Journey,Infinity
golf,Golf Cart Bangers ⛳️⛳️⛳️,https://open.spotify.com/playlist/78YvwnuHS1aD0SzaWoeac4,I Love This Life,LOCASH,The Fighters
golf,Golf Cart Bangers ⛳️⛳️⛳️,https://open.spotify.com/playlist/78YvwnuHS1aD0SzaWoeac4,Dixieland Delight,Alabama,The Closer You Get...
golf,Golf Cart Bangers ⛳️⛳️⛳️,https://open.spotify.com/playlist/78YvwnuHS1aD0SzaWoeac4,May We All,"Florida Georgia Line, Tim McGraw",Dig Your Roots
golf,Golf Cart Bangers ⛳️⛳️⛳️,https://open.spotify.com/playlist/78YvwnuHS1aD0SzaWoeac4,One Number Away,Luke Combs,This One's for You
golf,Golf Cart Bangers ⛳️⛳️⛳️,https://open.spotify.com/playlist/78YvwnuHS1aD0SzaWoeac4,A Guy with a Girl,Blake Shelton,If I'm Honest
golf,Golf Cart Bangers ⛳️⛳️⛳️,https://open.spotify.com/playlist/78YvwnuHS1aD0SzaWoeac4,The One That Got Away,Jake Owen,Barefoot Blue Jean Night
golf,Golf Cart Bangers ⛳️⛳️⛳️,https://open.spotify.com/playlist/78YvwnuHS1aD0SzaWoeac4,There Was This Girl,Riley Green,Different 'Round Here
golf,Golf Cart Bangers ⛳️⛳️⛳️,https://open.spotify.com/playlist/78YvwnuHS1aD0SzaWoeac4,Catch,Brett Young,Ticket To L.A.
golf,Golf Cart Bangers ⛳️⛳️⛳️,https://open.spotify.com/playlist/78YvwnuHS1aD0SzaWoeac4,Parking Lot Party,Lee Brice,Hard 2 Love
golf,Golf Cart Bangers ⛳️⛳️⛳️,https://open.spotify.com/playlist/78YvwnuHS1aD0SzaWoeac4,Come Sail Away,Styx,The Grand Illusion
golf,Golf Cart Bangers ⛳️⛳️⛳️,https://open.spotify.com/playlist/78YvwnuHS1aD0SzaWoeac4,Hurricane,Luke Combs,This One's for You
golf,Golf Cart Bangers ⛳️⛳️⛳️,https://open.spotify.com/playlist/78YvwnuHS1aD0SzaWoeac4,When It Rains It Pours,Luke Combs,This One's for You
golf,Golf Cart Bangers ⛳️⛳️⛳️,https://open.spotify.com/playlist/78YvwnuHS1aD0SzaWoeac4,Rockstar,Nickelback,All The Right Reasons
golf,Golf Cart Bangers ⛳️⛳️⛳️,https://open.spotify.com/playlist/78YvwnuHS1aD0SzaWoeac4,Family Tradition,"Hank Williams, Jr.",Family Tradition
golf,Golf Cart Bangers ⛳️⛳️⛳️,https://open.spotify.com/playlist/78YvwnuHS1aD0SzaWoeac4,All My Rowdy Friends Are Coming Over Tonight,"Hank Williams, Jr.","Greatest Hits, Vol. 2"
golf,Golf Cart Bangers ⛳️⛳️⛳️,https://open.spotify.com/playlist/78YvwnuHS1aD0SzaWoeac4,Beautiful Crazy,Luke Combs,This One's for You Too (Deluxe Edition)
golf,Golf Cart Bangers ⛳️⛳️⛳️,https://open.spotify.com/playlist/78YvwnuHS1aD0SzaWoeac4,Need You Now,Lady A,Need You Now
golf,Golf Cart Bangers ⛳️⛳️⛳️,https://open.spotify.com/playlist/78YvwnuHS1aD0SzaWoeac4,She Got the Best of Me,Luke Combs,This One's for You Too (Deluxe Edition)
golf,Golf Cart Bangers ⛳️⛳️⛳️,https://open.spotify.com/playlist/78YvwnuHS1aD0SzaWoeac4,When She Says Baby,Jason Aldean,Night Train
golf,Golf Cart Bangers ⛳️⛳️⛳️,https://open.spotify.com/playlist/78YvwnuHS1aD0SzaWoeac4,This Is It,Scotty McCreery,Seasons Change
golf,Golf Cart Bangers ⛳️⛳️⛳️,https://open.spotify.com/playlist/78YvwnuHS1aD0SzaWoeac4,Kiss Somebody,Morgan Evans,Things That We Drink To
golf,Golf Cart Bangers ⛳️⛳️⛳️,https://open.spotify.com/playlist/78YvwnuHS1aD0SzaWoeac4,What Makes You Country,Luke Bryan,What Makes You Country
golf,Golf Cart Bangers ⛳️⛳️⛳️,https://open.spotify.com/playlist/78YvwnuHS1aD0SzaWoeac4,Here Tonight,Brett Young,Here Tonight
golf,Golf Cart Bangers ⛳️⛳️⛳️,https://open.spotify.com/playlist/78YvwnuHS1aD0SzaWoeac4,The Chain - 2004 Remaster,Fleetwood Mac,Rumours (Super Deluxe)
golf,Golf Cart Bangers ⛳️⛳️⛳️,https://open.spotify.com/playlist/78YvwnuHS1aD0SzaWoeac4,Your Love,The Outfield,Super Hits
golf,Golf Cart Bangers ⛳️⛳️⛳️,https://open.spotify.com/playlist/78YvwnuHS1aD0SzaWoeac4,Don't Stop - 2004 Remaster,Fleetwood Mac,Rumours (Super Deluxe)
golf,Golf Cart Bangers ⛳️⛳️⛳️,https://open.spotify.com/playlist/78YvwnuHS1aD0SzaWoeac4,Somewhere On A Beach,Dierks Bentley,Black
golf,Golf Cart Bangers ⛳️⛳️⛳️,https://open.spotify.com/playlist/78YvwnuHS1aD0SzaWoeac4,Single Saturday Night,Cole Swindell,Single Saturday Night
golf,Golf Cart Bangers ⛳️⛳️⛳️,https://open.spotify.com/playlist/78YvwnuHS1aD0SzaWoeac4,Born in the U.S.A.,Bruce Springsteen,Born In The U.S.A.
golf,Golf Cart Bangers ⛳️⛳️⛳️,https://open.spotify.com/playlist/78YvwnuHS1aD0SzaWoeac4,Play Guitar,John Mellencamp,Uh-HUH!
golf,Golf Cart Bangers ⛳️⛳️⛳️,https://open.spotify.com/playlist/78YvwnuHS1aD0SzaWoeac4,Flora-Bama,Kenny Chesney,The Big Revival
golf,Golf Cart Bangers ⛳️⛳️⛳️,https://open.spotify.com/playlist/78YvwnuHS1aD0SzaWoeac4,Urgent,Foreigner,4 (Expanded)
golf,Golf Cart Bangers ⛳️⛳️⛳️,https://open.spotify.com/playlist/78YvwnuHS1aD0SzaWoeac4,Dance the Night Away - 2015 Remaster,Van Halen,Van Halen II (Remastered)
golf,Golf Cart Bangers ⛳️⛳️⛳️,https://open.spotify.com/playlist/78YvwnuHS1aD0SzaWoeac4,Photograph,Def Leppard,Pyromania
golf,Golf Cart Bangers ⛳️⛳️⛳️,https://open.spotify.com/playlist/78YvwnuHS1aD0SzaWoeac4,"Girls, Girls, Girls",Mötley Crüe,"Girls, Girls, Girls"
golf,Golf Cart Bangers ⛳️⛳️⛳️,https://open.spotify.com/playlist/78YvwnuHS1aD0SzaWoeac4,Detroit Rock City,KISS,Greatest Kiss
golf,Golf Cart Bangers ⛳️⛳️⛳️,https://open.spotify.com/playlist/78YvwnuHS1aD0SzaWoeac4,Singles You Up,Jordan Davis,Home State
golf,Golf Cart Bangers ⛳️⛳️⛳️,https://open.spotify.com/playlist/78YvwnuHS1aD0SzaWoeac4,H.O.L.Y.,Florida Georgia Line,Dig Your Roots
golf,Golf Cart Bangers ⛳️⛳️⛳️,https://open.spotify.com/playlist/78YvwnuHS1aD0SzaWoeac4,Somebody’s Problem,Morgan Wallen,Somebody’s Problem
golf,Golf Cart Bangers ⛳️⛳️⛳️,https://open.spotify.com/playlist/78YvwnuHS1aD0SzaWoeac4,Still Goin Down,Morgan Wallen,Still Goin Down
golf,Golf Cart Bangers ⛳️⛳️⛳️,https://open.spotify.com/playlist/78YvwnuHS1aD0SzaWoeac4,"No Shoes, No Shirt, No Problems",Kenny Chesney,"No Shoes, No Shirt, No Problems"
golf,Golf Cart Bangers ⛳️⛳️⛳️,https://open.spotify.com/playlist/78YvwnuHS1aD0SzaWoeac4,Get Me Some Of That,Thomas Rhett,It Goes Like This
golf,Golf Cart Bangers ⛳️⛳️⛳️,https://open.spotify.com/playlist/78YvwnuHS1aD0SzaWoeac4,Why Can't This Be Love,Van Halen,5150
golf,Golf Cart Bangers ⛳️⛳️⛳️,https://open.spotify.com/playlist/78YvwnuHS1aD0SzaWoeac4,Dreams,Van Halen,5150
golf,Golf Cart Bangers ⛳️⛳️⛳️,https://open.spotify.com/playlist/78YvwnuHS1aD0SzaWoeac4,Small Town,John Mellencamp,Scarecrow
golf,Golf Cart Bangers ⛳️⛳️⛳️,https://open.spotify.com/playlist/78YvwnuHS1aD0SzaWoeac4,Beer In Mexico,Kenny Chesney,The Road And The Radio
golf,Golf Cart Bangers ⛳️⛳️⛳️,https://open.spotify.com/playlist/78YvwnuHS1aD0SzaWoeac4,Memory I Don't Mess With,Lee Brice,Memory I Don't Mess With
golf,Golf Cart Bangers ⛳️⛳️⛳️,https://open.spotify.com/playlist/78YvwnuHS1aD0SzaWoeac4,One Of Them Girls,Lee Brice,Hey World
golf,Golf Cart Bangers ⛳️⛳️⛳️,https://open.spotify.com/playlist/78YvwnuHS1aD0SzaWoeac4,Hard To Love,Lee Brice,Hard 2 Love
golf,Golf Cart Bangers ⛳️⛳️⛳️,https://open.spotify.com/playlist/78YvwnuHS1aD0SzaWoeac4,Rock & Roll Band,Boston,Boston
golf,Golf Cart Bangers ⛳️⛳️⛳️,https://open.spotify.com/playlist/78YvwnuHS1aD0SzaWoeac4,Armageddon It - Remastered 2017,Def Leppard,Hysteria (Super Deluxe)
golf,Golf Cart Bangers ⛳️⛳️⛳️,https://open.spotify.com/playlist/78YvwnuHS1aD0SzaWoeac4,Caught Up In You,38 Special,Special Forces
golf,Golf Cart Bangers ⛳️⛳️⛳️,https://open.spotify.com/playlist/78YvwnuHS1aD0SzaWoeac4,Any Way You Want It,Journey,Departure
golf,Golf Cart Bangers ⛳️⛳️⛳️,https://open.spotify.com/playlist/78YvwnuHS1aD0SzaWoeac4,Song of the South,Alabama,Livin' Lovin' Rockin' Rollin': The 25th Anniversary Collection
golf,Golf Cart Bangers ⛳️⛳️⛳️,https://open.spotify.com/playlist/78YvwnuHS1aD0SzaWoeac4,Rock'n Me,Steve Miller Band,Fly Like An Eagle
golf,Golf Cart Bangers ⛳️⛳️⛳️,https://open.spotify.com/playlist/78YvwnuHS1aD0SzaWoeac4,I'm in a Hurry (And Don't Know Why),Alabama,Livin' Lovin' Rockin' Rollin': The 25th Anniversary Collection
golf,Golf Cart Bangers ⛳️⛳️⛳️,https://open.spotify.com/playlist/78YvwnuHS1aD0SzaWoeac4,Peace of Mind,Boston,Boston
golf,Golf Cart Bangers ⛳️⛳️⛳️,https://open.spotify.com/playlist/78YvwnuHS1aD0SzaWoeac4,Roll with the Changes,REO Speedwagon,"You Can Tune a Piano, But You Can't Tuna Fish"
golf,Golf Cart Bangers ⛳️⛳️⛳️,https://open.spotify.com/playlist/78YvwnuHS1aD0SzaWoeac4,Hard To Handle,The Black Crowes,Shake Your Money Maker
golf,Golf Cart Bangers ⛳️⛳️⛳️,https://open.spotify.com/playlist/78YvwnuHS1aD0SzaWoeac4,For Those About to Rock (We Salute You),AC/DC,For Those About to Rock (We Salute You)
golf,Golf Cart Bangers ⛳️⛳️⛳️,https://open.spotify.com/playlist/78YvwnuHS1aD0SzaWoeac4,"Lovin', Touchin', Squeezin'",Journey,Evolution
golf,Golf Cart Bangers ⛳️⛳️⛳️,https://open.spotify.com/playlist/78YvwnuHS1aD0SzaWoeac4,Down To The Honkytonk,Jake Owen,Greetings From...Jake
golf,Golf Cart Bangers ⛳️⛳️⛳️,https://open.spotify.com/playlist/78YvwnuHS1aD0SzaWoeac4,In Case You Didn't Know,Brett Young,Brett Young
golf,Golf Cart Bangers ⛳️⛳️⛳️,https://open.spotify.com/playlist/78YvwnuHS1aD0SzaWoeac4,Reelin' In The Years,Steely Dan,Can't Buy A Thrill
golf,Golf Cart Bangers ⛳️⛳️⛳️,https://open.spotify.com/playlist/78YvwnuHS1aD0SzaWoeac4,Mountain Music,Alabama,Ultimate Alabama 20 # 1 Hits
golf,Golf Cart Bangers ⛳️⛳️⛳️,https://open.spotify.com/playlist/78YvwnuHS1aD0SzaWoeac4,"John Cougar, John Deere, John 3:16",Keith Urban,Ripcord
golf,Golf Cart Bangers ⛳️⛳️⛳️,https://open.spotify.com/playlist/78YvwnuHS1aD0SzaWoeac4,Hold On Loosely,38 Special,20th Century Masters The Millennium Collection: Best of 38 Special
golf,Golf Cart Bangers ⛳️⛳️⛳️,https://open.spotify.com/playlist/78YvwnuHS1aD0SzaWoeac4,Round and Round,Ratt,Out of the Cellar
golf,Golf Cart Bangers ⛳️⛳️⛳️,https://open.spotify.com/playlist/78YvwnuHS1aD0SzaWoeac4,Feel like Makin' Love - 2015 Remaster,Bad Company,Straight Shooter
golf,Golf Cart Bangers ⛳️⛳️⛳️,https://open.spotify.com/playlist/78YvwnuHS1aD0SzaWoeac4,Purple Haze,Jimi Hendrix,Are You Experienced
golf,Golf Cart Bangers ⛳️⛳️⛳️,https://open.spotify.com/playlist/78YvwnuHS1aD0SzaWoeac4,Werewolves of London,Warren Zevon,Excitable Boy
golf,Golf Cart Bangers ⛳️⛳️⛳️,https://open.spotify.com/playlist/78YvwnuHS1aD0SzaWoeac4,School's Out,Alice Cooper,School's Out
golf,Golf Cart Bangers ⛳️⛳️⛳️,https://open.spotify.com/playlist/78YvwnuHS1aD0SzaWoeac4,Something Like That,Tim McGraw,A Place In The Sun
golf,Golf Cart Bangers ⛳️⛳️⛳️,https://open.spotify.com/playlist/78YvwnuHS1aD0SzaWoeac4,Friday Night,Eric Paslay,Eric Paslay
golf,Golf Cart Bangers ⛳️⛳️⛳️,https://open.spotify.com/playlist/78YvwnuHS1aD0SzaWoeac4,The Way I Talk,Morgan Wallen,If I Know Me
golf,Golf Cart Bangers ⛳️⛳️⛳️,https://open.spotify.com/playlist/78YvwnuHS1aD0SzaWoeac4,Drowns The Whiskey (feat. Miranda Lambert),"Jason Aldean, Miranda Lambert",Rearview Town
golf,Golf Cart Bangers ⛳️⛳️⛳️,https://open.spotify.com/playlist/78YvwnuHS1aD0SzaWoeac4,Days Go By,Keith Urban,Be Here
golf,Golf Cart Bangers ⛳️⛳️⛳️,https://open.spotify.com/playlist/78YvwnuHS1aD0SzaWoeac4,Cult of Personality,Living Colour,Vivid (Expanded Edition)
golf,Golf Cart Bangers ⛳️⛳️⛳️,https://open.spotify.com/playlist/78YvwnuHS1aD0SzaWoeac4,Working for the Weekend,Loverboy,Get Lucky
golf,Golf Cart Bangers ⛳️⛳️⛳️,https://open.spotify.com/playlist/78YvwnuHS1aD0SzaWoeac4,Save a Horse (Ride a Cowboy),Big & Rich,Horse of a Different Color
golf,Golf Cart Bangers ⛳️⛳️⛳️,https://open.spotify.com/playlist/78YvwnuHS1aD0SzaWoeac4,Me and My Kind,Cody Johnson,Cowboy Like Me
golf,Golf Cart Bangers ⛳️⛳️⛳️,https://open.spotify.com/playlist/78YvwnuHS1aD0SzaWoeac4,Best Thing Since Backroads,Jake Owen,Best Thing Since Backroads
golf,Golf Cart Bangers ⛳️⛳️⛳️,https://open.spotify.com/playlist/78YvwnuHS1aD0SzaWoeac4,Freedom Was A Highway,"Jimmie Allen, Brad Paisley",Bettie James
golf,Golf Cart Bangers ⛳️⛳️⛳️,https://open.spotify.com/playlist/78YvwnuHS1aD0SzaWoeac4,Gone,Dierks Bentley,Gone
golf,Golf Cart Bangers ⛳️⛳️⛳️,https://open.spotify.com/playlist/78YvwnuHS1aD0SzaWoeac4,Don't Come Lookin',Jackson Dean,Jackson Dean
golf,Golf Cart Bangers ⛳️⛳️⛳️,https://open.spotify.com/playlist/78YvwnuHS1aD0SzaWoeac4,Dancing In the Dark,Bruce Springsteen,Born In The U.S.A.
golf,Golf Cart Bangers ⛳️⛳️⛳️,https://open.spotify.com/playlist/78YvwnuHS1aD0SzaWoeac4,Somebody To Love - Remastered 2011,Queen,A Day At The Races (Deluxe Edition 2011 Remaster)
golf,Golf Cart Bangers ⛳️⛳️⛳️,https://open.spotify.com/playlist/78YvwnuHS1aD0SzaWoeac4,Big City Nights,Scorpions,Love At First Sting
golf,Golf Cart Bangers ⛳️⛳️⛳️,https://open.spotify.com/playlist/78YvwnuHS1aD0SzaWoeac4,Sharp Dressed Man - 2008 Remaster,ZZ Top,Eliminator
golf,Golf Cart Bangers ⛳️⛳️⛳️,https://open.spotify.com/playlist/78YvwnuHS1aD0SzaWoeac4,Limelight,Rush,Moving Pictures (2011 Remaster)
golf,Golf Cart Bangers ⛳️⛳️⛳️,https://open.spotify.com/playlist/78YvwnuHS1aD0SzaWoeac4,Thought You Should Know,Morgan Wallen,Thought You Should Know
golf,Golf Cart Bangers ⛳️⛳️⛳️,https://open.spotify.com/playlist/78YvwnuHS1aD0SzaWoeac4,Country Must Be Country Wide,Brantley Gilbert,Halfway To Heaven (Deluxe Edition)
golf,Golf Cart Bangers ⛳️⛳️⛳️,https://open.spotify.com/playlist/78YvwnuHS1aD0SzaWoeac4,Buy Me a Boat,Chris Janson,Buy Me a Boat
golf,Golf Cart Bangers ⛳️⛳️⛳️,https://open.spotify.com/playlist/78YvwnuHS1aD0SzaWoeac4,Chicken Fried,Zac Brown Band,The Foundation
golf,Golf Cart Bangers ⛳️⛳️⛳️,https://open.spotify.com/playlist/78YvwnuHS1aD0SzaWoeac4,Knee Deep (feat. Jimmy Buffett),"Zac Brown Band, Jimmy Buffett",You Get What You Give
golf,Golf Cart Bangers ⛳️⛳️⛳️,https://open.spotify.com/playlist/78YvwnuHS1aD0SzaWoeac4,Colder Weather,Zac Brown Band,You Get What You Give
golf,Golf Cart Bangers ⛳️⛳️⛳️,https://open.spotify.com/playlist/78YvwnuHS1aD0SzaWoeac4,7500 OBO,Tim McGraw,7500 OBO (Live)
golf,Golf Cart Bangers ⛳️⛳️⛳️,https://open.spotify.com/playlist/78YvwnuHS1aD0SzaWoeac4,Alright,Darius Rucker,Learn To Live
golf,Golf Cart Bangers ⛳️⛳️⛳️,https://open.spotify.com/playlist/78YvwnuHS1aD0SzaWoeac4,Blue Tacoma,Russell Dickerson,Yours
golf,Golf Cart Bangers ⛳️⛳️⛳️,https://open.spotify.com/playlist/78YvwnuHS1aD0SzaWoeac4,Somewhere In My Car,Keith Urban,Somewhere In My Car
golf,Golf Cart Bangers ⛳️⛳️⛳️,https://open.spotify.com/playlist/78YvwnuHS1aD0SzaWoeac4,Ridin’ Roads,Dustin Lynch,Tullahoma
golf,Golf Cart Bangers ⛳️⛳️⛳️,https://open.spotify.com/playlist/78YvwnuHS1aD0SzaWoeac4,Bottoms Up,Brantley Gilbert,Just As I Am
golf,Golf Cart Bangers ⛳️⛳️⛳️,https://open.spotify.com/playlist/78YvwnuHS1aD0SzaWoeac4,Even Though I'm Leaving,Luke Combs,What You See Is What You Get
golf,Golf Cart Bangers ⛳️⛳️⛳️,https://open.spotify.com/playlist/78YvwnuHS1aD0SzaWoeac4,"Houston, We Got a Problem",Luke Combs,This One's for You Too (Deluxe Edition)
golf,Golf Cart Bangers ⛳️⛳️⛳️,https://open.spotify.com/playlist/78YvwnuHS1aD0SzaWoeac4,Runnin' Outta Moonlight,Randy Houser,How Country Feels
golf,Golf Cart Bangers ⛳️⛳️⛳️,https://open.spotify.com/playlist/78YvwnuHS1aD0SzaWoeac4,Take It From Me,Jordan Davis,Home State
golf,Golf Cart Bangers ⛳️⛳️⛳️,https://open.spotify.com/playlist/78YvwnuHS1aD0SzaWoeac4,Honey Bee,Blake Shelton,Red River Blue (Deluxe Edition)
golf,Golf Cart Bangers ⛳️⛳️⛳️,https://open.spotify.com/playlist/78YvwnuHS1aD0SzaWoeac4,Forever After All,Luke Combs,What You See Ain't Always What You Get (Deluxe Edition)
golf,Golf Cart Bangers ⛳️⛳️⛳️,https://open.spotify.com/playlist/78YvwnuHS1aD0SzaWoeac4,Here And Now,Kenny Chesney,Here And Now
golf,Golf Cart Bangers ⛳️⛳️⛳️,https://open.spotify.com/playlist/78YvwnuHS1aD0SzaWoeac4,Different 'Round Here,Riley Green,Different 'Round Here
golf,Golf Cart Bangers ⛳️⛳️⛳️,https://open.spotify.com/playlist/78YvwnuHS1aD0SzaWoeac4,My Kinda Party,Jason Aldean,My Kinda Party
golf,Golf Cart Bangers ⛳️⛳️⛳️,https://open.spotify.com/playlist/78YvwnuHS1aD0SzaWoeac4,How Country Feels,Randy Houser,How Country Feels
golf,Golf Cart Bangers ⛳️⛳️⛳️,https://open.spotify.com/playlist/78YvwnuHS1aD0SzaWoeac4,Chillin' It,Cole Swindell,Cole Swindell
golf,Golf Cart Bangers ⛳️⛳️⛳️,https://open.spotify.com/playlist/78YvwnuHS1aD0SzaWoeac4,Buy Dirt,"Jordan Davis, Luke Bryan",Buy Dirt
golf,Golf Cart Bangers ⛳️⛳️⛳️,https://open.spotify.com/playlist/78YvwnuHS1aD0SzaWoeac4,Get Along,Kenny Chesney,Songs for the Saints
golf,Golf Cart Bangers ⛳️⛳️⛳️,https://open.spotify.com/playlist/78YvwnuHS1aD0SzaWoeac4,Record Year,Eric Church,Mr. Misunderstood
golf,Golf Cart Bangers ⛳️⛳️⛳️,https://open.spotify.com/playlist/78YvwnuHS1aD0SzaWoeac4,Small Town Boy,Dustin Lynch,Small Town Boy
golf,Golf Cart Bangers ⛳️⛳️⛳️,https://open.spotify.com/playlist/78YvwnuHS1aD0SzaWoeac4,American Kids,Kenny Chesney,The Big Revival
golf,Golf Cart Bangers ⛳️⛳️⛳️,https://open.spotify.com/playlist/78YvwnuHS1aD0SzaWoeac4,Rain Is A Good Thing,Luke Bryan,Doin' My Thing
golf,Golf Cart Bangers ⛳️⛳️⛳️,https://open.spotify.com/playlist/78YvwnuHS1aD0SzaWoeac4,Beachin',Jake Owen,Days of Gold
golf,Golf Cart Bangers ⛳️⛳️⛳️,https://open.spotify.com/playlist/78YvwnuHS1aD0SzaWoeac4,Backroad Song,Granger Smith,Remington
golf,Golf Cart Bangers ⛳️⛳️⛳️,https://open.spotify.com/playlist/78YvwnuHS1aD0SzaWoeac4,Get Your Shine On,Florida Georgia Line,Here's To The Good Times
golf,Golf Cart Bangers ⛳️⛳️⛳️,https://open.spotify.com/playlist/78YvwnuHS1aD0SzaWoeac4,Talk You Out Of It,Florida Georgia Line,Can't Say I Ain't Country
golf,Golf Cart Bangers ⛳️⛳️⛳️,https://open.spotify.com/playlist/78YvwnuHS1aD0SzaWoeac4,Tom Sawyer,Rush,Moving Pictures (2011 Remaster)
golf,Golf Cart Bangers ⛳️⛳️⛳️,https://open.spotify.com/playlist/78YvwnuHS1aD0SzaWoeac4,Burnin' It Down,Jason Aldean,"Old Boots, New Dirt"
golf,Golf Cart Bangers ⛳️⛳️⛳️,https://open.spotify.com/playlist/78YvwnuHS1aD0SzaWoeac4,Summertime,Kenny Chesney,Greatest Hits II
golf,Golf Cart Bangers ⛳️⛳️⛳️,https://open.spotify.com/playlist/78YvwnuHS1aD0SzaWoeac4,Dust On The Bottle,David Lee Murphy,Out With A Bang
golf,Golf Cart Bangers ⛳️⛳️⛳️,https://open.spotify.com/playlist/78YvwnuHS1aD0SzaWoeac4,"1, 2 Many","Luke Combs, Brooks & Dunn",What You See Is What You Get
golf,Golf Cart Bangers ⛳️⛳️⛳️,https://open.spotify.com/playlist/78YvwnuHS1aD0SzaWoeac4,Short Skirt Weather,Kane Brown,Experiment Extended
golf,Golf Cart Bangers ⛳️⛳️⛳️,https://open.spotify.com/playlist/78YvwnuHS1aD0SzaWoeac4,Down To One,Luke Bryan,Born Here Live Here Die Here
golf,Golf Cart Bangers ⛳️⛳️⛳️,https://open.spotify.com/playlist/78YvwnuHS1aD0SzaWoeac4,Nobody,Dylan Scott,Nothing To Do Town
golf,Golf Cart Bangers ⛳️⛳️⛳️,https://open.spotify.com/playlist/78YvwnuHS1aD0SzaWoeac4,Party Mode,Dustin Lynch,Blue In The Sky
golf,Golf Cart Bangers ⛳️⛳️⛳️,https://open.spotify.com/playlist/78YvwnuHS1aD0SzaWoeac4,Hells Bells,AC/DC,Back In Black
golf,Golf Cart Bangers ⛳️⛳️⛳️,https://open.spotify.com/playlist/78YvwnuHS1aD0SzaWoeac4,You Give Love A Bad Name,Bon Jovi,Slippery When Wet
golf,Golf Cart Bangers ⛳️⛳️⛳️,https://open.spotify.com/playlist/78YvwnuHS1aD0SzaWoeac4,The Boys Of Summer,Don Henley,Building The Perfect Beast
golf,Golf Cart Bangers ⛳️⛳️⛳️,https://open.spotify.com/playlist/78YvwnuHS1aD0SzaWoeac4,Shoot to Thrill,AC/DC,Back In Black
golf,Golf Cart Bangers ⛳️⛳️⛳️,https://open.spotify.com/playlist/78YvwnuHS1aD0SzaWoeac4,Dirt Road Anthem,Jason Aldean,My Kinda Party
golf,Golf Cart Bangers ⛳️⛳️⛳️,https://open.spotify.com/playlist/78YvwnuHS1aD0SzaWoeac4,Good Directions,Billy Currington,Doin' Somethin' Right
golf,Golf Cart Bangers ⛳️⛳️⛳️,https://open.spotify.com/playlist/78YvwnuHS1aD0SzaWoeac4,Fix a Drink,Chris Janson,EVERYBODY
golf,Golf Cart Bangers ⛳️⛳️⛳️,https://open.spotify.com/playlist/78YvwnuHS1aD0SzaWoeac4,Are You Gonna Go My Way,Lenny Kravitz,Are You Gonna Go My Way
golf,Golf Cart Bangers ⛳️⛳️⛳️,https://open.spotify.com/playlist/78YvwnuHS1aD0SzaWoeac4,Dirty Deeds Done Dirt Cheap,AC/DC,Dirty Deeds Done Dirt Cheap
golf,Golf Cart Bangers ⛳️⛳️⛳️,https://open.spotify.com/playlist/78YvwnuHS1aD0SzaWoeac4,The Gambler,Kenny Rogers,The Gambler
golf,Golf Cart Bangers ⛳️⛳️⛳️,https://open.spotify.com/playlist/78YvwnuHS1aD0SzaWoeac4,Beer Can’t Fix,"Thomas Rhett, Jon Pardi",Center Point Road
golf,Golf Cart Bangers ⛳️⛳️⛳️,https://open.spotify.com/playlist/78YvwnuHS1aD0SzaWoeac4,Raised on Country,Chris Young,Raised on Country
golf,Golf Cart Bangers ⛳️⛳️⛳️,https://open.spotify.com/playlist/78YvwnuHS1aD0SzaWoeac4,Nothing To Do Town,Dylan Scott,Nothing To Do Town
golf,Golf Cart Bangers ⛳️⛳️⛳️,https://open.spotify.com/playlist/78YvwnuHS1aD0SzaWoeac4,More Than My Hometown,Morgan Wallen,More Than My Hometown
golf,Golf Cart Bangers ⛳️⛳️⛳️,https://open.spotify.com/playlist/78YvwnuHS1aD0SzaWoeac4,Flatliner (feat. Dierks Bentley),"Cole Swindell, Dierks Bentley",You Should Be Here
golf,Golf Cart Bangers ⛳️⛳️⛳️,https://open.spotify.com/playlist/78YvwnuHS1aD0SzaWoeac4,Snapback,Old Dominion,Meat and Candy
golf,Golf Cart Bangers ⛳️⛳️⛳️,https://open.spotify.com/playlist/78YvwnuHS1aD0SzaWoeac4,Ready Set Roll,Chase Rice,Ignite the Night (Party Edition)
golf,Golf Cart Bangers ⛳️⛳️⛳️,https://open.spotify.com/playlist/78YvwnuHS1aD0SzaWoeac4,One Big Country Song,LOCASH,Brothers
golf,Golf Cart Bangers ⛳️⛳️⛳️,https://open.spotify.com/playlist/78YvwnuHS1aD0SzaWoeac4,Shout It Out Loud,KISS,Destroyer
golf,Golf Cart Bangers ⛳️⛳️⛳️,https://open.spotify.com/playlist/78YvwnuHS1aD0SzaWoeac4,The Ones That Didn’t Make It Back Home,Justin Moore,The Ones That Didn’t Make It Back Home
golf,Golf Cart Bangers ⛳️⛳️⛳️,https://open.spotify.com/playlist/78YvwnuHS1aD0SzaWoeac4,Sippin’ On Fire,Florida Georgia Line,Anything Goes
golf,Golf Cart Bangers ⛳️⛳️⛳️,https://open.spotify.com/playlist/78YvwnuHS1aD0SzaWoeac4,Here's To The Good Times,Florida Georgia Line,Here's To The Good Times
golf,Golf Cart Bangers ⛳️⛳️⛳️,https://open.spotify.com/playlist/78YvwnuHS1aD0SzaWoeac4,Make Me Want To,Jimmie Allen,Mercury Lane
golf,Golf Cart Bangers ⛳️⛳️⛳️,https://open.spotify.com/playlist/78YvwnuHS1aD0SzaWoeac4,Tessie,Dropkick Murphys,The Warrior's Code
golf,Golf Cart Bangers ⛳️⛳️⛳️,https://open.spotify.com/playlist/78YvwnuHS1aD0SzaWoeac4,Make It Sweet,Old Dominion,Old Dominion
golf,Golf Cart Bangers ⛳️⛳️⛳️,https://open.spotify.com/playlist/78YvwnuHS1aD0SzaWoeac4,Big Green Tractor,Jason Aldean,Wide Open
golf,Golf Cart Bangers ⛳️⛳️⛳️,https://open.spotify.com/playlist/78YvwnuHS1aD0SzaWoeac4,Live Like You Were Dying,Tim McGraw,McGRAW (The Ultimate Collection)
golf,Golf Cart Bangers ⛳️⛳️⛳️,https://open.spotify.com/playlist/78YvwnuHS1aD0SzaWoeac4,One That Got Away,Michael Ray,Amos
golf,Golf Cart Bangers ⛳️⛳️⛳️,https://open.spotify.com/playlist/78YvwnuHS1aD0SzaWoeac4,What Happens In A Small Town,"Brantley Gilbert, Lindsay Ell",What Happens In A Small Town
golf,Golf Cart Bangers ⛳️⛳️⛳️,https://open.spotify.com/playlist/78YvwnuHS1aD0SzaWoeac4,Love You Too Late,Cole Swindell,All of It
golf,Golf Cart Bangers ⛳️⛳️⛳️,https://open.spotify.com/playlist/78YvwnuHS1aD0SzaWoeac4,Out Last Night,Kenny Chesney,Greatest Hits II
golf,Golf Cart Bangers ⛳️⛳️⛳️,https://open.spotify.com/playlist/78YvwnuHS1aD0SzaWoeac4,Runaway,Bon Jovi,Bon Jovi
golf,Golf Cart Bangers ⛳️⛳️⛳️,https://open.spotify.com/playlist/78YvwnuHS1aD0SzaWoeac4,Jailbreak,Thin Lizzy,Jailbreak (Deluxe Edition)
golf,Golf Cart Bangers ⛳️⛳️⛳️,https://open.spotify.com/playlist/78YvwnuHS1aD0SzaWoeac4,Ain't Talkin' 'Bout Love - 2015 Remaster,Van Halen,Van Halen (Remastered)
golf,Golf Cart Bangers ⛳️⛳️⛳️,https://open.spotify.com/playlist/78YvwnuHS1aD0SzaWoeac4,The Final Countdown,Europe,The Final Countdown (Expanded Edition)
golf,Golf Cart Bangers ⛳️⛳️⛳️,https://open.spotify.com/playlist/78YvwnuHS1aD0SzaWoeac4,New York Groove,Ace Frehley,Kiss: Ace Frehley
golf,Golf Cart Bangers ⛳️⛳️⛳️,https://open.spotify.com/playlist/78YvwnuHS1aD0SzaWoeac4,Dr. Feelgood,Mötley Crüe,Dr. Feelgood (Deluxe Version)
golf,Golf Cart Bangers ⛳️⛳️⛳️,https://open.spotify.com/playlist/78YvwnuHS1aD0SzaWoeac4,Sweet Child O' Mine,Guns N' Roses,Appetite For Destruction
golf,Golf Cart Bangers ⛳️⛳️⛳️,https://open.spotify.com/playlist/78YvwnuHS1aD0SzaWoeac4,Paradise City,Guns N' Roses,Appetite For Destruction
golf,Golf Cart Bangers ⛳️⛳️⛳️,https://open.spotify.com/playlist/78YvwnuHS1aD0SzaWoeac4,Welcome To The Jungle,Guns N' Roses,Appetite For Destruction
golf,Golf Cart Bangers ⛳️⛳️⛳️,https://open.spotify.com/playlist/78YvwnuHS1aD0SzaWoeac4,Knockin' On Heaven's Door,Guns N' Roses,Use Your Illusion II
golf,Golf Cart Bangers ⛳️⛳️⛳️,https://open.spotify.com/playlist/78YvwnuHS1aD0SzaWoeac4,You Really Got Me - 2015 Remaster,Van Halen,Van Halen (Remastered)
golf,Golf Cart Bangers ⛳️⛳️⛳️,https://open.spotify.com/playlist/78YvwnuHS1aD0SzaWoeac4,Wanted Dead Or Alive,Bon Jovi,Slippery When Wet
golf,Golf Cart Bangers ⛳️⛳️⛳️,https://open.spotify.com/playlist/78YvwnuHS1aD0SzaWoeac4,Life is a Highway,Rascal Flatts,Cars (Original Motion Picture Soundtrack)
golf,Golf Cart Bangers ⛳️⛳️⛳️,https://open.spotify.com/playlist/78YvwnuHS1aD0SzaWoeac4,Day Drunk,Morgan Evans,Things That We Drink To
golf,Golf Cart Bangers ⛳️⛳️⛳️,https://open.spotify.com/playlist/78YvwnuHS1aD0SzaWoeac4,Spirit In The Sky - Deluxe Edition,Norman Greenbaum,Spirit In The Sky (Deluxe Edition)
golf,Golf Cart Bangers ⛳️⛳️⛳️,https://open.spotify.com/playlist/78YvwnuHS1aD0SzaWoeac4,Tequila,Dan + Shay,Dan + Shay
golf,Golf Cart Bangers ⛳️⛳️⛳️,https://open.spotify.com/playlist/78YvwnuHS1aD0SzaWoeac4,Famous Friends,"Chris Young, Kane Brown",Famous Friends
golf,Golf Cart Bangers ⛳️⛳️⛳️,https://open.spotify.com/playlist/78YvwnuHS1aD0SzaWoeac4,Last Night Lonely,Jon Pardi,Last Night Lonely
golf,Golf Cart Bangers ⛳️⛳️⛳️,https://open.spotify.com/playlist/78YvwnuHS1aD0SzaWoeac4,Done,Chris Janson,Real Friends
golf,Golf Cart Bangers ⛳️⛳️⛳️,https://open.spotify.com/playlist/78YvwnuHS1aD0SzaWoeac4,That's My Kind Of Night,Luke Bryan,Crash My Party
golf,Golf Cart Bangers ⛳️⛳️⛳️,https://open.spotify.com/playlist/78YvwnuHS1aD0SzaWoeac4,Gimme Shelter,The Rolling Stones,Let It Bleed
golf,Golf Cart Bangers ⛳️⛳️⛳️,https://open.spotify.com/playlist/78YvwnuHS1aD0SzaWoeac4,Whiskey And Rain,Michael Ray,Whiskey And Rain
golf,Golf Cart Bangers ⛳️⛳️⛳️,https://open.spotify.com/playlist/78YvwnuHS1aD0SzaWoeac4,Cherry Pie,Warrant,Cherry Pie
golf,Golf Cart Bangers ⛳️⛳️⛳️,https://open.spotify.com/playlist/78YvwnuHS1aD0SzaWoeac4,Every Time I Hear That Song,Blake Shelton,If I'm Honest
golf,Golf Cart Bangers ⛳️⛳️⛳️,https://open.spotify.com/playlist/78YvwnuHS1aD0SzaWoeac4,God's Country,Blake Shelton,God's Country
golf,Golf Cart Bangers ⛳️⛳️⛳️,https://open.spotify.com/playlist/78YvwnuHS1aD0SzaWoeac4,Nobody But You (Duet with Gwen Stefani),"Blake Shelton, Gwen Stefani",Fully Loaded: God's Country
golf,Golf Cart Bangers ⛳️⛳️⛳️,https://open.spotify.com/playlist/78YvwnuHS1aD0SzaWoeac4,Who Are You,The Who,Who Are You
golf,Golf Cart Bangers ⛳️⛳️⛳️,https://open.spotify.com/playlist/78YvwnuHS1aD0SzaWoeac4,Crazy On You,Heart,Dreamboat Annie
golf,Golf Cart Bangers ⛳️⛳️⛳️,https://open.spotify.com/playlist/78YvwnuHS1aD0SzaWoeac4,Barracuda,Heart,Little Queen
golf,Golf Cart Bangers ⛳️⛳️⛳️,https://open.spotify.com/playlist/78YvwnuHS1aD0SzaWoeac4,Gimme All Your Lovin',ZZ Top,Eliminator
golf,Golf Cart Bangers ⛳️⛳️⛳️,https://open.spotify.com/playlist/78YvwnuHS1aD0SzaWoeac4,In The Air Tonight - 2015 Remastered,Phil Collins,Face Value (Deluxe Editon)
golf,Golf Cart Bangers ⛳️⛳️⛳️,https://open.spotify.com/playlist/78YvwnuHS1aD0SzaWoeac4,"Danger Zone - From ""Top Gun"" Original Soundtrack",Kenny Loggins,"Yesterday, Today, Tomorrow - The Greatest Hits Of Kenny Loggins"
golf,Golf Cart Bangers ⛳️⛳️⛳️,https://open.spotify.com/playlist/78YvwnuHS1aD0SzaWoeac4,Wild Side,Mötley Crüe,"Girls, Girls, Girls"
golf,Golf Cart Bangers ⛳️⛳️⛳️,https://open.spotify.com/playlist/78YvwnuHS1aD0SzaWoeac4,Confession,Florida Georgia Line,Anything Goes
golf,Golf Cart Bangers ⛳️⛳️⛳️,https://open.spotify.com/playlist/78YvwnuHS1aD0SzaWoeac4,"Big, Big Plans",Chris Lane,"Big, Big Plans"
golf,Golf Cart Bangers ⛳️⛳️⛳️,https://open.spotify.com/playlist/78YvwnuHS1aD0SzaWoeac4,After A Few,Travis Denning,Beer's Better Cold
golf,Golf Cart Bangers ⛳️⛳️⛳️,https://open.spotify.com/playlist/78YvwnuHS1aD0SzaWoeac4,Happy Does,Kenny Chesney,Here And Now
golf,Golf Cart Bangers ⛳️⛳️⛳️,https://open.spotify.com/playlist/78YvwnuHS1aD0SzaWoeac4,Got What I Got,Jason Aldean,9
golf,Golf Cart Bangers ⛳️⛳️⛳️,https://open.spotify.com/playlist/78YvwnuHS1aD0SzaWoeac4,I Love My Country,Florida Georgia Line,6-Pack
golf,Golf Cart Bangers ⛳️⛳️⛳️,https://open.spotify.com/playlist/78YvwnuHS1aD0SzaWoeac4,What She Wants Tonight,Luke Bryan,Born Here Live Here Die Here
golf,Golf Cart Bangers ⛳️⛳️⛳️,https://open.spotify.com/playlist/78YvwnuHS1aD0SzaWoeac4,Does To Me (feat. Eric Church),"Luke Combs, Eric Church",What You See Is What You Get
golf,Golf Cart Bangers ⛳️⛳️⛳️,https://open.spotify.com/playlist/78YvwnuHS1aD0SzaWoeac4,Love You Like I Used To,Russell Dickerson,Southern Symphony
golf,Golf Cart Bangers ⛳️⛳️⛳️,https://open.spotify.com/playlist/78YvwnuHS1aD0SzaWoeac4,Some Girls,Jameson Rodgers,Jameson Rodgers
golf,Golf Cart Bangers ⛳️⛳️⛳️,https://open.spotify.com/playlist/78YvwnuHS1aD0SzaWoeac4,Lovin' On You,Luke Combs,The Prequel - EP
golf,Golf Cart Bangers ⛳️⛳️⛳️,https://open.spotify.com/playlist/78YvwnuHS1aD0SzaWoeac4,Happy Anywhere (feat. Gwen Stefani),"Blake Shelton, Gwen Stefani",Happy Anywhere (feat. Gwen Stefani)
golf,Golf Cart Bangers ⛳️⛳️⛳️,https://open.spotify.com/playlist/78YvwnuHS1aD0SzaWoeac4,Chasin' You,Morgan Wallen,If I Know Me
golf,Golf Cart Bangers ⛳️⛳️⛳️,https://open.spotify.com/playlist/78YvwnuHS1aD0SzaWoeac4,Long Live,Florida Georgia Line,Life Rolls On
golf,Golf Cart Bangers ⛳️⛳️⛳️,https://open.spotify.com/playlist/78YvwnuHS1aD0SzaWoeac4,She's Country,Jason Aldean,Wide Open
golf,Golf Cart Bangers ⛳️⛳️⛳️,https://open.spotify.com/playlist/78YvwnuHS1aD0SzaWoeac4,Middle of a Memory,Cole Swindell,You Should Be Here
golf,Golf Cart Bangers ⛳️⛳️⛳️,https://open.spotify.com/playlist/78YvwnuHS1aD0SzaWoeac4,Save It for a Rainy Day,Kenny Chesney,The Big Revival
golf,Golf Cart Bangers ⛳️⛳️⛳️,https://open.spotify.com/playlist/78YvwnuHS1aD0SzaWoeac4,Til It's Gone,Kenny Chesney,The Big Revival
golf,Golf Cart Bangers ⛳️⛳️⛳️,https://open.spotify.com/playlist/78YvwnuHS1aD0SzaWoeac4,The Boys of Fall,Kenny Chesney,Hemingway's Whiskey
golf,Golf Cart Bangers ⛳️⛳️⛳️,https://open.spotify.com/playlist/78YvwnuHS1aD0SzaWoeac4,Free Bird,Lynyrd Skynyrd,Pronounced' Leh-'Nerd 'Skin-'Nerd
golf,Golf Cart Bangers ⛳️⛳️⛳️,https://open.spotify.com/playlist/78YvwnuHS1aD0SzaWoeac4,Margaritaville,Jimmy Buffett,"Changes In Latitudes, Changes In Attitudes"
golf,Golf Cart Bangers ⛳️⛳️⛳️,https://open.spotify.com/playlist/78YvwnuHS1aD0SzaWoeac4,Cold As You,Luke Combs,What You See Ain't Always What You Get (Deluxe Edition)
golf,Golf Cart Bangers ⛳️⛳️⛳️,https://open.spotify.com/playlist/78YvwnuHS1aD0SzaWoeac4,The Spirit Of Radio,Rush,Permanent Waves
golf,Golf Cart Bangers ⛳️⛳️⛳️,https://open.spotify.com/playlist/78YvwnuHS1aD0SzaWoeac4,Rock Of Ages,Def Leppard,Pyromania (Deluxe)
golf,Golf Cart Bangers ⛳️⛳️⛳️,https://open.spotify.com/playlist/78YvwnuHS1aD0SzaWoeac4,Double Vision,Foreigner,Double Vision (Expanded)
golf,Golf Cart Bangers ⛳️⛳️⛳️,https://open.spotify.com/playlist/78YvwnuHS1aD0SzaWoeac4,Beer Can,Luke Combs,This One's for You
golf,Golf Cart Bangers ⛳️⛳️⛳️,https://open.spotify.com/playlist/78YvwnuHS1aD0SzaWoeac4,Wild Hearts,Keith Urban,Wild Hearts
golf,Golf Cart Bangers ⛳️⛳️⛳️,https://open.spotify.com/playlist/78YvwnuHS1aD0SzaWoeac4,All My Friends Say,Luke Bryan,I'll Stay Me
golf,Golf Cart Bangers ⛳️⛳️⛳️,https://open.spotify.com/playlist/78YvwnuHS1aD0SzaWoeac4,White Wedding - Pt. 1,Billy Idol,Billy Idol
golf,Golf Cart Bangers ⛳️⛳️⛳️,https://open.spotify.com/playlist/78YvwnuHS1aD0SzaWoeac4,Foreplay / Long Time,Boston,Boston
golf,Golf Cart Bangers ⛳️⛳️⛳️,https://open.spotify.com/playlist/78YvwnuHS1aD0SzaWoeac4,Song for Another Time,Old Dominion,Meat and Candy
golf,Golf Cart Bangers ⛳️⛳️⛳️,https://open.spotify.com/playlist/78YvwnuHS1aD0SzaWoeac4,Written in the Sand,Old Dominion,Happy Endings
golf,Golf Cart Bangers ⛳️⛳️⛳️,https://open.spotify.com/playlist/78YvwnuHS1aD0SzaWoeac4,No Such Thing as a Broken Heart,Old Dominion,Happy Endings
golf,Golf Cart Bangers ⛳️⛳️⛳️,https://open.spotify.com/playlist/78YvwnuHS1aD0SzaWoeac4,Pirate Flag,Kenny Chesney,Life on a Rock
golf,Golf Cart Bangers ⛳️⛳️⛳️,https://open.spotify.com/playlist/78YvwnuHS1aD0SzaWoeac4,Bar at the End of the World,Kenny Chesney,Cosmic Hallelujah
golf,Golf Cart Bangers ⛳️⛳️⛳️,https://open.spotify.com/playlist/78YvwnuHS1aD0SzaWoeac4,Baby Hold On (2022 Remaster),Eddie Money,Eddie Money (2022 Remaster)
golf,Golf Cart Bangers ⛳️⛳️⛳️,https://open.spotify.com/playlist/78YvwnuHS1aD0SzaWoeac4,We Didn't Have Much,Justin Moore,Straight Outta The Country
golf,Golf Cart Bangers ⛳️⛳️⛳️,https://open.spotify.com/playlist/78YvwnuHS1aD0SzaWoeac4,Don't Happen Twice,Kenny Chesney,Greatest Hits
golf,Golf Cart Bangers ⛳️⛳️⛳️,https://open.spotify.com/playlist/78YvwnuHS1aD0SzaWoeac4,Gimme Three Steps,Lynyrd Skynyrd,Pronounced' Leh-'Nerd 'Skin-'Nerd
golf,Golf Cart Bangers ⛳️⛳️⛳️,https://open.spotify.com/playlist/78YvwnuHS1aD0SzaWoeac4,'Til You Can't,Cody Johnson,'Til You Can’t / Longer Than She Did
golf,Golf Cart Bangers ⛳️⛳️⛳️,https://open.spotify.com/playlist/78YvwnuHS1aD0SzaWoeac4,A Little More Summertime,Jason Aldean,They Don't Know
golf,Golf Cart Bangers ⛳️⛳️⛳️,https://open.spotify.com/playlist/78YvwnuHS1aD0SzaWoeac4,Drunk (And I Don't Wanna Go Home),"Elle King, Miranda Lambert",Drunk (And I Don't Wanna Go Home)
golf,Golf Cart Bangers ⛳️⛳️⛳️,https://open.spotify.com/playlist/78YvwnuHS1aD0SzaWoeac4,You Proof,Morgan Wallen,You Proof
golf,Golf Cart Bangers ⛳️⛳️⛳️,https://open.spotify.com/playlist/78YvwnuHS1aD0SzaWoeac4,Wasted On You,Morgan Wallen,Dangerous: The Double Album
golf,Golf Cart Bangers ⛳️⛳️⛳️,https://open.spotify.com/playlist/78YvwnuHS1aD0SzaWoeac4,Sand In My Boots,Morgan Wallen,Dangerous: The Double Album
golf,Golf Cart Bangers ⛳️⛳️⛳️,https://open.spotify.com/playlist/78YvwnuHS1aD0SzaWoeac4,865,Morgan Wallen,Dangerous: The Double Album
golf,Golf Cart Bangers ⛳️⛳️⛳️,https://open.spotify.com/playlist/78YvwnuHS1aD0SzaWoeac4,This Bar,Morgan Wallen,Dangerous: The Double Album
golf,Golf Cart Bangers ⛳️⛳️⛳️,https://open.spotify.com/playlist/78YvwnuHS1aD0SzaWoeac4,Dangerous,Morgan Wallen,Dangerous: The Double Album
golf,Golf Cart Bangers ⛳️⛳️⛳️,https://open.spotify.com/playlist/78YvwnuHS1aD0SzaWoeac4,If I Know Me,Morgan Wallen,If I Know Me
golf,Golf Cart Bangers ⛳️⛳️⛳️,https://open.spotify.com/playlist/78YvwnuHS1aD0SzaWoeac4,Good Girl,Dustin Lynch,Tullahoma
golf,Golf Cart Bangers ⛳️⛳️⛳️,https://open.spotify.com/playlist/78YvwnuHS1aD0SzaWoeac4,I Wish Grandpas Never Died,Riley Green,Different 'Round Here
golf,Golf Cart Bangers ⛳️⛳️⛳️,https://open.spotify.com/playlist/78YvwnuHS1aD0SzaWoeac4,Trouble With A Heartbreak,Jason Aldean,Trouble With A Heartbreak
golf,Golf Cart Bangers ⛳️⛳️⛳️,https://open.spotify.com/playlist/78YvwnuHS1aD0SzaWoeac4,Any Ol' Barstool,Jason Aldean,They Don't Know
golf,Golf Cart Bangers ⛳️⛳️⛳️,https://open.spotify.com/playlist/78YvwnuHS1aD0SzaWoeac4,Don't You Wanna Stay (with Kelly Clarkson),"Jason Aldean, Kelly Clarkson",My Kinda Party
golf,Golf Cart Bangers ⛳️⛳️⛳️,https://open.spotify.com/playlist/78YvwnuHS1aD0SzaWoeac4,Lights Come On,Jason Aldean,They Don't Know
golf,Golf Cart Bangers ⛳️⛳️⛳️,https://open.spotify.com/playlist/78YvwnuHS1aD0SzaWoeac4,Rearview Town,Jason Aldean,Rearview Town
golf,Golf Cart Bangers ⛳️⛳️⛳️,https://open.spotify.com/playlist/78YvwnuHS1aD0SzaWoeac4,Up Around The Bend,Creedence Clearwater Revival,Cosmo's Factory (Expanded Edition)
golf,Golf Cart Bangers ⛳️⛳️⛳️,https://open.spotify.com/playlist/78YvwnuHS1aD0SzaWoeac4,Slow Ride - Edit,Foghat,Slow Ride / Save Your Loving (For Me)
golf,Golf Cart Bangers ⛳️⛳️⛳️,https://open.spotify.com/playlist/78YvwnuHS1aD0SzaWoeac4,You Ain't Seen Nothing Yet,Bachman-Turner Overdrive,Not Fragile
golf,Golf Cart Bangers ⛳️⛳️⛳️,https://open.spotify.com/playlist/78YvwnuHS1aD0SzaWoeac4,Born To Be Wild - Single Version,Steppenwolf,Steppenwolf
golf,Golf Cart Bangers ⛳️⛳️⛳️,https://open.spotify.com/playlist/78YvwnuHS1aD0SzaWoeac4,I Love Rock 'N Roll,Joan Jett & the Blackhearts,I Love Rock 'N' Roll (Expanded Edition)
golf,Golf Cart Bangers ⛳️⛳️⛳️,https://open.spotify.com/playlist/78YvwnuHS1aD0SzaWoeac4,Here I Go Again - 2018 Remaster,Whitesnake,Whitesnake (2018 Remaster)
golf,Golf Cart Bangers ⛳️⛳️⛳️,https://open.spotify.com/playlist/78YvwnuHS1aD0SzaWoeac4,Tush - 2006 Remaster,ZZ Top,Fandango! (Expanded 2006 Remaster)
golf,Golf Cart Bangers ⛳️⛳️⛳️,https://open.spotify.com/playlist/78YvwnuHS1aD0SzaWoeac4,(Don't Fear) The Reaper,Blue Öyster Cult,Agents Of Fortune
golf,Golf Cart Bangers ⛳️⛳️⛳️,https://open.spotify.com/playlist/78YvwnuHS1aD0SzaWoeac4,We're Not Gonna Take It,Twisted Sister,Stay Hungry
golf,Golf Cart Bangers ⛳️⛳️⛳️,https://open.spotify.com/playlist/78YvwnuHS1aD0SzaWoeac4,American Woman - 2024 Remaster,The Guess Who,American Woman
golf,Golf Cart Bangers ⛳️⛳️⛳️,https://open.spotify.com/playlist/78YvwnuHS1aD0SzaWoeac4,Sultans of Swing,Dire Straits,Dire Straits
golf,Golf Cart Bangers ⛳️⛳️⛳️,https://open.spotify.com/playlist/78YvwnuHS1aD0SzaWoeac4,Better Life,Keith Urban,Be Here
golf,Golf Cart Bangers ⛳️⛳️⛳️,https://open.spotify.com/playlist/78YvwnuHS1aD0SzaWoeac4,Listen to the Music,The Doobie Brothers,Best of The Doobies
golf,Golf Cart Bangers ⛳️⛳️⛳️,https://open.spotify.com/playlist/78YvwnuHS1aD0SzaWoeac4,Have You Ever Seen The Rain,Creedence Clearwater Revival,Pendulum (Expanded Edition)
golf,Golf Cart Bangers ⛳️⛳️⛳️,https://open.spotify.com/playlist/78YvwnuHS1aD0SzaWoeac4,Fortunate Son,Creedence Clearwater Revival,Willy And The Poor Boys (Expanded Edition)
golf,Golf Cart Bangers ⛳️⛳️⛳️,https://open.spotify.com/playlist/78YvwnuHS1aD0SzaWoeac4,Don't Bring Me Down,Electric Light Orchestra,Discovery
golf,Golf Cart Bangers ⛳️⛳️⛳️,https://open.spotify.com/playlist/78YvwnuHS1aD0SzaWoeac4,Paranoid,Black Sabbath,Paranoid (2009 Remastered Version)
golf,Golf Cart Bangers ⛳️⛳️⛳️,https://open.spotify.com/playlist/78YvwnuHS1aD0SzaWoeac4,Sweet Emotion,Aerosmith,Toys In The Attic
golf,Golf Cart Bangers ⛳️⛳️⛳️,https://open.spotify.com/playlist/78YvwnuHS1aD0SzaWoeac4,Can't Get Enough - 2009 Remaster,Bad Company,10 from 6 (2009 Remaster)
golf,Golf Cart Bangers ⛳️⛳️⛳️,https://open.spotify.com/playlist/78YvwnuHS1aD0SzaWoeac4,"Rocket Man (I Think It's Going To Be A Long, Long Time)",Elton John,Honky Chateau
golf,Golf Cart Bangers ⛳️⛳️⛳️,https://open.spotify.com/playlist/78YvwnuHS1aD0SzaWoeac4,T.N.T.,AC/DC,High Voltage
golf,Golf Cart Bangers ⛳️⛳️⛳️,https://open.spotify.com/playlist/78YvwnuHS1aD0SzaWoeac4,Black Betty,Ram Jam,The Very Best Of Ram Jam
golf,Golf Cart Bangers ⛳️⛳️⛳️,https://open.spotify.com/playlist/78YvwnuHS1aD0SzaWoeac4,Blue Collar Boys,Luke Combs,What You See Is What You Get
golf,Golf Cart Bangers ⛳️⛳️⛳️,https://open.spotify.com/playlist/78YvwnuHS1aD0SzaWoeac4,Damn Strait,Scotty McCreery,Damn Strait
golf,Golf Cart Bangers ⛳️⛳️⛳️,https://open.spotify.com/playlist/78YvwnuHS1aD0SzaWoeac4,AA,Walker Hayes,AA
golf,Golf Cart Bangers ⛳️⛳️⛳️,https://open.spotify.com/playlist/78YvwnuHS1aD0SzaWoeac4,Love Ain't,Eli Young Band,Love Ain't
golf,Golf Cart Bangers ⛳️⛳️⛳️,https://open.spotify.com/playlist/78YvwnuHS1aD0SzaWoeac4,Drunk Me,Mitchell Tenpenny,Telling All My Secrets
golf,Golf Cart Bangers ⛳️⛳️⛳️,https://open.spotify.com/playlist/78YvwnuHS1aD0SzaWoeac4,Long Hot Summer,Keith Urban,Get Closer
golf,Golf Cart Bangers ⛳️⛳️⛳️,https://open.spotify.com/playlist/78YvwnuHS1aD0SzaWoeac4,Even If It Breaks Your Heart,Eli Young Band,Life At Best
golf,Golf Cart Bangers ⛳️⛳️⛳️,https://open.spotify.com/playlist/78YvwnuHS1aD0SzaWoeac4,Wasted Time,Keith Urban,Ripcord
golf,Golf Cart Bangers ⛳️⛳️⛳️,https://open.spotify.com/playlist/78YvwnuHS1aD0SzaWoeac4,23,Sam Hunt,23
golf,Golf Cart Bangers ⛳️⛳️⛳️,https://open.spotify.com/playlist/78YvwnuHS1aD0SzaWoeac4,Kick The Dust Up,Luke Bryan,Kick The Dust Up
golf,Golf Cart Bangers ⛳️⛳️⛳️,https://open.spotify.com/playlist/78YvwnuHS1aD0SzaWoeac4,Living,Dierks Bentley,The Mountain
golf,Golf Cart Bangers ⛳️⛳️⛳️,https://open.spotify.com/playlist/78YvwnuHS1aD0SzaWoeac4,It'z Just What We Do,Florida Georgia Line,Here's To The Good Times...This Is How We Roll
golf,Golf Cart Bangers ⛳️⛳️⛳️,https://open.spotify.com/playlist/78YvwnuHS1aD0SzaWoeac4,Feels Like a Party,LOCASH,Brothers
golf,Golf Cart Bangers ⛳️⛳️⛳️,https://open.spotify.com/playlist/78YvwnuHS1aD0SzaWoeac4,Every Little Honky Tonk Bar,George Strait,Every Little Honky Tonk Bar
golf,Golf Cart Bangers ⛳️⛳️⛳️,https://open.spotify.com/playlist/78YvwnuHS1aD0SzaWoeac4,Bad To The Bone,George Thorogood & The Destroyers,BAD TO THE BONE
golf,Golf Cart Bangers ⛳️⛳️⛳️,https://open.spotify.com/playlist/78YvwnuHS1aD0SzaWoeac4,Carry on Wayward Son,Kansas,Leftoverture (Expanded Edition)
golf,Golf Cart Bangers ⛳️⛳️⛳️,https://open.spotify.com/playlist/78YvwnuHS1aD0SzaWoeac4,Bad Medicine,Bon Jovi,Bon Jovi Greatest Hits - The Ultimate Collection (Deluxe)
golf,Golf Cart Bangers ⛳️⛳️⛳️,https://open.spotify.com/playlist/78YvwnuHS1aD0SzaWoeac4,Take Me Home Tonight,Eddie Money,Can't Hold Back
golf,Golf Cart Bangers ⛳️⛳️⛳️,https://open.spotify.com/playlist/78YvwnuHS1aD0SzaWoeac4,Boondocks,Little Big Town,The Road To Here
golf,Golf Cart Bangers ⛳️⛳️⛳️,https://open.spotify.com/playlist/78YvwnuHS1aD0SzaWoeac4,Pontoon,Little Big Town,Tornado
golf,Golf Cart Bangers ⛳️⛳️⛳️,https://open.spotify.com/playlist/78YvwnuHS1aD0SzaWoeac4,Bennie And The Jets - Remastered 2014,Elton John,Goodbye Yellow Brick Road (Remastered)
golf,Golf Cart Bangers ⛳️⛳️⛳️,https://open.spotify.com/playlist/78YvwnuHS1aD0SzaWoeac4,New Truck,Dylan Scott,New Truck
golf,Golf Cart Bangers ⛳️⛳️⛳️,https://open.spotify.com/playlist/78YvwnuHS1aD0SzaWoeac4,I Was On a Boat That Day,Old Dominion,I Was On a Boat That Day
golf,Golf Cart Bangers ⛳️⛳️⛳️,https://open.spotify.com/playlist/78YvwnuHS1aD0SzaWoeac4,She Thinks My Tractor's Sexy,Kenny Chesney,Everywhere We Go
golf,Golf Cart Bangers ⛳️⛳️⛳️,https://open.spotify.com/playlist/78YvwnuHS1aD0SzaWoeac4,Knowing You,Kenny Chesney,Here And Now
golf,Golf Cart Bangers ⛳️⛳️⛳️,https://open.spotify.com/playlist/78YvwnuHS1aD0SzaWoeac4,Tequila Little Time,Jon Pardi,Heartache Medication
golf,Golf Cart Bangers ⛳️⛳️⛳️,https://open.spotify.com/playlist/78YvwnuHS1aD0SzaWoeac4,Minimum Wage,Blake Shelton,Body Language
golf,Golf Cart Bangers ⛳️⛳️⛳️,https://open.spotify.com/playlist/78YvwnuHS1aD0SzaWoeac4,When the Sun Goes Down,"Kenny Chesney, Uncle Kracker",When The Sun Goes Down
golf,Golf Cart Bangers ⛳️⛳️⛳️,https://open.spotify.com/playlist/78YvwnuHS1aD0SzaWoeac4,Setting the World On Fire (with P!NK),"Kenny Chesney, P!nk",Cosmic Hallelujah
golf,Golf Cart Bangers ⛳️⛳️⛳️,https://open.spotify.com/playlist/78YvwnuHS1aD0SzaWoeac4,Don't Blink,Kenny Chesney,Just Who I Am: Poets & Pirates
golf,Golf Cart Bangers ⛳️⛳️⛳️,https://open.spotify.com/playlist/78YvwnuHS1aD0SzaWoeac4,There Goes My Life,Kenny Chesney,When The Sun Goes Down
golf,Golf Cart Bangers ⛳️⛳️⛳️,https://open.spotify.com/playlist/78YvwnuHS1aD0SzaWoeac4,Cold Beer Calling My Name,"Jameson Rodgers, Luke Combs",Cold Beer Calling My Name
golf,Golf Cart Bangers ⛳️⛳️⛳️,https://open.spotify.com/playlist/78YvwnuHS1aD0SzaWoeac4,Doin' This,Luke Combs,Doin' This
golf,Golf Cart Bangers ⛳️⛳️⛳️,https://open.spotify.com/playlist/78YvwnuHS1aD0SzaWoeac4,Beers And Sunshine,Darius Rucker,Beers And Sunshine
golf,Golf Cart Bangers ⛳️⛳️⛳️,https://open.spotify.com/playlist/78YvwnuHS1aD0SzaWoeac4,Like I Love Country Music,Kane Brown,Like I Love Country Music
golf,Golf Cart Bangers ⛳️⛳️⛳️,https://open.spotify.com/playlist/78YvwnuHS1aD0SzaWoeac4,5 Foot 9,Tyler Hubbard,5 Foot 9
golf,Golf Cart Bangers ⛳️⛳️⛳️,https://open.spotify.com/playlist/78YvwnuHS1aD0SzaWoeac4,Diamond In My Pocket,Cody Johnson,A Different Day
golf,Golf Cart Bangers ⛳️⛳️⛳️,https://open.spotify.com/playlist/78YvwnuHS1aD0SzaWoeac4,Good Time,Alan Jackson,Good Time
golf,Golf Cart Bangers ⛳️⛳️⛳️,https://open.spotify.com/playlist/78YvwnuHS1aD0SzaWoeac4,No Hard Feelings,Old Dominion,"Time, Tequila & Therapy"
golf,Golf Cart Bangers ⛳️⛳️⛳️,https://open.spotify.com/playlist/78YvwnuHS1aD0SzaWoeac4,Drinkin' Beer. Talkin' God. Amen. (feat. Florida Georgia Line),"Chase Rice, Florida Georgia Line",Drinkin' Beer. Talkin' God. Amen. (feat. Florida Georgia Line)
golf,Golf Cart Bangers ⛳️⛳️⛳️,https://open.spotify.com/playlist/78YvwnuHS1aD0SzaWoeac4,It's A Great Day To Be Alive,Travis Tritt,Down The Road I Go
golf,Golf Cart Bangers ⛳️⛳️⛳️,https://open.spotify.com/playlist/78YvwnuHS1aD0SzaWoeac4,As Good As I Once Was,Toby Keith,Honkytonk University
golf,Golf Cart Bangers ⛳️⛳️⛳️,https://open.spotify.com/playlist/78YvwnuHS1aD0SzaWoeac4,She Likes It (feat. Jake Scott),"Russell Dickerson, Jake Scott",She Likes It (feat. Jake Scott)
golf,Golf Cart Bangers ⛳️⛳️⛳️,https://open.spotify.com/playlist/78YvwnuHS1aD0SzaWoeac4,She Had Me At Heads Carolina,Cole Swindell,Stereotype
golf,Golf Cart Bangers ⛳️⛳️⛳️,https://open.spotify.com/playlist/78YvwnuHS1aD0SzaWoeac4,Money for Nothing,Dire Straits,Brothers in Arms
golf,Golf Cart Bangers ⛳️⛳️⛳️,https://open.spotify.com/playlist/78YvwnuHS1aD0SzaWoeac4,Red Dirt Road,Brooks & Dunn,Red Dirt Road
golf,Golf Cart Bangers ⛳️⛳️⛳️,https://open.spotify.com/playlist/78YvwnuHS1aD0SzaWoeac4,Southern Nights,Glen Campbell,Southern Nights
golf,Golf Cart Bangers ⛳️⛳️⛳️,https://open.spotify.com/playlist/78YvwnuHS1aD0SzaWoeac4,Boot Scootin' Boogie,Brooks & Dunn,#1s ... and then some
golf,Golf Cart Bangers ⛳️⛳️⛳️,https://open.spotify.com/playlist/78YvwnuHS1aD0SzaWoeac4,Neon Moon,Brooks & Dunn,#1s ... and then some
golf,Golf Cart Bangers ⛳️⛳️⛳️,https://open.spotify.com/playlist/78YvwnuHS1aD0SzaWoeac4,Fake ID (feat. Gretchen Wilson),"Big & Rich, Gretchen Wilson",Footloose (Music From the Motion Picture)
golf,Golf Cart Bangers ⛳️⛳️⛳️,https://open.spotify.com/playlist/78YvwnuHS1aD0SzaWoeac4,Comin' to Your City,Big & Rich,Comin' to Your City
golf,Golf Cart Bangers ⛳️⛳️⛳️,https://open.spotify.com/playlist/78YvwnuHS1aD0SzaWoeac4,The Weekend,Brantley Gilbert,The Devil Don't Sleep
golf,Golf Cart Bangers ⛳️⛳️⛳️,https://open.spotify.com/playlist/78YvwnuHS1aD0SzaWoeac4,Copperhead Road,Steve Earle,Copperhead Road
golf,Golf Cart Bangers ⛳️⛳️⛳️,https://open.spotify.com/playlist/78YvwnuHS1aD0SzaWoeac4,Fishing In The Dark,Nitty Gritty Dirt Band,Anthology
golf,Golf Cart Bangers ⛳️⛳️⛳️,https://open.spotify.com/playlist/78YvwnuHS1aD0SzaWoeac4,Greatest Love Story,LANCO,Hallelujah Nights
golf,Golf Cart Bangers ⛳️⛳️⛳️,https://open.spotify.com/playlist/78YvwnuHS1aD0SzaWoeac4,Sunshine & Whiskey,Frankie Ballard,Sunshine & Whiskey
golf,Golf Cart Bangers ⛳️⛳️⛳️,https://open.spotify.com/playlist/78YvwnuHS1aD0SzaWoeac4,Last Shot,Kip Moore,SLOWHEART
golf,Golf Cart Bangers ⛳️⛳️⛳️,https://open.spotify.com/playlist/78YvwnuHS1aD0SzaWoeac4,Pink Houses,John Mellencamp,Uh-HUH!
golf,Golf Cart Bangers ⛳️⛳️⛳️,https://open.spotify.com/playlist/78YvwnuHS1aD0SzaWoeac4,Should've Been A Cowboy,Toby Keith,Greatest Hits
golf,Golf Cart Bangers ⛳️⛳️⛳️,https://open.spotify.com/playlist/78YvwnuHS1aD0SzaWoeac4,"I Like It, I Love It",Tim McGraw,All I Want
golf,Golf Cart Bangers ⛳️⛳️⛳️,https://open.spotify.com/playlist/78YvwnuHS1aD0SzaWoeac4,How Do You Like Me Now?!,Toby Keith,Toby Keith 35 Biggest Hits
golf,Golf Cart Bangers ⛳️⛳️⛳️,https://open.spotify.com/playlist/78YvwnuHS1aD0SzaWoeac4,Beer With My Friends,"Kenny Chesney, Old Dominion",Beer With My Friends
golf,Golf Cart Bangers ⛳️⛳️⛳️,https://open.spotify.com/playlist/78YvwnuHS1aD0SzaWoeac4,Won't Get Fooled Again - Original Album Version,The Who,Who's Next (Deluxe Edition)
golf,Golf Cart Bangers ⛳️⛳️⛳️,https://open.spotify.com/playlist/78YvwnuHS1aD0SzaWoeac4,Hillbilly Deluxe,Brooks & Dunn,Hillbilly Deluxe
golf,Golf Cart Bangers ⛳️⛳️⛳️,https://open.spotify.com/playlist/78YvwnuHS1aD0SzaWoeac4,Chicks Dig It - Single Edit,Chris Cagle,Chris Cagle
golf,Golf Cart Bangers ⛳️⛳️⛳️,https://open.spotify.com/playlist/78YvwnuHS1aD0SzaWoeac4,Honky Tonk Badonkadonk,Trace Adkins,Songs About Me
golf,Golf Cart Bangers ⛳️⛳️⛳️,https://open.spotify.com/playlist/78YvwnuHS1aD0SzaWoeac4,God Bless The U.S.A.,Lee Greenwood,American Patriot
golf,Golf Cart Bangers ⛳️⛳️⛳️,https://open.spotify.com/playlist/78YvwnuHS1aD0SzaWoeac4,All Along the Watchtower,Jimi Hendrix,Electric Ladyland
golf,Golf Cart Bangers ⛳️⛳️⛳️,https://open.spotify.com/playlist/78YvwnuHS1aD0SzaWoeac4,Anywhere With You,Jake Owen,Barefoot Blue Jean Night
golf,Golf Cart Bangers ⛳️⛳️⛳️,https://open.spotify.com/playlist/78YvwnuHS1aD0SzaWoeac4,Farmer's Daughter,Rodney Atkins,It's America
golf,Golf Cart Bangers ⛳️⛳️⛳️,https://open.spotify.com/playlist/78YvwnuHS1aD0SzaWoeac4,Seein' Red,Dustin Lynch,Current Mood
golf,Golf Cart Bangers ⛳️⛳️⛳️,https://open.spotify.com/playlist/78YvwnuHS1aD0SzaWoeac4,Let It Ride,Bachman-Turner Overdrive,BTO's Greatest
golf,Golf Cart Bangers ⛳️⛳️⛳️,https://open.spotify.com/playlist/78YvwnuHS1aD0SzaWoeac4,Too Much Time On My Hands,Styx,Greatest Hits
golf,Golf Cart Bangers ⛳️⛳️⛳️,https://open.spotify.com/playlist/78YvwnuHS1aD0SzaWoeac4,Radar Love,Golden Earring,Golden Earring Biggest Hits
golf,Golf Cart Bangers ⛳️⛳️⛳️,https://open.spotify.com/playlist/78YvwnuHS1aD0SzaWoeac4,Blue Collar Man (Long Nights),Styx,Pieces Of Eight
golf,Golf Cart Bangers ⛳️⛳️⛳️,https://open.spotify.com/playlist/78YvwnuHS1aD0SzaWoeac4,Hotel California - 2013 Remaster,Eagles,Hotel California (2013 Remaster)
golf,Golf Cart Bangers ⛳️⛳️⛳️,https://open.spotify.com/playlist/78YvwnuHS1aD0SzaWoeac4,Wheel in the Sky,Journey,Infinity
golf,Golf Cart Bangers ⛳️⛳️⛳️,https://open.spotify.com/playlist/78YvwnuHS1aD0SzaWoeac4,I Want It All,Queen,The Miracle
golf,Golf Cart Bangers ⛳️⛳️⛳️,https://open.spotify.com/playlist/78YvwnuHS1aD0SzaWoeac4,Lonely Is The Night - Remastered 2010,Billy Squier,Don't Say No (Remastered 2010)
golf,Golf Cart Bangers ⛳️⛳️⛳️,https://open.spotify.com/playlist/78YvwnuHS1aD0SzaWoeac4,We're An American Band - Remastered 2002,Grand Funk Railroad,We're An American Band (Expanded Edition / Remastered 2002)
golf,Golf Cart Bangers ⛳️⛳️⛳️,https://open.spotify.com/playlist/78YvwnuHS1aD0SzaWoeac4,Time for Me to Fly,REO Speedwagon,"You Can Tune a Piano, But You Can't Tuna Fish"
golf,Golf Cart Bangers ⛳️⛳️⛳️,https://open.spotify.com/playlist/78YvwnuHS1aD0SzaWoeac4,"One Bourbon, One Scotch, One Beer",George Thorogood & The Destroyers,George Thorogood & the Destroyers
golf,Golf Cart Bangers ⛳️⛳️⛳️,https://open.spotify.com/playlist/78YvwnuHS1aD0SzaWoeac4,Magic Carpet Ride,Steppenwolf,The Second
golf,Golf Cart Bangers ⛳️⛳️⛳️,https://open.spotify.com/playlist/78YvwnuHS1aD0SzaWoeac4,Takin' Care Of Business,Bachman-Turner Overdrive,Bachman-Turner Overdrive II
golf,Golf Cart Bangers ⛳️⛳️⛳️,https://open.spotify.com/playlist/78YvwnuHS1aD0SzaWoeac4,La Grange - 2005 Remaster,ZZ Top,Tres Hombres (Expanded 2006 Remaster)
golf,Golf Cart Bangers ⛳️⛳️⛳️,https://open.spotify.com/playlist/78YvwnuHS1aD0SzaWoeac4,"I'm Alright (Theme from ""Caddyshack"")",Kenny Loggins,The Essential Kenny Loggins
golf,Golf Cart Bangers ⛳️⛳️⛳️,https://open.spotify.com/playlist/78YvwnuHS1aD0SzaWoeac4,Californication,Red Hot Chili Peppers,Californication (Deluxe Edition)
golf,Golf Cart Bangers ⛳️⛳️⛳️,https://open.spotify.com/playlist/78YvwnuHS1aD0SzaWoeac4,Jessie's Girl,Rick Springfield,Working Class Dog
golf,Golf Cart Bangers ⛳️⛳️⛳️,https://open.spotify.com/playlist/78YvwnuHS1aD0SzaWoeac4,Burnin' for You,Blue Öyster Cult,Fire of Unknown Origin
golf,Golf Cart Bangers ⛳️⛳️⛳️,https://open.spotify.com/playlist/78YvwnuHS1aD0SzaWoeac4,Stay,Florida Georgia Line,Here's To The Good Times
golf,Golf Cart Bangers ⛳️⛳️⛳️,https://open.spotify.com/playlist/78YvwnuHS1aD0SzaWoeac4,How Forever Feels,Kenny Chesney,Everywhere We Go
golf,Golf Cart Bangers ⛳️⛳️⛳️,https://open.spotify.com/playlist/78YvwnuHS1aD0SzaWoeac4,Everyone She Knows,Kenny Chesney,Here And Now
golf,Golf Cart Bangers ⛳️⛳️⛳️,https://open.spotify.com/playlist/78YvwnuHS1aD0SzaWoeac4,She's Got It All,Kenny Chesney,I Will Stand
golf,Golf Cart Bangers ⛳️⛳️⛳️,https://open.spotify.com/playlist/78YvwnuHS1aD0SzaWoeac4,The Good Stuff,Kenny Chesney,"No Shoes, No Shirt, No Problems"
golf,Golf Cart Bangers ⛳️⛳️⛳️,https://open.spotify.com/playlist/78YvwnuHS1aD0SzaWoeac4,Young,Kenny Chesney,"No Shoes, No Shirt, No Problems"
golf,Golf Cart Bangers ⛳️⛳️⛳️,https://open.spotify.com/playlist/78YvwnuHS1aD0SzaWoeac4,One Mississippi,Kane Brown,One Mississippi
golf,Golf Cart Bangers ⛳️⛳️⛳️,https://open.spotify.com/playlist/78YvwnuHS1aD0SzaWoeac4,Boys 'Round Here (feat. Pistol Annies & Friends),"Blake Shelton, Pistol Annies",Based on a True Story... (Deluxe Edition)
golf,Golf Cart Bangers ⛳️⛳️⛳️,https://open.spotify.com/playlist/78YvwnuHS1aD0SzaWoeac4,Smoke A Little Smoke,Eric Church,Carolina
golf,Golf Cart Bangers ⛳️⛳️⛳️,https://open.spotify.com/playlist/78YvwnuHS1aD0SzaWoeac4,Every Little Thing,Russell Dickerson,Yours
golf,Golf Cart Bangers ⛳️⛳️⛳️,https://open.spotify.com/playlist/78YvwnuHS1aD0SzaWoeac4,One Hell Of An Amen,Brantley Gilbert,Just As I Am (Platinum Edition)
golf,Golf Cart Bangers ⛳️⛳️⛳️,https://open.spotify.com/playlist/78YvwnuHS1aD0SzaWoeac4,GIVE HEAVEN SOME HELL,HARDY,A ROCK
golf,Golf Cart Bangers ⛳️⛳️⛳️,https://open.spotify.com/playlist/78YvwnuHS1aD0SzaWoeac4,It's Five O'Clock Somewhere,"Alan Jackson, Jimmy Buffett",Playlist: The Very Best Of Alan Jackson
golf,Golf Cart Bangers ⛳️⛳️⛳️,https://open.spotify.com/playlist/78YvwnuHS1aD0SzaWoeac4,Whiskey On You,Nate Smith,Whiskey On You
golf,Golf Cart Bangers ⛳️⛳️⛳️,https://open.spotify.com/playlist/78YvwnuHS1aD0SzaWoeac4,For Whom The Bell Tolls (Remastered),Metallica,Ride The Lightning (Deluxe Remaster)
golf,Golf Cart Bangers ⛳️⛳️⛳️,https://open.spotify.com/playlist/78YvwnuHS1aD0SzaWoeac4,Loud and Heavy,Cody Jinks,Adobe Sessions
golf,Golf Cart Bangers ⛳️⛳️⛳️,https://open.spotify.com/playlist/78YvwnuHS1aD0SzaWoeac4,Tennessee Orange,Megan Moroney,Tennessee Orange
golf,Golf Cart Bangers ⛳️⛳️⛳️,https://open.spotify.com/playlist/78YvwnuHS1aD0SzaWoeac4,I Won't Back Down,Tom Petty,Full Moon Fever
golf,Golf Cart Bangers ⛳️⛳️⛳️,https://open.spotify.com/playlist/78YvwnuHS1aD0SzaWoeac4,Cat's in the Cradle,Harry Chapin,Verities & Balderdash
golf,Golf Cart Bangers ⛳️⛳️⛳️,https://open.spotify.com/playlist/78YvwnuHS1aD0SzaWoeac4,Country Girl (Shake It For Me),Luke Bryan,Tailgates & Tanlines
golf,Golf Cart Bangers ⛳️⛳️⛳️,https://open.spotify.com/playlist/78YvwnuHS1aD0SzaWoeac4,Son Of A Sinner,Jelly Roll,Ballads Of The Broken
golf,Golf Cart Bangers ⛳️⛳️⛳️,https://open.spotify.com/playlist/78YvwnuHS1aD0SzaWoeac4,Play Something Country,Brooks & Dunn,#1s ... and then some
golf,Golf Cart Bangers ⛳️⛳️⛳️,https://open.spotify.com/playlist/78YvwnuHS1aD0SzaWoeac4,Check Yes Or No,George Strait,Strait Out Of The Box
golf,Golf Cart Bangers ⛳️⛳️⛳️,https://open.spotify.com/playlist/78YvwnuHS1aD0SzaWoeac4,Write This Down,George Strait,Always Never The Same
golf,Golf Cart Bangers ⛳️⛳️⛳️,https://open.spotify.com/playlist/78YvwnuHS1aD0SzaWoeac4,Bandaid On A Bullet Hole,Morgan Wallen,Dangerous: The Double Album (Bonus)
golf,Golf Cart Bangers ⛳️⛳️⛳️,https://open.spotify.com/playlist/78YvwnuHS1aD0SzaWoeac4,Mr. Crowley,Ozzy Osbourne,Blizzard Of Ozz (40th Anniversary Expanded Edition)
golf,Golf Cart Bangers ⛳️⛳️⛳️,https://open.spotify.com/playlist/78YvwnuHS1aD0SzaWoeac4,Why Don't We Just Dance,Josh Turner,Haywire
golf,Golf Cart Bangers ⛳️⛳️⛳️,https://open.spotify.com/playlist/78YvwnuHS1aD0SzaWoeac4,Feelin’ It,Scotty McCreery,See You Tonight
golf,Golf Cart Bangers ⛳️⛳️⛳️,https://open.spotify.com/playlist/78YvwnuHS1aD0SzaWoeac4,Bad Company - 2015 Remaster,Bad Company,Bad Company (Deluxe)
golf,Golf Cart Bangers ⛳️⛳️⛳️,https://open.spotify.com/playlist/78YvwnuHS1aD0SzaWoeac4,Chattahoochee,Alan Jackson,A Lot About Livin' (And A Little 'Bout Love)
golf,Golf Cart Bangers ⛳️⛳️⛳️,https://open.spotify.com/playlist/78YvwnuHS1aD0SzaWoeac4,I Love This Bar,Toby Keith,Shock 'N Y'all
golf,Golf Cart Bangers ⛳️⛳️⛳️,https://open.spotify.com/playlist/78YvwnuHS1aD0SzaWoeac4,You In A Honky Tonk,Randall King,You In A Honky Tonk
golf,Golf Cart Bangers ⛳️⛳️⛳️,https://open.spotify.com/playlist/78YvwnuHS1aD0SzaWoeac4,Smokin',Boston,Boston
golf,Golf Cart Bangers ⛳️⛳️⛳️,https://open.spotify.com/playlist/78YvwnuHS1aD0SzaWoeac4,Ramblin' Gamblin' Man,Bob Seger,Ramblin' Gamblin' Man
golf,Golf Cart Bangers ⛳️⛳️⛳️,https://open.spotify.com/playlist/78YvwnuHS1aD0SzaWoeac4,Centerfold,The J. Geils Band,Freeze Frame
golf,Golf Cart Bangers ⛳️⛳️⛳️,https://open.spotify.com/playlist/78YvwnuHS1aD0SzaWoeac4,Higher,Creed,Human Clay
golf,Golf Cart Bangers ⛳️⛳️⛳️,https://open.spotify.com/playlist/78YvwnuHS1aD0SzaWoeac4,Iron Man,Black Sabbath,The Ultimate Collection
golf,Golf Cart Bangers ⛳️⛳️⛳️,https://open.spotify.com/playlist/78YvwnuHS1aD0SzaWoeac4,Sympathy For The Devil,The Rolling Stones,The Rolling Stones Singles Collection: The London Years
golf,Golf Cart Bangers ⛳️⛳️⛳️,https://open.spotify.com/playlist/78YvwnuHS1aD0SzaWoeac4,Whole Lotta Love - 1990 Remaster,Led Zeppelin,Led Zeppelin II (1994 Remaster)
golf,Golf Cart Bangers ⛳️⛳️⛳️,https://open.spotify.com/playlist/78YvwnuHS1aD0SzaWoeac4,Smoke on the Water,Deep Purple,Machine Head
golf,Golf Cart Bangers ⛳️⛳️⛳️,https://open.spotify.com/playlist/78YvwnuHS1aD0SzaWoeac4,Immigrant Song - Remaster,Led Zeppelin,Led Zeppelin III (Remaster)
golf,Golf Cart Bangers ⛳️⛳️⛳️,https://open.spotify.com/playlist/78YvwnuHS1aD0SzaWoeac4,Black Dog - Remaster,Led Zeppelin,Led Zeppelin IV (Deluxe Edition)
golf,Golf Cart Bangers ⛳️⛳️⛳️,https://open.spotify.com/playlist/78YvwnuHS1aD0SzaWoeac4,All My Love - Remaster,Led Zeppelin,In Through the out Door (Remaster)
golf,Golf Cart Bangers ⛳️⛳️⛳️,https://open.spotify.com/playlist/78YvwnuHS1aD0SzaWoeac4,Stairway to Heaven - Remaster,Led Zeppelin,Led Zeppelin IV (Deluxe Edition)
golf,Golf Cart Bangers ⛳️⛳️⛳️,https://open.spotify.com/playlist/78YvwnuHS1aD0SzaWoeac4,Ramble On - 1990 Remaster,Led Zeppelin,Led Zeppelin II (1994 Remaster)
golf,Golf Cart Bangers ⛳️⛳️⛳️,https://open.spotify.com/playlist/78YvwnuHS1aD0SzaWoeac4,If You're Gonna Play in Texas (You Gotta Have a Fiddle in the Band),Alabama,Ultimate Alabama 20 # 1 Hits
golf,Golf Cart Bangers ⛳️⛳️⛳️,https://open.spotify.com/playlist/78YvwnuHS1aD0SzaWoeac4,A Country Boy Can Survive,"Hank Williams, Jr.",The Pressure Is On
golf,Golf Cart Bangers ⛳️⛳️⛳️,https://open.spotify.com/playlist/78YvwnuHS1aD0SzaWoeac4,Dinosaur,"Hank Williams, Jr.",Habits Old And New
golf,Golf Cart Bangers ⛳️⛳️⛳️,https://open.spotify.com/playlist/78YvwnuHS1aD0SzaWoeac4,For The First Time,Darius Rucker,When Was The Last Time
golf,Golf Cart Bangers ⛳️⛳️⛳️,https://open.spotify.com/playlist/78YvwnuHS1aD0SzaWoeac4,Mr. Brightside,The Killers,Hot Fuss
golf,Golf Cart Bangers ⛳️⛳️⛳️,https://open.spotify.com/playlist/78YvwnuHS1aD0SzaWoeac4,Who Do You Love?,George Thorogood & The Destroyers,The Baddest Of George Thorogood And The Destroyers
golf,Golf Cart Bangers ⛳️⛳️⛳️,https://open.spotify.com/playlist/78YvwnuHS1aD0SzaWoeac4,Rock And Roll Never Forgets,Bob Seger,Night Moves
golf,Golf Cart Bangers ⛳️⛳️⛳️,https://open.spotify.com/playlist/78YvwnuHS1aD0SzaWoeac4,I Don't Have To Be Me ('Til Monday) - Single Version,Steve Azar,Waitin' On Joe
golf,Golf Cart Bangers ⛳️⛳️⛳️,https://open.spotify.com/playlist/78YvwnuHS1aD0SzaWoeac4,Brand New Man - with Luke Combs,"Brooks & Dunn, Luke Combs",Reboot
golf,Golf Cart Bangers ⛳️⛳️⛳️,https://open.spotify.com/playlist/78YvwnuHS1aD0SzaWoeac4,Under the Bridge,Red Hot Chili Peppers,Blood Sugar Sex Magik (Deluxe Edition)
golf,Golf Cart Bangers ⛳️⛳️⛳️,https://open.spotify.com/playlist/78YvwnuHS1aD0SzaWoeac4,Hungry Like the Wolf - 2009 Remaster,Duran Duran,Rio (Collector's Edition)
golf,Golf Cart Bangers ⛳️⛳️⛳️,https://open.spotify.com/playlist/78YvwnuHS1aD0SzaWoeac4,I Still Haven't Found What I'm Looking For,U2,The Joshua Tree (Super Deluxe)
golf,Golf Cart Bangers ⛳️⛳️⛳️,https://open.spotify.com/playlist/78YvwnuHS1aD0SzaWoeac4,Everybody Wants To Rule The World,Tears For Fears,Songs From The Big Chair (Super Deluxe Edition)
golf,Golf Cart Bangers ⛳️⛳️⛳️,https://open.spotify.com/playlist/78YvwnuHS1aD0SzaWoeac4,Shout At The Devil,Mötley Crüe,Shout At The Devil
golf,Golf Cart Bangers ⛳️⛳️⛳️,https://open.spotify.com/playlist/78YvwnuHS1aD0SzaWoeac4,Twilight Zone,Golden Earring,Cut
golf,Golf Cart Bangers ⛳️⛳️⛳️,https://open.spotify.com/playlist/78YvwnuHS1aD0SzaWoeac4,Rock the Casbah - Remastered,The Clash,Combat Rock (Remastered)
golf,Golf Cart Bangers ⛳️⛳️⛳️,https://open.spotify.com/playlist/78YvwnuHS1aD0SzaWoeac4,I Ran (So Far Away),A Flock Of Seagulls,A Flock Of Seagulls
golf,Golf Cart Bangers ⛳️⛳️⛳️,https://open.spotify.com/playlist/78YvwnuHS1aD0SzaWoeac4,867-5309 / Jenny (Re-Recorded Version),Tommy Tutone,867-5309 / Jenny (Re-Recorded Version)
golf,Golf Cart Bangers ⛳️⛳️⛳️,https://open.spotify.com/playlist/78YvwnuHS1aD0SzaWoeac4,Stone in Love,Journey,Escape (Bonus Track Version)
golf,Golf Cart Bangers ⛳️⛳️⛳️,https://open.spotify.com/playlist/78YvwnuHS1aD0SzaWoeac4,Living After Midnight,Judas Priest,British Steel
golf,Golf Cart Bangers ⛳️⛳️⛳️,https://open.spotify.com/playlist/78YvwnuHS1aD0SzaWoeac4,Roxanne,The Police,Outlandos D'Amour (Remastered 2003)
golf,Golf Cart Bangers ⛳️⛳️⛳️,https://open.spotify.com/playlist/78YvwnuHS1aD0SzaWoeac4,Good Times Roll,The Cars,The Cars
golf,Golf Cart Bangers ⛳️⛳️⛳️,https://open.spotify.com/playlist/78YvwnuHS1aD0SzaWoeac4,Don't Look Back,Boston,Don't Look Back
golf,Golf Cart Bangers ⛳️⛳️⛳️,https://open.spotify.com/playlist/78YvwnuHS1aD0SzaWoeac4,Surrender,Cheap Trick,Heaven Tonight
golf,Golf Cart Bangers ⛳️⛳️⛳️,https://open.spotify.com/playlist/78YvwnuHS1aD0SzaWoeac4,California,Big & Rich,California
golf,Golf Cart Bangers ⛳️⛳️⛳️,https://open.spotify.com/playlist/78YvwnuHS1aD0SzaWoeac4,If I Told You,Darius Rucker,When Was The Last Time
golf,Golf Cart Bangers ⛳️⛳️⛳️,https://open.spotify.com/playlist/78YvwnuHS1aD0SzaWoeac4,Ain't Worth the Whiskey,Cole Swindell,Cole Swindell
golf,Golf Cart Bangers ⛳️⛳️⛳️,https://open.spotify.com/playlist/78YvwnuHS1aD0SzaWoeac4,Small Town Throwdown,"Brantley Gilbert, Justin Moore, Thomas Rhett",Just As I Am (Platinum Edition)
golf,Golf Cart Bangers ⛳️⛳️⛳️,https://open.spotify.com/playlist/78YvwnuHS1aD0SzaWoeac4,Yours,Russell Dickerson,Yours
golf,Golf Cart Bangers ⛳️⛳️⛳️,https://open.spotify.com/playlist/78YvwnuHS1aD0SzaWoeac4,Tennessee Whiskey,Chris Stapleton,Traveller
golf,Golf Cart Bangers ⛳️⛳️⛳️,https://open.spotify.com/playlist/78YvwnuHS1aD0SzaWoeac4,Back In the Saddle,Aerosmith,Rocks
golf,Golf Cart Bangers ⛳️⛳️⛳️,https://open.spotify.com/playlist/78YvwnuHS1aD0SzaWoeac4,Your Man,Josh Turner,Your Man
golf,Golf Cart Bangers ⛳️⛳️⛳️,https://open.spotify.com/playlist/78YvwnuHS1aD0SzaWoeac4,Would You Go With Me,Josh Turner,Your Man
golf,Golf Cart Bangers ⛳️⛳️⛳️,https://open.spotify.com/playlist/78YvwnuHS1aD0SzaWoeac4,My Maria,Brooks & Dunn,#1s ... and then some
golf,Golf Cart Bangers ⛳️⛳️⛳️,https://open.spotify.com/playlist/78YvwnuHS1aD0SzaWoeac4,Hard Workin' Man,Brooks & Dunn,Hard Workin' Man
golf,Golf Cart Bangers ⛳️⛳️⛳️,https://open.spotify.com/playlist/78YvwnuHS1aD0SzaWoeac4,What Hurts The Most,Rascal Flatts,Me And My Gang
golf,Golf Cart Bangers ⛳️⛳️⛳️,https://open.spotify.com/playlist/78YvwnuHS1aD0SzaWoeac4,Broadway Girls (feat. Morgan Wallen),"Lil Durk, Morgan Wallen",Broadway Girls (feat. Morgan Wallen)
golf,Golf Cart Bangers ⛳️⛳️⛳️,https://open.spotify.com/playlist/78YvwnuHS1aD0SzaWoeac4,Summer Nights,Rascal Flatts,Unstoppable
golf,Golf Cart Bangers ⛳️⛳️⛳️,https://open.spotify.com/playlist/78YvwnuHS1aD0SzaWoeac4,You've Got Another Thing Coming,Judas Priest,Screaming For Vengeance
golf,Golf Cart Bangers ⛳️⛳️⛳️,https://open.spotify.com/playlist/78YvwnuHS1aD0SzaWoeac4,R.O.C.K. In The U.S.A. (A Salute To 60's Rock),John Mellencamp,Scarecrow
golf,Golf Cart Bangers ⛳️⛳️⛳️,https://open.spotify.com/playlist/78YvwnuHS1aD0SzaWoeac4,Beast Of Burden - Remastered 1994,The Rolling Stones,Some Girls
golf,Golf Cart Bangers ⛳️⛳️⛳️,https://open.spotify.com/playlist/78YvwnuHS1aD0SzaWoeac4,"Courtesy Of The Red, White And Blue (The Angry American)",Toby Keith,Unleashed
golf,Golf Cart Bangers ⛳️⛳️⛳️,https://open.spotify.com/playlist/78YvwnuHS1aD0SzaWoeac4,Something to Be Proud Of,Montgomery Gentry,You Do Your Thing
golf,Golf Cart Bangers ⛳️⛳️⛳️,https://open.spotify.com/playlist/78YvwnuHS1aD0SzaWoeac4,Ain't Nothing 'Bout You,Brooks & Dunn,#1s ... and then some
golf,Golf Cart Bangers ⛳️⛳️⛳️,https://open.spotify.com/playlist/78YvwnuHS1aD0SzaWoeac4,Layla,Derek & The Dominos,Layla And Other Assorted Love Songs (Remastered 2010)
golf,Golf Cart Bangers ⛳️⛳️⛳️,https://open.spotify.com/playlist/78YvwnuHS1aD0SzaWoeac4,Everybody Wants Some!! - 2015 Remaster,Van Halen,Women and Children First (Remastered)
golf,Golf Cart Bangers ⛳️⛳️⛳️,https://open.spotify.com/playlist/78YvwnuHS1aD0SzaWoeac4,Hollywood Nights,Bob Seger,Stranger In Town
golf,Golf Cart Bangers ⛳️⛳️⛳️,https://open.spotify.com/playlist/78YvwnuHS1aD0SzaWoeac4,She's In Love With The Boy - Single Version,Trisha Yearwood,Trisha Yearwood
golf,Golf Cart Bangers ⛳️⛳️⛳️,https://open.spotify.com/playlist/78YvwnuHS1aD0SzaWoeac4,Where The Green Grass Grows,Tim McGraw,Everywhere
golf,Golf Cart Bangers ⛳️⛳️⛳️,https://open.spotify.com/playlist/78YvwnuHS1aD0SzaWoeac4,Ladies Love Country Boys,Trace Adkins,Dangerous Man
golf,Golf Cart Bangers ⛳️⛳️⛳️,https://open.spotify.com/playlist/78YvwnuHS1aD0SzaWoeac4,"Heads Carolina, Tails California",Jo Dee Messina,Jo Dee Messina
golf,Golf Cart Bangers ⛳️⛳️⛳️,https://open.spotify.com/playlist/78YvwnuHS1aD0SzaWoeac4,Can't Fight This Feeling,REO Speedwagon,Wheels Are Turnin'
golf,Golf Cart Bangers ⛳️⛳️⛳️,https://open.spotify.com/playlist/78YvwnuHS1aD0SzaWoeac4,Amarillo Sky,Jason Aldean,Jason Aldean
golf,Golf Cart Bangers ⛳️⛳️⛳️,https://open.spotify.com/playlist/78YvwnuHS1aD0SzaWoeac4,Man! I Feel Like A Woman!,Shania Twain,Come On Over
golf,Golf Cart Bangers ⛳️⛳️⛳️,https://open.spotify.com/playlist/78YvwnuHS1aD0SzaWoeac4,We Went,Randy Houser,Fired Up
golf,Golf Cart Bangers ⛳️⛳️⛳️,https://open.spotify.com/playlist/78YvwnuHS1aD0SzaWoeac4,If I Didn't Love You,"Jason Aldean, Carrie Underwood",MACON
golf,Golf Cart Bangers ⛳️⛳️⛳️,https://open.spotify.com/playlist/78YvwnuHS1aD0SzaWoeac4,half of my hometown (feat. Kenny Chesney),"Kelsea Ballerini, Kenny Chesney",kelsea
golf,Golf Cart Bangers ⛳️⛳️⛳️,https://open.spotify.com/playlist/78YvwnuHS1aD0SzaWoeac4,Shadows Of The Night,Pat Benatar,Get Nervous
golf,Golf Cart Bangers ⛳️⛳️⛳️,https://open.spotify.com/playlist/78YvwnuHS1aD0SzaWoeac4,Goodbye Stranger,Supertramp,Breakfast In America
golf,Golf Cart Bangers ⛳️⛳️⛳️,https://open.spotify.com/playlist/78YvwnuHS1aD0SzaWoeac4,Hit Me With Your Best Shot,Pat Benatar,Crimes Of Passion
golf,Golf Cart Bangers ⛳️⛳️⛳️,https://open.spotify.com/playlist/78YvwnuHS1aD0SzaWoeac4,down home,Jimmie Allen,down home
golf,Golf Cart Bangers ⛳️⛳️⛳️,https://open.spotify.com/playlist/78YvwnuHS1aD0SzaWoeac4,What My World Spins Around,Jordan Davis,What My World Spins Around
golf,Golf Cart Bangers ⛳️⛳️⛳️,https://open.spotify.com/playlist/78YvwnuHS1aD0SzaWoeac4,Eminence Front,The Who,It's Hard
golf,Golf Cart Bangers ⛳️⛳️⛳️,https://open.spotify.com/playlist/78YvwnuHS1aD0SzaWoeac4,Behind Blue Eyes,The Who,Who's Next (Deluxe Edition)
golf,Golf Cart Bangers ⛳️⛳️⛳️,https://open.spotify.com/playlist/78YvwnuHS1aD0SzaWoeac4,Hey Girl,Billy Currington,We Are Tonight
golf,Golf Cart Bangers ⛳️⛳️⛳️,https://open.spotify.com/playlist/78YvwnuHS1aD0SzaWoeac4,Traveller,Chris Stapleton,Traveller
golf,Golf Cart Bangers ⛳️⛳️⛳️,https://open.spotify.com/playlist/78YvwnuHS1aD0SzaWoeac4,Like I Loved You,Brett Young,Brett Young
golf,Golf Cart Bangers ⛳️⛳️⛳️,https://open.spotify.com/playlist/78YvwnuHS1aD0SzaWoeac4,My Best Friend's Girl,The Cars,The Cars
golf,Golf Cart Bangers ⛳️⛳️⛳️,https://open.spotify.com/playlist/78YvwnuHS1aD0SzaWoeac4,Shooting Star - 2015 Remaster,Bad Company,Straight Shooter
golf,Golf Cart Bangers ⛳️⛳️⛳️,https://open.spotify.com/playlist/78YvwnuHS1aD0SzaWoeac4,Last Night,Morgan Wallen,3 Songs At A Time Sampler
golf,Golf Cart Bangers ⛳️⛳️⛳️,https://open.spotify.com/playlist/78YvwnuHS1aD0SzaWoeac4,Growin' Up and Gettin' Old,Luke Combs,Growin' Up and Gettin' Old
golf,Golf Cart Bangers ⛳️⛳️⛳️,https://open.spotify.com/playlist/78YvwnuHS1aD0SzaWoeac4,With A Woman You Love,Justin Moore,With A Woman You Love
golf,Golf Cart Bangers ⛳️⛳️⛳️,https://open.spotify.com/playlist/78YvwnuHS1aD0SzaWoeac4,Small Town USA,Justin Moore,Justin Moore
golf,Golf Cart Bangers ⛳️⛳️⛳️,https://open.spotify.com/playlist/78YvwnuHS1aD0SzaWoeac4,Break Up with Him,Old Dominion,Meat and Candy
golf,Golf Cart Bangers ⛳️⛳️⛳️,https://open.spotify.com/playlist/78YvwnuHS1aD0SzaWoeac4,Sister Christian,Night Ranger,Midnight Madness
golf,Golf Cart Bangers ⛳️⛳️⛳️,https://open.spotify.com/playlist/78YvwnuHS1aD0SzaWoeac4,Midnight Rider,Allman Brothers Band,Idlewild South (Deluxe Edition Remastered)
golf,Golf Cart Bangers ⛳️⛳️⛳️,https://open.spotify.com/playlist/78YvwnuHS1aD0SzaWoeac4,Blacktop Gone,Jason Aldean,Rearview Town
golf,Golf Cart Bangers ⛳️⛳️⛳️,https://open.spotify.com/playlist/78YvwnuHS1aD0SzaWoeac4,Where I Come From,Montgomery Gentry,Rebels on the Run
golf,Golf Cart Bangers ⛳️⛳️⛳️,https://open.spotify.com/playlist/78YvwnuHS1aD0SzaWoeac4,Suds in the Bucket,Sara Evans,Restless
golf,Golf Cart Bangers ⛳️⛳️⛳️,https://open.spotify.com/playlist/78YvwnuHS1aD0SzaWoeac4,Gettin' You Home,Chris Young,The Man I Want To Be
golf,Golf Cart Bangers ⛳️⛳️⛳️,https://open.spotify.com/playlist/78YvwnuHS1aD0SzaWoeac4,Parachute,Chris Stapleton,Traveller
golf,Golf Cart Bangers ⛳️⛳️⛳️,https://open.spotify.com/playlist/78YvwnuHS1aD0SzaWoeac4,Broken Halos,Chris Stapleton,From A Room: Volume 1
golf,Golf Cart Bangers ⛳️⛳️⛳️,https://open.spotify.com/playlist/78YvwnuHS1aD0SzaWoeac4,Run with the Pack - Single Edit; 2015 Remaster,Bad Company,Rock 'n' Roll Fantasy: The Very Best of Bad Company
golf,Golf Cart Bangers ⛳️⛳️⛳️,https://open.spotify.com/playlist/78YvwnuHS1aD0SzaWoeac4,Talladega,Eric Church,The Outsiders
golf,Golf Cart Bangers ⛳️⛳️⛳️,https://open.spotify.com/playlist/78YvwnuHS1aD0SzaWoeac4,Sideways,Dierks Bentley,Feel That Fire
golf,Golf Cart Bangers ⛳️⛳️⛳️,https://open.spotify.com/playlist/78YvwnuHS1aD0SzaWoeac4,Somebody Like You,Keith Urban,Golden Road
golf,Golf Cart Bangers ⛳️⛳️⛳️,https://open.spotify.com/playlist/78YvwnuHS1aD0SzaWoeac4,Caught Up In The Country,"Rodney Atkins, The Fisk Jubilee Singers",Caught Up In The Country
golf,Golf Cart Bangers ⛳️⛳️⛳️,https://open.spotify.com/playlist/78YvwnuHS1aD0SzaWoeac4,Eruption - 2015 Remaster,Van Halen,Van Halen (Remastered)
golf,Golf Cart Bangers ⛳️⛳️⛳️,https://open.spotify.com/playlist/78YvwnuHS1aD0SzaWoeac4,What's Your Name,Lynyrd Skynyrd,Street Survivors
golf,Golf Cart Bangers ⛳️⛳️⛳️,https://open.spotify.com/playlist/78YvwnuHS1aD0SzaWoeac4,Like You Never Had It,Florida Georgia Line,Can't Say I Ain't Country
golf,Golf Cart Bangers ⛳️⛳️⛳️,https://open.spotify.com/playlist/78YvwnuHS1aD0SzaWoeac4,I Wanna Talk About Me,Toby Keith,Toby Keith 35 Biggest Hits
golf,Golf Cart Bangers ⛳️⛳️⛳️,https://open.spotify.com/playlist/78YvwnuHS1aD0SzaWoeac4,Some Kind Of Wonderful - Remastered 1999,Grand Funk Railroad,30 Years Of Funk: 1969-1999 The Anthology
golf,Golf Cart Bangers ⛳️⛳️⛳️,https://open.spotify.com/playlist/78YvwnuHS1aD0SzaWoeac4,Don't Think Jesus,Morgan Wallen,One Thing At A Time
golf,Golf Cart Bangers ⛳️⛳️⛳️,https://open.spotify.com/playlist/78YvwnuHS1aD0SzaWoeac4,Everything I Love,Morgan Wallen,3 Songs At A Time Sampler
golf,Golf Cart Bangers ⛳️⛳️⛳️,https://open.spotify.com/playlist/78YvwnuHS1aD0SzaWoeac4,(I Can't Get No) Satisfaction - Mono,The Rolling Stones,Out Of Our Heads
golf,Golf Cart Bangers ⛳️⛳️⛳️,https://open.spotify.com/playlist/78YvwnuHS1aD0SzaWoeac4,Another One Bites The Dust - Remastered 2011,Queen,The Game (2011 Remaster)
golf,Golf Cart Bangers ⛳️⛳️⛳️,https://open.spotify.com/playlist/78YvwnuHS1aD0SzaWoeac4,Heartless - Wallen Album Mix,Morgan Wallen,Dangerous: The Double Album
golf,Golf Cart Bangers ⛳️⛳️⛳️,https://open.spotify.com/playlist/78YvwnuHS1aD0SzaWoeac4,Me To Me,Morgan Wallen,One Thing At A Time
golf,Golf Cart Bangers ⛳️⛳️⛳️,https://open.spotify.com/playlist/78YvwnuHS1aD0SzaWoeac4,I Don't Know About You,Chris Lane,Laps Around The Sun
golf,Golf Cart Bangers ⛳️⛳️⛳️,https://open.spotify.com/playlist/78YvwnuHS1aD0SzaWoeac4,I Wrote The Book,Morgan Wallen,One Thing At A Time
golf,Golf Cart Bangers ⛳️⛳️⛳️,https://open.spotify.com/playlist/78YvwnuHS1aD0SzaWoeac4,We Got History,Mitchell Tenpenny,This Is the Heavy
golf,Golf Cart Bangers ⛳️⛳️⛳️,https://open.spotify.com/playlist/78YvwnuHS1aD0SzaWoeac4,Born With A Beer In My Hand,Morgan Wallen,One Thing At A Time
golf,Golf Cart Bangers ⛳️⛳️⛳️,https://open.spotify.com/playlist/78YvwnuHS1aD0SzaWoeac4,Man Made A Bar (feat. Eric Church),"Morgan Wallen, Eric Church",One Thing At A Time
golf,Golf Cart Bangers ⛳️⛳️⛳️,https://open.spotify.com/playlist/78YvwnuHS1aD0SzaWoeac4,Outlook,Morgan Wallen,One Thing At A Time
golf,Golf Cart Bangers ⛳️⛳️⛳️,https://open.spotify.com/playlist/78YvwnuHS1aD0SzaWoeac4,Ain’t That Some,Morgan Wallen,One Thing At A Time
golf,Golf Cart Bangers ⛳️⛳️⛳️,https://open.spotify.com/playlist/78YvwnuHS1aD0SzaWoeac4,’98 Braves,Morgan Wallen,One Thing At A Time
golf,Golf Cart Bangers ⛳️⛳️⛳️,https://open.spotify.com/playlist/78YvwnuHS1aD0SzaWoeac4,Better Together,Luke Combs,What You See Is What You Get
golf,Golf Cart Bangers ⛳️⛳️⛳️,https://open.spotify.com/playlist/78YvwnuHS1aD0SzaWoeac4,In The Bible (feat. HARDY),"Morgan Wallen, HARDY",One Thing At A Time
golf,Golf Cart Bangers ⛳️⛳️⛳️,https://open.spotify.com/playlist/78YvwnuHS1aD0SzaWoeac4,I Deserve A Drink,Morgan Wallen,One Thing At A Time
golf,Golf Cart Bangers ⛳️⛳️⛳️,https://open.spotify.com/playlist/78YvwnuHS1aD0SzaWoeac4,Voices,Chris Young,The Man I Want To Be
golf,Golf Cart Bangers ⛳️⛳️⛳️,https://open.spotify.com/playlist/78YvwnuHS1aD0SzaWoeac4,Born Free,Kid Rock,Born Free
golf,Golf Cart Bangers ⛳️⛳️⛳️,https://open.spotify.com/playlist/78YvwnuHS1aD0SzaWoeac4,If You're Going Through Hell (Before The Devil Even Knows),Rodney Atkins,If You're Going Through Hell
golf,Golf Cart Bangers ⛳️⛳️⛳️,https://open.spotify.com/playlist/78YvwnuHS1aD0SzaWoeac4,Come Over,Kenny Chesney,Welcome To The Fishbowl
golf,Golf Cart Bangers ⛳️⛳️⛳️,https://open.spotify.com/playlist/78YvwnuHS1aD0SzaWoeac4,Last Drive Down Main,Morgan Wallen,One Thing At A Time
golf,Golf Cart Bangers ⛳️⛳️⛳️,https://open.spotify.com/playlist/78YvwnuHS1aD0SzaWoeac4,Cowgirls (feat. ERNEST),"Morgan Wallen, ERNEST",One Thing At A Time
golf,Golf Cart Bangers ⛳️⛳️⛳️,https://open.spotify.com/playlist/78YvwnuHS1aD0SzaWoeac4,Devil Don’t Know,Morgan Wallen,One Thing At A Time
golf,Golf Cart Bangers ⛳️⛳️⛳️,https://open.spotify.com/playlist/78YvwnuHS1aD0SzaWoeac4,One Thing At A Time,Morgan Wallen,One Thing At A Time
golf,Golf Cart Bangers ⛳️⛳️⛳️,https://open.spotify.com/playlist/78YvwnuHS1aD0SzaWoeac4,Tennessee Numbers,Morgan Wallen,One Thing At A Time
golf,Golf Cart Bangers ⛳️⛳️⛳️,https://open.spotify.com/playlist/78YvwnuHS1aD0SzaWoeac4,Hope That’s True,Morgan Wallen,One Thing At A Time
golf,Golf Cart Bangers ⛳️⛳️⛳️,https://open.spotify.com/playlist/78YvwnuHS1aD0SzaWoeac4,Whiskey Friends,Morgan Wallen,One Thing At A Time
golf,Golf Cart Bangers ⛳️⛳️⛳️,https://open.spotify.com/playlist/78YvwnuHS1aD0SzaWoeac4,Sunrise,Morgan Wallen,One Thing At A Time
golf,Golf Cart Bangers ⛳️⛳️⛳️,https://open.spotify.com/playlist/78YvwnuHS1aD0SzaWoeac4,Keith Whitley,Morgan Wallen,One Thing At A Time
golf,Golf Cart Bangers ⛳️⛳️⛳️,https://open.spotify.com/playlist/78YvwnuHS1aD0SzaWoeac4,F150-50,Morgan Wallen,One Thing At A Time
golf,Golf Cart Bangers ⛳️⛳️⛳️,https://open.spotify.com/playlist/78YvwnuHS1aD0SzaWoeac4,Neon Star (Country Boy Lullaby),Morgan Wallen,One Thing At A Time
golf,Golf Cart Bangers ⛳️⛳️⛳️,https://open.spotify.com/playlist/78YvwnuHS1aD0SzaWoeac4,Wine Into Water,Morgan Wallen,One Thing At A Time
golf,Golf Cart Bangers ⛳️⛳️⛳️,https://open.spotify.com/playlist/78YvwnuHS1aD0SzaWoeac4,Me + All Your Reasons,Morgan Wallen,One Thing At A Time
golf,Golf Cart Bangers ⛳️⛳️⛳️,https://open.spotify.com/playlist/78YvwnuHS1aD0SzaWoeac4,Tennessee Fan,Morgan Wallen,One Thing At A Time
golf,Golf Cart Bangers ⛳️⛳️⛳️,https://open.spotify.com/playlist/78YvwnuHS1aD0SzaWoeac4,Money On Me,Morgan Wallen,One Thing At A Time
golf,Golf Cart Bangers ⛳️⛳️⛳️,https://open.spotify.com/playlist/78YvwnuHS1aD0SzaWoeac4,Thinkin’ Bout Me,Morgan Wallen,One Thing At A Time
golf,Golf Cart Bangers ⛳️⛳️⛳️,https://open.spotify.com/playlist/78YvwnuHS1aD0SzaWoeac4,Single Than She Was,Morgan Wallen,One Thing At A Time
golf,Golf Cart Bangers ⛳️⛳️⛳️,https://open.spotify.com/playlist/78YvwnuHS1aD0SzaWoeac4,Days That End In Why,Morgan Wallen,One Thing At A Time
golf,Golf Cart Bangers ⛳️⛳️⛳️,https://open.spotify.com/playlist/78YvwnuHS1aD0SzaWoeac4,180 (Lifestyle),Morgan Wallen,One Thing At A Time
golf,Golf Cart Bangers ⛳️⛳️⛳️,https://open.spotify.com/playlist/78YvwnuHS1aD0SzaWoeac4,Had It,Morgan Wallen,One Thing At A Time
golf,Golf Cart Bangers ⛳️⛳️⛳️,https://open.spotify.com/playlist/78YvwnuHS1aD0SzaWoeac4,Good Girl Gone Missin’,Morgan Wallen,One Thing At A Time
golf,Golf Cart Bangers ⛳️⛳️⛳️,https://open.spotify.com/playlist/78YvwnuHS1aD0SzaWoeac4,Dying Man,Morgan Wallen,One Thing At A Time
golf,Golf Cart Bangers ⛳️⛳️⛳️,https://open.spotify.com/playlist/78YvwnuHS1aD0SzaWoeac4,Tequila Makes Her Clothes Fall Off,Joe Nichols,III
golf,Golf Cart Bangers ⛳️⛳️⛳️,https://open.spotify.com/playlist/78YvwnuHS1aD0SzaWoeac4,What Was I Thinkin',Dierks Bentley,Dierks Bentley
golf,Golf Cart Bangers ⛳️⛳️⛳️,https://open.spotify.com/playlist/78YvwnuHS1aD0SzaWoeac4,Love Like Crazy,Lee Brice,Love Like Crazy
golf,Golf Cart Bangers ⛳️⛳️⛳️,https://open.spotify.com/playlist/78YvwnuHS1aD0SzaWoeac4,Burning Man,"Dierks Bentley, Brothers Osborne",The Mountain
golf,Golf Cart Bangers ⛳️⛳️⛳️,https://open.spotify.com/playlist/78YvwnuHS1aD0SzaWoeac4,Aw Naw,Chris Young,A.M.
golf,Golf Cart Bangers ⛳️⛳️⛳️,https://open.spotify.com/playlist/78YvwnuHS1aD0SzaWoeac4,Cover Me Up,Morgan Wallen,Cover Me Up
golf,Golf Cart Bangers ⛳️⛳️⛳️,https://open.spotify.com/playlist/78YvwnuHS1aD0SzaWoeac4,China Grove,The Doobie Brothers,The Captain and Me
golf,Golf Cart Bangers ⛳️⛳️⛳️,https://open.spotify.com/playlist/78YvwnuHS1aD0SzaWoeac4,Long Train Runnin',The Doobie Brothers,The Captain and Me
golf,Golf Cart Bangers ⛳️⛳️⛳️,https://open.spotify.com/playlist/78YvwnuHS1aD0SzaWoeac4,Take It Easy - 2013 Remaster,Eagles,Eagles (2013 Remaster)
golf,Golf Cart Bangers ⛳️⛳️⛳️,https://open.spotify.com/playlist/78YvwnuHS1aD0SzaWoeac4,One of These Nights - 2013 Remaster,Eagles,One of These Nights (2013 Remaster)
golf,Golf Cart Bangers ⛳️⛳️⛳️,https://open.spotify.com/playlist/78YvwnuHS1aD0SzaWoeac4,Head Games - 2008 Remaster,Foreigner,No End in Sight: The Very Best of Foreigner (Expanded)
golf,Golf Cart Bangers ⛳️⛳️⛳️,https://open.spotify.com/playlist/78YvwnuHS1aD0SzaWoeac4,Fly By Night,Rush,Fly By Night
golf,Golf Cart Bangers ⛳️⛳️⛳️,https://open.spotify.com/playlist/78YvwnuHS1aD0SzaWoeac4,Go Your Own Way - 2004 Remaster,Fleetwood Mac,Rumours
golf,Golf Cart Bangers ⛳️⛳️⛳️,https://open.spotify.com/playlist/78YvwnuHS1aD0SzaWoeac4,Dreams - 2004 Remaster,Fleetwood Mac,Rumours (Super Deluxe)
golf,Golf Cart Bangers ⛳️⛳️⛳️,https://open.spotify.com/playlist/78YvwnuHS1aD0SzaWoeac4,The Kind of Love We Make,Luke Combs,The Kind of Love We Make
golf,Golf Cart Bangers ⛳️⛳️⛳️,https://open.spotify.com/playlist/78YvwnuHS1aD0SzaWoeac4,Fast Car,Luke Combs,Gettin' Old
golf,Golf Cart Bangers ⛳️⛳️⛳️,https://open.spotify.com/playlist/78YvwnuHS1aD0SzaWoeac4,My Front Porch Looking In,Lonestar,Playlist: The Very Best Of Lonestar
golf,Golf Cart Bangers ⛳️⛳️⛳️,https://open.spotify.com/playlist/78YvwnuHS1aD0SzaWoeac4,Love You Anyway,Luke Combs,Gettin' Old
golf,Golf Cart Bangers ⛳️⛳️⛳️,https://open.spotify.com/playlist/78YvwnuHS1aD0SzaWoeac4,"Going, Going, Gone",Luke Combs,Growin' Up
golf,Golf Cart Bangers ⛳️⛳️⛳️,https://open.spotify.com/playlist/78YvwnuHS1aD0SzaWoeac4,Flower Shops,"ERNEST, Morgan Wallen",FLOWER SHOPS
golf,Golf Cart Bangers ⛳️⛳️⛳️,https://open.spotify.com/playlist/78YvwnuHS1aD0SzaWoeac4,red,"HARDY, Morgan Wallen",the mockingbird & THE CROW
golf,Golf Cart Bangers ⛳️⛳️⛳️,https://open.spotify.com/playlist/78YvwnuHS1aD0SzaWoeac4,Stand Out,Morgan Wallen,Stand Out
golf,Golf Cart Bangers ⛳️⛳️⛳️,https://open.spotify.com/playlist/78YvwnuHS1aD0SzaWoeac4,Spin You Around,Morgan Wallen,Stand Alone - EP
golf,Golf Cart Bangers ⛳️⛳️⛳️,https://open.spotify.com/playlist/78YvwnuHS1aD0SzaWoeac4,Had Me By Halftime,Morgan Wallen,If I Know Me
golf,Golf Cart Bangers ⛳️⛳️⛳️,https://open.spotify.com/playlist/78YvwnuHS1aD0SzaWoeac4,All Your'n,Tyler Childers,Country Squire
golf,Golf Cart Bangers ⛳️⛳️⛳️,https://open.spotify.com/playlist/78YvwnuHS1aD0SzaWoeac4,Before He Cheats,Carrie Underwood,Some Hearts
golf,Golf Cart Bangers ⛳️⛳️⛳️,https://open.spotify.com/playlist/78YvwnuHS1aD0SzaWoeac4,Church Bells,Carrie Underwood,Storyteller
golf,Golf Cart Bangers ⛳️⛳️⛳️,https://open.spotify.com/playlist/78YvwnuHS1aD0SzaWoeac4,Cowboy Casanova,Carrie Underwood,Play On
golf,Golf Cart Bangers ⛳️⛳️⛳️,https://open.spotify.com/playlist/78YvwnuHS1aD0SzaWoeac4,Made For You,Jake Owen,Greetings From...Jake
golf,Golf Cart Bangers ⛳️⛳️⛳️,https://open.spotify.com/playlist/78YvwnuHS1aD0SzaWoeac4,Most People Are Good,Luke Bryan,What Makes You Country
golf,Golf Cart Bangers ⛳️⛳️⛳️,https://open.spotify.com/playlist/78YvwnuHS1aD0SzaWoeac4,Jet Airliner,Steve Miller Band,Greatest Hits 1974-78
golf,Golf Cart Bangers ⛳️⛳️⛳️,https://open.spotify.com/playlist/78YvwnuHS1aD0SzaWoeac4,Jamie's Cryin' - 2015 Remaster,Van Halen,Van Halen (Remastered)
golf,Golf Cart Bangers ⛳️⛳️⛳️,https://open.spotify.com/playlist/78YvwnuHS1aD0SzaWoeac4,Simple Man,Lynyrd Skynyrd,Pronounced' Leh-'Nerd 'Skin-'Nerd
golf,Golf Cart Bangers ⛳️⛳️⛳️,https://open.spotify.com/playlist/78YvwnuHS1aD0SzaWoeac4,That Don't Impress Me Much,Shania Twain,Come On Over
golf,Golf Cart Bangers ⛳️⛳️⛳️,https://open.spotify.com/playlist/78YvwnuHS1aD0SzaWoeac4,Brown Eyes Baby,Keith Urban,Brown Eyes Baby
golf,Golf Cart Bangers ⛳️⛳️⛳️,https://open.spotify.com/playlist/78YvwnuHS1aD0SzaWoeac4,Simple,Florida Georgia Line,Can't Say I Ain't Country
golf,Golf Cart Bangers ⛳️⛳️⛳️,https://open.spotify.com/playlist/78YvwnuHS1aD0SzaWoeac4,Watermelon Moonshine,Lainey Wilson,Watermelon Moonshine
golf,Golf Cart Bangers ⛳️⛳️⛳️,https://open.spotify.com/playlist/78YvwnuHS1aD0SzaWoeac4,Look What God Gave Her,Thomas Rhett,Center Point Road
golf,Golf Cart Bangers ⛳️⛳️⛳️,https://open.spotify.com/playlist/78YvwnuHS1aD0SzaWoeac4,Unforgettable,Thomas Rhett,Life Changes
golf,Golf Cart Bangers ⛳️⛳️⛳️,https://open.spotify.com/playlist/78YvwnuHS1aD0SzaWoeac4,Life Changes,Thomas Rhett,Life Changes
golf,Golf Cart Bangers ⛳️⛳️⛳️,https://open.spotify.com/playlist/78YvwnuHS1aD0SzaWoeac4,T-Shirt,Thomas Rhett,Tangled Up
golf,Golf Cart Bangers ⛳️⛳️⛳️,https://open.spotify.com/playlist/78YvwnuHS1aD0SzaWoeac4,5 Leaf Clover,Luke Combs,Gettin' Old
golf,Golf Cart Bangers ⛳️⛳️⛳️,https://open.spotify.com/playlist/78YvwnuHS1aD0SzaWoeac4,T-R-O-U-B-L-E,Travis Tritt,T-R-O-U-B-L-E
golf,Golf Cart Bangers ⛳️⛳️⛳️,https://open.spotify.com/playlist/78YvwnuHS1aD0SzaWoeac4,Don't Rock the Jukebox,Alan Jackson,Don`t Rock The Jukebox
golf,Golf Cart Bangers ⛳️⛳️⛳️,https://open.spotify.com/playlist/78YvwnuHS1aD0SzaWoeac4,How You Remind Me,Nickelback,Silver Side Up
golf,Golf Cart Bangers ⛳️⛳️⛳️,https://open.spotify.com/playlist/78YvwnuHS1aD0SzaWoeac4,Burn It to the Ground,Nickelback,Dark Horse
golf,Golf Cart Bangers ⛳️⛳️⛳️,https://open.spotify.com/playlist/78YvwnuHS1aD0SzaWoeac4,The Joker,Steve Miller Band,The Joker
golf,Golf Cart Bangers ⛳️⛳️⛳️,https://open.spotify.com/playlist/78YvwnuHS1aD0SzaWoeac4,Take A Back Road,Rodney Atkins,Take A Back Road
golf,Golf Cart Bangers ⛳️⛳️⛳️,https://open.spotify.com/playlist/78YvwnuHS1aD0SzaWoeac4,You're Still The One,Shania Twain,Come On Over
golf,Golf Cart Bangers ⛳️⛳️⛳️,https://open.spotify.com/playlist/78YvwnuHS1aD0SzaWoeac4,Everything She Ain’t,Hailey Whitters,Everything She Ain’t
golf,Golf Cart Bangers ⛳️⛳️⛳️,https://open.spotify.com/playlist/78YvwnuHS1aD0SzaWoeac4,hole in the bottle,Kelsea Ballerini,kelsea
golf,Golf Cart Bangers ⛳️⛳️⛳️,https://open.spotify.com/playlist/78YvwnuHS1aD0SzaWoeac4,I'm Comin' Over,Chris Young,I'm Comin' Over
golf,Golf Cart Bangers ⛳️⛳️⛳️,https://open.spotify.com/playlist/78YvwnuHS1aD0SzaWoeac4,Half Of Me,"Thomas Rhett, Riley Green",Where We Started
golf,Golf Cart Bangers ⛳️⛳️⛳️,https://open.spotify.com/playlist/78YvwnuHS1aD0SzaWoeac4,Heart Like A Truck,Lainey Wilson,Bell Bottom Country
golf,Golf Cart Bangers ⛳️⛳️⛳️,https://open.spotify.com/playlist/78YvwnuHS1aD0SzaWoeac4,Things a Man Oughta Know,Lainey Wilson,Sayin' What I'm Thinkin'
golf,Golf Cart Bangers ⛳️⛳️⛳️,https://open.spotify.com/playlist/78YvwnuHS1aD0SzaWoeac4,wait in the truck,"HARDY, Lainey Wilson",the mockingbird & THE CROW
golf,Golf Cart Bangers ⛳️⛳️⛳️,https://open.spotify.com/playlist/78YvwnuHS1aD0SzaWoeac4,Love Me Like You Mean It,Kelsea Ballerini,The First Time
golf,Golf Cart Bangers ⛳️⛳️⛳️,https://open.spotify.com/playlist/78YvwnuHS1aD0SzaWoeac4,Home Alone Tonight,"Luke Bryan, Karen Fairchild",Kill The Lights (Deluxe)
golf,Golf Cart Bangers ⛳️⛳️⛳️,https://open.spotify.com/playlist/78YvwnuHS1aD0SzaWoeac4,Memory Lane,Old Dominion,Memory Lane
golf,Golf Cart Bangers ⛳️⛳️⛳️,https://open.spotify.com/playlist/78YvwnuHS1aD0SzaWoeac4,Dancin’ In The Country,Tyler Hubbard,Tyler Hubbard
golf,Golf Cart Bangers ⛳️⛳️⛳️,https://open.spotify.com/playlist/78YvwnuHS1aD0SzaWoeac4,Come Back Song,Darius Rucker,"Charleston, SC 1966 (Deluxe Edition)"
golf,Golf Cart Bangers ⛳️⛳️⛳️,https://open.spotify.com/playlist/78YvwnuHS1aD0SzaWoeac4,Roller Coaster,Luke Bryan,Crash My Party (International Tour Edition)
golf,Golf Cart Bangers ⛳️⛳️⛳️,https://open.spotify.com/playlist/78YvwnuHS1aD0SzaWoeac4,Craving You,"Thomas Rhett, Maren Morris",Craving You
golf,Golf Cart Bangers ⛳️⛳️⛳️,https://open.spotify.com/playlist/78YvwnuHS1aD0SzaWoeac4,Hangin' On,Chris Young,Losing Sleep
golf,Golf Cart Bangers ⛳️⛳️⛳️,https://open.spotify.com/playlist/78YvwnuHS1aD0SzaWoeac4,Blown Away,Carrie Underwood,Blown Away
golf,Golf Cart Bangers ⛳️⛳️⛳️,https://open.spotify.com/playlist/78YvwnuHS1aD0SzaWoeac4,My Church,Maren Morris,HERO (Deluxe Edition)
golf,Golf Cart Bangers ⛳️⛳️⛳️,https://open.spotify.com/playlist/78YvwnuHS1aD0SzaWoeac4,Yeah,Joe Nichols,Crickets
golf,Golf Cart Bangers ⛳️⛳️⛳️,https://open.spotify.com/playlist/78YvwnuHS1aD0SzaWoeac4,Handle On You,Parker McCollum,Handle On You
golf,Golf Cart Bangers ⛳️⛳️⛳️,https://open.spotify.com/playlist/78YvwnuHS1aD0SzaWoeac4,Are You Gonna Kiss Me or Not,Thompson Square,Thompson Square
golf,Golf Cart Bangers ⛳️⛳️⛳️,https://open.spotify.com/playlist/78YvwnuHS1aD0SzaWoeac4,Thinking 'Bout You (feat. MacKenzie Porter),"Dustin Lynch, MacKenzie Porter",Thinking 'Bout You (feat. MacKenzie Porter)
golf,Golf Cart Bangers ⛳️⛳️⛳️,https://open.spotify.com/playlist/78YvwnuHS1aD0SzaWoeac4,I Want Crazy - Encore,Hunter Hayes,Hunter Hayes (Encore)
golf,Golf Cart Bangers ⛳️⛳️⛳️,https://open.spotify.com/playlist/78YvwnuHS1aD0SzaWoeac4,Gimmie That Girl,Joe Nichols,Old Things New
golf,Golf Cart Bangers ⛳️⛳️⛳️,https://open.spotify.com/playlist/78YvwnuHS1aD0SzaWoeac4,Girl Like You,Jason Aldean,Rearview Town
golf,Golf Cart Bangers ⛳️⛳️⛳️,https://open.spotify.com/playlist/78YvwnuHS1aD0SzaWoeac4,Rich,Maren Morris,HERO (Deluxe Edition)
golf,Golf Cart Bangers ⛳️⛳️⛳️,https://open.spotify.com/playlist/78YvwnuHS1aD0SzaWoeac4,Human,Cody Johnson,Human The Double Album
golf,Golf Cart Bangers ⛳️⛳️⛳️,https://open.spotify.com/playlist/78YvwnuHS1aD0SzaWoeac4,Somebody Else Will,Justin Moore,Kinda Don't Care
golf,Golf Cart Bangers ⛳️⛳️⛳️,https://open.spotify.com/playlist/78YvwnuHS1aD0SzaWoeac4,Good Day for Living,Joe Nichols,Good Day for Living
golf,Golf Cart Bangers ⛳️⛳️⛳️,https://open.spotify.com/playlist/78YvwnuHS1aD0SzaWoeac4,Roll On (Eighteen Wheeler) - Short Version,Alabama,Ultimate Alabama 20 # 1 Hits
golf,Golf Cart Bangers ⛳️⛳️⛳️,https://open.spotify.com/playlist/78YvwnuHS1aD0SzaWoeac4,Here For A Good Time,George Strait,Here For A Good Time
golf,Golf Cart Bangers ⛳️⛳️⛳️,https://open.spotify.com/playlist/78YvwnuHS1aD0SzaWoeac4,You're Gonna Miss This,Trace Adkins,American Man: Greatest Hits Vol. II
golf,Golf Cart Bangers ⛳️⛳️⛳️,https://open.spotify.com/playlist/78YvwnuHS1aD0SzaWoeac4,Homemade,Jake Owen,Greetings From...Jake
golf,Golf Cart Bangers ⛳️⛳️⛳️,https://open.spotify.com/playlist/78YvwnuHS1aD0SzaWoeac4,Sunny and 75,Joe Nichols,Crickets
golf,Golf Cart Bangers ⛳️⛳️⛳️,https://open.spotify.com/playlist/78YvwnuHS1aD0SzaWoeac4,My Next Thirty Years,Tim McGraw,A Place In The Sun
golf,Golf Cart Bangers ⛳️⛳️⛳️,https://open.spotify.com/playlist/78YvwnuHS1aD0SzaWoeac4,That's What Tequila Does,Jason Aldean,MACON
golf,Golf Cart Bangers ⛳️⛳️⛳️,https://open.spotify.com/playlist/78YvwnuHS1aD0SzaWoeac4,Gold,Dierks Bentley,Gold
golf,Golf Cart Bangers ⛳️⛳️⛳️,https://open.spotify.com/playlist/78YvwnuHS1aD0SzaWoeac4,Your Heart Or Mine,Jon Pardi,Mr. Saturday Night
golf,Golf Cart Bangers ⛳️⛳️⛳️,https://open.spotify.com/playlist/78YvwnuHS1aD0SzaWoeac4,If He Wanted To He Would,Kylie Morgan,P.S.
golf,Golf Cart Bangers ⛳️⛳️⛳️,https://open.spotify.com/playlist/78YvwnuHS1aD0SzaWoeac4,It Matters To Her,Scotty McCreery,Same Truck
golf,Golf Cart Bangers ⛳️⛳️⛳️,https://open.spotify.com/playlist/78YvwnuHS1aD0SzaWoeac4,Livin’ The Dream,Morgan Wallen,Livin’ The Dream
golf,Golf Cart Bangers ⛳️⛳️⛳️,https://open.spotify.com/playlist/78YvwnuHS1aD0SzaWoeac4,Next Thing You Know,Jordan Davis,Next Thing You Know
golf,Golf Cart Bangers ⛳️⛳️⛳️,https://open.spotify.com/playlist/78YvwnuHS1aD0SzaWoeac4,I Hope You’re Happy Now,"Carly Pearce, Lee Brice",Carly Pearce
golf,Golf Cart Bangers ⛳️⛳️⛳️,https://open.spotify.com/playlist/78YvwnuHS1aD0SzaWoeac4,Knockin' Boots,Luke Bryan,Knockin' Boots
golf,Golf Cart Bangers ⛳️⛳️⛳️,https://open.spotify.com/playlist/78YvwnuHS1aD0SzaWoeac4,Joe,Luke Combs,Gettin' Old
golf,Golf Cart Bangers ⛳️⛳️⛳️,https://open.spotify.com/playlist/78YvwnuHS1aD0SzaWoeac4,See Me Now,Luke Combs,Gettin' Old
golf,Golf Cart Bangers ⛳️⛳️⛳️,https://open.spotify.com/playlist/78YvwnuHS1aD0SzaWoeac4,Hell Of A View,Eric Church,Hell Of A View
golf,Golf Cart Bangers ⛳️⛳️⛳️,https://open.spotify.com/playlist/78YvwnuHS1aD0SzaWoeac4,Hate My Heart,Carrie Underwood,Denim & Rhinestones
golf,Golf Cart Bangers ⛳️⛳️⛳️,https://open.spotify.com/playlist/78YvwnuHS1aD0SzaWoeac4,Need A Favor,Jelly Roll,Need A Favor
golf,Golf Cart Bangers ⛳️⛳️⛳️,https://open.spotify.com/playlist/78YvwnuHS1aD0SzaWoeac4,Lose My Mind,Brett Eldredge,Illinois
golf,Golf Cart Bangers ⛳️⛳️⛳️,https://open.spotify.com/playlist/78YvwnuHS1aD0SzaWoeac4,Born Country,Alabama,Ultimate Alabama 20 # 1 Hits
golf,Golf Cart Bangers ⛳️⛳️⛳️,https://open.spotify.com/playlist/78YvwnuHS1aD0SzaWoeac4,Old Alabama (feat. Alabama),"Brad Paisley, Alabama",This Is Country Music
golf,Golf Cart Bangers ⛳️⛳️⛳️,https://open.spotify.com/playlist/78YvwnuHS1aD0SzaWoeac4,Heartbreaker,Pat Benatar,In The Heat Of The Night
golf,Golf Cart Bangers ⛳️⛳️⛳️,https://open.spotify.com/playlist/78YvwnuHS1aD0SzaWoeac4,Mud on the Tires,Brad Paisley,Mud On The Tires
golf,Golf Cart Bangers ⛳️⛳️⛳️,https://open.spotify.com/playlist/78YvwnuHS1aD0SzaWoeac4,How It Oughta Be,Shane Profitt,Maury County Line
golf,Golf Cart Bangers ⛳️⛳️⛳️,https://open.spotify.com/playlist/78YvwnuHS1aD0SzaWoeac4,Don't Think I Don't Think About It,Darius Rucker,Learn To Live
golf,Golf Cart Bangers ⛳️⛳️⛳️,https://open.spotify.com/playlist/78YvwnuHS1aD0SzaWoeac4,Gabrielle,Brett Eldredge,Sunday Drive
golf,Golf Cart Bangers ⛳️⛳️⛳️,https://open.spotify.com/playlist/78YvwnuHS1aD0SzaWoeac4,Gone Country,Alan Jackson,Who I Am
golf,Golf Cart Bangers ⛳️⛳️⛳️,https://open.spotify.com/playlist/78YvwnuHS1aD0SzaWoeac4,Who Wouldn't Wanna Be Me,Keith Urban,Greatest Hits
golf,Golf Cart Bangers ⛳️⛳️⛳️,https://open.spotify.com/playlist/78YvwnuHS1aD0SzaWoeac4,Already Gone - 2013 Remaster,Eagles,On the Border (2013 Remaster)
golf,Golf Cart Bangers ⛳️⛳️⛳️,https://open.spotify.com/playlist/78YvwnuHS1aD0SzaWoeac4,It's Still Rock and Roll to Me,Billy Joel,Glass Houses
golf,Golf Cart Bangers ⛳️⛳️⛳️,https://open.spotify.com/playlist/78YvwnuHS1aD0SzaWoeac4,We Didn't Start the Fire,Billy Joel,Storm Front
golf,Golf Cart Bangers ⛳️⛳️⛳️,https://open.spotify.com/playlist/78YvwnuHS1aD0SzaWoeac4,On My Way to You,Cody Johnson,Ain't Nothin' to It
golf,Golf Cart Bangers ⛳️⛳️⛳️,https://open.spotify.com/playlist/78YvwnuHS1aD0SzaWoeac4,On The Boat Again,Jake Owen,On The Boat Again
golf,Golf Cart Bangers ⛳️⛳️⛳️,https://open.spotify.com/playlist/78YvwnuHS1aD0SzaWoeac4,Water Under The Bridge,Sam Hunt,Water Under The Bridge
golf,Golf Cart Bangers ⛳️⛳️⛳️,https://open.spotify.com/playlist/78YvwnuHS1aD0SzaWoeac4,Take A Little Ride,Jason Aldean,Night Train
golf,Golf Cart Bangers ⛳️⛳️⛳️,https://open.spotify.com/playlist/78YvwnuHS1aD0SzaWoeac4,Long Cool Woman (In a Black Dress) - 2003 Remaster,The Hollies,The Long Road Home 1963-2003 - 40th Anniversary Collection
golf,Golf Cart Bangers ⛳️⛳️⛳️,https://open.spotify.com/playlist/78YvwnuHS1aD0SzaWoeac4,Ten Rounds with Jose Cuervo - Recall Mix,Tracy Byrd,Ten Rounds
golf,Golf Cart Bangers ⛳️⛳️⛳️,https://open.spotify.com/playlist/78YvwnuHS1aD0SzaWoeac4,Truth About You,Mitchell Tenpenny,Midtown Diaries
golf,Golf Cart Bangers ⛳️⛳️⛳️,https://open.spotify.com/playlist/78YvwnuHS1aD0SzaWoeac4,In Between,Scotty McCreery,Seasons Change
golf,Golf Cart Bangers ⛳️⛳️⛳️,https://open.spotify.com/playlist/78YvwnuHS1aD0SzaWoeac4,Road Less Traveled,Lauren Alaina,Road Less Traveled
golf,Golf Cart Bangers ⛳️⛳️⛳️,https://open.spotify.com/playlist/78YvwnuHS1aD0SzaWoeac4,ONE BEER,"HARDY, Lauren Alaina, Devin Dawson",A ROCK
golf,Golf Cart Bangers ⛳️⛳️⛳️,https://open.spotify.com/playlist/78YvwnuHS1aD0SzaWoeac4,Fly Away,Lenny Kravitz,5
golf,Golf Cart Bangers ⛳️⛳️⛳️,https://open.spotify.com/playlist/78YvwnuHS1aD0SzaWoeac4,American Soldier,Toby Keith,America
golf,Golf Cart Bangers ⛳️⛳️⛳️,https://open.spotify.com/playlist/78YvwnuHS1aD0SzaWoeac4,Made in America,Toby Keith,Clancy's Tavern
golf,Golf Cart Bangers ⛳️⛳️⛳️,https://open.spotify.com/playlist/78YvwnuHS1aD0SzaWoeac4,Boots On,Randy Houser,Anything Goes
golf,Golf Cart Bangers ⛳️⛳️⛳️,https://open.spotify.com/playlist/78YvwnuHS1aD0SzaWoeac4,It Ain't My Fault,Brothers Osborne,Pawn Shop
golf,Golf Cart Bangers ⛳️⛳️⛳️,https://open.spotify.com/playlist/78YvwnuHS1aD0SzaWoeac4,Beer For My Horses,"Toby Keith, Willie Nelson",Unleashed
golf,Golf Cart Bangers ⛳️⛳️⛳️,https://open.spotify.com/playlist/78YvwnuHS1aD0SzaWoeac4,All Night,Brothers Osborne,All Night
golf,Golf Cart Bangers ⛳️⛳️⛳️,https://open.spotify.com/playlist/78YvwnuHS1aD0SzaWoeac4,Take The Money And Run,Steve Miller Band,Fly Like An Eagle
golf,Golf Cart Bangers ⛳️⛳️⛳️,https://open.spotify.com/playlist/78YvwnuHS1aD0SzaWoeac4,What Kinda Gone,Chris Cagle,My Life's Been A Country Song
golf,Golf Cart Bangers ⛳️⛳️⛳️,https://open.spotify.com/playlist/78YvwnuHS1aD0SzaWoeac4,"You, Me, And Whiskey","Justin Moore, Priscilla Block","You, Me, And Whiskey"
golf,Golf Cart Bangers ⛳️⛳️⛳️,https://open.spotify.com/playlist/78YvwnuHS1aD0SzaWoeac4,You Time,Scotty McCreery,Same Truck
golf,Golf Cart Bangers ⛳️⛳️⛳️,https://open.spotify.com/playlist/78YvwnuHS1aD0SzaWoeac4,You Should Probably Leave,Chris Stapleton,Starting Over
golf,Golf Cart Bangers ⛳️⛳️⛳️,https://open.spotify.com/playlist/78YvwnuHS1aD0SzaWoeac4,Used To Wish I Was,Luke Combs,Growin' Up
golf,Golf Cart Bangers ⛳️⛳️⛳️,https://open.spotify.com/playlist/78YvwnuHS1aD0SzaWoeac4,Silverado For Sale,Morgan Wallen,Dangerous: The Double Album (Bonus)
golf,Golf Cart Bangers ⛳️⛳️⛳️,https://open.spotify.com/playlist/78YvwnuHS1aD0SzaWoeac4,Momma’s House,Dustin Lynch,Tullahoma
golf,Golf Cart Bangers ⛳️⛳️⛳️,https://open.spotify.com/playlist/78YvwnuHS1aD0SzaWoeac4,You Don't Know Her Like I Do,Brantley Gilbert,Halfway To Heaven
golf,Golf Cart Bangers ⛳️⛳️⛳️,https://open.spotify.com/playlist/78YvwnuHS1aD0SzaWoeac4,Runnin' Down A Dream,Tom Petty,The Best Of Everything - The Definitive Career Spanning Hits Collection 1976-2016
golf,Golf Cart Bangers ⛳️⛳️⛳️,https://open.spotify.com/playlist/78YvwnuHS1aD0SzaWoeac4,Only the Good Die Young,Billy Joel,The Stranger (Legacy Edition)
golf,Golf Cart Bangers ⛳️⛳️⛳️,https://open.spotify.com/playlist/78YvwnuHS1aD0SzaWoeac4,You Can't Always Get What You Want - (Original Single Mono Version),The Rolling Stones,Singles 1968-1971
golf,Golf Cart Bangers ⛳️⛳️⛳️,https://open.spotify.com/playlist/78YvwnuHS1aD0SzaWoeac4,No Body,Blake Shelton,No Body
golf,Golf Cart Bangers ⛳️⛳️⛳️,https://open.spotify.com/playlist/78YvwnuHS1aD0SzaWoeac4,Somethin' 'Bout A Truck,Kip Moore,Up All Night
golf,Golf Cart Bangers ⛳️⛳️⛳️,https://open.spotify.com/playlist/78YvwnuHS1aD0SzaWoeac4,She's Mine,Kip Moore,Wild World
golf,Golf Cart Bangers ⛳️⛳️⛳️,https://open.spotify.com/playlist/78YvwnuHS1aD0SzaWoeac4,Beer Money,Kip Moore,Up All Night
golf,Golf Cart Bangers ⛳️⛳️⛳️,https://open.spotify.com/playlist/78YvwnuHS1aD0SzaWoeac4,Free And Easy (Down The Road I Go),Dierks Bentley,Greatest Hits / Every Mile A Memory 2003 - 2008
golf,Golf Cart Bangers ⛳️⛳️⛳️,https://open.spotify.com/playlist/78YvwnuHS1aD0SzaWoeac4,Stay A Little Longer,Brothers Osborne,Pawn Shop
golf,Golf Cart Bangers ⛳️⛳️⛳️,https://open.spotify.com/playlist/78YvwnuHS1aD0SzaWoeac4,Brokenheartsville,Joe Nichols,Man With A Memory
golf,Golf Cart Bangers ⛳️⛳️⛳️,https://open.spotify.com/playlist/78YvwnuHS1aD0SzaWoeac4,Never Say Never (with Lainey Wilson),"Cole Swindell, Lainey Wilson",Never Say Never (with Lainey Wilson)
golf,Golf Cart Bangers ⛳️⛳️⛳️,https://open.spotify.com/playlist/78YvwnuHS1aD0SzaWoeac4,Bait A Hook,Justin Moore,Outlaws Like Me
golf,Golf Cart Bangers ⛳️⛳️⛳️,https://open.spotify.com/playlist/78YvwnuHS1aD0SzaWoeac4,Damn Love,Kip Moore,Damn Love
golf,Golf Cart Bangers ⛳️⛳️⛳️,https://open.spotify.com/playlist/78YvwnuHS1aD0SzaWoeac4,More Girls Like You,Kip Moore,SLOWHEART
golf,Golf Cart Bangers ⛳️⛳️⛳️,https://open.spotify.com/playlist/78YvwnuHS1aD0SzaWoeac4,Rockin' Into The Night,38 Special,Rockin' Into The Night
golf,Golf Cart Bangers ⛳️⛳️⛳️,https://open.spotify.com/playlist/78YvwnuHS1aD0SzaWoeac4,Drinkaby,Cole Swindell,Drinkaby
golf,Golf Cart Bangers ⛳️⛳️⛳️,https://open.spotify.com/playlist/78YvwnuHS1aD0SzaWoeac4,Somebody Like That,Tenille Arts,"Love, Heartbreak, & Everything in Between"
golf,Golf Cart Bangers ⛳️⛳️⛳️,https://open.spotify.com/playlist/78YvwnuHS1aD0SzaWoeac4,Heartache Tonight - 2013 Remaster,Eagles,The Long Run (2013 Remaster)
golf,Golf Cart Bangers ⛳️⛳️⛳️,https://open.spotify.com/playlist/78YvwnuHS1aD0SzaWoeac4,Country On,Luke Bryan,Country On
golf,Golf Cart Bangers ⛳️⛳️⛳️,https://open.spotify.com/playlist/78YvwnuHS1aD0SzaWoeac4,Looking for You,Chris Young,Looking for You + All Dogs Go to Heaven
golf,Golf Cart Bangers ⛳️⛳️⛳️,https://open.spotify.com/playlist/78YvwnuHS1aD0SzaWoeac4,Watermelon Crawl,Tracy Byrd,No Ordinary Man
golf,Golf Cart Bangers ⛳️⛳️⛳️,https://open.spotify.com/playlist/78YvwnuHS1aD0SzaWoeac4,She's Not the Cheatin' Kind,Brooks & Dunn,#1s ... and then some
golf,Golf Cart Bangers ⛳️⛳️⛳️,https://open.spotify.com/playlist/78YvwnuHS1aD0SzaWoeac4,Rhiannon,Fleetwood Mac,Fleetwood Mac
golf,Golf Cart Bangers ⛳️⛳️⛳️,https://open.spotify.com/playlist/78YvwnuHS1aD0SzaWoeac4,Kiss A Girl,Keith Urban,Defying Gravity
golf,Golf Cart Bangers ⛳️⛳️⛳️,https://open.spotify.com/playlist/78YvwnuHS1aD0SzaWoeac4,American Country Love Song,Jake Owen,American Love
golf,Golf Cart Bangers ⛳️⛳️⛳️,https://open.spotify.com/playlist/78YvwnuHS1aD0SzaWoeac4,You and Tequila (feat. Grace Potter),"Kenny Chesney, Grace Potter",Hemingway's Whiskey
golf,Golf Cart Bangers ⛳️⛳️⛳️,https://open.spotify.com/playlist/78YvwnuHS1aD0SzaWoeac4,Somewhere With You,Kenny Chesney,Hemingway's Whiskey
golf,Golf Cart Bangers ⛳️⛳️⛳️,https://open.spotify.com/playlist/78YvwnuHS1aD0SzaWoeac4,Beers On Me,"Dierks Bentley, BRELAND, HARDY",Beers On Me
golf,Golf Cart Bangers ⛳️⛳️⛳️,https://open.spotify.com/playlist/78YvwnuHS1aD0SzaWoeac4,Up All Night,Jon Pardi,Write You A Song
golf,Golf Cart Bangers ⛳️⛳️⛳️,https://open.spotify.com/playlist/78YvwnuHS1aD0SzaWoeac4,Just Another Day In Paradise,Phil Vassar,Phil Vassar
golf,Golf Cart Bangers ⛳️⛳️⛳️,https://open.spotify.com/playlist/78YvwnuHS1aD0SzaWoeac4,Desperate Man,Eric Church,Desperate Man
golf,Golf Cart Bangers ⛳️⛳️⛳️,https://open.spotify.com/playlist/78YvwnuHS1aD0SzaWoeac4,Carolina,Eric Church,Carolina
golf,Golf Cart Bangers ⛳️⛳️⛳️,https://open.spotify.com/playlist/78YvwnuHS1aD0SzaWoeac4,Round Here Buzz,Eric Church,Mr. Misunderstood
golf,Golf Cart Bangers ⛳️⛳️⛳️,https://open.spotify.com/playlist/78YvwnuHS1aD0SzaWoeac4,God Gave Me You,Blake Shelton,Red River Blue (Deluxe Edition)
golf,Golf Cart Bangers ⛳️⛳️⛳️,https://open.spotify.com/playlist/78YvwnuHS1aD0SzaWoeac4,Redneck Yacht Club,Craig Morgan,My Kind Of Livin'
golf,Golf Cart Bangers ⛳️⛳️⛳️,https://open.spotify.com/playlist/78YvwnuHS1aD0SzaWoeac4,Running on Empty,Jackson Browne,Running on Empty / Nothing but Time (Digital 45)
golf,Golf Cart Bangers ⛳️⛳️⛳️,https://open.spotify.com/playlist/78YvwnuHS1aD0SzaWoeac4,Warning,Morgan Wallen,Dangerous: The Double Album (Bonus)
golf,Golf Cart Bangers ⛳️⛳️⛳️,https://open.spotify.com/playlist/78YvwnuHS1aD0SzaWoeac4,Eyes On You,Chase Rice,Lambs & Lions
golf,Golf Cart Bangers ⛳️⛳️⛳️,https://open.spotify.com/playlist/78YvwnuHS1aD0SzaWoeac4,Drink to That All Night,Jerrod Niemann,Drink to That All Night
golf,Golf Cart Bangers ⛳️⛳️⛳️,https://open.spotify.com/playlist/78YvwnuHS1aD0SzaWoeac4,What’s Your Country Song,Thomas Rhett,What's Your Country Song
golf,Golf Cart Bangers ⛳️⛳️⛳️,https://open.spotify.com/playlist/78YvwnuHS1aD0SzaWoeac4,Wild as Her,Corey Kent,Wild as Her
golf,Golf Cart Bangers ⛳️⛳️⛳️,https://open.spotify.com/playlist/78YvwnuHS1aD0SzaWoeac4,"Bad, Bad Leroy Brown",Jim Croce,Life & Times
golf,Golf Cart Bangers ⛳️⛳️⛳️,https://open.spotify.com/playlist/78YvwnuHS1aD0SzaWoeac4,80s Mercedes,Maren Morris,HERO (Deluxe Edition)
golf,Golf Cart Bangers ⛳️⛳️⛳️,https://open.spotify.com/playlist/78YvwnuHS1aD0SzaWoeac4,Stuck In The Middle With You,Stealers Wheel,Reservoir Dogs (Original Motion Picture Soundtrack)
golf,Golf Cart Bangers ⛳️⛳️⛳️,https://open.spotify.com/playlist/78YvwnuHS1aD0SzaWoeac4,But I Got A Beer In My Hand,Luke Bryan,But I Got A Beer In My Hand
golf,Golf Cart Bangers ⛳️⛳️⛳️,https://open.spotify.com/playlist/78YvwnuHS1aD0SzaWoeac4,Kiss Tomorrow Goodbye,Luke Bryan,Tailgates & Tanlines
golf,Golf Cart Bangers ⛳️⛳️⛳️,https://open.spotify.com/playlist/78YvwnuHS1aD0SzaWoeac4,This Damn Song,Pecos & the Rooftops,This Damn Song
golf,Golf Cart Bangers ⛳️⛳️⛳️,https://open.spotify.com/playlist/78YvwnuHS1aD0SzaWoeac4,Welcome to the Show,Cody Johnson,Welcome to the Show
golf,Golf Cart Bangers ⛳️⛳️⛳️,https://open.spotify.com/playlist/78YvwnuHS1aD0SzaWoeac4,Open the Gate,Zach Bryan,American Heartbreak
golf,Golf Cart Bangers ⛳️⛳️⛳️,https://open.spotify.com/playlist/78YvwnuHS1aD0SzaWoeac4,Bohemian Rhapsody - Remastered 2011,Queen,A Night At The Opera (Deluxe Remastered Version)
golf,Golf Cart Bangers ⛳️⛳️⛳️,https://open.spotify.com/playlist/78YvwnuHS1aD0SzaWoeac4,I Want to Know What Love Is - 1999 Remaster,Foreigner,Agent Provocateur
golf,Golf Cart Bangers ⛳️⛳️⛳️,https://open.spotify.com/playlist/78YvwnuHS1aD0SzaWoeac4,Young Love & Saturday Nights,Chris Young,Young Love & Saturday Nights
golf,Golf Cart Bangers ⛳️⛳️⛳️,https://open.spotify.com/playlist/78YvwnuHS1aD0SzaWoeac4,On the Road Again,Willie Nelson,Forrest Gump - The Soundtrack
golf,Golf Cart Bangers ⛳️⛳️⛳️,https://open.spotify.com/playlist/78YvwnuHS1aD0SzaWoeac4,Mony Mony - Downtown Mix / Remastered 2001,Billy Idol,Vital Idol
golf,Golf Cart Bangers ⛳️⛳️⛳️,https://open.spotify.com/playlist/78YvwnuHS1aD0SzaWoeac4,"Forever and Ever, Amen",Randy Travis,Always & Forever
golf,Golf Cart Bangers ⛳️⛳️⛳️,https://open.spotify.com/playlist/78YvwnuHS1aD0SzaWoeac4,Rock and A Hard Place,Bailey Zimmerman,Rock and A Hard Place
golf,Golf Cart Bangers ⛳️⛳️⛳️,https://open.spotify.com/playlist/78YvwnuHS1aD0SzaWoeac4,Standing Room Only,Tim McGraw,Standing Room Only
golf,Golf Cart Bangers ⛳️⛳️⛳️,https://open.spotify.com/playlist/78YvwnuHS1aD0SzaWoeac4,Walk of Life,Dire Straits,Brothers in Arms
golf,Golf Cart Bangers ⛳️⛳️⛳️,https://open.spotify.com/playlist/78YvwnuHS1aD0SzaWoeac4,Tomorrow Me,Luke Combs,Tomorrow Me
golf,Golf Cart Bangers ⛳️⛳️⛳️,https://open.spotify.com/playlist/78YvwnuHS1aD0SzaWoeac4,Drink It Up,Kenny Chesney,The Big Revival
golf,Golf Cart Bangers ⛳️⛳️⛳️,https://open.spotify.com/playlist/78YvwnuHS1aD0SzaWoeac4,Same Boat,Zac Brown Band,The Comeback
golf,Golf Cart Bangers ⛳️⛳️⛳️,https://open.spotify.com/playlist/78YvwnuHS1aD0SzaWoeac4,Fall In Love,Bailey Zimmerman,Leave The Light On
golf,Golf Cart Bangers ⛳️⛳️⛳️,https://open.spotify.com/playlist/78YvwnuHS1aD0SzaWoeac4,My Next Broken Heart - with Jon Pardi,"Brooks & Dunn, Jon Pardi",Reboot
golf,Golf Cart Bangers ⛳️⛳️⛳️,https://open.spotify.com/playlist/78YvwnuHS1aD0SzaWoeac4,Living in Fast Forward,Kenny Chesney,The Road And The Radio
golf,Golf Cart Bangers ⛳️⛳️⛳️,https://open.spotify.com/playlist/78YvwnuHS1aD0SzaWoeac4,How Is She,Cole Swindell,Stereotype
golf,Golf Cart Bangers ⛳️⛳️⛳️,https://open.spotify.com/playlist/78YvwnuHS1aD0SzaWoeac4,Watching You,Rodney Atkins,If You're Going Through Hell
golf,Golf Cart Bangers ⛳️⛳️⛳️,https://open.spotify.com/playlist/78YvwnuHS1aD0SzaWoeac4,Can't Stop,Red Hot Chili Peppers,By the Way (Deluxe Edition)
golf,Golf Cart Bangers ⛳️⛳️⛳️,https://open.spotify.com/playlist/78YvwnuHS1aD0SzaWoeac4,Scar Tissue,Red Hot Chili Peppers,Californication (Deluxe Edition)
golf,Golf Cart Bangers ⛳️⛳️⛳️,https://open.spotify.com/playlist/78YvwnuHS1aD0SzaWoeac4,Otherside,Red Hot Chili Peppers,Californication (Deluxe Edition)
golf,Golf Cart Bangers ⛳️⛳️⛳️,https://open.spotify.com/playlist/78YvwnuHS1aD0SzaWoeac4,Dani California,Red Hot Chili Peppers,Stadium Arcadium
golf,Golf Cart Bangers ⛳️⛳️⛳️,https://open.spotify.com/playlist/78YvwnuHS1aD0SzaWoeac4,Never Wanted Nothing More,Kenny Chesney,Greatest Hits II
golf,Golf Cart Bangers ⛳️⛳️⛳️,https://open.spotify.com/playlist/78YvwnuHS1aD0SzaWoeac4,These Are My People,Rodney Atkins,If You're Going Through Hell
golf,Golf Cart Bangers ⛳️⛳️⛳️,https://open.spotify.com/playlist/78YvwnuHS1aD0SzaWoeac4,Kick It In The Sticks,Brantley Gilbert,Halfway To Heaven (Deluxe Edition)
golf,Golf Cart Bangers ⛳️⛳️⛳️,https://open.spotify.com/playlist/78YvwnuHS1aD0SzaWoeac4,The Painter,Cody Johnson,The Painter
golf,Golf Cart Bangers ⛳️⛳️⛳️,https://open.spotify.com/playlist/78YvwnuHS1aD0SzaWoeac4,Dance Her Home,Cody Johnson,Cowboy Like Me
golf,Golf Cart Bangers ⛳️⛳️⛳️,https://open.spotify.com/playlist/78YvwnuHS1aD0SzaWoeac4,For the First Time,Kenny Chesney,Greatest Hits
golf,Golf Cart Bangers ⛳️⛳️⛳️,https://open.spotify.com/playlist/78YvwnuHS1aD0SzaWoeac4,Starting Over,Chris Stapleton,Starting Over
golf,Golf Cart Bangers ⛳️⛳️⛳️,https://open.spotify.com/playlist/78YvwnuHS1aD0SzaWoeac4,God Blessed Texas - Special Version,Little Texas,Greatest Hits
golf,Golf Cart Bangers ⛳️⛳️⛳️,https://open.spotify.com/playlist/78YvwnuHS1aD0SzaWoeac4,That's What I Love About Sunday,Craig Morgan,My Kind Of Livin'
golf,Golf Cart Bangers ⛳️⛳️⛳️,https://open.spotify.com/playlist/78YvwnuHS1aD0SzaWoeac4,A Little Less Talk And A Lot More Action,Toby Keith,Toby Keith 35 Biggest Hits
golf,Golf Cart Bangers ⛳️⛳️⛳️,https://open.spotify.com/playlist/78YvwnuHS1aD0SzaWoeac4,Meet In the Middle,Diamond Rio,Diamond Rio
golf,Golf Cart Bangers ⛳️⛳️⛳️,https://open.spotify.com/playlist/78YvwnuHS1aD0SzaWoeac4,Under Pressure,"Queen, David Bowie",Hot Space
golf,Golf Cart Bangers ⛳️⛳️⛳️,https://open.spotify.com/playlist/78YvwnuHS1aD0SzaWoeac4,Where It Ends,Bailey Zimmerman,Leave The Light On
golf,Golf Cart Bangers ⛳️⛳️⛳️,https://open.spotify.com/playlist/78YvwnuHS1aD0SzaWoeac4,We Are Tonight,Billy Currington,We Are Tonight
golf,Golf Cart Bangers ⛳️⛳️⛳️,https://open.spotify.com/playlist/78YvwnuHS1aD0SzaWoeac4,Big Star,Kenny Chesney,"No Shoes, No Shirt, No Problems"
golf,Golf Cart Bangers ⛳️⛳️⛳️,https://open.spotify.com/playlist/78YvwnuHS1aD0SzaWoeac4,Back Where I Come From,Kenny Chesney,Me And You
golf,Golf Cart Bangers ⛳️⛳️⛳️,https://open.spotify.com/playlist/78YvwnuHS1aD0SzaWoeac4,Religiously,Bailey Zimmerman,Religiously
golf,Golf Cart Bangers ⛳️⛳️⛳️,https://open.spotify.com/playlist/78YvwnuHS1aD0SzaWoeac4,Feet Wanna Run,ERNEST,Feet Wanna Run
golf,Golf Cart Bangers ⛳️⛳️⛳️,https://open.spotify.com/playlist/78YvwnuHS1aD0SzaWoeac4,Stacy's Mom,Fountains Of Wayne,Welcome Interstate Managers
golf,Golf Cart Bangers ⛳️⛳️⛳️,https://open.spotify.com/playlist/78YvwnuHS1aD0SzaWoeac4,What I Like About You,The Romantics,What I Like About You (And Other Romantic Hits)
golf,Golf Cart Bangers ⛳️⛳️⛳️,https://open.spotify.com/playlist/78YvwnuHS1aD0SzaWoeac4,End Of The Line,Traveling Wilburys,"The Traveling Wilburys, Vol. 1"
golf,Golf Cart Bangers ⛳️⛳️⛳️,https://open.spotify.com/playlist/78YvwnuHS1aD0SzaWoeac4,I Want You to Want Me,Cheap Trick,In Color
golf,Golf Cart Bangers ⛳️⛳️⛳️,https://open.spotify.com/playlist/78YvwnuHS1aD0SzaWoeac4,My Life,Billy Joel,52nd Street
golf,Golf Cart Bangers ⛳️⛳️⛳️,https://open.spotify.com/playlist/78YvwnuHS1aD0SzaWoeac4,Miss You - Remastered,The Rolling Stones,Some Girls
golf,Golf Cart Bangers ⛳️⛳️⛳️,https://open.spotify.com/playlist/78YvwnuHS1aD0SzaWoeac4,Do You Wish It Was Me,Jason Aldean,Relentless
golf,Golf Cart Bangers ⛳️⛳️⛳️,https://open.spotify.com/playlist/78YvwnuHS1aD0SzaWoeac4,The Cheap Seats,Alabama,Livin' Lovin' Rockin' Rollin': The 25th Anniversary Collection
golf,Golf Cart Bangers ⛳️⛳️⛳️,https://open.spotify.com/playlist/78YvwnuHS1aD0SzaWoeac4,What I Need to Do,Kenny Chesney,Greatest Hits
golf,Golf Cart Bangers ⛳️⛳️⛳️,https://open.spotify.com/playlist/78YvwnuHS1aD0SzaWoeac4,Fires Don't Start Themselves,Darius Rucker,Fires Don't Start Themselves
golf,Golf Cart Bangers ⛳️⛳️⛳️,https://open.spotify.com/playlist/78YvwnuHS1aD0SzaWoeac4,Pretty Good At Drinkin' Beer,Billy Currington,Enjoy Yourself
golf,Golf Cart Bangers ⛳️⛳️⛳️,https://open.spotify.com/playlist/78YvwnuHS1aD0SzaWoeac4,Creek Will Rise,Conner Smith,Creek Will Rise
golf,Golf Cart Bangers ⛳️⛳️⛳️,https://open.spotify.com/playlist/78YvwnuHS1aD0SzaWoeac4,Two Pink Lines,Eric Church,Sinners Like Me
golf,Golf Cart Bangers ⛳️⛳️⛳️,https://open.spotify.com/playlist/78YvwnuHS1aD0SzaWoeac4,Loving You Easy,Zac Brown Band,JEKYLL + HYDE
golf,Golf Cart Bangers ⛳️⛳️⛳️,https://open.spotify.com/playlist/78YvwnuHS1aD0SzaWoeac4,You Look Like I Need A Drink,Justin Moore,Kinda Don't Care
golf,Golf Cart Bangers ⛳️⛳️⛳️,https://open.spotify.com/playlist/78YvwnuHS1aD0SzaWoeac4,Trip Around the Sun,Kenny Chesney,Cosmic Hallelujah
golf,Golf Cart Bangers ⛳️⛳️⛳️,https://open.spotify.com/playlist/78YvwnuHS1aD0SzaWoeac4,Only Wanna Be With You,Hootie & The Blowfish,Cracked Rear View
golf,Golf Cart Bangers ⛳️⛳️⛳️,https://open.spotify.com/playlist/78YvwnuHS1aD0SzaWoeac4,Animal,Def Leppard,Hysteria
golf,Golf Cart Bangers ⛳️⛳️⛳️,https://open.spotify.com/playlist/78YvwnuHS1aD0SzaWoeac4,She Don't Know She's Beautiful,Sammy Kershaw,Haunted Heart
golf,Golf Cart Bangers ⛳️⛳️⛳️,https://open.spotify.com/playlist/78YvwnuHS1aD0SzaWoeac4,Don't Stand So Close To Me,The Police,Zenyatta Mondatta (Remastered 2003)
golf,Golf Cart Bangers ⛳️⛳️⛳️,https://open.spotify.com/playlist/78YvwnuHS1aD0SzaWoeac4,(I Just) Died In Your Arms,Cutting Crew,Broadcast
golf,Golf Cart Bangers ⛳️⛳️⛳️,https://open.spotify.com/playlist/78YvwnuHS1aD0SzaWoeac4,Ain't Startin Tonight,LOCASH,The Fighters
golf,Golf Cart Bangers ⛳️⛳️⛳️,https://open.spotify.com/playlist/78YvwnuHS1aD0SzaWoeac4,AIN'T A BAD DAY,HARDY,A ROCK
golf,Golf Cart Bangers ⛳️⛳️⛳️,https://open.spotify.com/playlist/78YvwnuHS1aD0SzaWoeac4,Mamaw's House,"Thomas Rhett, Morgan Wallen",Mamaw's House
golf,Golf Cart Bangers ⛳️⛳️⛳️,https://open.spotify.com/playlist/78YvwnuHS1aD0SzaWoeac4,Stranglehold,Ted Nugent,Ted Nugent
golf,Golf Cart Bangers ⛳️⛳️⛳️,https://open.spotify.com/playlist/78YvwnuHS1aD0SzaWoeac4,Come Monday,Jimmy Buffett,Living And Dying In 3 / 4 Time
golf,Golf Cart Bangers ⛳️⛳️⛳️,https://open.spotify.com/playlist/78YvwnuHS1aD0SzaWoeac4,23,Chayce Beckham,23
golf,Golf Cart Bangers ⛳️⛳️⛳️,https://open.spotify.com/playlist/78YvwnuHS1aD0SzaWoeac4,Ain't Nothin' to It,Cody Johnson,Ain't Nothin' to It
golf,Golf Cart Bangers ⛳️⛳️⛳️,https://open.spotify.com/playlist/78YvwnuHS1aD0SzaWoeac4,Crazy Town,Jason Aldean,Wide Open
golf,Golf Cart Bangers ⛳️⛳️⛳️,https://open.spotify.com/playlist/78YvwnuHS1aD0SzaWoeac4,Miss That Girl,ERNEST,Miss That Girl
golf,Golf Cart Bangers ⛳️⛳️⛳️,https://open.spotify.com/playlist/78YvwnuHS1aD0SzaWoeac4,Body Like A Back Road,Sam Hunt,SOUTHSIDE
golf,Golf Cart Bangers ⛳️⛳️⛳️,https://open.spotify.com/playlist/78YvwnuHS1aD0SzaWoeac4,Yee Haw,Jake Owen,Startin' With Me
golf,Golf Cart Bangers ⛳️⛳️⛳️,https://open.spotify.com/playlist/78YvwnuHS1aD0SzaWoeac4,Tucson Too Late,Jordan Davis,Bluebird Days
golf,Golf Cart Bangers ⛳️⛳️⛳️,https://open.spotify.com/playlist/78YvwnuHS1aD0SzaWoeac4,Long Live Country Music (feat. Brooks & Dunn),"Cody Johnson, Brooks & Dunn",Leather
golf,Golf Cart Bangers ⛳️⛳️⛳️,https://open.spotify.com/playlist/78YvwnuHS1aD0SzaWoeac4,Reality,Kenny Chesney,Hemingway's Whiskey
golf,Golf Cart Bangers ⛳️⛳️⛳️,https://open.spotify.com/playlist/78YvwnuHS1aD0SzaWoeac4,Take Her Home,Kenny Chesney,Take Her Home
golf,Golf Cart Bangers ⛳️⛳️⛳️,https://open.spotify.com/playlist/78YvwnuHS1aD0SzaWoeac4,Whatever It Is,Zac Brown Band,The Foundation
golf,Golf Cart Bangers ⛳️⛳️⛳️,https://open.spotify.com/playlist/78YvwnuHS1aD0SzaWoeac4,Jump Right In,Zac Brown Band,Uncaged
golf,Golf Cart Bangers ⛳️⛳️⛳️,https://open.spotify.com/playlist/78YvwnuHS1aD0SzaWoeac4,Good to Be Me (feat. Kid Rock) - South River Road Version [South River Road Version],Uncle Kracker,Happy Hour: The South River Road Sessions
golf,Golf Cart Bangers ⛳️⛳️⛳️,https://open.spotify.com/playlist/78YvwnuHS1aD0SzaWoeac4,Life's Been Good,Joe Walsh,"But Seriously, Folks..."
golf,Golf Cart Bangers ⛳️⛳️⛳️,https://open.spotify.com/playlist/78YvwnuHS1aD0SzaWoeac4,Fast,Luke Bryan,Kill The Lights (Deluxe)
golf,Golf Cart Bangers ⛳️⛳️⛳️,https://open.spotify.com/playlist/78YvwnuHS1aD0SzaWoeac4,People Are Crazy,Billy Currington,Little Bit Of Everything
golf,Golf Cart Bangers ⛳️⛳️⛳️,https://open.spotify.com/playlist/78YvwnuHS1aD0SzaWoeac4,Sold (The Grundy County Auction Incident),John Michael Montgomery,John Michael Montgomery
golf,Golf Cart Bangers ⛳️⛳️⛳️,https://open.spotify.com/playlist/78YvwnuHS1aD0SzaWoeac4,Playboys of the Southwestern World,Blake Shelton,Loaded: The Best of Blake Shelton
golf,Golf Cart Bangers ⛳️⛳️⛳️,https://open.spotify.com/playlist/78YvwnuHS1aD0SzaWoeac4,Brand New Girlfriend,Steve Holy,Brand New Girlfriend
golf,Golf Cart Bangers ⛳️⛳️⛳️,https://open.spotify.com/playlist/78YvwnuHS1aD0SzaWoeac4,TRUCK BED,HARDY,TRUCK BED
golf,Golf Cart Bangers ⛳️⛳️⛳️,https://open.spotify.com/playlist/78YvwnuHS1aD0SzaWoeac4,World on Fire,Nate Smith,NATE SMITH (DELUXE)
golf,Golf Cart Bangers ⛳️⛳️⛳️,https://open.spotify.com/playlist/78YvwnuHS1aD0SzaWoeac4,Save Me - with Lainey Wilson,"Jelly Roll, Lainey Wilson",Whitsitt Chapel
golf,Golf Cart Bangers ⛳️⛳️⛳️,https://open.spotify.com/playlist/78YvwnuHS1aD0SzaWoeac4,Pretty Little Poison,Warren Zeiders,Pretty Little Poison
golf,Golf Cart Bangers ⛳️⛳️⛳️,https://open.spotify.com/playlist/78YvwnuHS1aD0SzaWoeac4,All I Need Is You,Chris Janson,The Outlaw Side Of Me
golf,Golf Cart Bangers ⛳️⛳️⛳️,https://open.spotify.com/playlist/78YvwnuHS1aD0SzaWoeac4,Can't Have Mine (Find You A Girl),Dylan Scott,Livin' My Best Life
golf,Golf Cart Bangers ⛳️⛳️⛳️,https://open.spotify.com/playlist/78YvwnuHS1aD0SzaWoeac4,Good Times Go By Too Fast,Dylan Scott,Livin' My Best Life
golf,Golf Cart Bangers ⛳️⛳️⛳️,https://open.spotify.com/playlist/78YvwnuHS1aD0SzaWoeac4,Sleep Without You,Brett Young,Brett Young
golf,Golf Cart Bangers ⛳️⛳️⛳️,https://open.spotify.com/playlist/78YvwnuHS1aD0SzaWoeac4,Twist And Shout - Remastered 2009,The Beatles,Please Please Me (Remastered)
golf,Golf Cart Bangers ⛳️⛳️⛳️,https://open.spotify.com/playlist/78YvwnuHS1aD0SzaWoeac4,Hope You Get Lonely Tonight,Cole Swindell,Cole Swindell
golf,Golf Cart Bangers ⛳️⛳️⛳️,https://open.spotify.com/playlist/78YvwnuHS1aD0SzaWoeac4,Stars Like Confetti,Dustin Lynch,Blue In The Sky
golf,Golf Cart Bangers ⛳️⛳️⛳️,https://open.spotify.com/playlist/78YvwnuHS1aD0SzaWoeac4,All-American Girl,Carrie Underwood,Carnival Ride
golf,Golf Cart Bangers ⛳️⛳️⛳️,https://open.spotify.com/playlist/78YvwnuHS1aD0SzaWoeac4,I'm Not Pretty,Megan Moroney,Lucky
golf,Golf Cart Bangers ⛳️⛳️⛳️,https://open.spotify.com/playlist/78YvwnuHS1aD0SzaWoeac4,Dirt Cheap,Cody Johnson,Leather
golf,Golf Cart Bangers ⛳️⛳️⛳️,https://open.spotify.com/playlist/78YvwnuHS1aD0SzaWoeac4,We Ride,Bryan Martin,Poets & Old Souls
golf,Golf Cart Bangers ⛳️⛳️⛳️,https://open.spotify.com/playlist/78YvwnuHS1aD0SzaWoeac4,This Side Of A Dust Cloud,Morgan Wallen,Dangerous: The Double Album (Bonus)
golf,Golf Cart Bangers ⛳️⛳️⛳️,https://open.spotify.com/playlist/78YvwnuHS1aD0SzaWoeac4,White Horse,Chris Stapleton,Higher
golf,Golf Cart Bangers ⛳️⛳️⛳️,https://open.spotify.com/playlist/78YvwnuHS1aD0SzaWoeac4,Strawberry Wine,Deana Carter,Did I Shave My Legs For This?
golf,Golf Cart Bangers ⛳️⛳️⛳️,https://open.spotify.com/playlist/78YvwnuHS1aD0SzaWoeac4,Where the Wild Things Are,Luke Combs,Gettin' Old
golf,Golf Cart Bangers ⛳️⛳️⛳️,https://open.spotify.com/playlist/78YvwnuHS1aD0SzaWoeac4,Live a Little,Kenny Chesney,Hemingway's Whiskey
golf,Golf Cart Bangers ⛳️⛳️⛳️,https://open.spotify.com/playlist/78YvwnuHS1aD0SzaWoeac4,Don't It,Billy Currington,Summer Forever
golf,Golf Cart Bangers ⛳️⛳️⛳️,https://open.spotify.com/playlist/78YvwnuHS1aD0SzaWoeac4,Fast Cars And Freedom,Rascal Flatts,Feels Like Today
golf,Golf Cart Bangers ⛳️⛳️⛳️,https://open.spotify.com/playlist/78YvwnuHS1aD0SzaWoeac4,Just To Say We Did,Kenny Chesney,Just To Say We Did
golf,Golf Cart Bangers ⛳️⛳️⛳️,https://open.spotify.com/playlist/78YvwnuHS1aD0SzaWoeac4,Lonely Eyes,Chris Young,A.M.
golf,Golf Cart Bangers ⛳️⛳️⛳️,https://open.spotify.com/playlist/78YvwnuHS1aD0SzaWoeac4,Anything She Says,"Mitchell Tenpenny, Seaforth",Anything She Says
golf,Golf Cart Bangers ⛳️⛳️⛳️,https://open.spotify.com/playlist/78YvwnuHS1aD0SzaWoeac4,You Don't Know Her Like I Do,Brantley Gilbert,Halfway To Heaven (Deluxe Edition)
golf,Golf Cart Bangers ⛳️⛳️⛳️,https://open.spotify.com/playlist/78YvwnuHS1aD0SzaWoeac4,Your Bartender,Morgan Wallen,Dangerous: The Double Album
golf,Golf Cart Bangers ⛳️⛳️⛳️,https://open.spotify.com/playlist/78YvwnuHS1aD0SzaWoeac4,Wild as You,Cody Johnson,Gotta Be Me
golf,Golf Cart Bangers ⛳️⛳️⛳️,https://open.spotify.com/playlist/78YvwnuHS1aD0SzaWoeac4,Nobody's Nobody,Brothers Osborne,Nobody's Nobody
golf,Golf Cart Bangers ⛳️⛳️⛳️,https://open.spotify.com/playlist/78YvwnuHS1aD0SzaWoeac4,You Keep Me Hangin On,Kim Wilde,Another Step
golf,Golf Cart Bangers ⛳️⛳️⛳️,https://open.spotify.com/playlist/78YvwnuHS1aD0SzaWoeac4,Brokenhearted (Single Version),Joe Nichols,Brokenhearted (Single Version)
golf,Golf Cart Bangers ⛳️⛳️⛳️,https://open.spotify.com/playlist/78YvwnuHS1aD0SzaWoeac4,It All Started With a Beer - Single Version,Frankie Ballard,It All Started with a Beer
golf,Golf Cart Bangers ⛳️⛳️⛳️,https://open.spotify.com/playlist/78YvwnuHS1aD0SzaWoeac4,Mary Jane's Last Dance,Tom Petty and the Heartbreakers,Greatest Hits
golf,Golf Cart Bangers ⛳️⛳️⛳️,https://open.spotify.com/playlist/78YvwnuHS1aD0SzaWoeac4,Take It to the Limit - 2013 Remaster,Eagles,Take It to the Limit (2013 Remaster)
golf,Golf Cart Bangers ⛳️⛳️⛳️,https://open.spotify.com/playlist/78YvwnuHS1aD0SzaWoeac4,She's Got a Way with Words,Blake Shelton,If I'm Honest
golf,Golf Cart Bangers ⛳️⛳️⛳️,https://open.spotify.com/playlist/78YvwnuHS1aD0SzaWoeac4,With Arms Wide Open,Creed,Human Clay
golf,Golf Cart Bangers ⛳️⛳️⛳️,https://open.spotify.com/playlist/78YvwnuHS1aD0SzaWoeac4,My Hero,Foo Fighters,The Colour And The Shape
golf,Golf Cart Bangers ⛳️⛳️⛳️,https://open.spotify.com/playlist/78YvwnuHS1aD0SzaWoeac4,Here Without You,3 Doors Down,Away From The Sun
golf,Golf Cart Bangers ⛳️⛳️⛳️,https://open.spotify.com/playlist/78YvwnuHS1aD0SzaWoeac4,I Hold On,Dierks Bentley,RISER
golf,Golf Cart Bangers ⛳️⛳️⛳️,https://open.spotify.com/playlist/78YvwnuHS1aD0SzaWoeac4,My Sacrifice,Creed,Weathered
golf,Golf Cart Bangers ⛳️⛳️⛳️,https://open.spotify.com/playlist/78YvwnuHS1aD0SzaWoeac4,One Last Breath,Creed,Weathered
golf,Golf Cart Bangers ⛳️⛳️⛳️,https://open.spotify.com/playlist/78YvwnuHS1aD0SzaWoeac4,Kryptonite,3 Doors Down,The Better Life
golf,Golf Cart Bangers ⛳️⛳️⛳️,https://open.spotify.com/playlist/78YvwnuHS1aD0SzaWoeac4,Ain't Always The Cowboy,Jon Pardi,A Cowboy's Work Is Never Done
golf,Golf Cart Bangers ⛳️⛳️⛳️,https://open.spotify.com/playlist/78YvwnuHS1aD0SzaWoeac4,Hysteria,Def Leppard,Hysteria
golf,Golf Cart Bangers ⛳️⛳️⛳️,https://open.spotify.com/playlist/78YvwnuHS1aD0SzaWoeac4,Don't Do Me Like That,Tom Petty and the Heartbreakers,Damn The Torpedoes (Deluxe Edition)
golf,Golf Cart Bangers ⛳️⛳️⛳️,https://open.spotify.com/playlist/78YvwnuHS1aD0SzaWoeac4,Neon Eyes,Morgan Wallen,Dangerous: The Double Album (Bonus)
golf,Golf Cart Bangers ⛳️⛳️⛳️,https://open.spotify.com/playlist/78YvwnuHS1aD0SzaWoeac4,Me On Whiskey,Morgan Wallen,Dangerous: The Double Album
golf,Golf Cart Bangers ⛳️⛳️⛳️,https://open.spotify.com/playlist/78YvwnuHS1aD0SzaWoeac4,You Save Me,Kenny Chesney,The Road And The Radio
golf,Golf Cart Bangers ⛳️⛳️⛳️,https://open.spotify.com/playlist/78YvwnuHS1aD0SzaWoeac4,Up There Down Here,Jake Owen,Up There Down Here
golf,Golf Cart Bangers ⛳️⛳️⛳️,https://open.spotify.com/playlist/78YvwnuHS1aD0SzaWoeac4,Eight Second Ride,Jake Owen,Easy Does It
golf,Golf Cart Bangers ⛳️⛳️⛳️,https://open.spotify.com/playlist/78YvwnuHS1aD0SzaWoeac4,Someone Else Calling You Baby,Luke Bryan,Doin' My Thing
golf,Golf Cart Bangers ⛳️⛳️⛳️,https://open.spotify.com/playlist/78YvwnuHS1aD0SzaWoeac4,American Ride,Toby Keith,American Ride
golf,Golf Cart Bangers ⛳️⛳️⛳️,https://open.spotify.com/playlist/78YvwnuHS1aD0SzaWoeac4,Guilty Pleasure,Kenny Chesney,Guilty Pleasure
golf,Golf Cart Bangers ⛳️⛳️⛳️,https://open.spotify.com/playlist/78YvwnuHS1aD0SzaWoeac4,Amanda,Boston,Third Stage
golf,Golf Cart Bangers ⛳️⛳️⛳️,https://open.spotify.com/playlist/78YvwnuHS1aD0SzaWoeac4,Love Bites - Remastered 2017,Def Leppard,Hysteria (Super Deluxe)
golf,Golf Cart Bangers ⛳️⛳️⛳️,https://open.spotify.com/playlist/78YvwnuHS1aD0SzaWoeac4,Ready for Love - 2015 Remaster,Bad Company,Bad Company (Deluxe)
golf,Golf Cart Bangers ⛳️⛳️⛳️,https://open.spotify.com/playlist/78YvwnuHS1aD0SzaWoeac4,Any Man Of Mine,Shania Twain,The Woman In Me
golf,Golf Cart Bangers ⛳️⛳️⛳️,https://open.spotify.com/playlist/78YvwnuHS1aD0SzaWoeac4,Too Late For Love,Def Leppard,Pyromania
golf,Golf Cart Bangers ⛳️⛳️⛳️,https://open.spotify.com/playlist/78YvwnuHS1aD0SzaWoeac4,Hey Pretty Girl,Kip Moore,Up All Night
golf,Golf Cart Bangers ⛳️⛳️⛳️,https://open.spotify.com/playlist/78YvwnuHS1aD0SzaWoeac4,Where It's At,Dustin Lynch,Where It's At
golf,Golf Cart Bangers ⛳️⛳️⛳️,https://open.spotify.com/playlist/78YvwnuHS1aD0SzaWoeac4,Whiskey’d My Way,Morgan Wallen,Dangerous: The Double Album
golf,Golf Cart Bangers ⛳️⛳️⛳️,https://open.spotify.com/playlist/78YvwnuHS1aD0SzaWoeac4,Somethin’ Country,Morgan Wallen,Dangerous: The Double Album
golf,Golf Cart Bangers ⛳️⛳️⛳️,https://open.spotify.com/playlist/78YvwnuHS1aD0SzaWoeac4,Wonderin’ Bout The Wind,Morgan Wallen,Dangerous: The Double Album
golf,Golf Cart Bangers ⛳️⛳️⛳️,https://open.spotify.com/playlist/78YvwnuHS1aD0SzaWoeac4,Country A$$ Shit,Morgan Wallen,Dangerous: The Double Album
golf,Golf Cart Bangers ⛳️⛳️⛳️,https://open.spotify.com/playlist/78YvwnuHS1aD0SzaWoeac4,Quittin’ Time,Morgan Wallen,Dangerous: The Double Album
golf,Golf Cart Bangers ⛳️⛳️⛳️,https://open.spotify.com/playlist/78YvwnuHS1aD0SzaWoeac4,This Heart,Corey Kent,This Heart
golf,Golf Cart Bangers ⛳️⛳️⛳️,https://open.spotify.com/playlist/78YvwnuHS1aD0SzaWoeac4,Holy Smokes,Bailey Zimmerman,Holy Smokes
golf,Golf Cart Bangers ⛳️⛳️⛳️,https://open.spotify.com/playlist/78YvwnuHS1aD0SzaWoeac4,Cab In A Solo,Scotty McCreery,Cab In A Solo
golf,Golf Cart Bangers ⛳️⛳️⛳️,https://open.spotify.com/playlist/78YvwnuHS1aD0SzaWoeac4,Find Another Bar,Chris Lane,Find Another Bar
golf,Golf Cart Bangers ⛳️⛳️⛳️,https://open.spotify.com/playlist/78YvwnuHS1aD0SzaWoeac4,God Gave Me A Girl,Russell Dickerson,Russell Dickerson
golf,Golf Cart Bangers ⛳️⛳️⛳️,https://open.spotify.com/playlist/78YvwnuHS1aD0SzaWoeac4,Zombie,The Cranberries,No Need To Argue (The Complete Sessions 1994-1995)
golf,Golf Cart Bangers ⛳️⛳️⛳️,https://open.spotify.com/playlist/78YvwnuHS1aD0SzaWoeac4,Make Me Wanna,Thomas Rhett,It Goes Like This
golf,Golf Cart Bangers ⛳️⛳️⛳️,https://open.spotify.com/playlist/78YvwnuHS1aD0SzaWoeac4,Sixteen,Thomas Rhett,Life Changes
golf,Golf Cart Bangers ⛳️⛳️⛳️,https://open.spotify.com/playlist/78YvwnuHS1aD0SzaWoeac4,Back Then Right Now,Tyler Hubbard,Back Then Right Now
golf,Golf Cart Bangers ⛳️⛳️⛳️,https://open.spotify.com/playlist/78YvwnuHS1aD0SzaWoeac4,"Rednecks, Red Letters, Red Dirt",Morgan Wallen,Dangerous: The Double Album (Bonus)
golf,Golf Cart Bangers ⛳️⛳️⛳️,https://open.spotify.com/playlist/78YvwnuHS1aD0SzaWoeac4,Out Of That Truck,Carrie Underwood,Out Of That Truck
golf,Golf Cart Bangers ⛳️⛳️⛳️,https://open.spotify.com/playlist/78YvwnuHS1aD0SzaWoeac4,we don't fight anymore,"Carly Pearce, Chris Stapleton",we don't fight anymore
golf,Golf Cart Bangers ⛳️⛳️⛳️,https://open.spotify.com/playlist/78YvwnuHS1aD0SzaWoeac4,GOOD TIME,Niko Moon,GOOD TIME
golf,Golf Cart Bangers ⛳️⛳️⛳️,https://open.spotify.com/playlist/78YvwnuHS1aD0SzaWoeac4,Mr. Misunderstood,Eric Church,Mr. Misunderstood
golf,Golf Cart Bangers ⛳️⛳️⛳️,https://open.spotify.com/playlist/78YvwnuHS1aD0SzaWoeac4,Drowning Man,Eric Church,Desperate Man
golf,Golf Cart Bangers ⛳️⛳️⛳️,https://open.spotify.com/playlist/78YvwnuHS1aD0SzaWoeac4,A Woman Like You,Lee Brice,Hard 2 Love
golf,Golf Cart Bangers ⛳️⛳️⛳️,https://open.spotify.com/playlist/78YvwnuHS1aD0SzaWoeac4,Pickup Man,Joe Diffie,Greatest Hits
golf,Golf Cart Bangers ⛳️⛳️⛳️,https://open.spotify.com/playlist/78YvwnuHS1aD0SzaWoeac4,Love Your Love The Most,Eric Church,Carolina
golf,Golf Cart Bangers ⛳️⛳️⛳️,https://open.spotify.com/playlist/78YvwnuHS1aD0SzaWoeac4,Doing Life With Me,Eric Church,Doing Life With Me
golf,Golf Cart Bangers ⛳️⛳️⛳️,https://open.spotify.com/playlist/78YvwnuHS1aD0SzaWoeac4,Heart On Fire,Eric Church,Heart
golf,Golf Cart Bangers ⛳️⛳️⛳️,https://open.spotify.com/playlist/78YvwnuHS1aD0SzaWoeac4,Guys Like Me,Eric Church,Sinners Like Me
golf,Golf Cart Bangers ⛳️⛳️⛳️,https://open.spotify.com/playlist/78YvwnuHS1aD0SzaWoeac4,Few Good Stories,Kenny Chesney,Born
golf,Golf Cart Bangers ⛳️⛳️⛳️,https://open.spotify.com/playlist/78YvwnuHS1aD0SzaWoeac4,One More Sunset,Kenny Chesney,Born
golf,Golf Cart Bangers ⛳️⛳️⛳️,https://open.spotify.com/playlist/78YvwnuHS1aD0SzaWoeac4,Born,Kenny Chesney,Born
golf,Golf Cart Bangers ⛳️⛳️⛳️,https://open.spotify.com/playlist/78YvwnuHS1aD0SzaWoeac4,When It All Shakes Out,Jake Owen,Loose Cannon
golf,Golf Cart Bangers ⛳️⛳️⛳️,https://open.spotify.com/playlist/78YvwnuHS1aD0SzaWoeac4,The Ending,Jake Owen,Loose Cannon
golf,Golf Cart Bangers ⛳️⛳️⛳️,https://open.spotify.com/playlist/78YvwnuHS1aD0SzaWoeac4,Sinners Like Me,Eric Church,Sinners Like Me
golf,Golf Cart Bangers ⛳️⛳️⛳️,https://open.spotify.com/playlist/78YvwnuHS1aD0SzaWoeac4,She Ain't In It,Jon Pardi,California Sunrise
golf,Golf Cart Bangers ⛳️⛳️⛳️,https://open.spotify.com/playlist/78YvwnuHS1aD0SzaWoeac4,Last Name,Carrie Underwood,Carnival Ride
golf,Golf Cart Bangers ⛳️⛳️⛳️,https://open.spotify.com/playlist/78YvwnuHS1aD0SzaWoeac4,Where I Come From,Alan Jackson,34 Number Ones
golf,Golf Cart Bangers ⛳️⛳️⛳️,https://open.spotify.com/playlist/78YvwnuHS1aD0SzaWoeac4,Wasted,Carrie Underwood,Some Hearts
golf,Golf Cart Bangers ⛳️⛳️⛳️,https://open.spotify.com/playlist/78YvwnuHS1aD0SzaWoeac4,Wasted,Kenny Chesney,Here And Now
golf,Golf Cart Bangers ⛳️⛳️⛳️,https://open.spotify.com/playlist/78YvwnuHS1aD0SzaWoeac4,Good Girl,Carrie Underwood,Blown Away
golf,Golf Cart Bangers ⛳️⛳️⛳️,https://open.spotify.com/playlist/78YvwnuHS1aD0SzaWoeac4,Undo It,Carrie Underwood,Play On
golf,Golf Cart Bangers ⛳️⛳️⛳️,https://open.spotify.com/playlist/78YvwnuHS1aD0SzaWoeac4,Wildflowers and Wild Horses (Single Version),Lainey Wilson,Wildflowers and Wild Horses
golf,Golf Cart Bangers ⛳️⛳️⛳️,https://open.spotify.com/playlist/78YvwnuHS1aD0SzaWoeac4,Chain Smokin',Morgan Wallen,Chain Smokin'
golf,Golf Cart Bangers ⛳️⛳️⛳️,https://open.spotify.com/playlist/78YvwnuHS1aD0SzaWoeac4,Lucky,Cody Johnson,Cowboy Like Me
golf,Golf Cart Bangers ⛳️⛳️⛳️,https://open.spotify.com/playlist/78YvwnuHS1aD0SzaWoeac4,Free,Zac Brown Band,The Foundation
golf,Golf Cart Bangers ⛳️⛳️⛳️,https://open.spotify.com/playlist/78YvwnuHS1aD0SzaWoeac4,Austin (Boots Stop Workin'),Dasha,What Happens Now?
golf,Golf Cart Bangers ⛳️⛳️⛳️,https://open.spotify.com/playlist/78YvwnuHS1aD0SzaWoeac4,A Bar Song (Tipsy),Shaboozey,A Bar Song (Tipsy)
golf,Golf Cart Bangers ⛳️⛳️⛳️,https://open.spotify.com/playlist/78YvwnuHS1aD0SzaWoeac4,We Do,Kenny Chesney,Here And Now
golf,Golf Cart Bangers ⛳️⛳️⛳️,https://open.spotify.com/playlist/78YvwnuHS1aD0SzaWoeac4,21 Summer,Brothers Osborne,Pawn Shop
golf,Golf Cart Bangers ⛳️⛳️⛳️,https://open.spotify.com/playlist/78YvwnuHS1aD0SzaWoeac4,As She's Walking Away (feat. Alan Jackson),"Zac Brown Band, Alan Jackson",You Get What You Give
golf,Golf Cart Bangers ⛳️⛳️⛳️,https://open.spotify.com/playlist/78YvwnuHS1aD0SzaWoeac4,Stick Season,Noah Kahan,Stick Season
golf,Golf Cart Bangers ⛳️⛳️⛳️,https://open.spotify.com/playlist/78YvwnuHS1aD0SzaWoeac4,Jesus Saves,Riley Green,Way Out Here
golf,Golf Cart Bangers ⛳️⛳️⛳️,https://open.spotify.com/playlist/78YvwnuHS1aD0SzaWoeac4,Way Out Here,Riley Green,Way Out Here
golf,Golf Cart Bangers ⛳️⛳️⛳️,https://open.spotify.com/playlist/78YvwnuHS1aD0SzaWoeac4,Atlantic City,Riley Green,Way Out Here
golf,Golf Cart Bangers ⛳️⛳️⛳️,https://open.spotify.com/playlist/78YvwnuHS1aD0SzaWoeac4,Damn Good Day To Leave,Riley Green,Way Out Here
golf,Golf Cart Bangers ⛳️⛳️⛳️,https://open.spotify.com/playlist/78YvwnuHS1aD0SzaWoeac4,Pick A Place,Riley Green,Way Out Here
golf,Golf Cart Bangers ⛳️⛳️⛳️,https://open.spotify.com/playlist/78YvwnuHS1aD0SzaWoeac4,Worst Way,Riley Green,Way Out Here
golf,Golf Cart Bangers ⛳️⛳️⛳️,https://open.spotify.com/playlist/78YvwnuHS1aD0SzaWoeac4,Sucker For Small Towns,ERNEST,FLOWER SHOPS
golf,Golf Cart Bangers ⛳️⛳️⛳️,https://open.spotify.com/playlist/78YvwnuHS1aD0SzaWoeac4,Only Thing That’s Gone (feat. Chris Stapleton),"Morgan Wallen, Chris Stapleton",Dangerous: The Double Album
golf,Golf Cart Bangers ⛳️⛳️⛳️,https://open.spotify.com/playlist/78YvwnuHS1aD0SzaWoeac4,I Had Some Help (Feat. Morgan Wallen),"Post Malone, Morgan Wallen",I Had Some Help
golf,Golf Cart Bangers ⛳️⛳️⛳️,https://open.spotify.com/playlist/78YvwnuHS1aD0SzaWoeac4,Hell Of A Way To Go,Riley Green,Hell Of A Way To Go
golf,Golf Cart Bangers ⛳️⛳️⛳️,https://open.spotify.com/playlist/78YvwnuHS1aD0SzaWoeac4,I Could Use a Love Song,Maren Morris,HERO (Deluxe Edition)
golf,Golf Cart Bangers ⛳️⛳️⛳️,https://open.spotify.com/playlist/78YvwnuHS1aD0SzaWoeac4,Cherry Bomb,John Mellencamp,The Lonesome Jubilee
golf,Golf Cart Bangers ⛳️⛳️⛳️,https://open.spotify.com/playlist/78YvwnuHS1aD0SzaWoeac4,Delta Dawn,Tanya Tucker,Tanya Tucker / Super Hits
golf,Golf Cart Bangers ⛳️⛳️⛳️,https://open.spotify.com/playlist/78YvwnuHS1aD0SzaWoeac4,Ain't No Love In Oklahoma (From Twisters: The Album),Luke Combs,Ain't No Love In Oklahoma (From Twisters: The Album)
golf,Golf Cart Bangers ⛳️⛳️⛳️,https://open.spotify.com/playlist/78YvwnuHS1aD0SzaWoeac4,Like A Wrecking Ball,Eric Church,The Outsiders
golf,Golf Cart Bangers ⛳️⛳️⛳️,https://open.spotify.com/playlist/78YvwnuHS1aD0SzaWoeac4,Some Of It,Eric Church,Desperate Man
golf,Golf Cart Bangers ⛳️⛳️⛳️,https://open.spotify.com/playlist/78YvwnuHS1aD0SzaWoeac4,Bulletproof,Nate Smith,Bulletproof
golf,Golf Cart Bangers ⛳️⛳️⛳️,https://open.spotify.com/playlist/78YvwnuHS1aD0SzaWoeac4,Drink Don't Need No Mix (feat. BigXthaPlug),"Shaboozey, BigXthaPlug","Where I've Been, Isn't Where I'm Going"
golf,Golf Cart Bangers ⛳️⛳️⛳️,https://open.spotify.com/playlist/78YvwnuHS1aD0SzaWoeac4,Burn It Down,Parker McCollum,Never Enough
golf,Golf Cart Bangers ⛳️⛳️⛳️,https://open.spotify.com/playlist/78YvwnuHS1aD0SzaWoeac4,Miles On It,"Marshmello, Kane Brown",Miles On It
golf,Golf Cart Bangers ⛳️⛳️⛳️,https://open.spotify.com/playlist/78YvwnuHS1aD0SzaWoeac4,Let Your Boys Be Country,Jason Aldean,Highway Desperado
golf,Golf Cart Bangers ⛳️⛳️⛳️,https://open.spotify.com/playlist/78YvwnuHS1aD0SzaWoeac4,You Belong With Me,Taylor Swift,Fearless
golf,Golf Cart Bangers ⛳️⛳️⛳️,https://open.spotify.com/playlist/78YvwnuHS1aD0SzaWoeac4,This Is My Dirt,Justin Moore,This Is My Dirt
golf,Golf Cart Bangers ⛳️⛳️⛳️,https://open.spotify.com/playlist/78YvwnuHS1aD0SzaWoeac4,Crazy,Aerosmith,Get A Grip
golf,Golf Cart Bangers ⛳️⛳️⛳️,https://open.spotify.com/playlist/78YvwnuHS1aD0SzaWoeac4,Fly over States,Jason Aldean,My Kinda Party
golf,Golf Cart Bangers ⛳️⛳️⛳️,https://open.spotify.com/playlist/78YvwnuHS1aD0SzaWoeac4,Pirates & Parrots (feat. Mac McAnally),"Zac Brown Band, Mac McAnally",Pirates & Parrots (feat. Mac McAnally)
golf,Golf Cart Bangers ⛳️⛳️⛳️,https://open.spotify.com/playlist/78YvwnuHS1aD0SzaWoeac4,Tie Up,Zac Brown Band,Tie Up
golf,Golf Cart Bangers ⛳️⛳️⛳️,https://open.spotify.com/playlist/78YvwnuHS1aD0SzaWoeac4,Huntin' By Yourself,Luke Combs,Fathers & Sons
golf,Golf Cart Bangers ⛳️⛳️⛳️,https://open.spotify.com/playlist/78YvwnuHS1aD0SzaWoeac4,Lovin' You Is Fun,Easton Corbin,All Over The Road
golf,Golf Cart Bangers ⛳️⛳️⛳️,https://open.spotify.com/playlist/78YvwnuHS1aD0SzaWoeac4,Smooth,Florida Georgia Line,Dig Your Roots
golf,Golf Cart Bangers ⛳️⛳️⛳️,https://open.spotify.com/playlist/78YvwnuHS1aD0SzaWoeac4,Wind Up Missin’ You,Tucker Wetmore,Wind Up Missin’ You
golf,Golf Cart Bangers ⛳️⛳️⛳️,https://open.spotify.com/playlist/78YvwnuHS1aD0SzaWoeac4,you look like you love me (feat. Riley Green),"Ella Langley, Riley Green",you look like you love me (feat. Riley Green)
golf,Golf Cart Bangers ⛳️⛳️⛳️,https://open.spotify.com/playlist/78YvwnuHS1aD0SzaWoeac4,Learning To Fly,Tom Petty and the Heartbreakers,Greatest Hits
golf,Golf Cart Bangers ⛳️⛳️⛳️,https://open.spotify.com/playlist/78YvwnuHS1aD0SzaWoeac4,Landslide,Fleetwood Mac,Fleetwood Mac
golf,Golf Cart Bangers ⛳️⛳️⛳️,https://open.spotify.com/playlist/78YvwnuHS1aD0SzaWoeac4,Gypsy,Fleetwood Mac,Greatest Hits
golf,Golf Cart Bangers ⛳️⛳️⛳️,https://open.spotify.com/playlist/78YvwnuHS1aD0SzaWoeac4,Edge of Seventeen - 2016 Remaster,Stevie Nicks,Bella Donna (2016 Remastered)
golf,Golf Cart Bangers ⛳️⛳️⛳️,https://open.spotify.com/playlist/78YvwnuHS1aD0SzaWoeac4,Keg in the Closet,Kenny Chesney,When The Sun Goes Down
golf,Golf Cart Bangers ⛳️⛳️⛳️,https://open.spotify.com/playlist/78YvwnuHS1aD0SzaWoeac4,You,Chris Young,Neon
golf,Golf Cart Bangers ⛳️⛳️⛳️,https://open.spotify.com/playlist/78YvwnuHS1aD0SzaWoeac4,Turn Up The Radio,Autograph,Turn Up The Radio
golf,Golf Cart Bangers ⛳️⛳️⛳️,https://open.spotify.com/playlist/78YvwnuHS1aD0SzaWoeac4,Tenth Avenue Freeze-Out,Bruce Springsteen,Born To Run
golf,Golf Cart Bangers ⛳️⛳️⛳️,https://open.spotify.com/playlist/78YvwnuHS1aD0SzaWoeac4,Come Together - Remastered 2009,The Beatles,Abbey Road (Remastered)
golf,Golf Cart Bangers ⛳️⛳️⛳️,https://open.spotify.com/playlist/78YvwnuHS1aD0SzaWoeac4,She Talks To Angels,The Black Crowes,Shake Your Money Maker
golf,Golf Cart Bangers ⛳️⛳️⛳️,https://open.spotify.com/playlist/78YvwnuHS1aD0SzaWoeac4,Far Away,Nickelback,All the Right Reasons
golf,Golf Cart Bangers ⛳️⛳️⛳️,https://open.spotify.com/playlist/78YvwnuHS1aD0SzaWoeac4,It's Not Over,Daughtry,Daughtry (Deluxe Edition)
golf,Golf Cart Bangers ⛳️⛳️⛳️,https://open.spotify.com/playlist/78YvwnuHS1aD0SzaWoeac4,Over You,Daughtry,Daughtry (Deluxe Edition)
golf,Golf Cart Bangers ⛳️⛳️⛳️,https://open.spotify.com/playlist/78YvwnuHS1aD0SzaWoeac4,Home,Daughtry,Daughtry (Deluxe Edition)
golf,Golf Cart Bangers ⛳️⛳️⛳️,https://open.spotify.com/playlist/78YvwnuHS1aD0SzaWoeac4,Feels Like Tonight,Daughtry,Daughtry (Deluxe Edition)
golf,Golf Cart Bangers ⛳️⛳️⛳️,https://open.spotify.com/playlist/78YvwnuHS1aD0SzaWoeac4,Wide Open Spaces,The Chicks,Wide Open Spaces
golf,Golf Cart Bangers ⛳️⛳️⛳️,https://open.spotify.com/playlist/78YvwnuHS1aD0SzaWoeac4,Must Be Doin' Somethin' Right,Billy Currington,Doin' Somethin' Right
golf,Golf Cart Bangers ⛳️⛳️⛳️,https://open.spotify.com/playlist/78YvwnuHS1aD0SzaWoeac4,Tiny Dancer,Elton John,Madman Across The Water
golf,Golf Cart Bangers ⛳️⛳️⛳️,https://open.spotify.com/playlist/78YvwnuHS1aD0SzaWoeac4,Shotgun Rider,Tim McGraw,Sundown Heaven Town
golf,Golf Cart Bangers ⛳️⛳️⛳️,https://open.spotify.com/playlist/78YvwnuHS1aD0SzaWoeac4,Rolling on the River,Tom Harder,Rolling on the River
golf,Golf Cart Bangers ⛳️⛳️⛳️,https://open.spotify.com/playlist/78YvwnuHS1aD0SzaWoeac4,Dirty Work,Steely Dan,Can't Buy A Thrill
golf,Golf Cart Bangers ⛳️⛳️⛳️,https://open.spotify.com/playlist/78YvwnuHS1aD0SzaWoeac4,"Baby, I Love Your Way",Big Mountain,The Best of Big Mountain
golf,Golf Cart Bangers ⛳️⛳️⛳️,https://open.spotify.com/playlist/78YvwnuHS1aD0SzaWoeac4,War Pigs / Luke's Wall - 2012 - Remaster,Black Sabbath,Paranoid (Remaster)
golf,Golf Cart Bangers ⛳️⛳️⛳️,https://open.spotify.com/playlist/78YvwnuHS1aD0SzaWoeac4,She's Somebody's Daughter,Drew Baldridge,She's Somebody's Daughter
golf,Golf Cart Bangers ⛳️⛳️⛳️,https://open.spotify.com/playlist/78YvwnuHS1aD0SzaWoeac4,Think I'm In Love With You,Chris Stapleton,Think I’m In Love With You
golf,Golf Cart Bangers ⛳️⛳️⛳️,https://open.spotify.com/playlist/78YvwnuHS1aD0SzaWoeac4,This Kiss,Faith Hill,Faith
golf,Golf Cart Bangers ⛳️⛳️⛳️,https://open.spotify.com/playlist/78YvwnuHS1aD0SzaWoeac4,Think of You,"Chris Young, Cassadee Pope",I'm Comin' Over
golf,Golf Cart Bangers ⛳️⛳️⛳️,https://open.spotify.com/playlist/78YvwnuHS1aD0SzaWoeac4,She's Everything,Brad Paisley,Time Well Wasted
golf,Golf Cart Bangers ⛳️⛳️⛳️,https://open.spotify.com/playlist/78YvwnuHS1aD0SzaWoeac4,4×4×U,Lainey Wilson,4×4×U
golf,Golf Cart Bangers ⛳️⛳️⛳️,https://open.spotify.com/playlist/78YvwnuHS1aD0SzaWoeac4,Baby Daddy's Weekend,Elle King,Baby Daddy's Weekend
golf,Golf Cart Bangers ⛳️⛳️⛳️,https://open.spotify.com/playlist/78YvwnuHS1aD0SzaWoeac4,I Ain't Sayin',Jordan Davis,I Ain't Sayin'
golf,Golf Cart Bangers ⛳️⛳️⛳️,https://open.spotify.com/playlist/78YvwnuHS1aD0SzaWoeac4,I'm Gonna Miss Her,Brad Paisley,Part II
golf,Golf Cart Bangers ⛳️⛳️⛳️,https://open.spotify.com/playlist/78YvwnuHS1aD0SzaWoeac4,Time’s Ticking,"Justin Moore, Dierks Bentley",Time's Ticking (Solo Version)
golf,Golf Cart Bangers ⛳️⛳️⛳️,https://open.spotify.com/playlist/78YvwnuHS1aD0SzaWoeac4,Everybody Wants You,Billy Squier,Absolute Hits
golf,Golf Cart Bangers ⛳️⛳️⛳️,https://open.spotify.com/playlist/78YvwnuHS1aD0SzaWoeac4,Lady,Styx,Styx II
golf,Golf Cart Bangers ⛳️⛳️⛳️,https://open.spotify.com/playlist/78YvwnuHS1aD0SzaWoeac4,I'll Wait - 2015 Remaster,Van Halen,1984 (Remastered)
golf,Golf Cart Bangers ⛳️⛳️⛳️,https://open.spotify.com/playlist/78YvwnuHS1aD0SzaWoeac4,Mr. Blue Sky,Electric Light Orchestra,Out of the Blue
golf,Golf Cart Bangers ⛳️⛳️⛳️,https://open.spotify.com/playlist/78YvwnuHS1aD0SzaWoeac4,Saturday in the Park - 2002 Remaster,Chicago,Chicago V (Expanded & Remastered)
golf,Golf Cart Bangers ⛳️⛳️⛳️,https://open.spotify.com/playlist/78YvwnuHS1aD0SzaWoeac4,There's Your Trouble,The Chicks,Wide Open Spaces
golf,Golf Cart Bangers ⛳️⛳️⛳️,https://open.spotify.com/playlist/78YvwnuHS1aD0SzaWoeac4,Nothing's Gonna Stop Us Now,Starship,No Protection
golf,Golf Cart Bangers ⛳️⛳️⛳️,https://open.spotify.com/playlist/78YvwnuHS1aD0SzaWoeac4,Who's Crying Now (2022 Remaster),Journey,Escape (2022 Remaster)
golf,Golf Cart Bangers ⛳️⛳️⛳️,https://open.spotify.com/playlist/78YvwnuHS1aD0SzaWoeac4,Kiss You in the Morning,Michael Ray,Michael Ray
golf,Golf Cart Bangers ⛳️⛳️⛳️,https://open.spotify.com/playlist/78YvwnuHS1aD0SzaWoeac4,Neon,Chris Young,Neon
golf,Golf Cart Bangers ⛳️⛳️⛳️,https://open.spotify.com/playlist/78YvwnuHS1aD0SzaWoeac4,Centerfield,John Fogerty,Centerfield – 25th Anniversary
golf,Golf Cart Bangers ⛳️⛳️⛳️,https://open.spotify.com/playlist/78YvwnuHS1aD0SzaWoeac4,If I Could Turn Back Time,Cher,Heart Of Stone
golf,Golf Cart Bangers ⛳️⛳️⛳️,https://open.spotify.com/playlist/78YvwnuHS1aD0SzaWoeac4,Whose Bed Have Your Boots Been Under?,Shania Twain,The Woman In Me
golf,Golf Cart Bangers ⛳️⛳️⛳️,https://open.spotify.com/playlist/78YvwnuHS1aD0SzaWoeac4,I Never Lie,Zach Top,Cold Beer & Country Music
golf,Golf Cart Bangers ⛳️⛳️⛳️,https://open.spotify.com/playlist/78YvwnuHS1aD0SzaWoeac4,Nothing On But The Radio,Gary Allan,See If I Care
golf,Golf Cart Bangers ⛳️⛳️⛳️,https://open.spotify.com/playlist/78YvwnuHS1aD0SzaWoeac4,Don't Let Him Go,REO Speedwagon,Hi Infidelity (30th Anniversary Edition)
golf,Golf Cart Bangers ⛳️⛳️⛳️,https://open.spotify.com/playlist/78YvwnuHS1aD0SzaWoeac4,Real American,Rick Derringer,Playlist: The Very Best of Rick Derringer
golf,Golf Cart Bangers ⛳️⛳️⛳️,https://open.spotify.com/playlist/78YvwnuHS1aD0SzaWoeac4,Mr. Roboto,Styx,Kilroy Was Here
golf,Golf Cart Bangers ⛳️⛳️⛳️,https://open.spotify.com/playlist/78YvwnuHS1aD0SzaWoeac4,Fast Car,Tracy Chapman,Tracy Chapman
golf,Golf Cart Bangers ⛳️⛳️⛳️,https://open.spotify.com/playlist/78YvwnuHS1aD0SzaWoeac4,Bury Me In Dixie,Riley Green,Bury Me In Dixie
golf,Golf Cart Bangers ⛳️⛳️⛳️,https://open.spotify.com/playlist/78YvwnuHS1aD0SzaWoeac4,Georgia Time,Riley Green,Georgia Time
golf,Golf Cart Bangers ⛳️⛳️⛳️,https://open.spotify.com/playlist/78YvwnuHS1aD0SzaWoeac4,Follow Me,Uncle Kracker,Double Wide
golf,Golf Cart Bangers ⛳️⛳️⛳️,https://open.spotify.com/playlist/78YvwnuHS1aD0SzaWoeac4,Anything But Mine,Kenny Chesney,When The Sun Goes Down
golf,Golf Cart Bangers ⛳️⛳️⛳️,https://open.spotify.com/playlist/78YvwnuHS1aD0SzaWoeac4,Friday Night Heartbreaker,Jon Pardi,Honkytonk Hollywood
golf,Golf Cart Bangers ⛳️⛳️⛳️,https://open.spotify.com/playlist/78YvwnuHS1aD0SzaWoeac4,Faithfully (2024 Remaster),Journey,Greatest Hits (2024 Remaster)
golf,Golf Cart Bangers ⛳️⛳️⛳️,https://open.spotify.com/playlist/78YvwnuHS1aD0SzaWoeac4,Keep Me in Mind,Zac Brown Band,You Get What You Give
golf,Golf Cart Bangers ⛳️⛳️⛳️,https://open.spotify.com/playlist/78YvwnuHS1aD0SzaWoeac4,Hey California,Jon Pardi,Honkytonk Hollywood
golf,Golf Cart Bangers ⛳️⛳️⛳️,https://open.spotify.com/playlist/78YvwnuHS1aD0SzaWoeac4,Island Song,Zac Brown Band,Uncaged
golf,Golf Cart Bangers ⛳️⛳️⛳️,https://open.spotify.com/playlist/78YvwnuHS1aD0SzaWoeac4,Castaway,Zac Brown Band,JEKYLL + HYDE
golf,Golf Cart Bangers ⛳️⛳️⛳️,https://open.spotify.com/playlist/78YvwnuHS1aD0SzaWoeac4,Goodbye in Her Eyes,Zac Brown Band,Uncaged
golf,Golf Cart Bangers ⛳️⛳️⛳️,https://open.spotify.com/playlist/78YvwnuHS1aD0SzaWoeac4,Can't You See,The Marshall Tucker Band,The Marshall Tucker Band
golf,Golf Cart Bangers ⛳️⛳️⛳️,https://open.spotify.com/playlist/78YvwnuHS1aD0SzaWoeac4,It Goes Like This,Thomas Rhett,It Goes Like This
golf,Golf Cart Bangers ⛳️⛳️⛳️,https://open.spotify.com/playlist/78YvwnuHS1aD0SzaWoeac4,Lucky,Megan Moroney,Lucky
golf,Golf Cart Bangers ⛳️⛳️⛳️,https://open.spotify.com/playlist/78YvwnuHS1aD0SzaWoeac4,I'm The Problem,Morgan Wallen,I’m The Problem
golf,Golf Cart Bangers ⛳️⛳️⛳️,https://open.spotify.com/playlist/78YvwnuHS1aD0SzaWoeac4,I Got Better,Morgan Wallen,I’m The Problem
golf,Golf Cart Bangers ⛳️⛳️⛳️,https://open.spotify.com/playlist/78YvwnuHS1aD0SzaWoeac4,Superman,Morgan Wallen,I’m The Problem
golf,Golf Cart Bangers ⛳️⛳️⛳️,https://open.spotify.com/playlist/78YvwnuHS1aD0SzaWoeac4,What I Want (feat. Tate McRae),"Morgan Wallen, Tate McRae",I’m The Problem
golf,Golf Cart Bangers ⛳️⛳️⛳️,https://open.spotify.com/playlist/78YvwnuHS1aD0SzaWoeac4,Just In Case,Morgan Wallen,I’m The Problem
golf,Golf Cart Bangers ⛳️⛳️⛳️,https://open.spotify.com/playlist/78YvwnuHS1aD0SzaWoeac4,Falling Apart,Morgan Wallen,I’m The Problem
golf,Golf Cart Bangers ⛳️⛳️⛳️,https://open.spotify.com/playlist/78YvwnuHS1aD0SzaWoeac4,"Skoal, Chevy, and Browning",Morgan Wallen,I’m The Problem
golf,Golf Cart Bangers ⛳️⛳️⛳️,https://open.spotify.com/playlist/78YvwnuHS1aD0SzaWoeac4,Eyes Are Closed,Morgan Wallen,I’m The Problem
golf,Golf Cart Bangers ⛳️⛳️⛳️,https://open.spotify.com/playlist/78YvwnuHS1aD0SzaWoeac4,Kick Myself,Morgan Wallen,I’m The Problem
golf,Golf Cart Bangers ⛳️⛳️⛳️,https://open.spotify.com/playlist/78YvwnuHS1aD0SzaWoeac4,20 Cigarettes,Morgan Wallen,I’m The Problem
golf,Golf Cart Bangers ⛳️⛳️⛳️,https://open.spotify.com/playlist/78YvwnuHS1aD0SzaWoeac4,TN,Morgan Wallen,I’m The Problem
golf,Golf Cart Bangers ⛳️⛳️⛳️,https://open.spotify.com/playlist/78YvwnuHS1aD0SzaWoeac4,Missing,Morgan Wallen,I’m The Problem
golf,Golf Cart Bangers ⛳️⛳️⛳️,https://open.spotify.com/playlist/78YvwnuHS1aD0SzaWoeac4,Where'd That Girl Go,Morgan Wallen,I’m The Problem
golf,Golf Cart Bangers ⛳️⛳️⛳️,https://open.spotify.com/playlist/78YvwnuHS1aD0SzaWoeac4,Genesis,Morgan Wallen,I’m The Problem
golf,Golf Cart Bangers ⛳️⛳️⛳️,https://open.spotify.com/playlist/78YvwnuHS1aD0SzaWoeac4,Revelation,Morgan Wallen,I’m The Problem
golf,Golf Cart Bangers ⛳️⛳️⛳️,https://open.spotify.com/playlist/78YvwnuHS1aD0SzaWoeac4,Number 3 and Number 7 (feat. Eric Church),"Morgan Wallen, Eric Church",I’m The Problem
golf,Golf Cart Bangers ⛳️⛳️⛳️,https://open.spotify.com/playlist/78YvwnuHS1aD0SzaWoeac4,Kiss Her In Front Of You,Morgan Wallen,I’m The Problem
golf,Golf Cart Bangers ⛳️⛳️⛳️,https://open.spotify.com/playlist/78YvwnuHS1aD0SzaWoeac4,If You Were Mine,Morgan Wallen,I’m The Problem
golf,Golf Cart Bangers ⛳️⛳️⛳️,https://open.spotify.com/playlist/78YvwnuHS1aD0SzaWoeac4,Don't We,Morgan Wallen,I’m The Problem
golf,Golf Cart Bangers ⛳️⛳️⛳️,https://open.spotify.com/playlist/78YvwnuHS1aD0SzaWoeac4,Come Back As A Redneck (feat. HARDY),"Morgan Wallen, HARDY",I’m The Problem
golf,Golf Cart Bangers ⛳️⛳️⛳️,https://open.spotify.com/playlist/78YvwnuHS1aD0SzaWoeac4,Love Somebody,Morgan Wallen,I’m The Problem
golf,Golf Cart Bangers ⛳️⛳️⛳️,https://open.spotify.com/playlist/78YvwnuHS1aD0SzaWoeac4,Dark Til Daylight,Morgan Wallen,I’m The Problem
golf,Golf Cart Bangers ⛳️⛳️⛳️,https://open.spotify.com/playlist/78YvwnuHS1aD0SzaWoeac4,The Dealer (feat. ERNEST),"Morgan Wallen, ERNEST",I’m The Problem
golf,Golf Cart Bangers ⛳️⛳️⛳️,https://open.spotify.com/playlist/78YvwnuHS1aD0SzaWoeac4,Leavin's The Least I Could Do,Morgan Wallen,I’m The Problem
golf,Golf Cart Bangers ⛳️⛳️⛳️,https://open.spotify.com/playlist/78YvwnuHS1aD0SzaWoeac4,Jack and Jill,Morgan Wallen,I’m The Problem
golf,Golf Cart Bangers ⛳️⛳️⛳️,https://open.spotify.com/playlist/78YvwnuHS1aD0SzaWoeac4,I Ain't Comin' Back (feat. Post Malone),"Morgan Wallen, Post Malone",I’m The Problem
golf,Golf Cart Bangers ⛳️⛳️⛳️,https://open.spotify.com/playlist/78YvwnuHS1aD0SzaWoeac4,Nothin' Left,Morgan Wallen,I’m The Problem
golf,Golf Cart Bangers ⛳️⛳️⛳️,https://open.spotify.com/playlist/78YvwnuHS1aD0SzaWoeac4,Drinking Til It Does,Morgan Wallen,I’m The Problem
golf,Golf Cart Bangers ⛳️⛳️⛳️,https://open.spotify.com/playlist/78YvwnuHS1aD0SzaWoeac4,Smile,Morgan Wallen,I’m The Problem
golf,Golf Cart Bangers ⛳️⛳️⛳️,https://open.spotify.com/playlist/78YvwnuHS1aD0SzaWoeac4,Working Man's Song,Morgan Wallen,I’m The Problem
golf,Golf Cart Bangers ⛳️⛳️⛳️,https://open.spotify.com/playlist/78YvwnuHS1aD0SzaWoeac4,Whiskey In Reverse,Morgan Wallen,I’m The Problem
golf,Golf Cart Bangers ⛳️⛳️⛳️,https://open.spotify.com/playlist/78YvwnuHS1aD0SzaWoeac4,Crazy Eyes,Morgan Wallen,I’m The Problem
golf,Golf Cart Bangers ⛳️⛳️⛳️,https://open.spotify.com/playlist/78YvwnuHS1aD0SzaWoeac4,LA Night,Morgan Wallen,I’m The Problem
golf,Golf Cart Bangers ⛳️⛳️⛳️,https://open.spotify.com/playlist/78YvwnuHS1aD0SzaWoeac4,Miami,Morgan Wallen,I’m The Problem
golf,Golf Cart Bangers ⛳️⛳️⛳️,https://open.spotify.com/playlist/78YvwnuHS1aD0SzaWoeac4,Lies Lies Lies,Morgan Wallen,I’m The Problem
golf,Golf Cart Bangers ⛳️⛳️⛳️,https://open.spotify.com/playlist/78YvwnuHS1aD0SzaWoeac4,I'm A Little Crazy,Morgan Wallen,I’m The Problem
golf,Golf Cart Bangers ⛳️⛳️⛳️,https://open.spotify.com/playlist/78YvwnuHS1aD0SzaWoeac4,Hometown Home,LOCASH,Bet The Farm
golf,Golf Cart Bangers ⛳️⛳️⛳️,https://open.spotify.com/playlist/78YvwnuHS1aD0SzaWoeac4,Texas,Blake Shelton,Texas
golf,Golf Cart Bangers ⛳️⛳️⛳️,https://open.spotify.com/playlist/78YvwnuHS1aD0SzaWoeac4,Sounds Like the Radio,Zach Top,Cold Beer & Country Music
golf,Golf Cart Bangers ⛳️⛳️⛳️,https://open.spotify.com/playlist/78YvwnuHS1aD0SzaWoeac4,Ain’t In Kansas Anymore,Miranda Lambert,Twisters: The Album
golf,Golf Cart Bangers ⛳️⛳️⛳️,https://open.spotify.com/playlist/78YvwnuHS1aD0SzaWoeac4,South On Ya,Luke Combs,South On Ya
golf,Golf Cart Bangers ⛳️⛳️⛳️,https://open.spotify.com/playlist/78YvwnuHS1aD0SzaWoeac4,Pour Me A Drink (Feat. Blake Shelton),"Post Malone, Blake Shelton",Pour Me A Drink
golf,Golf Cart Bangers ⛳️⛳️⛳️,https://open.spotify.com/playlist/78YvwnuHS1aD0SzaWoeac4,Don’t Mind If I Do (ft. Ella Langley),"Riley Green, Ella Langley",Don’t Mind If I Do (ft. Ella Langley)
golf,Golf Cart Bangers ⛳️⛳️⛳️,https://open.spotify.com/playlist/78YvwnuHS1aD0SzaWoeac4,You Had To Be There (feat. Kenny Chesney),"Megan Moroney, Kenny Chesney",You Had To Be There (feat. Kenny Chesney)
golf,Golf Cart Bangers ⛳️⛳️⛳️,https://open.spotify.com/playlist/78YvwnuHS1aD0SzaWoeac4,Hands Of Time,Eric Church,Hands Of Time
golf,Golf Cart Bangers ⛳️⛳️⛳️,https://open.spotify.com/playlist/78YvwnuHS1aD0SzaWoeac4,You're All I've Got Tonight,The Cars,The Cars
golf,Golf Cart Bangers ⛳️⛳️⛳️,https://open.spotify.com/playlist/78YvwnuHS1aD0SzaWoeac4,Who's Your Daddy?,Toby Keith,Toby Keith 35 Biggest Hits
golf,Golf Cart Bangers ⛳️⛳️⛳️,https://open.spotify.com/playlist/78YvwnuHS1aD0SzaWoeac4,She Hates Me,Dierks Bentley,She Hates Me
golf,Golf Cart Bangers ⛳️⛳️⛳️,https://open.spotify.com/playlist/78YvwnuHS1aD0SzaWoeac4,I Ain't Worried About It,Zac Brown Band,I Ain't Worried About It
golf,Golf Cart Bangers ⛳️⛳️⛳️,https://open.spotify.com/playlist/78YvwnuHS1aD0SzaWoeac4,Somewhere Over Laredo,Lainey Wilson,Somewhere Over Laredo
golf,Golf Cart Bangers ⛳️⛳️⛳️,https://open.spotify.com/playlist/78YvwnuHS1aD0SzaWoeac4,Backup Plan (feat. Luke Combs),"Bailey Zimmerman, Luke Combs",Backup Plan (feat. Luke Combs)
golf,Golf Cart Bangers ⛳️⛳️⛳️,https://open.spotify.com/playlist/78YvwnuHS1aD0SzaWoeac4,Love Is A Long Road,Tom Petty,Full Moon Fever
golf,Golf Cart Bangers ⛳️⛳️⛳️,https://open.spotify.com/playlist/78YvwnuHS1aD0SzaWoeac4,Hicktown,Jason Aldean,Jason Aldean
golf,Golf Cart Bangers ⛳️⛳️⛳️,https://open.spotify.com/playlist/78YvwnuHS1aD0SzaWoeac4,All Over The Road,Easton Corbin,All Over The Road
golf,Golf Cart Bangers ⛳️⛳️⛳️,https://open.spotify.com/playlist/78YvwnuHS1aD0SzaWoeac4,No One Else On Earth,Wynonna,Collection
golf,Golf Cart Bangers ⛳️⛳️⛳️,https://open.spotify.com/playlist/78YvwnuHS1aD0SzaWoeac4,Hell Right (feat. Trace Adkins),"Blake Shelton, Trace Adkins",Fully Loaded: God's Country
golf,Golf Cart Bangers ⛳️⛳️⛳️,https://open.spotify.com/playlist/78YvwnuHS1aD0SzaWoeac4,Love Done Gone,Billy Currington,Enjoy Yourself
golf,Golf Cart Bangers ⛳️⛳️⛳️,https://open.spotify.com/playlist/78YvwnuHS1aD0SzaWoeac4,Use Somebody,Kings of Leon,Only By The Night
golf,Golf Cart Bangers ⛳️⛳️⛳️,https://open.spotify.com/playlist/78YvwnuHS1aD0SzaWoeac4,Sheriff You Want To,Luke Combs,Can I Get an Outlaw
golf,Golf Cart Bangers ⛳️⛳️⛳️,https://open.spotify.com/playlist/78YvwnuHS1aD0SzaWoeac4,weren't for the wind,Ella Langley,weren't for the wind
golf,Golf Cart Bangers ⛳️⛳️⛳️,https://open.spotify.com/playlist/78YvwnuHS1aD0SzaWoeac4,Back in the Saddle,Luke Combs,Back in the Saddle
golf,Golf Cart Bangers ⛳️⛳️⛳️,https://open.spotify.com/playlist/78YvwnuHS1aD0SzaWoeac4,"I Don't Want to Miss a Thing - From ""Armageddon"" Soundtrack",Aerosmith,Armageddon - The Album
golf,Golf Course Vibes 2025,https://open.spotify.com/playlist/4TYTL1P0Eoka3wqx7VhG8D,Broken Halos,Chris Stapleton,From A Room: Volume 1
golf,Golf Course Vibes 2025,https://open.spotify.com/playlist/4TYTL1P0Eoka3wqx7VhG8D,What I Got,Sublime,Sublime
golf,Golf Course Vibes 2025,https://open.spotify.com/playlist/4TYTL1P0Eoka3wqx7VhG8D,Jack & Diane,John Mellencamp,American Fool
golf,Golf Course Vibes 2025,https://open.spotify.com/playlist/4TYTL1P0Eoka3wqx7VhG8D,Spirit In The Sky,Norman Greenbaum,Spirit In The Sky
golf,Golf Course Vibes 2025,https://open.spotify.com/playlist/4TYTL1P0Eoka3wqx7VhG8D,Free Fallin',Tom Petty,Full Moon Fever
golf,Golf Course Vibes 2025,https://open.spotify.com/playlist/4TYTL1P0Eoka3wqx7VhG8D,Rich Girl,Daryl Hall & John Oates,Bigger Than Both Of Us
golf,Golf Course Vibes 2025,https://open.spotify.com/playlist/4TYTL1P0Eoka3wqx7VhG8D,Brown Eyed Girl,Van Morrison,Blowin' Your Mind!
golf,Golf Course Vibes 2025,https://open.spotify.com/playlist/4TYTL1P0Eoka3wqx7VhG8D,American Girl,Tom Petty and the Heartbreakers,Tom Petty & The Heartbreakers
golf,Golf Course Vibes 2025,https://open.spotify.com/playlist/4TYTL1P0Eoka3wqx7VhG8D,Take It Easy - 2013 Remaster,Eagles,Eagles (2013 Remaster)
golf,Golf Course Vibes 2025,https://open.spotify.com/playlist/4TYTL1P0Eoka3wqx7VhG8D,Fat Bottomed Girls - Remastered 2011,Queen,Jazz (Deluxe Remastered Version)
golf,Golf Course Vibes 2025,https://open.spotify.com/playlist/4TYTL1P0Eoka3wqx7VhG8D,Jessie's Girl,Rick Springfield,Working Class Dog
golf,Golf Course Vibes 2025,https://open.spotify.com/playlist/4TYTL1P0Eoka3wqx7VhG8D,Carry on Wayward Son,Kansas,Leftoverture (Expanded Edition)
golf,Golf Course Vibes 2025,https://open.spotify.com/playlist/4TYTL1P0Eoka3wqx7VhG8D,All Right Now,Free,Fire And Water
golf,Golf Course Vibes 2025,https://open.spotify.com/playlist/4TYTL1P0Eoka3wqx7VhG8D,Tiny Dancer,Elton John,Madman Across The Water
golf,Golf Course Vibes 2025,https://open.spotify.com/playlist/4TYTL1P0Eoka3wqx7VhG8D,You Make My Dreams (Come True),Daryl Hall & John Oates,Voices
golf,Golf Course Vibes 2025,https://open.spotify.com/playlist/4TYTL1P0Eoka3wqx7VhG8D,Your Love,The Outfield,Play Deep
golf,Golf Course Vibes 2025,https://open.spotify.com/playlist/4TYTL1P0Eoka3wqx7VhG8D,Centerfold,The J. Geils Band,Freeze Frame
golf,Golf Course Vibes 2025,https://open.spotify.com/playlist/4TYTL1P0Eoka3wqx7VhG8D,The Stroke - Remastered 2010,Billy Squier,Don't Say No (Remastered 2010)
golf,Golf Course Vibes 2025,https://open.spotify.com/playlist/4TYTL1P0Eoka3wqx7VhG8D,Just What I Needed,The Cars,The Cars
golf,Golf Course Vibes 2025,https://open.spotify.com/playlist/4TYTL1P0Eoka3wqx7VhG8D,Takin' Care Of Business,Bachman-Turner Overdrive,Bachman-Turner Overdrive II
golf,Golf Course Vibes 2025,https://open.spotify.com/playlist/4TYTL1P0Eoka3wqx7VhG8D,Take It On the Run,REO Speedwagon,Hi Infidelity (30th Anniversary Edition)
golf,Golf Course Vibes 2025,https://open.spotify.com/playlist/4TYTL1P0Eoka3wqx7VhG8D,You Shook Me All Night Long,AC/DC,Back In Black
golf,Golf Course Vibes 2025,https://open.spotify.com/playlist/4TYTL1P0Eoka3wqx7VhG8D,Panama - 2015 Remaster,Van Halen,1984 (Remastered)
golf,Golf Course Vibes 2025,https://open.spotify.com/playlist/4TYTL1P0Eoka3wqx7VhG8D,The Boys Of Summer,Don Henley,Building The Perfect Beast
golf,Golf Course Vibes 2025,https://open.spotify.com/playlist/4TYTL1P0Eoka3wqx7VhG8D,Slow Ride - Edit,Foghat,Slow Ride / Save Your Loving (For Me)
golf,Golf Course Vibes 2025,https://open.spotify.com/playlist/4TYTL1P0Eoka3wqx7VhG8D,Blinded By The Light - Single edit,Manfred Mann's Earth Band,The Roaring Silence
golf,Golf Course Vibes 2025,https://open.spotify.com/playlist/4TYTL1P0Eoka3wqx7VhG8D,Nothin' But A Good Time - Remastered 2006,Poison,Open Up And Say...Ahh! (20th Anniversary Edition)
golf,Golf Course Vibes 2025,https://open.spotify.com/playlist/4TYTL1P0Eoka3wqx7VhG8D,La Grange - 2005 Remaster,ZZ Top,Tres Hombres (Expanded 2006 Remaster)
golf,Golf Course Vibes 2025,https://open.spotify.com/playlist/4TYTL1P0Eoka3wqx7VhG8D,Hold the Line,TOTO,Toto
golf,Golf Course Vibes 2025,https://open.spotify.com/playlist/4TYTL1P0Eoka3wqx7VhG8D,Back In Black,AC/DC,Back In Black
golf,Golf Course Vibes 2025,https://open.spotify.com/playlist/4TYTL1P0Eoka3wqx7VhG8D,Barracuda,Heart,Little Queen
golf,Golf Course Vibes 2025,https://open.spotify.com/playlist/4TYTL1P0Eoka3wqx7VhG8D,Highway to Hell,AC/DC,Highway to Hell
golf,Golf Course Vibes 2025,https://open.spotify.com/playlist/4TYTL1P0Eoka3wqx7VhG8D,Africa,TOTO,Toto IV
golf,Golf Course Vibes 2025,https://open.spotify.com/playlist/4TYTL1P0Eoka3wqx7VhG8D,Stuck In The Middle With You,Stealers Wheel,Stealers Wheel
golf,Golf Course Vibes 2025,https://open.spotify.com/playlist/4TYTL1P0Eoka3wqx7VhG8D,Congratulations,"Post Malone, Quavo",Stoney (Deluxe)
golf,Golf Course Vibes 2025,https://open.spotify.com/playlist/4TYTL1P0Eoka3wqx7VhG8D,God's Plan,Drake,Scorpion
golf,Golf Course Vibes 2025,https://open.spotify.com/playlist/4TYTL1P0Eoka3wqx7VhG8D,Soundtrack 2 My Life,Kid Cudi,Man On The Moon: The End Of Day
golf,Golf Course Vibes 2025,https://open.spotify.com/playlist/4TYTL1P0Eoka3wqx7VhG8D,Know No Better,"Major Lazer, Travis Scott, Camila Cabello, Quavo",Know No Better (Remixes)
golf,Golf Course Vibes 2025,https://open.spotify.com/playlist/4TYTL1P0Eoka3wqx7VhG8D,Erase Me - Main,"Kid Cudi, Kanye West",Man On The Moon II: The Legend Of Mr. Rager
golf,Golf Course Vibes 2025,https://open.spotify.com/playlist/4TYTL1P0Eoka3wqx7VhG8D,September,"Earth, Wind & Fire",The Eternal Dance
golf,Golf Course Vibes 2025,https://open.spotify.com/playlist/4TYTL1P0Eoka3wqx7VhG8D,Take The Money And Run,Steve Miller Band,Greatest Hits 1974-78
golf,Golf Course Vibes 2025,https://open.spotify.com/playlist/4TYTL1P0Eoka3wqx7VhG8D,Born in the U.S.A.,Bruce Springsteen,Born In The U.S.A.
golf,Golf Course Vibes 2025,https://open.spotify.com/playlist/4TYTL1P0Eoka3wqx7VhG8D,Santeria,Sublime,Sublime (Explicit Version)
golf,Golf Course Vibes 2025,https://open.spotify.com/playlist/4TYTL1P0Eoka3wqx7VhG8D,"Take Me Home, Country Roads - Original Version",John Denver,"Poems, Prayers and Promises"
golf,Golf Course Vibes 2025,https://open.spotify.com/playlist/4TYTL1P0Eoka3wqx7VhG8D,Pink Houses,John Mellencamp,Uh-HUH!
golf,Golf Course Vibes 2025,https://open.spotify.com/playlist/4TYTL1P0Eoka3wqx7VhG8D,Can't You See,The Marshall Tucker Band,Keeping The Love Alive
golf,Golf Course Vibes 2025,https://open.spotify.com/playlist/4TYTL1P0Eoka3wqx7VhG8D,I Won't Back Down,Tom Petty,Full Moon Fever
golf,Golf Course Vibes 2025,https://open.spotify.com/playlist/4TYTL1P0Eoka3wqx7VhG8D,Hurts So Good,John Mellencamp,American Fool
golf,Golf Course Vibes 2025,https://open.spotify.com/playlist/4TYTL1P0Eoka3wqx7VhG8D,Crash and Burn,Thomas Rhett,Tangled Up
golf,Golf Course Vibes 2025,https://open.spotify.com/playlist/4TYTL1P0Eoka3wqx7VhG8D,The Joker,Steve Miller Band,The Joker
golf,Golf Course Vibes 2025,https://open.spotify.com/playlist/4TYTL1P0Eoka3wqx7VhG8D,Summertime,Kenny Chesney,The Road And The Radio
golf,Golf Course Vibes 2025,https://open.spotify.com/playlist/4TYTL1P0Eoka3wqx7VhG8D,Jump Right In,Zac Brown Band,Uncaged
golf,Golf Course Vibes 2025,https://open.spotify.com/playlist/4TYTL1P0Eoka3wqx7VhG8D,The Boys Are Back In Town,Thin Lizzy,Jailbreak (Deluxe Edition)
golf,Golf Course Vibes 2025,https://open.spotify.com/playlist/4TYTL1P0Eoka3wqx7VhG8D,Small Town,John Mellencamp,Scarecrow
golf,Golf Course Vibes 2025,https://open.spotify.com/playlist/4TYTL1P0Eoka3wqx7VhG8D,Jackie Chan,"Tiësto, Dzeko, Preme, Post Malone",Jackie Chan
golf,Golf Course Vibes 2025,https://open.spotify.com/playlist/4TYTL1P0Eoka3wqx7VhG8D,Closer,"The Chainsmokers, Halsey",Closer
golf,Golf Course Vibes 2025,https://open.spotify.com/playlist/4TYTL1P0Eoka3wqx7VhG8D,Rollin (feat. Future & Khalid),"Calvin Harris, Future, Khalid, Funk Wav",Funk Wav Bounces Vol.1
golf,Golf Course Vibes 2025,https://open.spotify.com/playlist/4TYTL1P0Eoka3wqx7VhG8D,Something Just Like This,"The Chainsmokers, Coldplay",Memories...Do Not Open
golf,Golf Course Vibes 2025,https://open.spotify.com/playlist/4TYTL1P0Eoka3wqx7VhG8D,Safe And Sound,Capital Cities,In A Tidal Wave Of Mystery (Deluxe Edition)
golf,Golf Course Vibes 2025,https://open.spotify.com/playlist/4TYTL1P0Eoka3wqx7VhG8D,I'm the One,"DJ Khaled, Justin Bieber, Quavo, Chance the Rapper, Lil Wayne",I'm the One
golf,Golf Course Vibes 2025,https://open.spotify.com/playlist/4TYTL1P0Eoka3wqx7VhG8D,Everybody Wants To Rule The World,Tears For Fears,Songs From The Big Chair (Super Deluxe Edition)
golf,Golf Course Vibes 2025,https://open.spotify.com/playlist/4TYTL1P0Eoka3wqx7VhG8D,Stars in the City (feat. Little Big Town),"Old Dominion, Little Big Town",Happy Endings
golf,Golf Course Vibes 2025,https://open.spotify.com/playlist/4TYTL1P0Eoka3wqx7VhG8D,Nowhere Fast,Old Dominion,Meat and Candy
golf,Golf Course Vibes 2025,https://open.spotify.com/playlist/4TYTL1P0Eoka3wqx7VhG8D,Everything's Gonna Be Alright,"David Lee Murphy, Kenny Chesney",Everything's Gonna Be Alright
golf,Golf Course Vibes 2025,https://open.spotify.com/playlist/4TYTL1P0Eoka3wqx7VhG8D,Springsteen,Eric Church,Chief
golf,Golf Course Vibes 2025,https://open.spotify.com/playlist/4TYTL1P0Eoka3wqx7VhG8D,Knee Deep (feat. Jimmy Buffett),"Zac Brown Band, Jimmy Buffett",You Get What You Give (Deluxe)
golf,Golf Course Vibes 2025,https://open.spotify.com/playlist/4TYTL1P0Eoka3wqx7VhG8D,Singles You Up,Jordan Davis,Home State
golf,Golf Course Vibes 2025,https://open.spotify.com/playlist/4TYTL1P0Eoka3wqx7VhG8D,Backroad Song,Granger Smith,Remington
golf,Golf Course Vibes 2025,https://open.spotify.com/playlist/4TYTL1P0Eoka3wqx7VhG8D,Homegrown,Zac Brown Band,JEKYLL + HYDE
golf,Golf Course Vibes 2025,https://open.spotify.com/playlist/4TYTL1P0Eoka3wqx7VhG8D,Loud and Heavy,Cody Jinks,Adobe Sessions
golf,Golf Course Vibes 2025,https://open.spotify.com/playlist/4TYTL1P0Eoka3wqx7VhG8D,More Than My Hometown,Morgan Wallen,More Than My Hometown
golf,Golf Course Vibes 2025,https://open.spotify.com/playlist/4TYTL1P0Eoka3wqx7VhG8D,Keeping It Small Town,Jason Aldean,9
golf,Golf Course Vibes 2025,https://open.spotify.com/playlist/4TYTL1P0Eoka3wqx7VhG8D,Chasin' You,Morgan Wallen,If I Know Me
golf,Golf Course Vibes 2025,https://open.spotify.com/playlist/4TYTL1P0Eoka3wqx7VhG8D,Electric Love,BØRNS,Candy
golf,Golf Course Vibes 2025,https://open.spotify.com/playlist/4TYTL1P0Eoka3wqx7VhG8D,Midnight City,M83,"Hurry up, We're Dreaming"
golf,Golf Course Vibes 2025,https://open.spotify.com/playlist/4TYTL1P0Eoka3wqx7VhG8D,Lean On (feat. MØ & DJ Snake),"Major Lazer, MØ, DJ Snake",Peace Is The Mission
golf,Golf Course Vibes 2025,https://open.spotify.com/playlist/4TYTL1P0Eoka3wqx7VhG8D,My Way,Calvin Harris,My Way
golf,Golf Course Vibes 2025,https://open.spotify.com/playlist/4TYTL1P0Eoka3wqx7VhG8D,Call On Me - Ryan Riback Extended Remix,"Starley, Ryan Riback",Call On Me (Remixes)
golf,Golf Course Vibes 2025,https://open.spotify.com/playlist/4TYTL1P0Eoka3wqx7VhG8D,Viva La Vida,Coldplay,Viva La Vida or Death and All His Friends
golf,Golf Course Vibes 2025,https://open.spotify.com/playlist/4TYTL1P0Eoka3wqx7VhG8D,Passionfruit,Drake,More Life
golf,Golf Course Vibes 2025,https://open.spotify.com/playlist/4TYTL1P0Eoka3wqx7VhG8D,Once In a While,Timeflies,Once In a While
golf,Golf Course Vibes 2025,https://open.spotify.com/playlist/4TYTL1P0Eoka3wqx7VhG8D,Good Life,"Kanye West, T-Pain",Graduation
golf,Golf Course Vibes 2025,https://open.spotify.com/playlist/4TYTL1P0Eoka3wqx7VhG8D,Power Trip (feat. Miguel),"J. Cole, Miguel",Born Sinner
golf,Golf Course Vibes 2025,https://open.spotify.com/playlist/4TYTL1P0Eoka3wqx7VhG8D,Havana (feat. Young Thug),"Camila Cabello, Young Thug",Havana (feat. Young Thug)
golf,Golf Course Vibes 2025,https://open.spotify.com/playlist/4TYTL1P0Eoka3wqx7VhG8D,Money Made Me Do It,"Post Malone, 2 Chainz",Stoney (Deluxe)
golf,Golf Course Vibes 2025,https://open.spotify.com/playlist/4TYTL1P0Eoka3wqx7VhG8D,Shotgun,George Ezra,Staying at Tamara's
golf,Golf Course Vibes 2025,https://open.spotify.com/playlist/4TYTL1P0Eoka3wqx7VhG8D,3 Nights,Dominic Fike,"Don't Forget About Me, Demos"
golf,Golf Course Vibes 2025,https://open.spotify.com/playlist/4TYTL1P0Eoka3wqx7VhG8D,Talk (feat. Disclosure),"Khalid, Disclosure",Free Spirit
golf,Golf Course Vibes 2025,https://open.spotify.com/playlist/4TYTL1P0Eoka3wqx7VhG8D,Who Do You Love,"The Chainsmokers, 5 Seconds of Summer",World War Joy
golf,Golf Course Vibes 2025,https://open.spotify.com/playlist/4TYTL1P0Eoka3wqx7VhG8D,Summer Days (feat. Macklemore & Patrick Stump of Fall Out Boy),"Martin Garrix, Macklemore, Fall Out Boy",Summer Days (feat. Macklemore & Patrick Stump of Fall Out Boy)
golf,Golf Course Vibes 2025,https://open.spotify.com/playlist/4TYTL1P0Eoka3wqx7VhG8D,Fishin' in the Dark,Nitty Gritty Dirt Band,Rhino Hi-Five: Nitty Gritty Dirt Band
golf,Golf Course Vibes 2025,https://open.spotify.com/playlist/4TYTL1P0Eoka3wqx7VhG8D,Mountain Music,Alabama,Ultimate Alabama 20 # 1 Hits
golf,Golf Course Vibes 2025,https://open.spotify.com/playlist/4TYTL1P0Eoka3wqx7VhG8D,Go Your Own Way,Fleetwood Mac,Forrest Gump - The Soundtrack
golf,Golf Course Vibes 2025,https://open.spotify.com/playlist/4TYTL1P0Eoka3wqx7VhG8D,Ain't No Mountain High Enough - Stereo Version,"Marvin Gaye, Tammi Terrell",Marvin Gaye '50' (International Version)
golf,Golf Course Vibes 2025,https://open.spotify.com/playlist/4TYTL1P0Eoka3wqx7VhG8D,Dancing In the Moonlight,King Harvest,Dancing in the Moonlight
golf,Golf Course Vibes 2025,https://open.spotify.com/playlist/4TYTL1P0Eoka3wqx7VhG8D,Closing Time,Semisonic,20th Century Masters: The Millennium Collection: Best Of Semisonic
golf,Golf Course Vibes 2025,https://open.spotify.com/playlist/4TYTL1P0Eoka3wqx7VhG8D,Body Like A Back Road,Sam Hunt,Body Like A Back Road
golf,Golf Course Vibes 2025,https://open.spotify.com/playlist/4TYTL1P0Eoka3wqx7VhG8D,Over My Head (Cable Car),The Fray,Over My Head (Cable Car)
golf,Golf Course Vibes 2025,https://open.spotify.com/playlist/4TYTL1P0Eoka3wqx7VhG8D,Pompeii,Bastille,Bad Blood
golf,Golf Course Vibes 2025,https://open.spotify.com/playlist/4TYTL1P0Eoka3wqx7VhG8D,Best Day Of My Life,American Authors,"Oh, What A Life"
golf,Golf Course Vibes 2025,https://open.spotify.com/playlist/4TYTL1P0Eoka3wqx7VhG8D,"Hey, Soul Sister",Train,"Save Me, San Francisco (Golden Gate Edition)"
golf,Golf Course Vibes 2025,https://open.spotify.com/playlist/4TYTL1P0Eoka3wqx7VhG8D,Summer Of '69,Bryan Adams,Reckless (30th Anniversary / Deluxe Edition)
golf,Golf Course Vibes 2025,https://open.spotify.com/playlist/4TYTL1P0Eoka3wqx7VhG8D,Livin' On A Prayer,Bon Jovi,Slippery When Wet
golf,Golf Course Vibes 2025,https://open.spotify.com/playlist/4TYTL1P0Eoka3wqx7VhG8D,FourFiveSeconds,"Rihanna, Kanye West, Paul McCartney",FourFiveSeconds
golf,Golf Course Vibes 2025,https://open.spotify.com/playlist/4TYTL1P0Eoka3wqx7VhG8D,Don't Stop Me Now - Remastered 2011,Queen,Jazz (2011 Remaster)
golf,Golf Course Vibes 2025,https://open.spotify.com/playlist/4TYTL1P0Eoka3wqx7VhG8D,Love The Way You Lie,"Eminem, Rihanna",Recovery
golf,Golf Course Vibes 2025,https://open.spotify.com/playlist/4TYTL1P0Eoka3wqx7VhG8D,Mr. Brightside,The Killers,Hot Fuss
golf,Golf Course Vibes 2025,https://open.spotify.com/playlist/4TYTL1P0Eoka3wqx7VhG8D,It's Tricky,Run–D.M.C.,The Essential Run-DMC
golf,Golf Course Vibes 2025,https://open.spotify.com/playlist/4TYTL1P0Eoka3wqx7VhG8D,Don't Stop Believin',Journey,The Essential Journey
golf,Golf Course Vibes 2025,https://open.spotify.com/playlist/4TYTL1P0Eoka3wqx7VhG8D,Burn The House Down,AJR,The Click (Deluxe Edition)
golf,Golf Course Vibes 2025,https://open.spotify.com/playlist/4TYTL1P0Eoka3wqx7VhG8D,This Is It,Scotty McCreery,Seasons Change
golf,Golf Course Vibes 2025,https://open.spotify.com/playlist/4TYTL1P0Eoka3wqx7VhG8D,Sunday Best,Surfaces,Where the Light Is
golf,Golf Course Vibes 2025,https://open.spotify.com/playlist/4TYTL1P0Eoka3wqx7VhG8D,Good Time,Ocean Park Standoff,Good Time
golf,Golf Course Vibes 2025,https://open.spotify.com/playlist/4TYTL1P0Eoka3wqx7VhG8D,Guilty Pleasure,Bryce Vine,Lazy Fair
golf,Golf Course Vibes 2025,https://open.spotify.com/playlist/4TYTL1P0Eoka3wqx7VhG8D,Vacation,Dirty Heads,SWIM TEAM
golf,Golf Course Vibes 2025,https://open.spotify.com/playlist/4TYTL1P0Eoka3wqx7VhG8D,Saturday Sun,Vance Joy,Nation of Two
golf,Golf Course Vibes 2025,https://open.spotify.com/playlist/4TYTL1P0Eoka3wqx7VhG8D,Heaven Falls / Fall on Me,Surfaces,Heaven Falls / Fall on Me
golf,Golf Course Vibes 2025,https://open.spotify.com/playlist/4TYTL1P0Eoka3wqx7VhG8D,Some Nights,fun.,Some Nights
golf,Golf Course Vibes 2025,https://open.spotify.com/playlist/4TYTL1P0Eoka3wqx7VhG8D,The Nights,Avicii,The Days / Nights
golf,Golf Course Vibes 2025,https://open.spotify.com/playlist/4TYTL1P0Eoka3wqx7VhG8D,Out of My League,Fitz and The Tantrums,More Than Just a Dream (Deluxe Edition)
golf,Golf Course Vibes 2025,https://open.spotify.com/playlist/4TYTL1P0Eoka3wqx7VhG8D,Daylight,Matt and Kim,Grand
golf,Golf Course Vibes 2025,https://open.spotify.com/playlist/4TYTL1P0Eoka3wqx7VhG8D,Blue World,Mac Miller,Circles
golf,Golf Course Vibes 2025,https://open.spotify.com/playlist/4TYTL1P0Eoka3wqx7VhG8D,All Night,Big Boi,BOOMIVERSE
golf,Golf Course Vibes 2025,https://open.spotify.com/playlist/4TYTL1P0Eoka3wqx7VhG8D,Keep Your Head Up,Andy Grammer,Andy Grammer
golf,Golf Course Vibes 2025,https://open.spotify.com/playlist/4TYTL1P0Eoka3wqx7VhG8D,The Man,Aloe Blacc,Lift Your Spirit
golf,Golf Course Vibes 2025,https://open.spotify.com/playlist/4TYTL1P0Eoka3wqx7VhG8D,So Good,B.o.B,Strange Clouds
golf,Golf Course Vibes 2025,https://open.spotify.com/playlist/4TYTL1P0Eoka3wqx7VhG8D,Ooh Ahh (My Life Be Like) (feat. Toby Mac),"Grits, TobyMac",The Art of Translation
golf,Golf Course Vibes 2025,https://open.spotify.com/playlist/4TYTL1P0Eoka3wqx7VhG8D,I Want It That Way,Backstreet Boys,The Hits--Chapter One
golf,Golf Course Vibes 2025,https://open.spotify.com/playlist/4TYTL1P0Eoka3wqx7VhG8D,Chicken Fried,Zac Brown Band,The Foundation
golf,Golf Course Vibes 2025,https://open.spotify.com/playlist/4TYTL1P0Eoka3wqx7VhG8D,Midnight Rider,Allman Brothers Band,Idlewild South
golf,Golf Course Vibes 2025,https://open.spotify.com/playlist/4TYTL1P0Eoka3wqx7VhG8D,Little Rain,Morgan Wallen,If I Know Me
golf,Golf Course Vibes 2025,https://open.spotify.com/playlist/4TYTL1P0Eoka3wqx7VhG8D,"John Cougar, John Deere, John 3:16",Keith Urban,Ripcord
golf,Golf Course Vibes 2025,https://open.spotify.com/playlist/4TYTL1P0Eoka3wqx7VhG8D,Here And Now,Kenny Chesney,Here And Now
golf,Golf Course Vibes 2025,https://open.spotify.com/playlist/4TYTL1P0Eoka3wqx7VhG8D,Coffee,"Quinn XCII, Marc E. Bassy",Coffee
golf,Golf Course Vibes 2025,https://open.spotify.com/playlist/4TYTL1P0Eoka3wqx7VhG8D,It's Five O'Clock Somewhere,"Alan Jackson, Jimmy Buffett",Playlist: The Very Best Of Alan Jackson
golf,Golf Course Vibes 2025,https://open.spotify.com/playlist/4TYTL1P0Eoka3wqx7VhG8D,Dust On The Bottle,David Lee Murphy,Out With A Bang
golf,Golf Course Vibes 2025,https://open.spotify.com/playlist/4TYTL1P0Eoka3wqx7VhG8D,This Is How We Roll,"Florida Georgia Line, Luke Bryan",Here's To The Good Times...This Is How We Roll
golf,Golf Course Vibes 2025,https://open.spotify.com/playlist/4TYTL1P0Eoka3wqx7VhG8D,Drift Away,Uncle Kracker,No Stranger to Shame
golf,Golf Course Vibes 2025,https://open.spotify.com/playlist/4TYTL1P0Eoka3wqx7VhG8D,Ophelia,The Lumineers,Cleopatra
golf,Golf Course Vibes 2025,https://open.spotify.com/playlist/4TYTL1P0Eoka3wqx7VhG8D,Summer Nights,Rascal Flatts,Unstoppable
golf,Golf Course Vibes 2025,https://open.spotify.com/playlist/4TYTL1P0Eoka3wqx7VhG8D,Castaway,Zac Brown Band,JEKYLL + HYDE
golf,Golf Course Vibes 2025,https://open.spotify.com/playlist/4TYTL1P0Eoka3wqx7VhG8D,All Summer Long,Kid Rock,Rock n Roll Jesus
golf,Golf Course Vibes 2025,https://open.spotify.com/playlist/4TYTL1P0Eoka3wqx7VhG8D,Old Time Rock & Roll,Bob Seger,Stranger In Town
golf,Golf Course Vibes 2025,https://open.spotify.com/playlist/4TYTL1P0Eoka3wqx7VhG8D,Tennessee Whiskey,Chris Stapleton,Traveller
golf,Golf Course Vibes 2025,https://open.spotify.com/playlist/4TYTL1P0Eoka3wqx7VhG8D,Dangerous,Morgan Wallen,Dangerous: The Double Album (Bonus)
golf,Golf Course Vibes 2025,https://open.spotify.com/playlist/4TYTL1P0Eoka3wqx7VhG8D,Still Goin Down,Morgan Wallen,Dangerous: The Double Album
golf,Golf Course Vibes 2025,https://open.spotify.com/playlist/4TYTL1P0Eoka3wqx7VhG8D,Fine By Me,Andy Grammer,Andy Grammer
golf,Golf Course Vibes 2025,https://open.spotify.com/playlist/4TYTL1P0Eoka3wqx7VhG8D,She Sets The City On Fire,Gavin DeGraw,Something Worth Saving
golf,Golf Course Vibes 2025,https://open.spotify.com/playlist/4TYTL1P0Eoka3wqx7VhG8D,What’s Your Country Song,Thomas Rhett,Country Again (Side A)
golf,Golf Course Vibes 2025,https://open.spotify.com/playlist/4TYTL1P0Eoka3wqx7VhG8D,Simple,Florida Georgia Line,Can't Say I Ain't Country
golf,Golf Course Vibes 2025,https://open.spotify.com/playlist/4TYTL1P0Eoka3wqx7VhG8D,Do You Believe In Love,Huey Lewis & The News,Picture This
golf,Golf Course Vibes 2025,https://open.spotify.com/playlist/4TYTL1P0Eoka3wqx7VhG8D,Brand New,Ben Rector,Brand New
golf,Golf Course Vibes 2025,https://open.spotify.com/playlist/4TYTL1P0Eoka3wqx7VhG8D,Here For A Good Time,George Strait,Here For A Good Time
golf,Golf Course Vibes 2025,https://open.spotify.com/playlist/4TYTL1P0Eoka3wqx7VhG8D,Young,Kenny Chesney,"No Shoes, No Shirt, No Problems"
golf,Golf Course Vibes 2025,https://open.spotify.com/playlist/4TYTL1P0Eoka3wqx7VhG8D,Good Directions,Billy Currington,Doin' Somethin' Right
golf,Golf Course Vibes 2025,https://open.spotify.com/playlist/4TYTL1P0Eoka3wqx7VhG8D,Be Like That - feat. Swae Lee & Khalid,"Kane Brown, Swae Lee, Khalid",Be Like That (feat. Swae Lee & Khalid)
golf,Golf Course Vibes 2025,https://open.spotify.com/playlist/4TYTL1P0Eoka3wqx7VhG8D,I'm Gonna Miss Her,Brad Paisley,Part II
golf,Golf Course Vibes 2025,https://open.spotify.com/playlist/4TYTL1P0Eoka3wqx7VhG8D,Smoke Clears,Andy Grammer,The Good Parts
golf,Golf Course Vibes 2025,https://open.spotify.com/playlist/4TYTL1P0Eoka3wqx7VhG8D,Am I Wrong,Nico & Vinz,Black Star Elephant
golf,Golf Course Vibes 2025,https://open.spotify.com/playlist/4TYTL1P0Eoka3wqx7VhG8D,Grew Up On That,High Valley,Grew Up On That
golf,Golf Course Vibes 2025,https://open.spotify.com/playlist/4TYTL1P0Eoka3wqx7VhG8D,I Like The Sound Of That,Rascal Flatts,Rewind
golf,Golf Course Vibes 2025,https://open.spotify.com/playlist/4TYTL1P0Eoka3wqx7VhG8D,These Are My People,Rodney Atkins,If You're Going Through Hell
golf,Golf Course Vibes 2025,https://open.spotify.com/playlist/4TYTL1P0Eoka3wqx7VhG8D,I'm in a Hurry (And Don't Know Why),Alabama,Livin' Lovin' Rockin' Rollin': The 25th Anniversary Collection
golf,Golf Course Vibes 2025,https://open.spotify.com/playlist/4TYTL1P0Eoka3wqx7VhG8D,Wake Me Up,Avicii,TRUE
golf,Golf Course Vibes 2025,https://open.spotify.com/playlist/4TYTL1P0Eoka3wqx7VhG8D,When It Rains It Pours,Luke Combs,This One's for You
golf,Golf Course Vibes 2025,https://open.spotify.com/playlist/4TYTL1P0Eoka3wqx7VhG8D,It's A Great Day To Be Alive,Travis Tritt,Down The Road I Go
golf,Golf Course Vibes 2025,https://open.spotify.com/playlist/4TYTL1P0Eoka3wqx7VhG8D,Get Along,Kenny Chesney,Songs for the Saints
golf,Golf Course Vibes 2025,https://open.spotify.com/playlist/4TYTL1P0Eoka3wqx7VhG8D,Drink In My Hand,Eric Church,Chief
golf,Golf Course Vibes 2025,https://open.spotify.com/playlist/4TYTL1P0Eoka3wqx7VhG8D,Stacy's Mom,Fountains Of Wayne,Welcome Interstate Managers
golf,Golf Course Vibes 2025,https://open.spotify.com/playlist/4TYTL1P0Eoka3wqx7VhG8D,"Courtesy Of The Red, White And Blue (The Angry American)",Toby Keith,Unleashed
golf,Golf Course Vibes 2025,https://open.spotify.com/playlist/4TYTL1P0Eoka3wqx7VhG8D,Song of the South,Alabama,Livin' Lovin' Rockin' Rollin': The 25th Anniversary Collection
golf,Golf Course Vibes 2025,https://open.spotify.com/playlist/4TYTL1P0Eoka3wqx7VhG8D,Margaritaville,Jimmy Buffett,"Changes In Latitudes, Changes In Attitudes"
golf,Golf Course Vibes 2025,https://open.spotify.com/playlist/4TYTL1P0Eoka3wqx7VhG8D,Old Alabama (feat. Alabama),"Brad Paisley, Alabama",This Is Country Music
golf,Golf Course Vibes 2025,https://open.spotify.com/playlist/4TYTL1P0Eoka3wqx7VhG8D,Sweet Caroline,Neil Diamond,Sweet Caroline
golf,Golf Course Vibes 2025,https://open.spotify.com/playlist/4TYTL1P0Eoka3wqx7VhG8D,Rocky Mountain High,John Denver,Rocky Mountain High
golf,Golf Course Vibes 2025,https://open.spotify.com/playlist/4TYTL1P0Eoka3wqx7VhG8D,Juke Box Hero,Foreigner,4 (Expanded)
golf,Golf Course Vibes 2025,https://open.spotify.com/playlist/4TYTL1P0Eoka3wqx7VhG8D,Glory Days,Bruce Springsteen,Born In The U.S.A.
golf,Golf Course Vibes 2025,https://open.spotify.com/playlist/4TYTL1P0Eoka3wqx7VhG8D,Sun Daze,Florida Georgia Line,Anything Goes
golf,Golf Course Vibes 2025,https://open.spotify.com/playlist/4TYTL1P0Eoka3wqx7VhG8D,Play That Song,Train,a girl a bottle a boat
golf,Golf Course Vibes 2025,https://open.spotify.com/playlist/4TYTL1P0Eoka3wqx7VhG8D,Cherry Bomb,John Mellencamp,The Lonesome Jubilee
golf,Golf Course Vibes 2025,https://open.spotify.com/playlist/4TYTL1P0Eoka3wqx7VhG8D,Jet Airliner,Steve Miller Band,Greatest Hits 1974-78
golf,Golf Course Vibes 2025,https://open.spotify.com/playlist/4TYTL1P0Eoka3wqx7VhG8D,Only the Good Die Young,Billy Joel,The Stranger (Legacy Edition)
golf,Golf Course Vibes 2025,https://open.spotify.com/playlist/4TYTL1P0Eoka3wqx7VhG8D,Smile,Uncle Kracker,Happy Hour
golf,Golf Course Vibes 2025,https://open.spotify.com/playlist/4TYTL1P0Eoka3wqx7VhG8D,Outskirts of Heaven,Craig Campbell,See You Try
golf,Golf Course Vibes 2025,https://open.spotify.com/playlist/4TYTL1P0Eoka3wqx7VhG8D,Buy That Man A Beer,Jon Pardi,Heartache Medication
golf,Golf Course Vibes 2025,https://open.spotify.com/playlist/4TYTL1P0Eoka3wqx7VhG8D,Diamond In My Pocket,Cody Johnson,A Different Day
golf,Golf Course Vibes 2025,https://open.spotify.com/playlist/4TYTL1P0Eoka3wqx7VhG8D,Different 'Round Here,Riley Green,Different 'Round Here
golf,Golf Course Vibes 2025,https://open.spotify.com/playlist/4TYTL1P0Eoka3wqx7VhG8D,Half Of Me,"Thomas Rhett, Riley Green",Where We Started
golf,Golf Course Vibes 2025,https://open.spotify.com/playlist/4TYTL1P0Eoka3wqx7VhG8D,Take Me Home Tonight,Eddie Money,Can't Hold Back
golf,Golf Course Vibes 2025,https://open.spotify.com/playlist/4TYTL1P0Eoka3wqx7VhG8D,It's Still Rock and Roll to Me,Billy Joel,Glass Houses
golf,Golf Course Vibes 2025,https://open.spotify.com/playlist/4TYTL1P0Eoka3wqx7VhG8D,Something Like That,Tim McGraw,Number One Hits
golf,Golf Course Vibes 2025,https://open.spotify.com/playlist/4TYTL1P0Eoka3wqx7VhG8D,Memories Are Made Of,Luke Combs,This One's for You Too (Deluxe Edition)
golf,Golf Course Vibes 2025,https://open.spotify.com/playlist/4TYTL1P0Eoka3wqx7VhG8D,You Proof,Morgan Wallen,You Proof
golf,Golf Course Vibes 2025,https://open.spotify.com/playlist/4TYTL1P0Eoka3wqx7VhG8D,Life is a Highway,Rascal Flatts,Me And My Gang
golf,Golf Course Vibes 2025,https://open.spotify.com/playlist/4TYTL1P0Eoka3wqx7VhG8D,Dixieland Delight,Alabama,The Closer You Get...
golf,Golf Course Vibes 2025,https://open.spotify.com/playlist/4TYTL1P0Eoka3wqx7VhG8D,Caught Up In You,38 Special,Special Forces
golf,Golf Course Vibes 2025,https://open.spotify.com/playlist/4TYTL1P0Eoka3wqx7VhG8D,Follow Me,Uncle Kracker,Double Wide
golf,Golf Course Vibes 2025,https://open.spotify.com/playlist/4TYTL1P0Eoka3wqx7VhG8D,Only Wanna Be With You,Hootie & The Blowfish,Cracked Rear View
golf,Golf Course Vibes 2025,https://open.spotify.com/playlist/4TYTL1P0Eoka3wqx7VhG8D,"Hold On, I'm Comin'",Sam & Dave,"Hold On, I'm Comin'"
golf,Golf Course Vibes 2025,https://open.spotify.com/playlist/4TYTL1P0Eoka3wqx7VhG8D,Everything I Love,Morgan Wallen,3 Songs At A Time Sampler
golf,Golf Course Vibes 2025,https://open.spotify.com/playlist/4TYTL1P0Eoka3wqx7VhG8D,"Take Me Home, Country Roads",John Denver,"The John Denver Collection, Vol 1: Take Me Home Country Roads"
golf,Golf Course Vibes 2025,https://open.spotify.com/playlist/4TYTL1P0Eoka3wqx7VhG8D,Come On Eileen - Single Edit,"Dexys Midnight Runners, Kevin Rowland",Too-Rye-Ay (As It Should Have Sounded 2022)
golf,Golf Course Vibes 2025,https://open.spotify.com/playlist/4TYTL1P0Eoka3wqx7VhG8D,Hooked On A Feeling,"Blue Swede, Björn Skifs",Hooked On A Feeling - 40th Anniversary Collection
golf,Golf Course Vibes 2025,https://open.spotify.com/playlist/4TYTL1P0Eoka3wqx7VhG8D,Bang On The Drum All Day,Todd Rundgren,Greatest Classics: With A Twist
golf,Golf Course Vibes 2025,https://open.spotify.com/playlist/4TYTL1P0Eoka3wqx7VhG8D,My Maria,Brooks & Dunn,#1s ... and then some
golf,Golf Course Vibes 2025,https://open.spotify.com/playlist/4TYTL1P0Eoka3wqx7VhG8D,We Built This City,Starship,Knee Deep In The Hoopla
golf,Golf Course Vibes 2025,https://open.spotify.com/playlist/4TYTL1P0Eoka3wqx7VhG8D,Thank God I'm a Country Boy,John Denver,Back Home Again
golf,Golf Course Vibes 2025,https://open.spotify.com/playlist/4TYTL1P0Eoka3wqx7VhG8D,Uptown Girl,Billy Joel,An Innocent Man
golf,Golf Course Vibes 2025,https://open.spotify.com/playlist/4TYTL1P0Eoka3wqx7VhG8D,"Shout, Pts. 1 & 2",The Isley Brothers,Shout!
golf,Golf Course Vibes 2025,https://open.spotify.com/playlist/4TYTL1P0Eoka3wqx7VhG8D,Loving You Easy,Zac Brown Band,JEKYLL + HYDE
golf,Golf Course Vibes 2025,https://open.spotify.com/playlist/4TYTL1P0Eoka3wqx7VhG8D,Out Last Night,Kenny Chesney,Greatest Hits II
golf,Golf Course Vibes 2025,https://open.spotify.com/playlist/4TYTL1P0Eoka3wqx7VhG8D,Mayberry,Rascal Flatts,Melt
golf,Golf Course Vibes 2025,https://open.spotify.com/playlist/4TYTL1P0Eoka3wqx7VhG8D,If You're Gonna Play in Texas (You Gotta Have a Fiddle in the Band),Alabama,Greatest Hits Vol. III
golf,Golf Course Vibes 2025,https://open.spotify.com/playlist/4TYTL1P0Eoka3wqx7VhG8D,"Dear Maria, Count Me In",All Time Low,"So Wrong, It's Right"
golf,Golf Course Vibes 2025,https://open.spotify.com/playlist/4TYTL1P0Eoka3wqx7VhG8D,Wagon Wheel,Darius Rucker,True Believers
golf,Golf Course Vibes 2025,https://open.spotify.com/playlist/4TYTL1P0Eoka3wqx7VhG8D,Fast Car,Luke Combs,Gettin' Old
golf,Golf Course Vibes 2025,https://open.spotify.com/playlist/4TYTL1P0Eoka3wqx7VhG8D,Baba O'Riley,The Who,Who's Next (Deluxe Edition)
golf,Golf Course Vibes 2025,https://open.spotify.com/playlist/4TYTL1P0Eoka3wqx7VhG8D,Up Down (feat. Florida Georgia Line),"Morgan Wallen, Florida Georgia Line",If I Know Me
golf,Golf Course Vibes 2025,https://open.spotify.com/playlist/4TYTL1P0Eoka3wqx7VhG8D,As Good As I Once Was,Toby Keith,Honkytonk University
golf,Golf Course Vibes 2025,https://open.spotify.com/playlist/4TYTL1P0Eoka3wqx7VhG8D,I Had Some Help (Feat. Morgan Wallen),"Post Malone, Morgan Wallen",I Had Some Help
golf,Golf Course Vibes 2025,https://open.spotify.com/playlist/4TYTL1P0Eoka3wqx7VhG8D,Pour Me A Drink (Feat. Blake Shelton),"Post Malone, Blake Shelton",Pour Me A Drink
golf,Golf Course Vibes 2025,https://open.spotify.com/playlist/4TYTL1P0Eoka3wqx7VhG8D,Whiskey Glasses,Morgan Wallen,If I Know Me
golf,Golf Course Vibes 2025,https://open.spotify.com/playlist/4TYTL1P0Eoka3wqx7VhG8D,Don't You (Forget About Me),Simple Minds,Once Upon A Time (Super Deluxe)
golf,Golf Course Vibes 2025,https://open.spotify.com/playlist/4TYTL1P0Eoka3wqx7VhG8D,Joker And The Thief,Wolfmother,Wolfmother
golf,Golf Course Vibes 2025,https://open.spotify.com/playlist/4TYTL1P0Eoka3wqx7VhG8D,Why We Drink,Justin Moore,Late Nights And Longnecks
golf,Golf Course Vibes 2025,https://open.spotify.com/playlist/4TYTL1P0Eoka3wqx7VhG8D,The Chain - 2004 Remaster,Fleetwood Mac,Rumours (Super Deluxe)
golf,Golf Course Vibes 2025,https://open.spotify.com/playlist/4TYTL1P0Eoka3wqx7VhG8D,Hold On Loosely,38 Special,20th Century Masters The Millennium Collection: Best of 38 Special
golf,Golf Course Vibes 2025,https://open.spotify.com/playlist/4TYTL1P0Eoka3wqx7VhG8D,School's Out,Alice Cooper,School's Out
golf,Golf Course Vibes 2025,https://open.spotify.com/playlist/4TYTL1P0Eoka3wqx7VhG8D,Cult of Personality,Living Colour,Vivid (Expanded Edition)
golf,Golf Course Vibes 2025,https://open.spotify.com/playlist/4TYTL1P0Eoka3wqx7VhG8D,Sharp Dressed Man - 2008 Remaster,ZZ Top,Eliminator
golf,Golf Course Vibes 2025,https://open.spotify.com/playlist/4TYTL1P0Eoka3wqx7VhG8D,Somebody To Love - Remastered 2011,Queen,A Day At The Races (Deluxe Edition 2011 Remaster)
golf,Golf Course Vibes 2025,https://open.spotify.com/playlist/4TYTL1P0Eoka3wqx7VhG8D,Ridin’ Roads,Dustin Lynch,Tullahoma
golf,Golf Course Vibes 2025,https://open.spotify.com/playlist/4TYTL1P0Eoka3wqx7VhG8D,You Give Love A Bad Name,Bon Jovi,Slippery When Wet
golf,Golf Course Vibes 2025,https://open.spotify.com/playlist/4TYTL1P0Eoka3wqx7VhG8D,The Gambler,Kenny Rogers,The Gambler
golf,Golf Course Vibes 2025,https://open.spotify.com/playlist/4TYTL1P0Eoka3wqx7VhG8D,The Ones That Didn’t Make It Back Home,Justin Moore,The Ones That Didn’t Make It Back Home
golf,Golf Course Vibes 2025,https://open.spotify.com/playlist/4TYTL1P0Eoka3wqx7VhG8D,Sweet Child O' Mine,Guns N' Roses,Appetite For Destruction
golf,Golf Course Vibes 2025,https://open.spotify.com/playlist/4TYTL1P0Eoka3wqx7VhG8D,Spirit In The Sky - Deluxe Edition,Norman Greenbaum,Spirit In The Sky (Deluxe Edition)
golf,Golf Course Vibes 2025,https://open.spotify.com/playlist/4TYTL1P0Eoka3wqx7VhG8D,Born To Be Wild - Single Version,Steppenwolf,Steppenwolf
golf,Golf Course Vibes 2025,https://open.spotify.com/playlist/4TYTL1P0Eoka3wqx7VhG8D,We're Not Gonna Take It,Twisted Sister,Stay Hungry
golf,Golf Course Vibes 2025,https://open.spotify.com/playlist/4TYTL1P0Eoka3wqx7VhG8D,Have You Ever Seen The Rain,Creedence Clearwater Revival,Pendulum (Expanded Edition)
golf,Golf Course Vibes 2025,https://open.spotify.com/playlist/4TYTL1P0Eoka3wqx7VhG8D,Fortunate Son,Creedence Clearwater Revival,Willy And The Poor Boys (Expanded Edition)
golf,Golf Course Vibes 2025,https://open.spotify.com/playlist/4TYTL1P0Eoka3wqx7VhG8D,Sweet Emotion,Aerosmith,Toys In The Attic
golf,Golf Course Vibes 2025,https://open.spotify.com/playlist/4TYTL1P0Eoka3wqx7VhG8D,Bad To The Bone,George Thorogood & The Destroyers,BAD TO THE BONE
golf,Golf Course Vibes 2025,https://open.spotify.com/playlist/4TYTL1P0Eoka3wqx7VhG8D,Should've Been A Cowboy,Toby Keith,Greatest Hits
golf,Golf Course Vibes 2025,https://open.spotify.com/playlist/4TYTL1P0Eoka3wqx7VhG8D,Smoke A Little Smoke,Eric Church,Carolina
golf,Golf Course Vibes 2025,https://open.spotify.com/playlist/4TYTL1P0Eoka3wqx7VhG8D,Write This Down,George Strait,Always Never The Same
golf,Golf Course Vibes 2025,https://open.spotify.com/playlist/4TYTL1P0Eoka3wqx7VhG8D,Feelin’ It,Scotty McCreery,See You Tonight
golf,Golf Course Vibes 2025,https://open.spotify.com/playlist/4TYTL1P0Eoka3wqx7VhG8D,Chattahoochee,Alan Jackson,A Lot About Livin' (And A Little 'Bout Love)
golf,Golf Course Vibes 2025,https://open.spotify.com/playlist/4TYTL1P0Eoka3wqx7VhG8D,I Love This Bar,Toby Keith,Shock 'N Y'all
golf,Golf Course Vibes 2025,https://open.spotify.com/playlist/4TYTL1P0Eoka3wqx7VhG8D,Higher,Creed,Human Clay
golf,Golf Course Vibes 2025,https://open.spotify.com/playlist/4TYTL1P0Eoka3wqx7VhG8D,If You're Gonna Play in Texas (You Gotta Have a Fiddle in the Band),Alabama,Ultimate Alabama 20 # 1 Hits
golf,Golf Course Vibes 2025,https://open.spotify.com/playlist/4TYTL1P0Eoka3wqx7VhG8D,Hungry Like the Wolf - 2009 Remaster,Duran Duran,Rio (Collector's Edition)
golf,Golf Course Vibes 2025,https://open.spotify.com/playlist/4TYTL1P0Eoka3wqx7VhG8D,Surrender,Cheap Trick,Heaven Tonight
golf,Golf Course Vibes 2025,https://open.spotify.com/playlist/4TYTL1P0Eoka3wqx7VhG8D,Something to Be Proud Of,Montgomery Gentry,You Do Your Thing
golf,Golf Course Vibes 2025,https://open.spotify.com/playlist/4TYTL1P0Eoka3wqx7VhG8D,She's In Love With The Boy - Single Version,Trisha Yearwood,Trisha Yearwood
golf,Golf Course Vibes 2025,https://open.spotify.com/playlist/4TYTL1P0Eoka3wqx7VhG8D,Amarillo Sky,Jason Aldean,Jason Aldean
golf,Golf Course Vibes 2025,https://open.spotify.com/playlist/4TYTL1P0Eoka3wqx7VhG8D,Hit Me With Your Best Shot,Pat Benatar,Crimes Of Passion
golf,Golf Course Vibes 2025,https://open.spotify.com/playlist/4TYTL1P0Eoka3wqx7VhG8D,Another One Bites The Dust - Remastered 2011,Queen,The Game (2011 Remaster)
golf,Golf Course Vibes 2025,https://open.spotify.com/playlist/4TYTL1P0Eoka3wqx7VhG8D,Aw Naw,Chris Young,A.M.
golf,Golf Course Vibes 2025,https://open.spotify.com/playlist/4TYTL1P0Eoka3wqx7VhG8D,Go Your Own Way - 2004 Remaster,Fleetwood Mac,Rumours
golf,Golf Course Vibes 2025,https://open.spotify.com/playlist/4TYTL1P0Eoka3wqx7VhG8D,Don't Rock the Jukebox,Alan Jackson,Don`t Rock The Jukebox
golf,Golf Course Vibes 2025,https://open.spotify.com/playlist/4TYTL1P0Eoka3wqx7VhG8D,Dancin’ In The Country,Tyler Hubbard,Tyler Hubbard
golf,Golf Course Vibes 2025,https://open.spotify.com/playlist/4TYTL1P0Eoka3wqx7VhG8D,Already Gone - 2013 Remaster,Eagles,On the Border (2013 Remaster)
golf,Golf Course Vibes 2025,https://open.spotify.com/playlist/4TYTL1P0Eoka3wqx7VhG8D,Who Wouldn't Wanna Be Me,Keith Urban,Greatest Hits
golf,Golf Course Vibes 2025,https://open.spotify.com/playlist/4TYTL1P0Eoka3wqx7VhG8D,Gone Country,Alan Jackson,Who I Am
golf,Golf Course Vibes 2025,https://open.spotify.com/playlist/4TYTL1P0Eoka3wqx7VhG8D,What Kinda Gone,Chris Cagle,My Life's Been A Country Song
golf,Golf Course Vibes 2025,https://open.spotify.com/playlist/4TYTL1P0Eoka3wqx7VhG8D,Free And Easy (Down The Road I Go),Dierks Bentley,Greatest Hits / Every Mile A Memory 2003 - 2008
golf,Golf Course Vibes 2025,https://open.spotify.com/playlist/4TYTL1P0Eoka3wqx7VhG8D,Meet In the Middle,Diamond Rio,Diamond Rio
golf,Golf Course Vibes 2025,https://open.spotify.com/playlist/4TYTL1P0Eoka3wqx7VhG8D,Some Of It,Eric Church,Desperate Man
golf,Golf Course Vibes 2025,https://open.spotify.com/playlist/4TYTL1P0Eoka3wqx7VhG8D,I Ain't Sayin',Jordan Davis,I Ain't Sayin'
golf,Golf Course Vibes 2025,https://open.spotify.com/playlist/4TYTL1P0Eoka3wqx7VhG8D,Beer For My Horses,"Toby Keith, Willie Nelson",Unleashed
golf,Golf Course Vibes 2025,https://open.spotify.com/playlist/4TYTL1P0Eoka3wqx7VhG8D,Head Over Boots,Jon Pardi,California Sunrise
golf,Golf Course Vibes 2025,https://open.spotify.com/playlist/4TYTL1P0Eoka3wqx7VhG8D,Heartache On The Dance Floor,Jon Pardi,California Sunrise
golf,Golf Course Vibes 2025,https://open.spotify.com/playlist/4TYTL1P0Eoka3wqx7VhG8D,Any Way You Want It,Journey,Departure
golf,Golf Course Vibes 2025,https://open.spotify.com/playlist/4TYTL1P0Eoka3wqx7VhG8D,Busy Doin' Nothin',Zach Top,Busy Doin' Nothin'
golf,Golf Course Vibes 2025,https://open.spotify.com/playlist/4TYTL1P0Eoka3wqx7VhG8D,The Thrill,"Wiz Khalifa, Empire Of The Sun",The Thrill
golf,Golf Cart Classics ⛳  .  .  . 🏌🏻‍♂️,https://open.spotify.com/playlist/31EobsTiqTAxNueWm6kUE1,Hotel California - 2013 Remaster,Eagles,Hotel California (2013 Remaster)
golf,Golf Cart Classics ⛳  .  .  . 🏌🏻‍♂️,https://open.spotify.com/playlist/31EobsTiqTAxNueWm6kUE1,(I Can't Get No) Satisfaction - Mono,The Rolling Stones,Out Of Our Heads
golf,Golf Cart Classics ⛳  .  .  . 🏌🏻‍♂️,https://open.spotify.com/playlist/31EobsTiqTAxNueWm6kUE1,"Paint It, Black",The Rolling Stones,Aftermath
golf,Golf Cart Classics ⛳  .  .  . 🏌🏻‍♂️,https://open.spotify.com/playlist/31EobsTiqTAxNueWm6kUE1,Fortunate Son,Creedence Clearwater Revival,Willy And The Poor Boys (Expanded Edition)
golf,Golf Cart Classics ⛳  .  .  . 🏌🏻‍♂️,https://open.spotify.com/playlist/31EobsTiqTAxNueWm6kUE1,Sweet Child O' Mine,Guns N' Roses,Appetite For Destruction
golf,Golf Cart Classics ⛳  .  .  . 🏌🏻‍♂️,https://open.spotify.com/playlist/31EobsTiqTAxNueWm6kUE1,Seven Nation Army,The White Stripes,Elephant
golf,Golf Cart Classics ⛳  .  .  . 🏌🏻‍♂️,https://open.spotify.com/playlist/31EobsTiqTAxNueWm6kUE1,Thunderstruck,AC/DC,The Razors Edge
golf,Golf Cart Classics ⛳  .  .  . 🏌🏻‍♂️,https://open.spotify.com/playlist/31EobsTiqTAxNueWm6kUE1,Dream On,Aerosmith,Aerosmith
golf,Golf Cart Classics ⛳  .  .  . 🏌🏻‍♂️,https://open.spotify.com/playlist/31EobsTiqTAxNueWm6kUE1,Enter Sandman (Remastered),Metallica,Metallica (Remastered)
golf,Golf Cart Classics ⛳  .  .  . 🏌🏻‍♂️,https://open.spotify.com/playlist/31EobsTiqTAxNueWm6kUE1,Smoke on the Water,Deep Purple,Machine Head
golf,Golf Cart Classics ⛳  .  .  . 🏌🏻‍♂️,https://open.spotify.com/playlist/31EobsTiqTAxNueWm6kUE1,La Grange (2005 Remaster),ZZ Top,Tres Hombres (Expanded 2006 Remaster)
golf,Golf Cart Classics ⛳  .  .  . 🏌🏻‍♂️,https://open.spotify.com/playlist/31EobsTiqTAxNueWm6kUE1,Everlong,Foo Fighters,The Colour And The Shape
golf,Golf Cart Classics ⛳  .  .  . 🏌🏻‍♂️,https://open.spotify.com/playlist/31EobsTiqTAxNueWm6kUE1,Come As You Are,Nirvana,Nevermind (Remastered)
golf,Golf Cart Classics ⛳  .  .  . 🏌🏻‍♂️,https://open.spotify.com/playlist/31EobsTiqTAxNueWm6kUE1,Californication,Red Hot Chili Peppers,Californication (Deluxe Edition)
golf,Golf Cart Classics ⛳  .  .  . 🏌🏻‍♂️,https://open.spotify.com/playlist/31EobsTiqTAxNueWm6kUE1,Creep,Radiohead,Pablo Honey
golf,Golf Cart Classics ⛳  .  .  . 🏌🏻‍♂️,https://open.spotify.com/playlist/31EobsTiqTAxNueWm6kUE1,Mr. Brightside,October Surprise,"Legends, Revisted"
golf,Golf Cart Classics ⛳  .  .  . 🏌🏻‍♂️,https://open.spotify.com/playlist/31EobsTiqTAxNueWm6kUE1,Dreams - 2004 Remaster,Fleetwood Mac,Rumours (Super Deluxe)
golf,Golf Cart Classics ⛳  .  .  . 🏌🏻‍♂️,https://open.spotify.com/playlist/31EobsTiqTAxNueWm6kUE1,Stairway to Heaven - Remaster,Led Zeppelin,Led Zeppelin IV (Remaster)
golf,Golf Cart Classics ⛳  .  .  . 🏌🏻‍♂️,https://open.spotify.com/playlist/31EobsTiqTAxNueWm6kUE1,Don't Stop Believin' (2022 Remaster),Journey,Escape (2022 Remaster)
golf,Golf Cart Classics ⛳  .  .  . 🏌🏻‍♂️,https://open.spotify.com/playlist/31EobsTiqTAxNueWm6kUE1,I Love Rock 'N Roll,Joan Jett & the Blackhearts,I Love Rock 'N' Roll (Expanded Edition)
golf,Golf Cart Classics ⛳  .  .  . 🏌🏻‍♂️,https://open.spotify.com/playlist/31EobsTiqTAxNueWm6kUE1,Sultans of Swing,Dire Straits,Dire Straits
golf,Golf Cart Classics ⛳  .  .  . 🏌🏻‍♂️,https://open.spotify.com/playlist/31EobsTiqTAxNueWm6kUE1,Wonderwall - Remastered,Oasis,(What's The Story) Morning Glory? (Deluxe Remastered Edition)
golf,Golf Cart Classics ⛳  .  .  . 🏌🏻‍♂️,https://open.spotify.com/playlist/31EobsTiqTAxNueWm6kUE1,Back In Black,AC/DC,Back In Black
golf,Golf Cart Classics ⛳  .  .  . 🏌🏻‍♂️,https://open.spotify.com/playlist/31EobsTiqTAxNueWm6kUE1,Say It Ain't So - Original Mix,Weezer,Weezer
golf,Golf Cart Classics ⛳  .  .  . 🏌🏻‍♂️,https://open.spotify.com/playlist/31EobsTiqTAxNueWm6kUE1,Zombie,The Cranberries,No Need To Argue (The Complete Sessions 1994-1995)
golf,Golf Cart Classics ⛳  .  .  . 🏌🏻‍♂️,https://open.spotify.com/playlist/31EobsTiqTAxNueWm6kUE1,Bohemian Rhapsody - Remastered 2011,Queen,A Night At The Opera (Deluxe Remastered Version)
golf,Golf Cart Classics ⛳  .  .  . 🏌🏻‍♂️,https://open.spotify.com/playlist/31EobsTiqTAxNueWm6kUE1,Dust in the Wind,Kansas,Point Of Know Return (Expanded Edition)
golf,Golf Cart Classics ⛳  .  .  . 🏌🏻‍♂️,https://open.spotify.com/playlist/31EobsTiqTAxNueWm6kUE1,Another One Bites The Dust - Remastered 2011,Queen,The Game (Deluxe Remastered Version)
golf,Golf Cart Classics ⛳  .  .  . 🏌🏻‍♂️,https://open.spotify.com/playlist/31EobsTiqTAxNueWm6kUE1,Paradise City,Guns N' Roses,Appetite For Destruction
golf,Golf Cart Classics ⛳  .  .  . 🏌🏻‍♂️,https://open.spotify.com/playlist/31EobsTiqTAxNueWm6kUE1,Losing My Religion,R.E.M.,Out Of Time (25th Anniversary Edition)
golf,Golf Cart Classics ⛳  .  .  . 🏌🏻‍♂️,https://open.spotify.com/playlist/31EobsTiqTAxNueWm6kUE1,House Of The Rising Sun,The Animals,The Best Of The Animals
golf,Golf Cart Classics ⛳  .  .  . 🏌🏻‍♂️,https://open.spotify.com/playlist/31EobsTiqTAxNueWm6kUE1,Have You Ever Seen The Rain,Creedence Clearwater Revival,Pendulum (Expanded Edition)
golf,Golf Cart Classics ⛳  .  .  . 🏌🏻‍♂️,https://open.spotify.com/playlist/31EobsTiqTAxNueWm6kUE1,"Another Brick in the Wall, Pt. 2",Pink Floyd,The Wall
golf,Golf Cart Classics ⛳  .  .  . 🏌🏻‍♂️,https://open.spotify.com/playlist/31EobsTiqTAxNueWm6kUE1,Jump - 2015 Remaster,Van Halen,The Collection
golf,Golf Cart Classics ⛳  .  .  . 🏌🏻‍♂️,https://open.spotify.com/playlist/31EobsTiqTAxNueWm6kUE1,You Shook Me All Night Long,AC/DC,Back In Black
golf,Golf Cart Classics ⛳  .  .  . 🏌🏻‍♂️,https://open.spotify.com/playlist/31EobsTiqTAxNueWm6kUE1,Long Cool Woman (In a Black Dress) - 1999 Remaster,The Hollies,Distant Light (Expanded Edition)
golf,Golf Cart Classics ⛳  .  .  . 🏌🏻‍♂️,https://open.spotify.com/playlist/31EobsTiqTAxNueWm6kUE1,Paranoid - 2012 - Remaster,Black Sabbath,Paranoid (Remaster)
golf,Golf Cart Classics ⛳  .  .  . 🏌🏻‍♂️,https://open.spotify.com/playlist/31EobsTiqTAxNueWm6kUE1,Welcome To The Jungle,Guns N' Roses,Appetite For Destruction
golf,Golf Cart Classics ⛳  .  .  . 🏌🏻‍♂️,https://open.spotify.com/playlist/31EobsTiqTAxNueWm6kUE1,November Rain - 2022 Version,Guns N' Roses,Use Your Illusion I (Deluxe Edition)
golf,Golf Cart Classics ⛳  .  .  . 🏌🏻‍♂️,https://open.spotify.com/playlist/31EobsTiqTAxNueWm6kUE1,Free Bird,Lynyrd Skynyrd,Pronounced' Leh-'Nerd 'Skin-'Nerd
golf,Golf Cart Classics ⛳  .  .  . 🏌🏻‍♂️,https://open.spotify.com/playlist/31EobsTiqTAxNueWm6kUE1,The Chain - 2004 Remaster,Fleetwood Mac,Rumours (Super Deluxe)
golf,Golf Cart Classics ⛳  .  .  . 🏌🏻‍♂️,https://open.spotify.com/playlist/31EobsTiqTAxNueWm6kUE1,Every Breath You Take,The Police,Synchronicity (Remastered 2003)
golf,Golf Cart Classics ⛳  .  .  . 🏌🏻‍♂️,https://open.spotify.com/playlist/31EobsTiqTAxNueWm6kUE1,Whole Lotta Love - 1990 Remaster,Led Zeppelin,Led Zeppelin II (1994 Remaster)
golf,Golf Cart Classics ⛳  .  .  . 🏌🏻‍♂️,https://open.spotify.com/playlist/31EobsTiqTAxNueWm6kUE1,Under the Bridge,Red Hot Chili Peppers,Blood Sugar Sex Magik (Deluxe Edition)
golf,Golf Cart Classics ⛳  .  .  . 🏌🏻‍♂️,https://open.spotify.com/playlist/31EobsTiqTAxNueWm6kUE1,Kickstart My Heart,Mötley Crüe,Dr. Feelgood
golf,Golf Cart Classics ⛳  .  .  . 🏌🏻‍♂️,https://open.spotify.com/playlist/31EobsTiqTAxNueWm6kUE1,Edge of Seventeen - 2016 Remaster,Stevie Nicks,Bella Donna (Deluxe Edition)
golf,Golf Cart Classics ⛳  .  .  . 🏌🏻‍♂️,https://open.spotify.com/playlist/31EobsTiqTAxNueWm6kUE1,Bad Moon Rising,Creedence Clearwater Revival,Green River (Expanded Edition)
golf,Golf Cart Classics ⛳  .  .  . 🏌🏻‍♂️,https://open.spotify.com/playlist/31EobsTiqTAxNueWm6kUE1,Mary Jane's Last Dance,Tom Petty and the Heartbreakers,Greatest Hits
golf,Golf Cart Classics ⛳  .  .  . 🏌🏻‍♂️,https://open.spotify.com/playlist/31EobsTiqTAxNueWm6kUE1,Under Pressure - Remastered 2011,"Queen, David Bowie",Greatest Hits II
golf,Golf Cart Classics ⛳  .  .  . 🏌🏻‍♂️,https://open.spotify.com/playlist/31EobsTiqTAxNueWm6kUE1,Sharp Dressed Man (2008 Remaster),ZZ Top,Eliminator
golf,Golf Cart Classics ⛳  .  .  . 🏌🏻‍♂️,https://open.spotify.com/playlist/31EobsTiqTAxNueWm6kUE1,Are You Gonna Go My Way,Lenny Kravitz,Are You Gonna Go My Way
golf,Golf Cart Classics ⛳  .  .  . 🏌🏻‍♂️,https://open.spotify.com/playlist/31EobsTiqTAxNueWm6kUE1,Killing In The Name,Rage Against The Machine,Rage Against The Machine - XX (20th Anniversary Special Edition)
golf,Golf Cart Classics ⛳  .  .  . 🏌🏻‍♂️,https://open.spotify.com/playlist/31EobsTiqTAxNueWm6kUE1,More Than a Feeling,Boston,Boston
golf,Golf Cart Classics ⛳  .  .  . 🏌🏻‍♂️,https://open.spotify.com/playlist/31EobsTiqTAxNueWm6kUE1,Carry on Wayward Son,Kansas,Leftoverture (Expanded Edition)
golf,Golf Cart Classics ⛳  .  .  . 🏌🏻‍♂️,https://open.spotify.com/playlist/31EobsTiqTAxNueWm6kUE1,Heart-Shaped Box,Nirvana,In Utero (Deluxe Edition)
golf,Golf Cart Classics ⛳  .  .  . 🏌🏻‍♂️,https://open.spotify.com/playlist/31EobsTiqTAxNueWm6kUE1,Sweet Home Alabama,Lynyrd Skynyrd,Second Helping (Expanded Edition)
golf,Golf Cart Classics ⛳  .  .  . 🏌🏻‍♂️,https://open.spotify.com/playlist/31EobsTiqTAxNueWm6kUE1,Livin' On A Prayer,Bon Jovi,Slippery When Wet
golf,Golf Cart Classics ⛳  .  .  . 🏌🏻‍♂️,https://open.spotify.com/playlist/31EobsTiqTAxNueWm6kUE1,Slow Ride - Edit,Foghat,Slow Ride / Save Your Loving (For Me)
golf,Golf Cart Classics ⛳  .  .  . 🏌🏻‍♂️,https://open.spotify.com/playlist/31EobsTiqTAxNueWm6kUE1,Should I Stay or Should I Go - Remastered,The Clash,Combat Rock (Remastered)
golf,Golf Cart Classics ⛳  .  .  . 🏌🏻‍♂️,https://open.spotify.com/playlist/31EobsTiqTAxNueWm6kUE1,Crazy Train,Ozzy Osbourne,Blizzard Of Ozz (40th Anniversary Expanded Edition)
golf,Golf Cart Classics ⛳  .  .  . 🏌🏻‍♂️,https://open.spotify.com/playlist/31EobsTiqTAxNueWm6kUE1,Don't Cry (Original),Guns N' Roses,Use Your Illusion I
golf,Golf Cart Classics ⛳  .  .  . 🏌🏻‍♂️,https://open.spotify.com/playlist/31EobsTiqTAxNueWm6kUE1,Immigrant Song - Remaster,Led Zeppelin,Led Zeppelin III (Remaster)
golf,Golf Cart Classics ⛳  .  .  . 🏌🏻‍♂️,https://open.spotify.com/playlist/31EobsTiqTAxNueWm6kUE1,In The Air Tonight - 2015 Remastered,Phil Collins,Face Value (Deluxe Editon)
golf,Golf Cart Classics ⛳  .  .  . 🏌🏻‍♂️,https://open.spotify.com/playlist/31EobsTiqTAxNueWm6kUE1,Come Together - Remastered 2009,The Beatles,Abbey Road (Remastered)
golf,Golf Cart Classics ⛳  .  .  . 🏌🏻‍♂️,https://open.spotify.com/playlist/31EobsTiqTAxNueWm6kUE1,Rock You Like A Hurricane,Scorpions,Love At First Sting
golf,Golf Cart Classics ⛳  .  .  . 🏌🏻‍♂️,https://open.spotify.com/playlist/31EobsTiqTAxNueWm6kUE1,Bitter Sweet Symphony - Remastered 2016,The Verve,Urban Hymns (Remastered 2016)
golf,Golf Cart Classics ⛳  .  .  . 🏌🏻‍♂️,https://open.spotify.com/playlist/31EobsTiqTAxNueWm6kUE1,For What It's Worth,Buffalo Springfield,Buffalo Springfield
golf,Golf Cart Classics ⛳  .  .  . 🏌🏻‍♂️,https://open.spotify.com/playlist/31EobsTiqTAxNueWm6kUE1,Riders on the Storm,The Doors,L.A. Woman
golf,Golf Cart Classics ⛳  .  .  . 🏌🏻‍♂️,https://open.spotify.com/playlist/31EobsTiqTAxNueWm6kUE1,"American Woman - 7"" Single Version",The Guess Who,American Woman (Expanded Edition)
golf,Golf Cart Classics ⛳  .  .  . 🏌🏻‍♂️,https://open.spotify.com/playlist/31EobsTiqTAxNueWm6kUE1,Mr. Blue Sky,Electric Light Orchestra,Out of the Blue
golf,Golf Cart Classics ⛳  .  .  . 🏌🏻‍♂️,https://open.spotify.com/playlist/31EobsTiqTAxNueWm6kUE1,Where Is My Mind? - 2007 Remaster,Pixies,Surfer Rosa (2007 Remaster)
golf,Golf Cart Classics ⛳  .  .  . 🏌🏻‍♂️,https://open.spotify.com/playlist/31EobsTiqTAxNueWm6kUE1,All Right Now,Free,Fire And Water
golf,Golf Cart Classics ⛳  .  .  . 🏌🏻‍♂️,https://open.spotify.com/playlist/31EobsTiqTAxNueWm6kUE1,Black Hole Sun,Soundgarden,Superunknown (Deluxe Edition)
golf,Golf Cart Classics ⛳  .  .  . 🏌🏻‍♂️,https://open.spotify.com/playlist/31EobsTiqTAxNueWm6kUE1,White Wedding - Pt. 1,Billy Idol,Billy Idol
golf,Golf Cart Classics ⛳  .  .  . 🏌🏻‍♂️,https://open.spotify.com/playlist/31EobsTiqTAxNueWm6kUE1,"Rocket Man (I Think It's Going To Be A Long, Long Time)",Elton John,Honky Chateau
golf,Golf Cart Classics ⛳  .  .  . 🏌🏻‍♂️,https://open.spotify.com/playlist/31EobsTiqTAxNueWm6kUE1,Black Dog - Remaster,Led Zeppelin,Led Zeppelin IV (Deluxe Edition)
golf,Golf Cart Classics ⛳  .  .  . 🏌🏻‍♂️,https://open.spotify.com/playlist/31EobsTiqTAxNueWm6kUE1,Gimme Shelter,The Rolling Stones,Let It Bleed
golf,Golf Cart Classics ⛳  .  .  . 🏌🏻‍♂️,https://open.spotify.com/playlist/31EobsTiqTAxNueWm6kUE1,Won't Get Fooled Again - Original Album Version,The Who,Who's Next (Deluxe Edition)
golf,Golf Cart Classics ⛳  .  .  . 🏌🏻‍♂️,https://open.spotify.com/playlist/31EobsTiqTAxNueWm6kUE1,Detroit Rock City,KISS,Smashes Thrashes & Hits
golf,Golf Cart Classics ⛳  .  .  . 🏌🏻‍♂️,https://open.spotify.com/playlist/31EobsTiqTAxNueWm6kUE1,All Along the Watchtower,Jimi Hendrix,Electric Ladyland
golf,Golf Cart Classics ⛳  .  .  . 🏌🏻‍♂️,https://open.spotify.com/playlist/31EobsTiqTAxNueWm6kUE1,Message In A Bottle,The Police,Reggatta De Blanc (Remastered 2003)
golf,Golf Cart Classics ⛳  .  .  . 🏌🏻‍♂️,https://open.spotify.com/playlist/31EobsTiqTAxNueWm6kUE1,You Really Got Me - 2015 Remaster,Van Halen,Van Halen (Remastered)
golf,Golf Cart Classics ⛳  .  .  . 🏌🏻‍♂️,https://open.spotify.com/playlist/31EobsTiqTAxNueWm6kUE1,Barracuda,Heart,Little Queen
golf,Golf Cart Classics ⛳  .  .  . 🏌🏻‍♂️,https://open.spotify.com/playlist/31EobsTiqTAxNueWm6kUE1,Smells Like Teen Spirit,Nirvana,Nevermind (Remastered)
golf,Golf Cart Classics ⛳  .  .  . 🏌🏻‍♂️,https://open.spotify.com/playlist/31EobsTiqTAxNueWm6kUE1,Mr. Brightside,The Killers,Hot Fuss
golf,Golf Cart Classics ⛳  .  .  . 🏌🏻‍♂️,https://open.spotify.com/playlist/31EobsTiqTAxNueWm6kUE1,1979 - Remastered 2012,The Smashing Pumpkins,Mellon Collie And The Infinite Sadness (Deluxe Edition)
golf,Golf Cart Classics ⛳  .  .  . 🏌🏻‍♂️,https://open.spotify.com/playlist/31EobsTiqTAxNueWm6kUE1,Fly Away,Lenny Kravitz,5
golf,Golf Cart Classics ⛳  .  .  . 🏌🏻‍♂️,https://open.spotify.com/playlist/31EobsTiqTAxNueWm6kUE1,Black Magic Woman - Single Version,Santana,Santana's Greatest Hits
golf,Golf Cart Classics ⛳  .  .  . 🏌🏻‍♂️,https://open.spotify.com/playlist/31EobsTiqTAxNueWm6kUE1,The Boys Are Back In Town,Thin Lizzy,Jailbreak (Deluxe Edition)
golf,Golf Cart Classics ⛳  .  .  . 🏌🏻‍♂️,https://open.spotify.com/playlist/31EobsTiqTAxNueWm6kUE1,No One Knows,Queens of the Stone Age,Songs For The Deaf
golf,Golf Cart Classics ⛳  .  .  . 🏌🏻‍♂️,https://open.spotify.com/playlist/31EobsTiqTAxNueWm6kUE1,Where The Streets Have No Name - Remastered,U2,The Joshua Tree (Super Deluxe)
golf,Golf Cart Classics ⛳  .  .  . 🏌🏻‍♂️,https://open.spotify.com/playlist/31EobsTiqTAxNueWm6kUE1,(Don't Fear) The Reaper,Blue Öyster Cult,Agents Of Fortune
golf,Golf Cart Classics ⛳  .  .  . 🏌🏻‍♂️,https://open.spotify.com/playlist/31EobsTiqTAxNueWm6kUE1,Africa,TOTO,Toto IV
golf,Golf Cart Classics ⛳  .  .  . 🏌🏻‍♂️,https://open.spotify.com/playlist/31EobsTiqTAxNueWm6kUE1,Just What I Needed,The Cars,The Cars
golf,Golf Cart Classics ⛳  .  .  . 🏌🏻‍♂️,https://open.spotify.com/playlist/31EobsTiqTAxNueWm6kUE1,She Sells Sanctuary,The Cult,Love
golf,Golf Cart Classics ⛳  .  .  . 🏌🏻‍♂️,https://open.spotify.com/playlist/31EobsTiqTAxNueWm6kUE1,The Boys Of Summer,Don Henley,Building The Perfect Beast
golf,Golf Cart Classics ⛳  .  .  . 🏌🏻‍♂️,https://open.spotify.com/playlist/31EobsTiqTAxNueWm6kUE1,Something In The Way,Nirvana,Nevermind (Remastered)
golf,Golf Cart Classics ⛳  .  .  . 🏌🏻‍♂️,https://open.spotify.com/playlist/31EobsTiqTAxNueWm6kUE1,Hard To Handle,The Black Crowes,Shake Your Money Maker
golf,Golf Cart Classics ⛳  .  .  . 🏌🏻‍♂️,https://open.spotify.com/playlist/31EobsTiqTAxNueWm6kUE1,Layla,Derek & The Dominos,Layla And Other Assorted Love Songs (Remastered 2010)
golf,Golf Cart Classics ⛳  .  .  . 🏌🏻‍♂️,https://open.spotify.com/playlist/31EobsTiqTAxNueWm6kUE1,All Day and All of the Night,The Kinks,Kinks (Deluxe Edition)
golf,Golf Cart Classics ⛳  .  .  . 🏌🏻‍♂️,https://open.spotify.com/playlist/31EobsTiqTAxNueWm6kUE1,School's Out,Alice Cooper,School's Out
golf,Golf Cart Classics ⛳  .  .  . 🏌🏻‍♂️,https://open.spotify.com/playlist/31EobsTiqTAxNueWm6kUE1,Interstate Love Song - 2019 Remaster,Stone Temple Pilots,Purple (2019 Remaster)
golf,Golf Cart Classics ⛳  .  .  . 🏌🏻‍♂️,https://open.spotify.com/playlist/31EobsTiqTAxNueWm6kUE1,Alive,Pearl Jam,Ten
golf,Golf Cart Classics ⛳  .  .  . 🏌🏻‍♂️,https://open.spotify.com/playlist/31EobsTiqTAxNueWm6kUE1,Love Is A Long Road,Tom Petty,Full Moon Fever
golf,Golf Cart Classics ⛳  .  .  . 🏌🏻‍♂️,https://open.spotify.com/playlist/31EobsTiqTAxNueWm6kUE1,Break on Through (To the Other Side),The Doors,The Doors
golf,Golf Cart Classics ⛳  .  .  . 🏌🏻‍♂️,https://open.spotify.com/playlist/31EobsTiqTAxNueWm6kUE1,I Wanna Be Sedated - 1999 Remaster,Ramones,Road to Ruin
golf,Golf Cart Classics ⛳  .  .  . 🏌🏻‍♂️,https://open.spotify.com/playlist/31EobsTiqTAxNueWm6kUE1,Loser,Beck,Mellow Gold
golf,Golf Cart Classics ⛳  .  .  . 🏌🏻‍♂️,https://open.spotify.com/playlist/31EobsTiqTAxNueWm6kUE1,Midnight Rider,Allman Brothers Band,Idlewild South (Deluxe Edition Remastered)
golf,Golf Cart Classics ⛳  .  .  . 🏌🏻‍♂️,https://open.spotify.com/playlist/31EobsTiqTAxNueWm6kUE1,Even Flow,Pearl Jam,Ten
golf,Golf Cart Classics ⛳  .  .  . 🏌🏻‍♂️,https://open.spotify.com/playlist/31EobsTiqTAxNueWm6kUE1,Iron Man - 2012 - Remaster,Black Sabbath,Paranoid (Remaster)
golf,Golf Cart Classics ⛳  .  .  . 🏌🏻‍♂️,https://open.spotify.com/playlist/31EobsTiqTAxNueWm6kUE1,Sunshine Of Your Love,Cream,Disraeli Gears (Deluxe Edition)
golf,Golf Cart Classics ⛳  .  .  . 🏌🏻‍♂️,https://open.spotify.com/playlist/31EobsTiqTAxNueWm6kUE1,Sweet Emotion,Aerosmith,Toys In The Attic
golf,Golf Cart Classics ⛳  .  .  . 🏌🏻‍♂️,https://open.spotify.com/playlist/31EobsTiqTAxNueWm6kUE1,Bang a Gong (Get It On) - 2003 Remaster,T. Rex,Electric Warrior [Expanded & Remastered]
golf,Golf Cart Classics ⛳  .  .  . 🏌🏻‍♂️,https://open.spotify.com/playlist/31EobsTiqTAxNueWm6kUE1,Life in the Fast Lane - 2013 Remaster,Eagles,Hotel California (2013 Remaster)
golf,Golf Cart Classics ⛳  .  .  . 🏌🏻‍♂️,https://open.spotify.com/playlist/31EobsTiqTAxNueWm6kUE1,Magic Carpet Ride,Steppenwolf,The Second
golf,Golf Cart Classics ⛳  .  .  . 🏌🏻‍♂️,https://open.spotify.com/playlist/31EobsTiqTAxNueWm6kUE1,Everywhere - 2017 Remaster,Fleetwood Mac,Tango In the Night (Deluxe Edition)
golf,Golf Cart Classics ⛳  .  .  . 🏌🏻‍♂️,https://open.spotify.com/playlist/31EobsTiqTAxNueWm6kUE1,Peace of Mind,Boston,Boston
golf,Golf Cart Classics ⛳  .  .  . 🏌🏻‍♂️,https://open.spotify.com/playlist/31EobsTiqTAxNueWm6kUE1,Somebody To Love - Remastered 2011,Queen,A Day At The Races (Deluxe Remastered Version)
golf,Golf Cart Classics ⛳  .  .  . 🏌🏻‍♂️,https://open.spotify.com/playlist/31EobsTiqTAxNueWm6kUE1,Mississippi Queen,Mountain,Climbing!
golf,Golf Cart Classics ⛳  .  .  . 🏌🏻‍♂️,https://open.spotify.com/playlist/31EobsTiqTAxNueWm6kUE1,Old Time Rock & Roll,Bob Seger,Stranger In Town
golf,Golf Cart Classics ⛳  .  .  . 🏌🏻‍♂️,https://open.spotify.com/playlist/31EobsTiqTAxNueWm6kUE1,You Really Got Me,The Kinks,Kinks (Deluxe Edition)
golf,Golf Cart Classics ⛳  .  .  . 🏌🏻‍♂️,https://open.spotify.com/playlist/31EobsTiqTAxNueWm6kUE1,Long Train Runnin',The Doobie Brothers,The Captain and Me
golf,Golf Cart Classics ⛳  .  .  . 🏌🏻‍♂️,https://open.spotify.com/playlist/31EobsTiqTAxNueWm6kUE1,Comfortably Numb,Pink Floyd,The Wall
golf,Golf Cart Classics ⛳  .  .  . 🏌🏻‍♂️,https://open.spotify.com/playlist/31EobsTiqTAxNueWm6kUE1,Rebel Rebel - 2016 Remaster,David Bowie,Diamond Dogs (2016 Remaster)
golf,Golf Cart Classics ⛳  .  .  . 🏌🏻‍♂️,https://open.spotify.com/playlist/31EobsTiqTAxNueWm6kUE1,Learn to Fly,Foo Fighters,There Is Nothing Left To Lose
golf,Golf Cart Classics ⛳  .  .  . 🏌🏻‍♂️,https://open.spotify.com/playlist/31EobsTiqTAxNueWm6kUE1,Purple Haze,Jimi Hendrix,Are You Experienced
golf,Golf Cart Classics ⛳  .  .  . 🏌🏻‍♂️,https://open.spotify.com/playlist/31EobsTiqTAxNueWm6kUE1,My Sharona,The Knack,Get The Knack
golf,Golf Cart Classics ⛳  .  .  . 🏌🏻‍♂️,https://open.spotify.com/playlist/31EobsTiqTAxNueWm6kUE1,Sabotage,Beastie Boys,Ill Communication
golf,Golf Cart Classics ⛳  .  .  . 🏌🏻‍♂️,https://open.spotify.com/playlist/31EobsTiqTAxNueWm6kUE1,Roxanne,The Police,Outlandos D'Amour (Remastered 2003)
golf,Golf Cart Classics ⛳  .  .  . 🏌🏻‍♂️,https://open.spotify.com/playlist/31EobsTiqTAxNueWm6kUE1,"Girls, Girls, Girls",Mötley Crüe,"Girls, Girls, Girls (Deluxe Version)"
golf,Golf Cart Classics ⛳  .  .  . 🏌🏻‍♂️,https://open.spotify.com/playlist/31EobsTiqTAxNueWm6kUE1,Go Your Own Way - 2004 Remaster,Fleetwood Mac,Rumours
golf,Golf Cart Classics ⛳  .  .  . 🏌🏻‍♂️,https://open.spotify.com/playlist/31EobsTiqTAxNueWm6kUE1,Rock And Roll All Nite,KISS,Dressed To Kill
golf,Golf Cart Classics ⛳  .  .  . 🏌🏻‍♂️,https://open.spotify.com/playlist/31EobsTiqTAxNueWm6kUE1,Crazy On You,Heart,Dreamboat Annie
golf,Golf Cart Classics ⛳  .  .  . 🏌🏻‍♂️,https://open.spotify.com/playlist/31EobsTiqTAxNueWm6kUE1,Pour Some Sugar On Me - Remastered 2017,Def Leppard,Hysteria (Super Deluxe)
golf,Golf Cart Classics ⛳  .  .  . 🏌🏻‍♂️,https://open.spotify.com/playlist/31EobsTiqTAxNueWm6kUE1,Walk On the Wild Side,Lou Reed,Transformer
golf,Golf Cart Classics ⛳  .  .  . 🏌🏻‍♂️,https://open.spotify.com/playlist/31EobsTiqTAxNueWm6kUE1,I Wanna Rock,Twisted Sister,Stay Hungry
golf,Golf Cart Classics ⛳  .  .  . 🏌🏻‍♂️,https://open.spotify.com/playlist/31EobsTiqTAxNueWm6kUE1,Panama - 2015 Remaster,Van Halen,1984 (Remastered)
golf,Golf Cart Classics ⛳  .  .  . 🏌🏻‍♂️,https://open.spotify.com/playlist/31EobsTiqTAxNueWm6kUE1,American Pie,Don McLean,American Pie
golf,Golf Cart Classics ⛳  .  .  . 🏌🏻‍♂️,https://open.spotify.com/playlist/31EobsTiqTAxNueWm6kUE1,Bullet With Butterfly Wings - Remastered 2012,The Smashing Pumpkins,Mellon Collie And The Infinite Sadness (Deluxe Edition)
golf,Golf Cart Classics ⛳  .  .  . 🏌🏻‍♂️,https://open.spotify.com/playlist/31EobsTiqTAxNueWm6kUE1,Baba O'Riley,The Who,Who's Next (Deluxe Edition)
golf,Golf Cart Classics ⛳  .  .  . 🏌🏻‍♂️,https://open.spotify.com/playlist/31EobsTiqTAxNueWm6kUE1,Give It Away,Red Hot Chili Peppers,Blood Sugar Sex Magik (Deluxe Edition)
golf,Golf Cart Classics ⛳  .  .  . 🏌🏻‍♂️,https://open.spotify.com/playlist/31EobsTiqTAxNueWm6kUE1,Free Fallin',Tom Petty,Full Moon Fever
golf,Golf Cart Classics ⛳  .  .  . 🏌🏻‍♂️,https://open.spotify.com/playlist/31EobsTiqTAxNueWm6kUE1,Piece of My Heart,"Big Brother & The Holding Company, Janis Joplin",Cheap Thrills
golf,Golf Cart Classics ⛳  .  .  . 🏌🏻‍♂️,https://open.spotify.com/playlist/31EobsTiqTAxNueWm6kUE1,Here I Go Again - 2018 Remaster,Whitesnake,Whitesnake (2018 Remaster)
golf,Golf Cart Classics ⛳  .  .  . 🏌🏻‍♂️,https://open.spotify.com/playlist/31EobsTiqTAxNueWm6kUE1,Hey Joe,Jimi Hendrix,Are You Experienced
golf,Golf Cart Classics ⛳  .  .  . 🏌🏻‍♂️,https://open.spotify.com/playlist/31EobsTiqTAxNueWm6kUE1,The Best,Tina Turner,Foreign Affair
golf,Golf Cart Classics ⛳  .  .  . 🏌🏻‍♂️,https://open.spotify.com/playlist/31EobsTiqTAxNueWm6kUE1,Back on the Chain Gang - 2007 Remaster,Pretenders,Learning to Crawl (Expanded & Remastered)
golf,Golf Cart Classics ⛳  .  .  . 🏌🏻‍♂️,https://open.spotify.com/playlist/31EobsTiqTAxNueWm6kUE1,Breaking the Law,Judas Priest,British Steel
golf,Golf Cart Classics ⛳  .  .  . 🏌🏻‍♂️,https://open.spotify.com/playlist/31EobsTiqTAxNueWm6kUE1,Jane Says,Jane's Addiction,Nothing's Shocking
golf,Golf Cart Classics ⛳  .  .  . 🏌🏻‍♂️,https://open.spotify.com/playlist/31EobsTiqTAxNueWm6kUE1,Good Times Roll - 2016 Remaster,The Cars,The Elektra Years 1978 - 1987
golf,Golf Cart Classics ⛳  .  .  . 🏌🏻‍♂️,https://open.spotify.com/playlist/31EobsTiqTAxNueWm6kUE1,Born in the U.S.A.,Bruce Springsteen,Born In The U.S.A.
golf,Golf Cart Classics ⛳  .  .  . 🏌🏻‍♂️,https://open.spotify.com/playlist/31EobsTiqTAxNueWm6kUE1,No Rain,Blind Melon,Blind Melon
golf,Golf Cart Classics ⛳  .  .  . 🏌🏻‍♂️,https://open.spotify.com/playlist/31EobsTiqTAxNueWm6kUE1,Money,Pink Floyd,The Dark Side of the Moon
golf,Golf Cart Classics ⛳  .  .  . 🏌🏻‍♂️,https://open.spotify.com/playlist/31EobsTiqTAxNueWm6kUE1,Wish You Were Here,Pink Floyd,Wish You Were Here
golf,Golf Cart Classics ⛳  .  .  . 🏌🏻‍♂️,https://open.spotify.com/playlist/31EobsTiqTAxNueWm6kUE1,The Joker,Steve Miller Band,The Joker
golf,Golf Cart Classics ⛳  .  .  . 🏌🏻‍♂️,https://open.spotify.com/playlist/31EobsTiqTAxNueWm6kUE1,Hit Me With Your Best Shot,Pat Benatar,Crimes Of Passion
golf,Golf Cart Classics ⛳  .  .  . 🏌🏻‍♂️,https://open.spotify.com/playlist/31EobsTiqTAxNueWm6kUE1,Surrender,Cheap Trick,The Essential Cheap Trick
golf,Golf Cart Classics ⛳  .  .  . 🏌🏻‍♂️,https://open.spotify.com/playlist/31EobsTiqTAxNueWm6kUE1,Highway to Hell,AC/DC,Highway to Hell
golf,Golf Cart Classics ⛳  .  .  . 🏌🏻‍♂️,https://open.spotify.com/playlist/31EobsTiqTAxNueWm6kUE1,Born to Run,Bruce Springsteen,Born To Run
golf,Golf Cart Classics ⛳  .  .  . 🏌🏻‍♂️,https://open.spotify.com/playlist/31EobsTiqTAxNueWm6kUE1,Augusta (The Masters Theme),John Story,Augusta (The Masters Theme)
tennis,🎾TENNIS PLAYLIST 2025🎾,https://open.spotify.com/playlist/6b7UlxP9GKCTDdW8IH2GIH,Hall of Fame (feat. will.i.am),"The Script, will.i.am",#3
tennis,🎾TENNIS PLAYLIST 2025🎾,https://open.spotify.com/playlist/6b7UlxP9GKCTDdW8IH2GIH,SICKO MODE,Travis Scott,ASTROWORLD
tennis,🎾TENNIS PLAYLIST 2025🎾,https://open.spotify.com/playlist/6b7UlxP9GKCTDdW8IH2GIH,goosebumps,Travis Scott,Birds In The Trap Sing McKnight
tennis,🎾TENNIS PLAYLIST 2025🎾,https://open.spotify.com/playlist/6b7UlxP9GKCTDdW8IH2GIH,Bitch Better Have My Money,Rihanna,Bitch Better Have My Money
tennis,🎾TENNIS PLAYLIST 2025🎾,https://open.spotify.com/playlist/6b7UlxP9GKCTDdW8IH2GIH,Killmonger,Ludwig Göransson,Black Panther (Original Score)
tennis,🎾TENNIS PLAYLIST 2025🎾,https://open.spotify.com/playlist/6b7UlxP9GKCTDdW8IH2GIH,What it Takes,Aaryn Doyle,Camp Rock
tennis,🎾TENNIS PLAYLIST 2025🎾,https://open.spotify.com/playlist/6b7UlxP9GKCTDdW8IH2GIH,"It's On - From ""Camp Rock 2: The Final Jam""","Demi Lovato, Jordan Francis, Meaghan Martin, Alyson Stoner, Matthew ""Mdot"" Finley, Roshon Fegan",Camp Rock 2: The Final Jam
tennis,🎾TENNIS PLAYLIST 2025🎾,https://open.spotify.com/playlist/6b7UlxP9GKCTDdW8IH2GIH,Can You Hear Me Now,Flau'jae,Can You Hear Me Now
tennis,🎾TENNIS PLAYLIST 2025🎾,https://open.spotify.com/playlist/6b7UlxP9GKCTDdW8IH2GIH,Breathin',Alec Chambers,Covers
tennis,🎾TENNIS PLAYLIST 2025🎾,https://open.spotify.com/playlist/6b7UlxP9GKCTDdW8IH2GIH,HUMBLE.,Kendrick Lamar,DAMN.
tennis,🎾TENNIS PLAYLIST 2025🎾,https://open.spotify.com/playlist/6b7UlxP9GKCTDdW8IH2GIH,Everyday,"Ariana Grande, Future",Dangerous Woman
tennis,🎾TENNIS PLAYLIST 2025🎾,https://open.spotify.com/playlist/6b7UlxP9GKCTDdW8IH2GIH,Queen of Mean,"Sarah Jeffery, Disney",Descendants 3 (Original TV Movie Soundtrack)
tennis,🎾TENNIS PLAYLIST 2025🎾,https://open.spotify.com/playlist/6b7UlxP9GKCTDdW8IH2GIH,COPYCAT,Billie Eilish,dont smile at me
tennis,🎾TENNIS PLAYLIST 2025🎾,https://open.spotify.com/playlist/6b7UlxP9GKCTDdW8IH2GIH,Imma Be,Black Eyed Peas,THE E.N.D. (THE ENERGY NEVER DIES)
tennis,🎾TENNIS PLAYLIST 2025🎾,https://open.spotify.com/playlist/6b7UlxP9GKCTDdW8IH2GIH,Bring Me To Life,Evanescence,Fallen
tennis,🎾TENNIS PLAYLIST 2025🎾,https://open.spotify.com/playlist/6b7UlxP9GKCTDdW8IH2GIH,First Place,Larray,First Place
tennis,🎾TENNIS PLAYLIST 2025🎾,https://open.spotify.com/playlist/6b7UlxP9GKCTDdW8IH2GIH,I'm the Greatest Star (Glee Cast Version),Glee Cast,"Glee: The Music, Opening Night"
tennis,🎾TENNIS PLAYLIST 2025🎾,https://open.spotify.com/playlist/6b7UlxP9GKCTDdW8IH2GIH,"The Best of Both Worlds - From ""Hannah Montana""/Soundtrack Version",Hannah Montana,Hannah Montana
tennis,🎾TENNIS PLAYLIST 2025🎾,https://open.spotify.com/playlist/6b7UlxP9GKCTDdW8IH2GIH,I'm Goin In,"Drake, Lil Wayne, Jeezy",I'm Goin In
tennis,🎾TENNIS PLAYLIST 2025🎾,https://open.spotify.com/playlist/6b7UlxP9GKCTDdW8IH2GIH,Don't Stop Me Now - Remastered 2011,Queen,Jazz (Deluxe Remastered Version)
tennis,🎾TENNIS PLAYLIST 2025🎾,https://open.spotify.com/playlist/6b7UlxP9GKCTDdW8IH2GIH,"When Will My Life Begin? - From ""Tangled"" / Soundtrack Version",Mandy Moore,Tangled
tennis,🎾TENNIS PLAYLIST 2025🎾,https://open.spotify.com/playlist/6b7UlxP9GKCTDdW8IH2GIH,Unwritten,Natasha Bedingfield,Unwritten
tennis,🎾TENNIS PLAYLIST 2025🎾,https://open.spotify.com/playlist/6b7UlxP9GKCTDdW8IH2GIH,you should see me in a crown,Billie Eilish,"WHEN WE ALL FALL ASLEEP, WHERE DO WE GO?"
tennis,🎾TENNIS PLAYLIST 2025🎾,https://open.spotify.com/playlist/6b7UlxP9GKCTDdW8IH2GIH,We Are The Champions - Remastered 2011,Queen,News Of The World (Deluxe Remastered Version)
tennis,🎾TENNIS PLAYLIST 2025🎾,https://open.spotify.com/playlist/6b7UlxP9GKCTDdW8IH2GIH,The Climb,Miley Cyrus,Hannah Montana The Movie
tennis,🎾TENNIS PLAYLIST 2025🎾,https://open.spotify.com/playlist/6b7UlxP9GKCTDdW8IH2GIH,Soldier,"Fleurie, Tommee Profitt",Love and War
tennis,🎾TENNIS PLAYLIST 2025🎾,https://open.spotify.com/playlist/6b7UlxP9GKCTDdW8IH2GIH,Sports,Beach Bunny,Sports
tennis,🎾TENNIS PLAYLIST 2025🎾,https://open.spotify.com/playlist/6b7UlxP9GKCTDdW8IH2GIH,Tennis Court,Lorde,Pure Heroine
tennis,🎾TENNIS PLAYLIST 2025🎾,https://open.spotify.com/playlist/6b7UlxP9GKCTDdW8IH2GIH,Make It Shine (Victorious Theme) (feat. Victoria Justice),"Victorious Cast, Victoria Justice",Victorious: Music From The Hit TV Show (feat. Victoria Justice)
tennis,🎾TENNIS PLAYLIST 2025🎾,https://open.spotify.com/playlist/6b7UlxP9GKCTDdW8IH2GIH,Mother's Daughter,Miley Cyrus,SHE IS COMING
tennis,🎾TENNIS PLAYLIST 2025🎾,https://open.spotify.com/playlist/6b7UlxP9GKCTDdW8IH2GIH,Pray For Me (with Kendrick Lamar),"The Weeknd, Kendrick Lamar",Pray For Me (with Kendrick Lamar)
tennis,🎾TENNIS PLAYLIST 2025🎾,https://open.spotify.com/playlist/6b7UlxP9GKCTDdW8IH2GIH,"Reflection - From ""Mulan"" / Soundtrack Version","Lea Salonga, Disney",Disney's Greatest Volume 1
tennis,🎾TENNIS PLAYLIST 2025🎾,https://open.spotify.com/playlist/6b7UlxP9GKCTDdW8IH2GIH,Exceptional,China Anne McClain,A.N.T. Farm (Original Soundtrack)
tennis,🎾TENNIS PLAYLIST 2025🎾,https://open.spotify.com/playlist/6b7UlxP9GKCTDdW8IH2GIH,So Good,Dove Cameron,So Good
tennis,🎾TENNIS PLAYLIST 2025🎾,https://open.spotify.com/playlist/6b7UlxP9GKCTDdW8IH2GIH,"Don't You Worry 'Bout A Thing - Acoustic Version / From ""Sing"" Original Motion Picture Soundtrack",Tori Kelly,Sing (Original Motion Picture Soundtrack / Deluxe)
tennis,🎾TENNIS PLAYLIST 2025🎾,https://open.spotify.com/playlist/6b7UlxP9GKCTDdW8IH2GIH,Never Really Over,Katy Perry,Never Really Over
tennis,🎾TENNIS PLAYLIST 2025🎾,https://open.spotify.com/playlist/6b7UlxP9GKCTDdW8IH2GIH,Dynamite,China Anne McClain,A.N.T. Farm (Original Soundtrack)
tennis,🎾TENNIS PLAYLIST 2025🎾,https://open.spotify.com/playlist/6b7UlxP9GKCTDdW8IH2GIH,Rise,"Jonas Blue, Jack & Jack",Blue
tennis,🎾TENNIS PLAYLIST 2025🎾,https://open.spotify.com/playlist/6b7UlxP9GKCTDdW8IH2GIH,Never Seen the Rain,Tones And I,Never Seen the Rain
tennis,🎾TENNIS PLAYLIST 2025🎾,https://open.spotify.com/playlist/6b7UlxP9GKCTDdW8IH2GIH,7 rings,Ariana Grande,7 rings
tennis,🎾TENNIS PLAYLIST 2025🎾,https://open.spotify.com/playlist/6b7UlxP9GKCTDdW8IH2GIH,Cool,Jonas Brothers,Happiness Begins
tennis,🎾TENNIS PLAYLIST 2025🎾,https://open.spotify.com/playlist/6b7UlxP9GKCTDdW8IH2GIH,Bodak Yellow,Cardi B,Invasion of Privacy
tennis,🎾TENNIS PLAYLIST 2025🎾,https://open.spotify.com/playlist/6b7UlxP9GKCTDdW8IH2GIH,Rotten to the Core,"Dove Cameron, Cameron Boyce, Booboo Stewart, Sofia Carson, Disney",Descendants (Original TV Movie Soundtrack)
tennis,🎾TENNIS PLAYLIST 2025🎾,https://open.spotify.com/playlist/6b7UlxP9GKCTDdW8IH2GIH,What's My Name,"China Anne McClain, Thomas Doherty, Dylan Playfair, Disney",Descendants 2 (Original TV Movie Soundtrack)
tennis,🎾TENNIS PLAYLIST 2025🎾,https://open.spotify.com/playlist/6b7UlxP9GKCTDdW8IH2GIH,Titanium (feat. Sia),"David Guetta, Sia",Nothing but the Beat
tennis,🎾TENNIS PLAYLIST 2025🎾,https://open.spotify.com/playlist/6b7UlxP9GKCTDdW8IH2GIH,"Good to Be Bad - From ""Descendants 3""","Dove Cameron, Sofia Carson, Booboo Stewart, Cameron Boyce, Jadah Marie, Anna Cathcart, Disney","Good to Be Bad (From ""Descendants 3"")"
tennis,🎾TENNIS PLAYLIST 2025🎾,https://open.spotify.com/playlist/6b7UlxP9GKCTDdW8IH2GIH,There's Nothing Holdin' Me Back,Shawn Mendes,Illuminate (Deluxe)
tennis,🎾TENNIS PLAYLIST 2025🎾,https://open.spotify.com/playlist/6b7UlxP9GKCTDdW8IH2GIH,Castle - The Huntsman: Winter’s War Version,Halsey,Castle (The Huntsman: Winter’s War Version)
tennis,🎾TENNIS PLAYLIST 2025🎾,https://open.spotify.com/playlist/6b7UlxP9GKCTDdW8IH2GIH,"Determinate - From ""Lemonade Mouth""","Adam Hicks, Bridgit Mendler, Naomi Scott, Hayley Kiyoko",Lemonade Mouth
tennis,🎾TENNIS PLAYLIST 2025🎾,https://open.spotify.com/playlist/6b7UlxP9GKCTDdW8IH2GIH,Work,"Rihanna, Drake",ANTI
tennis,🎾TENNIS PLAYLIST 2025🎾,https://open.spotify.com/playlist/6b7UlxP9GKCTDdW8IH2GIH,Girl on Fire,Alicia Keys,Girl on Fire (Remixes) - EP
tennis,🎾TENNIS PLAYLIST 2025🎾,https://open.spotify.com/playlist/6b7UlxP9GKCTDdW8IH2GIH,Firework,Katy Perry,Teenage Dream
tennis,🎾TENNIS PLAYLIST 2025🎾,https://open.spotify.com/playlist/6b7UlxP9GKCTDdW8IH2GIH,"Let It Go - From ""Frozen""/Soundtrack Version",Idina Menzel,Frozen (Original Motion Picture Soundtrack / Deluxe Edition)
tennis,🎾TENNIS PLAYLIST 2025🎾,https://open.spotify.com/playlist/6b7UlxP9GKCTDdW8IH2GIH,So What,P!nk,Funhouse
tennis,🎾TENNIS PLAYLIST 2025🎾,https://open.spotify.com/playlist/6b7UlxP9GKCTDdW8IH2GIH,Good as Hell (feat. Ariana Grande) - Remix,"Lizzo, Ariana Grande",Good as Hell (feat. Ariana Grande) [Remix]
tennis,🎾TENNIS PLAYLIST 2025🎾,https://open.spotify.com/playlist/6b7UlxP9GKCTDdW8IH2GIH,"Hey Look Ma, I Made It",Panic! At The Disco,Pray for the Wicked
tennis,🎾TENNIS PLAYLIST 2025🎾,https://open.spotify.com/playlist/6b7UlxP9GKCTDdW8IH2GIH,Finding My Way Back,Jaheim,Another Round
tennis,🎾TENNIS PLAYLIST 2025🎾,https://open.spotify.com/playlist/6b7UlxP9GKCTDdW8IH2GIH,"Back to Life - from ""Bumblebee""",Hailee Steinfeld,"Back to Life (from ""Bumblebee"")"
tennis,🎾TENNIS PLAYLIST 2025🎾,https://open.spotify.com/playlist/6b7UlxP9GKCTDdW8IH2GIH,Diamonds,Rihanna,Unapologetic (Deluxe)
tennis,🎾TENNIS PLAYLIST 2025🎾,https://open.spotify.com/playlist/6b7UlxP9GKCTDdW8IH2GIH,"Hang In There Baby - From ""Good Luck Charlie""",Bridgit Mendler,Make Your Mark: Ultimate Playlist
tennis,🎾TENNIS PLAYLIST 2025🎾,https://open.spotify.com/playlist/6b7UlxP9GKCTDdW8IH2GIH,"Take On the World - Theme Song From ""Girl Meets World""","Rowan Blanchard, Sabrina Carpenter","Take On the World (Theme Song From ""Girl Meets World"")"
tennis,🎾TENNIS PLAYLIST 2025🎾,https://open.spotify.com/playlist/6b7UlxP9GKCTDdW8IH2GIH,Me Too,Meghan Trainor,Thank You (Deluxe Version)
tennis,🎾TENNIS PLAYLIST 2025🎾,https://open.spotify.com/playlist/6b7UlxP9GKCTDdW8IH2GIH,How Far I'll Go,"Auli'i Cravalho, Disney",Moana (Original Motion Picture Soundtrack/Deluxe Edition)
tennis,🎾TENNIS PLAYLIST 2025🎾,https://open.spotify.com/playlist/6b7UlxP9GKCTDdW8IH2GIH,No Guidance (feat. Drake),"Chris Brown, Drake",Indigo
tennis,🎾TENNIS PLAYLIST 2025🎾,https://open.spotify.com/playlist/6b7UlxP9GKCTDdW8IH2GIH,Centuries,Fall Out Boy,American Beauty/American Psycho
tennis,🎾TENNIS PLAYLIST 2025🎾,https://open.spotify.com/playlist/6b7UlxP9GKCTDdW8IH2GIH,Neon Lights,Demi Lovato,Demi
tennis,🎾TENNIS PLAYLIST 2025🎾,https://open.spotify.com/playlist/6b7UlxP9GKCTDdW8IH2GIH,Look At Her Now,Selena Gomez,Look At Her Now
tennis,🎾TENNIS PLAYLIST 2025🎾,https://open.spotify.com/playlist/6b7UlxP9GKCTDdW8IH2GIH,24K Magic,Bruno Mars,24K Magic
tennis,🎾TENNIS PLAYLIST 2025🎾,https://open.spotify.com/playlist/6b7UlxP9GKCTDdW8IH2GIH,I Gotta Feeling,Black Eyed Peas,THE E.N.D. (THE ENERGY NEVER DIES) [Deluxe Version]
tennis,🎾TENNIS PLAYLIST 2025🎾,https://open.spotify.com/playlist/6b7UlxP9GKCTDdW8IH2GIH,Work,"Rihanna, Drake",ANTI (Deluxe)
tennis,🎾TENNIS PLAYLIST 2025🎾,https://open.spotify.com/playlist/6b7UlxP9GKCTDdW8IH2GIH,Better,Khalid,Suncity
tennis,🎾TENNIS PLAYLIST 2025🎾,https://open.spotify.com/playlist/6b7UlxP9GKCTDdW8IH2GIH,Motivation,"Kelly Rowland, Lil Wayne",Here I Am (Deluxe Version)
tennis,🎾TENNIS PLAYLIST 2025🎾,https://open.spotify.com/playlist/6b7UlxP9GKCTDdW8IH2GIH,Bandit (with YoungBoy Never Broke Again),"Juice WRLD, YoungBoy Never Broke Again",Bandit (with YoungBoy Never Broke Again)
tennis,🎾TENNIS PLAYLIST 2025🎾,https://open.spotify.com/playlist/6b7UlxP9GKCTDdW8IH2GIH,No Idea,Don Toliver,No Idea
tennis,🎾TENNIS PLAYLIST 2025🎾,https://open.spotify.com/playlist/6b7UlxP9GKCTDdW8IH2GIH,Formation,Beyoncé,Lemonade
tennis,🎾TENNIS PLAYLIST 2025🎾,https://open.spotify.com/playlist/6b7UlxP9GKCTDdW8IH2GIH,Radioactive,Imagine Dragons,Night Visions
tennis,🎾TENNIS PLAYLIST 2025🎾,https://open.spotify.com/playlist/6b7UlxP9GKCTDdW8IH2GIH,breathin,Ariana Grande,Sweetener
tennis,🎾TENNIS PLAYLIST 2025🎾,https://open.spotify.com/playlist/6b7UlxP9GKCTDdW8IH2GIH,Diamonds,Rihanna,Unapologetic (Deluxe)
tennis,🎾TENNIS PLAYLIST 2025🎾,https://open.spotify.com/playlist/6b7UlxP9GKCTDdW8IH2GIH,Tell Me Something I Don't Know - Soundtrack,Selena Gomez,Another Cinderella Story (Original Motion Picture Soundtrack)
tennis,🎾TENNIS PLAYLIST 2025🎾,https://open.spotify.com/playlist/6b7UlxP9GKCTDdW8IH2GIH,Money Way,"J.Price, Lil Tay",Money Way
tennis,🎾TENNIS PLAYLIST 2025🎾,https://open.spotify.com/playlist/6b7UlxP9GKCTDdW8IH2GIH,"Listen (From the Motion Picture ""Dreamgirls"")",Beyoncé,B'Day Deluxe Edition
tennis,🎾TENNIS PLAYLIST 2025🎾,https://open.spotify.com/playlist/6b7UlxP9GKCTDdW8IH2GIH,"Brand New Day - From ""Camp Rock 2: The Final Jam""",Demi Lovato,Camp Rock 2: The Final Jam
tennis,🎾TENNIS PLAYLIST 2025🎾,https://open.spotify.com/playlist/6b7UlxP9GKCTDdW8IH2GIH,Into the Unknown,"Idina Menzel, AURORA",Frozen 2 (Original Motion Picture Soundtrack/Deluxe Edition)
tennis,🎾TENNIS PLAYLIST 2025🎾,https://open.spotify.com/playlist/6b7UlxP9GKCTDdW8IH2GIH,Get'cha Head In The Game,Troy,High School Musical Original Soundtrack
tennis,🎾TENNIS PLAYLIST 2025🎾,https://open.spotify.com/playlist/6b7UlxP9GKCTDdW8IH2GIH,"I See the Light - From ""Tangled"" / Soundtrack Version","Mandy Moore, Zachary Levi",Tangled
tennis,🎾TENNIS PLAYLIST 2025🎾,https://open.spotify.com/playlist/6b7UlxP9GKCTDdW8IH2GIH,How Far I'll Go,"Auli'i Cravalho, Disney",Vaiana (English Version/Original Motion Picture Soundtrack/Deluxe Edition)
tennis,🎾TENNIS PLAYLIST 2025🎾,https://open.spotify.com/playlist/6b7UlxP9GKCTDdW8IH2GIH,Hakuna Matata,"Nathan Lane, Ernie Sabella, Jason Weaver, Joseph Williams",The Lion King
tennis,🎾TENNIS PLAYLIST 2025🎾,https://open.spotify.com/playlist/6b7UlxP9GKCTDdW8IH2GIH,Speechless (Full),Naomi Scott,Aladdin (Original Motion Picture Soundtrack)
tennis,🎾TENNIS PLAYLIST 2025🎾,https://open.spotify.com/playlist/6b7UlxP9GKCTDdW8IH2GIH,Ooh Ahh (My Life Be Like) (feat. Toby Mac),"Grits, TobyMac",The Art of Translation
tennis,🎾TENNIS PLAYLIST 2025🎾,https://open.spotify.com/playlist/6b7UlxP9GKCTDdW8IH2GIH,Warrior,Demi Lovato,Demi
tennis,🎾TENNIS PLAYLIST 2025🎾,https://open.spotify.com/playlist/6b7UlxP9GKCTDdW8IH2GIH,"Dig a Little Deeper - From ""The Princess and the Frog""/Soundtrack Version","Jenifer Lewis, The Pinnacle Gospel Choir",The Princess and the Frog
tennis,🎾TENNIS PLAYLIST 2025🎾,https://open.spotify.com/playlist/6b7UlxP9GKCTDdW8IH2GIH,okay,"LANY, Julia Michaels",okay
tennis,🎾TENNIS PLAYLIST 2025🎾,https://open.spotify.com/playlist/6b7UlxP9GKCTDdW8IH2GIH,This Is How We Do,Katy Perry,PRISM (Deluxe)
tennis,🎾TENNIS PLAYLIST 2025🎾,https://open.spotify.com/playlist/6b7UlxP9GKCTDdW8IH2GIH,Why Dey Hatin,Flau'jae,Why Dey Hatin
tennis,🎾TENNIS PLAYLIST 2025🎾,https://open.spotify.com/playlist/6b7UlxP9GKCTDdW8IH2GIH,Swalla (feat. Nicki Minaj & Ty Dolla $ign),"Jason Derulo, Nicki Minaj, Ty Dolla $ign",Swalla (feat. Nicki Minaj & Ty Dolla $ign)
tennis,🎾TENNIS PLAYLIST 2025🎾,https://open.spotify.com/playlist/6b7UlxP9GKCTDdW8IH2GIH,We Can't Stop,Miley Cyrus,Bangerz (Deluxe Version)
tennis,🎾TENNIS PLAYLIST 2025🎾,https://open.spotify.com/playlist/6b7UlxP9GKCTDdW8IH2GIH,Sunday Best,Surfaces,Where the Light Is
tennis,🎾TENNIS PLAYLIST 2025🎾,https://open.spotify.com/playlist/6b7UlxP9GKCTDdW8IH2GIH,This Moment Now,Tyrone Wells,Beautiful World
tennis,🎾TENNIS PLAYLIST 2025🎾,https://open.spotify.com/playlist/6b7UlxP9GKCTDdW8IH2GIH,"Almost There - From ""The Princess and the Frog"" / Soundtrack Version",Anika Noni Rose,The Princess and the Frog: Tiana and Her Princess Friends
tennis,🎾TENNIS PLAYLIST 2025🎾,https://open.spotify.com/playlist/6b7UlxP9GKCTDdW8IH2GIH,Fight Song,Rachel Platten,Wildfire
tennis,🎾TENNIS PLAYLIST 2025🎾,https://open.spotify.com/playlist/6b7UlxP9GKCTDdW8IH2GIH,Congratulations,"Post Malone, Quavo",Stoney (Deluxe)
tennis,🎾TENNIS PLAYLIST 2025🎾,https://open.spotify.com/playlist/6b7UlxP9GKCTDdW8IH2GIH,A Dream Is a Wish Your Heart Makes,Lily James,Cinderella (Original Motion Picture Soundtrack)
tennis,🎾TENNIS PLAYLIST 2025🎾,https://open.spotify.com/playlist/6b7UlxP9GKCTDdW8IH2GIH,"I Got Nerve - From ""Hannah Montana""/Soundtrack Version",Hannah Montana,Hannah Montana
tennis,🎾TENNIS PLAYLIST 2025🎾,https://open.spotify.com/playlist/6b7UlxP9GKCTDdW8IH2GIH,Don't Start Now,Dua Lipa,Don't Start Now
tennis,🎾TENNIS PLAYLIST 2025🎾,https://open.spotify.com/playlist/6b7UlxP9GKCTDdW8IH2GIH,Part Of Your World,Jodi Benson,Disney Princesses
tennis,🎾TENNIS PLAYLIST 2025🎾,https://open.spotify.com/playlist/6b7UlxP9GKCTDdW8IH2GIH,"Defying Gravity - From ""Wicked"" Original Broadway Cast Recording/2003","Stephen Schwartz, Kristin Chenoweth, Idina Menzel, Stephen Oremus",Wicked
tennis,🎾TENNIS PLAYLIST 2025🎾,https://open.spotify.com/playlist/6b7UlxP9GKCTDdW8IH2GIH,Applause,Lady Gaga,ARTPOP
tennis,🎾TENNIS PLAYLIST 2025🎾,https://open.spotify.com/playlist/6b7UlxP9GKCTDdW8IH2GIH,Star In Your Own Life (Remix),Nia Sioux,Star In Your Own Life (Remix)
tennis,🎾TENNIS PLAYLIST 2025🎾,https://open.spotify.com/playlist/6b7UlxP9GKCTDdW8IH2GIH,Unstoppable,Rakefire,Renegades
tennis,🎾TENNIS PLAYLIST 2025🎾,https://open.spotify.com/playlist/6b7UlxP9GKCTDdW8IH2GIH,Therefore I Am,Billie Eilish,Therefore I Am
tennis,🎾TENNIS PLAYLIST 2025🎾,https://open.spotify.com/playlist/6b7UlxP9GKCTDdW8IH2GIH,Get Down,"SIX, Genesis Lynea",Six: The Musical (Studio Cast Recording)
tennis,🎾TENNIS PLAYLIST 2025🎾,https://open.spotify.com/playlist/6b7UlxP9GKCTDdW8IH2GIH,Blood // Water,grandson,a modern tragedy vol. 1
tennis,🎾TENNIS PLAYLIST 2025🎾,https://open.spotify.com/playlist/6b7UlxP9GKCTDdW8IH2GIH,Maybe This Time (Glee Cast Version) (feat. Kristin Chenoweth),"Glee Cast, Kristin Chenoweth","Glee: The Music, Volume 1"
tennis,🎾TENNIS PLAYLIST 2025🎾,https://open.spotify.com/playlist/6b7UlxP9GKCTDdW8IH2GIH,Take A Bow,Glee Cast,"Glee: The Music, Volume 1"
tennis,🎾TENNIS PLAYLIST 2025🎾,https://open.spotify.com/playlist/6b7UlxP9GKCTDdW8IH2GIH,Burn,Ellie Goulding,Halcyon Days
tennis,🎾TENNIS PLAYLIST 2025🎾,https://open.spotify.com/playlist/6b7UlxP9GKCTDdW8IH2GIH,It's Everyday Bro,"Jake Paul, Team 10",It's Everyday Bro
tennis,🎾TENNIS PLAYLIST 2025🎾,https://open.spotify.com/playlist/6b7UlxP9GKCTDdW8IH2GIH,EXHALE (feat. Sia),"kenzie, Sia",EXHALE (feat. Sia)
tennis,🎾TENNIS PLAYLIST 2025🎾,https://open.spotify.com/playlist/6b7UlxP9GKCTDdW8IH2GIH,We Will Rock You - Remastered 2011,Queen,News Of The World (2011 Remaster)
tennis,🎾TENNIS PLAYLIST 2025🎾,https://open.spotify.com/playlist/6b7UlxP9GKCTDdW8IH2GIH,Skip Rope,Tweenchronic,Skip Rope
tennis,🎾TENNIS PLAYLIST 2025🎾,https://open.spotify.com/playlist/6b7UlxP9GKCTDdW8IH2GIH,Boss Bitch,Doja Cat,Boss Bitch
tennis,🎾TENNIS PLAYLIST 2025🎾,https://open.spotify.com/playlist/6b7UlxP9GKCTDdW8IH2GIH,Bulletproof,La Roux,La Roux
tennis,🎾TENNIS PLAYLIST 2025🎾,https://open.spotify.com/playlist/6b7UlxP9GKCTDdW8IH2GIH,We on Top (feat. Shari Short),"Photronique, Shari Short",Superpop (Us Against the World)
tennis,🎾TENNIS PLAYLIST 2025🎾,https://open.spotify.com/playlist/6b7UlxP9GKCTDdW8IH2GIH,Turn It Around,Lucius,Wildewoman (Extended Edition)
tennis,🎾TENNIS PLAYLIST 2025🎾,https://open.spotify.com/playlist/6b7UlxP9GKCTDdW8IH2GIH,Breathe,Alexx Calise,Breathe
tennis,🎾TENNIS PLAYLIST 2025🎾,https://open.spotify.com/playlist/6b7UlxP9GKCTDdW8IH2GIH,Feeling Myself,"Nicki Minaj, Beyoncé",The Pinkprint (Deluxe)
tennis,🎾TENNIS PLAYLIST 2025🎾,https://open.spotify.com/playlist/6b7UlxP9GKCTDdW8IH2GIH,Everybody Wants To Rule The World - From “The Hunger Games: Catching Fire” Soundtrack,Lorde,The Hunger Games: Catching Fire (Original Motion Picture Soundtrack / Deluxe Version)
tennis,🎾TENNIS PLAYLIST 2025🎾,https://open.spotify.com/playlist/6b7UlxP9GKCTDdW8IH2GIH,Sorry Not Sorry,Demi Lovato,Tell Me You Love Me (Deluxe)
tennis,🎾TENNIS PLAYLIST 2025🎾,https://open.spotify.com/playlist/6b7UlxP9GKCTDdW8IH2GIH,Last One Standing,Photronique,Superpop (Girls Rule)
tennis,🎾TENNIS PLAYLIST 2025🎾,https://open.spotify.com/playlist/6b7UlxP9GKCTDdW8IH2GIH,Castles - Acoustic,Freya Ridings,Castles (Acoustic)
tennis,🎾TENNIS PLAYLIST 2025🎾,https://open.spotify.com/playlist/6b7UlxP9GKCTDdW8IH2GIH,Keep Yourself Alive,Queen,At The BBC
tennis,🎾TENNIS PLAYLIST 2025🎾,https://open.spotify.com/playlist/6b7UlxP9GKCTDdW8IH2GIH,Ransom (with Juice WRLD) - Remix,"Lil Tecca, Juice WRLD",We Love You Tecca
tennis,🎾TENNIS PLAYLIST 2025🎾,https://open.spotify.com/playlist/6b7UlxP9GKCTDdW8IH2GIH,The Phoenix,Fall Out Boy,Believers Never Die - Greatest Hits (Volume Two)
tennis,🎾TENNIS PLAYLIST 2025🎾,https://open.spotify.com/playlist/6b7UlxP9GKCTDdW8IH2GIH,Jackie Chan,"Tiësto, Dzeko, Preme, Post Malone",Jackie Chan
tennis,🎾TENNIS PLAYLIST 2025🎾,https://open.spotify.com/playlist/6b7UlxP9GKCTDdW8IH2GIH,Kings & Queens,Ava Max,Heaven & Hell
tennis,🎾TENNIS PLAYLIST 2025🎾,https://open.spotify.com/playlist/6b7UlxP9GKCTDdW8IH2GIH,Homesick,Madison Beer,Life Support
tennis,🎾TENNIS PLAYLIST 2025🎾,https://open.spotify.com/playlist/6b7UlxP9GKCTDdW8IH2GIH,Drag Me Down,One Direction,Made In The A.M. (Deluxe Edition)
tennis,🎾TENNIS PLAYLIST 2025🎾,https://open.spotify.com/playlist/6b7UlxP9GKCTDdW8IH2GIH,Don't Let Me Down,"The Chainsmokers, Daya",Don't Let Me Down
tennis,🎾TENNIS PLAYLIST 2025🎾,https://open.spotify.com/playlist/6b7UlxP9GKCTDdW8IH2GIH,Fighter,Christina Aguilera,Stripped
tennis,🎾TENNIS PLAYLIST 2025🎾,https://open.spotify.com/playlist/6b7UlxP9GKCTDdW8IH2GIH,I Gotta Feeling,Black Eyed Peas,THE E.N.D. (THE ENERGY NEVER DIES)
tennis,🎾TENNIS PLAYLIST 2025🎾,https://open.spotify.com/playlist/6b7UlxP9GKCTDdW8IH2GIH,Dangerous,"Kardinal Offishall, Akon",Not 4 Sale
tennis,🎾TENNIS PLAYLIST 2025🎾,https://open.spotify.com/playlist/6b7UlxP9GKCTDdW8IH2GIH,Ain't It Fun,Paramore,Paramore
tennis,🎾TENNIS PLAYLIST 2025🎾,https://open.spotify.com/playlist/6b7UlxP9GKCTDdW8IH2GIH,Shake It Off,Taylor Swift,1989
tennis,🎾TENNIS PLAYLIST 2025🎾,https://open.spotify.com/playlist/6b7UlxP9GKCTDdW8IH2GIH,Experience,"Ludovico Einaudi, Daniel Hope, I Virtuosi Italiani",In A Time Lapse
tennis,🎾TENNIS PLAYLIST 2025🎾,https://open.spotify.com/playlist/6b7UlxP9GKCTDdW8IH2GIH,Don't Matter,Akon,Konvicted
tennis,🎾TENNIS PLAYLIST 2025🎾,https://open.spotify.com/playlist/6b7UlxP9GKCTDdW8IH2GIH,Wonder,Shawn Mendes,Wonder
tennis,🎾TENNIS PLAYLIST 2025🎾,https://open.spotify.com/playlist/6b7UlxP9GKCTDdW8IH2GIH,Feel This Moment (feat. Christina Aguilera),"Pitbull, Christina Aguilera",Global Warming: Meltdown (Deluxe Version)
tennis,🎾TENNIS PLAYLIST 2025🎾,https://open.spotify.com/playlist/6b7UlxP9GKCTDdW8IH2GIH,Pound The Alarm,Nicki Minaj,Pink Friday ... Roman Reloaded
tennis,🎾TENNIS PLAYLIST 2025🎾,https://open.spotify.com/playlist/6b7UlxP9GKCTDdW8IH2GIH,Mmm Yeah (feat. Pitbull),"Austin Mahone, Pitbull",The Secret
tennis,🎾TENNIS PLAYLIST 2025🎾,https://open.spotify.com/playlist/6b7UlxP9GKCTDdW8IH2GIH,MONTERO (Call Me By Your Name),Lil Nas X,MONTERO (Call Me By Your Name)
tennis,🎾TENNIS PLAYLIST 2025🎾,https://open.spotify.com/playlist/6b7UlxP9GKCTDdW8IH2GIH,Brick by Boring Brick,Paramore,Brand New Eyes
tennis,🎾TENNIS PLAYLIST 2025🎾,https://open.spotify.com/playlist/6b7UlxP9GKCTDdW8IH2GIH,Gimme More,Britney Spears,Blackout
tennis,🎾TENNIS PLAYLIST 2025🎾,https://open.spotify.com/playlist/6b7UlxP9GKCTDdW8IH2GIH,Turn Down For What,"DJ Snake, Lil Jon",Furious 7: Original Motion Picture Soundtrack
tennis,🎾TENNIS PLAYLIST 2025🎾,https://open.spotify.com/playlist/6b7UlxP9GKCTDdW8IH2GIH,L.A.LOVE (la la) [feat. YG],"Fergie, YG",Double Dutchess
tennis,🎾TENNIS PLAYLIST 2025🎾,https://open.spotify.com/playlist/6b7UlxP9GKCTDdW8IH2GIH,Feeling Myself,"Nicki Minaj, Beyoncé",The Pinkprint (Deluxe Edition)
tennis,🎾TENNIS PLAYLIST 2025🎾,https://open.spotify.com/playlist/6b7UlxP9GKCTDdW8IH2GIH,"Alice's Theme - From ""Alice in Wonderland""/Soundtrack Version",Danny Elfman,Alice in Wonderland
tennis,🎾TENNIS PLAYLIST 2025🎾,https://open.spotify.com/playlist/6b7UlxP9GKCTDdW8IH2GIH,I Lived,OneRepublic,Native
tennis,🎾TENNIS PLAYLIST 2025🎾,https://open.spotify.com/playlist/6b7UlxP9GKCTDdW8IH2GIH,good 4 u,Olivia Rodrigo,good 4 u
tennis,🎾TENNIS PLAYLIST 2025🎾,https://open.spotify.com/playlist/6b7UlxP9GKCTDdW8IH2GIH,my future,Billie Eilish,my future
tennis,🎾TENNIS PLAYLIST 2025🎾,https://open.spotify.com/playlist/6b7UlxP9GKCTDdW8IH2GIH,Bang!,AJR,OK ORCHESTRA
tennis,🎾TENNIS PLAYLIST 2025🎾,https://open.spotify.com/playlist/6b7UlxP9GKCTDdW8IH2GIH,my future,Billie Eilish,Happier Than Ever
tennis,🎾TENNIS PLAYLIST 2025🎾,https://open.spotify.com/playlist/6b7UlxP9GKCTDdW8IH2GIH,all the good girls go to hell,Billie Eilish,"WHEN WE ALL FALL ASLEEP, WHERE DO WE GO?"
tennis,🎾TENNIS PLAYLIST 2025🎾,https://open.spotify.com/playlist/6b7UlxP9GKCTDdW8IH2GIH,Physical,Dua Lipa,Future Nostalgia (The Moonlight Edition)
tennis,🎾TENNIS PLAYLIST 2025🎾,https://open.spotify.com/playlist/6b7UlxP9GKCTDdW8IH2GIH,Be the One,Dua Lipa,Dua Lipa (Complete Edition)
tennis,🎾TENNIS PLAYLIST 2025🎾,https://open.spotify.com/playlist/6b7UlxP9GKCTDdW8IH2GIH,Levitating,Dua Lipa,Future Nostalgia
tennis,🎾TENNIS PLAYLIST 2025🎾,https://open.spotify.com/playlist/6b7UlxP9GKCTDdW8IH2GIH,Tia Tamera (feat. Rico Nasty),"Doja Cat, Rico Nasty",Amala (Deluxe Version)
tennis,🎾TENNIS PLAYLIST 2025🎾,https://open.spotify.com/playlist/6b7UlxP9GKCTDdW8IH2GIH,Go To Town,Doja Cat,Amala (Deluxe Version)
tennis,🎾TENNIS PLAYLIST 2025🎾,https://open.spotify.com/playlist/6b7UlxP9GKCTDdW8IH2GIH,Skyfall,Adele,Skyfall
tennis,🎾TENNIS PLAYLIST 2025🎾,https://open.spotify.com/playlist/6b7UlxP9GKCTDdW8IH2GIH,Bohemian Rhapsody - Remastered 2011,Queen,A Night At The Opera (Deluxe Remastered Version)
tennis,🎾TENNIS PLAYLIST 2025🎾,https://open.spotify.com/playlist/6b7UlxP9GKCTDdW8IH2GIH,Airstream,Audriix,Airstream
tennis,🎾TENNIS PLAYLIST 2025🎾,https://open.spotify.com/playlist/6b7UlxP9GKCTDdW8IH2GIH,Deep Breaths,Audriix,Deep Breaths
tennis,🎾TENNIS PLAYLIST 2025🎾,https://open.spotify.com/playlist/6b7UlxP9GKCTDdW8IH2GIH,Face Off,"Tech N9ne, Joey Cool, King Iso, Dwayne Johnson",ASIN9NE
tennis,🎾TENNIS PLAYLIST 2025🎾,https://open.spotify.com/playlist/6b7UlxP9GKCTDdW8IH2GIH,Better Than Me,Doja Cat,Hot Pink
tennis,🎾TENNIS PLAYLIST 2025🎾,https://open.spotify.com/playlist/6b7UlxP9GKCTDdW8IH2GIH,Loser,Jagwar Twin,Subject To Flooding
tennis,🎾TENNIS PLAYLIST 2025🎾,https://open.spotify.com/playlist/6b7UlxP9GKCTDdW8IH2GIH,I Don't Do Drugs (feat. Ariana Grande),"Doja Cat, Ariana Grande",Planet Her (Deluxe)
tennis,🎾TENNIS PLAYLIST 2025🎾,https://open.spotify.com/playlist/6b7UlxP9GKCTDdW8IH2GIH,Ireland's Call,Celtic Thunder,New Voyage
tennis,🎾TENNIS PLAYLIST 2025🎾,https://open.spotify.com/playlist/6b7UlxP9GKCTDdW8IH2GIH,Left Hand Free,alt-J,This Is All Yours
tennis,🎾TENNIS PLAYLIST 2025🎾,https://open.spotify.com/playlist/6b7UlxP9GKCTDdW8IH2GIH,Imagine,Doja Cat,Planet Her (Deluxe)
tennis,🎾TENNIS PLAYLIST 2025🎾,https://open.spotify.com/playlist/6b7UlxP9GKCTDdW8IH2GIH,I Like That,Janelle Monáe,Dirty Computer
tennis,🎾TENNIS PLAYLIST 2025🎾,https://open.spotify.com/playlist/6b7UlxP9GKCTDdW8IH2GIH,Better Than Revenge,Taylor Swift,Speak Now
tennis,🎾TENNIS PLAYLIST 2025🎾,https://open.spotify.com/playlist/6b7UlxP9GKCTDdW8IH2GIH,Confident,Demi Lovato,Confident
tennis,🎾TENNIS PLAYLIST 2025🎾,https://open.spotify.com/playlist/6b7UlxP9GKCTDdW8IH2GIH,Werqin' Girl (Professional),Shangela Laquifa,Werqin' Girl (Professional)
tennis,🎾TENNIS PLAYLIST 2025🎾,https://open.spotify.com/playlist/6b7UlxP9GKCTDdW8IH2GIH,Here I Am - Keira Version,"Barbie, Mattel",The Princess & The Popstar (Original Motion Picture Soundtrack)
tennis,🎾TENNIS PLAYLIST 2025🎾,https://open.spotify.com/playlist/6b7UlxP9GKCTDdW8IH2GIH,Unstoppable,Sia,This Is Acting (Deluxe Version)
tennis,🎾TENNIS PLAYLIST 2025🎾,https://open.spotify.com/playlist/6b7UlxP9GKCTDdW8IH2GIH,Some How,Downsyde,All City
tennis,🎾TENNIS PLAYLIST 2025🎾,https://open.spotify.com/playlist/6b7UlxP9GKCTDdW8IH2GIH,"Can't Back Down - From ""Camp Rock 2: The Final Jam""","Demi Lovato, Alyson Stoner, Anna Maria Perez de Taglé, Char Ligera",Camp Rock 2: The Final Jam
tennis,🎾TENNIS PLAYLIST 2025🎾,https://open.spotify.com/playlist/6b7UlxP9GKCTDdW8IH2GIH,"Let It Go - From ""Frozen / Single Version",Demi Lovato,Frozen (Original Motion Picture Soundtrack / Deluxe Edition)
tennis,🎾TENNIS PLAYLIST 2025🎾,https://open.spotify.com/playlist/6b7UlxP9GKCTDdW8IH2GIH,The Business,Tiësto,The Business
tennis,🎾TENNIS PLAYLIST 2025🎾,https://open.spotify.com/playlist/6b7UlxP9GKCTDdW8IH2GIH,"WHATS POPPIN (feat. DaBaby, Tory Lanez & Lil Wayne) - Remix","Jack Harlow, Tory Lanez, DaBaby, Lil Wayne","WHATS POPPIN (feat. DaBaby, Tory Lanez & Lil Wayne) [Remix]"
tennis,🎾TENNIS PLAYLIST 2025🎾,https://open.spotify.com/playlist/6b7UlxP9GKCTDdW8IH2GIH,Life is a Highway,Rascal Flatts,Cars (Original Motion Picture Soundtrack)
tennis,🎾TENNIS PLAYLIST 2025🎾,https://open.spotify.com/playlist/6b7UlxP9GKCTDdW8IH2GIH,Sacrifice,The Weeknd,Dawn FM
tennis,🎾TENNIS PLAYLIST 2025🎾,https://open.spotify.com/playlist/6b7UlxP9GKCTDdW8IH2GIH,Ceiling Can't Hold Us,Like the Bike,Ceiling Can't Hold Us
tennis,🎾TENNIS PLAYLIST 2025🎾,https://open.spotify.com/playlist/6b7UlxP9GKCTDdW8IH2GIH,A Palé,ROSALÍA,A Palé
tennis,🎾TENNIS PLAYLIST 2025🎾,https://open.spotify.com/playlist/6b7UlxP9GKCTDdW8IH2GIH,Mount Everest,Labrinth,Imagination & the Misfit Kid
tennis,🎾TENNIS PLAYLIST 2025🎾,https://open.spotify.com/playlist/6b7UlxP9GKCTDdW8IH2GIH,Firework,Katy Perry,Teenage Dream: The Complete Confection
tennis,🎾TENNIS PLAYLIST 2025🎾,https://open.spotify.com/playlist/6b7UlxP9GKCTDdW8IH2GIH,Fly,"Nicki Minaj, Rihanna",Pink Friday
tennis,🎾TENNIS PLAYLIST 2025🎾,https://open.spotify.com/playlist/6b7UlxP9GKCTDdW8IH2GIH,Wreak Havoc,Skylar Grey,Suicide Squad: The Album (Collector's Edition)
tennis,🎾TENNIS PLAYLIST 2025🎾,https://open.spotify.com/playlist/6b7UlxP9GKCTDdW8IH2GIH,"Keep It Undercover - Theme Song From ""K.C. Undercover""",Zendaya,"Keep It Undercover (Theme Song From ""K.C. Undercover"")"
tennis,🎾TENNIS PLAYLIST 2025🎾,https://open.spotify.com/playlist/6b7UlxP9GKCTDdW8IH2GIH,Radio Ga Ga - Remastered 2011,Queen,The Works (2011 Remaster)
tennis,🎾TENNIS PLAYLIST 2025🎾,https://open.spotify.com/playlist/6b7UlxP9GKCTDdW8IH2GIH,Invincible,Pop Smoke,Meet The Woo 2
tennis,🎾TENNIS PLAYLIST 2025🎾,https://open.spotify.com/playlist/6b7UlxP9GKCTDdW8IH2GIH,Power,Little Mix,Glory Days (Expanded Edition)
tennis,🎾TENNIS PLAYLIST 2025🎾,https://open.spotify.com/playlist/6b7UlxP9GKCTDdW8IH2GIH,Fireball (feat. John Ryan),"Pitbull, John Ryan",Fireball (feat. John Ryan)
tennis,🎾TENNIS PLAYLIST 2025🎾,https://open.spotify.com/playlist/6b7UlxP9GKCTDdW8IH2GIH,Bird Set Free,Sia,This Is Acting (Deluxe Version)
tennis,🎾TENNIS PLAYLIST 2025🎾,https://open.spotify.com/playlist/6b7UlxP9GKCTDdW8IH2GIH,Lose Yourself (8D Audio),8D Tunes,Lose Yourself (8D Audio)
tennis,🎾TENNIS PLAYLIST 2025🎾,https://open.spotify.com/playlist/6b7UlxP9GKCTDdW8IH2GIH,Lose Yourself,Eminem,SHADYXV
tennis,🎾TENNIS PLAYLIST 2025🎾,https://open.spotify.com/playlist/6b7UlxP9GKCTDdW8IH2GIH,"Go The Distance - From ""Hercules""",Royal Philharmonic Orchestra,"Go The Distance (From ""Hercules"")"
tennis,🎾TENNIS PLAYLIST 2025🎾,https://open.spotify.com/playlist/6b7UlxP9GKCTDdW8IH2GIH,Crash And Burn Girl,Robyn,Robyn
tennis,🎾TENNIS PLAYLIST 2025🎾,https://open.spotify.com/playlist/6b7UlxP9GKCTDdW8IH2GIH,KEEP IT UP,Rex Orange County,KEEP IT UP
tennis,🎾TENNIS PLAYLIST 2025🎾,https://open.spotify.com/playlist/6b7UlxP9GKCTDdW8IH2GIH,Knife Talk (with 21 Savage ft. Project Pat),"Drake, 21 Savage, Project Pat",Certified Lover Boy
tennis,🎾TENNIS PLAYLIST 2025🎾,https://open.spotify.com/playlist/6b7UlxP9GKCTDdW8IH2GIH,Lose Yourself,Eminem,Just Lose It
tennis,🎾TENNIS PLAYLIST 2025🎾,https://open.spotify.com/playlist/6b7UlxP9GKCTDdW8IH2GIH,no tears left to cry,Ariana Grande,Sweetener
tennis,🎾TENNIS PLAYLIST 2025🎾,https://open.spotify.com/playlist/6b7UlxP9GKCTDdW8IH2GIH,Enemy (with JID) - from the series Arcane League of Legends,"Imagine Dragons, JID, Arcane, League of Legends",Enemy (with JID) [from the series Arcane League of Legends]
tennis,🎾TENNIS PLAYLIST 2025🎾,https://open.spotify.com/playlist/6b7UlxP9GKCTDdW8IH2GIH,Savage Remix (feat. Beyoncé),"Megan Thee Stallion, Beyoncé",Savage Remix (feat. Beyoncé)
tennis,🎾TENNIS PLAYLIST 2025🎾,https://open.spotify.com/playlist/6b7UlxP9GKCTDdW8IH2GIH,Where Them Girls At (feat. Nicki Minaj & Flo Rida),"David Guetta, Flo Rida, Nicki Minaj",Nothing but the Beat
tennis,🎾TENNIS PLAYLIST 2025🎾,https://open.spotify.com/playlist/6b7UlxP9GKCTDdW8IH2GIH,Shut Up And Drive,Rihanna,Good Girl Gone Bad: Reloaded
tennis,🎾TENNIS PLAYLIST 2025🎾,https://open.spotify.com/playlist/6b7UlxP9GKCTDdW8IH2GIH,BOYSHIT,Madison Beer,Life Support
tennis,🎾TENNIS PLAYLIST 2025🎾,https://open.spotify.com/playlist/6b7UlxP9GKCTDdW8IH2GIH,I Want It All,"High School Musical Cast, Ashley Tisdale, Lucas Grabeel, Disney",High School Musical 3: Senior Year
tennis,🎾TENNIS PLAYLIST 2025🎾,https://open.spotify.com/playlist/6b7UlxP9GKCTDdW8IH2GIH,Summertime Sadness (Lana Del Rey Vs. Cedric Gervais) - Cedric Gervais Remix,"Lana Del Rey, Cedric Gervais",Summertime Sadness (Lana Del Rey Vs. Cedric Gervais) [Cedric Gervais Remix]
tennis,🎾TENNIS PLAYLIST 2025🎾,https://open.spotify.com/playlist/6b7UlxP9GKCTDdW8IH2GIH,Elastic Heart,Sia,1000 Forms Of Fear (Deluxe Version)
tennis,🎾TENNIS PLAYLIST 2025🎾,https://open.spotify.com/playlist/6b7UlxP9GKCTDdW8IH2GIH,Immigrant Song - Remaster,Led Zeppelin,Mothership (Remastered)
tennis,🎾TENNIS PLAYLIST 2025🎾,https://open.spotify.com/playlist/6b7UlxP9GKCTDdW8IH2GIH,I'm Shipping Up To Boston,Dropkick Murphys,The Departed (Music from the Motion Picture)
tennis,🎾TENNIS PLAYLIST 2025🎾,https://open.spotify.com/playlist/6b7UlxP9GKCTDdW8IH2GIH,Warrior Face - Outtake,Lin-Manuel Miranda,Moana (Original Motion Picture Soundtrack/Deluxe Edition)
tennis,🎾TENNIS PLAYLIST 2025🎾,https://open.spotify.com/playlist/6b7UlxP9GKCTDdW8IH2GIH,Some Day My Prince Will Come,Adriana Caselotti,Snow White and the Seven Dwarfs (Original Motion Picture Soundtrack)
tennis,🎾TENNIS PLAYLIST 2025🎾,https://open.spotify.com/playlist/6b7UlxP9GKCTDdW8IH2GIH,"Be Alive (Original Song from the Motion Picture ""King Richard"")",Beyoncé,"Be Alive (Original Song from the Motion Picture ""King Richard"")"
tennis,🎾TENNIS PLAYLIST 2025🎾,https://open.spotify.com/playlist/6b7UlxP9GKCTDdW8IH2GIH,Feeling Good,Nina Simone,I Put A Spell On You
tennis,🎾TENNIS PLAYLIST 2025🎾,https://open.spotify.com/playlist/6b7UlxP9GKCTDdW8IH2GIH,GOLDWING,Billie Eilish,Happier Than Ever
tennis,🎾TENNIS PLAYLIST 2025🎾,https://open.spotify.com/playlist/6b7UlxP9GKCTDdW8IH2GIH,Let's Go - Ricky Luna Remix,"Travis Barker, Yelawolf, Twista, Busta Rhymes, Lil Jon, Ricky Luna",Music From the Motion Picture Step Up Revolution
tennis,🎾TENNIS PLAYLIST 2025🎾,https://open.spotify.com/playlist/6b7UlxP9GKCTDdW8IH2GIH,Don't Stop Believin',Journey,Escape (Bonus Track Version)
tennis,🎾TENNIS PLAYLIST 2025🎾,https://open.spotify.com/playlist/6b7UlxP9GKCTDdW8IH2GIH,"My Shot (feat. Busta Rhymes, Joell Ortiz & Nate Ruess) - Rise Up Remix","The Roots, Busta Rhymes, Joell Ortiz, Nate Ruess",The Hamilton Mixtape
tennis,🎾TENNIS PLAYLIST 2025🎾,https://open.spotify.com/playlist/6b7UlxP9GKCTDdW8IH2GIH,Castle,Halsey,BADLANDS
tennis,🎾TENNIS PLAYLIST 2025🎾,https://open.spotify.com/playlist/6b7UlxP9GKCTDdW8IH2GIH,Step On Up,Ariana Grande,Dangerous Woman
tennis,🎾TENNIS PLAYLIST 2025🎾,https://open.spotify.com/playlist/6b7UlxP9GKCTDdW8IH2GIH,Be Alright,Ariana Grande,Dangerous Woman
tennis,🎾TENNIS PLAYLIST 2025🎾,https://open.spotify.com/playlist/6b7UlxP9GKCTDdW8IH2GIH,Know Who You Are,"Auli'i Cravalho, Vai Mahina, Olivia Foa'i, Opetaia Foa'i, Matthew Ineleo, Disney",Moana (Original Motion Picture Soundtrack/Deluxe Edition)
tennis,🎾TENNIS PLAYLIST 2025🎾,https://open.spotify.com/playlist/6b7UlxP9GKCTDdW8IH2GIH,A Wish Comes True Every Day,Debby Ryan,Radio Rebel Soundtrack
tennis,🎾TENNIS PLAYLIST 2025🎾,https://open.spotify.com/playlist/6b7UlxP9GKCTDdW8IH2GIH,Cold Water,"Major Lazer, Justin Bieber, MØ",Cold Water
tennis,🎾TENNIS PLAYLIST 2025🎾,https://open.spotify.com/playlist/6b7UlxP9GKCTDdW8IH2GIH,This Could Be Us,Rae Sremmurd,SremmLife
tennis,🎾TENNIS PLAYLIST 2025🎾,https://open.spotify.com/playlist/6b7UlxP9GKCTDdW8IH2GIH,STOP!,UPSAHL,STOP!
tennis,🎾TENNIS PLAYLIST 2025🎾,https://open.spotify.com/playlist/6b7UlxP9GKCTDdW8IH2GIH,He's a Pirate,Klaus Badelt,Pirates of the Caribbean: The Curse of the Black Pearl (Original Motion Picture Soundtrack)
tennis,🎾TENNIS PLAYLIST 2025🎾,https://open.spotify.com/playlist/6b7UlxP9GKCTDdW8IH2GIH,Play with Fire (feat. Yacht Money),"Sam Tinnesz, Yacht Money",Play with Fire (feat. Yacht Money)
tennis,🎾TENNIS PLAYLIST 2025🎾,https://open.spotify.com/playlist/6b7UlxP9GKCTDdW8IH2GIH,Yo Voy (feat. Daddy Yankee),Zion & Lennox,Motivando a la Yal
tennis,🎾TENNIS PLAYLIST 2025🎾,https://open.spotify.com/playlist/6b7UlxP9GKCTDdW8IH2GIH,INDUSTRY BABY (feat. Jack Harlow),"Lil Nas X, Jack Harlow",MONTERO
tennis,🎾TENNIS PLAYLIST 2025🎾,https://open.spotify.com/playlist/6b7UlxP9GKCTDdW8IH2GIH,What They Say,Zara Larsson,So Good
tennis,🎾TENNIS PLAYLIST 2025🎾,https://open.spotify.com/playlist/6b7UlxP9GKCTDdW8IH2GIH,Keep Your Head Up,Djo,Keep Your Head Up
tennis,🎾TENNIS PLAYLIST 2025🎾,https://open.spotify.com/playlist/6b7UlxP9GKCTDdW8IH2GIH,Something's Got To Give,Labrinth,Imagination & the Misfit Kid
tennis,🎾TENNIS PLAYLIST 2025🎾,https://open.spotify.com/playlist/6b7UlxP9GKCTDdW8IH2GIH,London,Maty Noyes,London
tennis,🎾TENNIS PLAYLIST 2025🎾,https://open.spotify.com/playlist/6b7UlxP9GKCTDdW8IH2GIH,Wimbledon,Keith Mansfield,Classic Television and Radio Themes
tennis,🎾TENNIS PLAYLIST 2025🎾,https://open.spotify.com/playlist/6b7UlxP9GKCTDdW8IH2GIH,Main Titles (You’ve Been Called Back to Top Gun),"Harold Faltermeyer, Lady Gaga, Hans Zimmer, Lorne Balfe",Top Gun: Maverick (Music From The Motion Picture)
tennis,🎾TENNIS PLAYLIST 2025🎾,https://open.spotify.com/playlist/6b7UlxP9GKCTDdW8IH2GIH,Top Gun Anthem,"Harold Faltermeyer, Lady Gaga, Hans Zimmer, Lorne Balfe",Top Gun: Maverick (Music From The Motion Picture)
tennis,🎾TENNIS PLAYLIST 2025🎾,https://open.spotify.com/playlist/6b7UlxP9GKCTDdW8IH2GIH,I Play Tennis,Floyboy,Floy Meets World
tennis,🎾TENNIS PLAYLIST 2025🎾,https://open.spotify.com/playlist/6b7UlxP9GKCTDdW8IH2GIH,No More No More,Aerosmith,Toys In The Attic
tennis,🎾TENNIS PLAYLIST 2025🎾,https://open.spotify.com/playlist/6b7UlxP9GKCTDdW8IH2GIH,The Spins,Mac Miller,K.I.D.S. (Deluxe)
tennis,🎾TENNIS PLAYLIST 2025🎾,https://open.spotify.com/playlist/6b7UlxP9GKCTDdW8IH2GIH,Stronger,Britney Spears,Oops!... I Did It Again
tennis,🎾TENNIS PLAYLIST 2025🎾,https://open.spotify.com/playlist/6b7UlxP9GKCTDdW8IH2GIH,Rock Me Amadeus - The Gold Mix,Falco,"Stranger Things: Soundtrack from the Netflix Series, Season 4"
tennis,🎾TENNIS PLAYLIST 2025🎾,https://open.spotify.com/playlist/6b7UlxP9GKCTDdW8IH2GIH,Emotional Machine,MARINA,Love + Fear
tennis,🎾TENNIS PLAYLIST 2025🎾,https://open.spotify.com/playlist/6b7UlxP9GKCTDdW8IH2GIH,Run Boy Run,Woodkid,Run Boy Run
tennis,🎾TENNIS PLAYLIST 2025🎾,https://open.spotify.com/playlist/6b7UlxP9GKCTDdW8IH2GIH,ALIEN SUPERSTAR,Beyoncé,RENAISSANCE
tennis,🎾TENNIS PLAYLIST 2025🎾,https://open.spotify.com/playlist/6b7UlxP9GKCTDdW8IH2GIH,Hello (feat. Dragonette),"Martin Solveig, Dragonette",Hello
tennis,🎾TENNIS PLAYLIST 2025🎾,https://open.spotify.com/playlist/6b7UlxP9GKCTDdW8IH2GIH,BREAK MY SOUL,Beyoncé,BREAK MY SOUL
tennis,🎾TENNIS PLAYLIST 2025🎾,https://open.spotify.com/playlist/6b7UlxP9GKCTDdW8IH2GIH,Running with the Wolves,AURORA,All My Demons Greeting Me as a Friend (Deluxe)
tennis,🎾TENNIS PLAYLIST 2025🎾,https://open.spotify.com/playlist/6b7UlxP9GKCTDdW8IH2GIH,INDUSTRY BABY (feat. Jack Harlow),"Lil Nas X, Jack Harlow",INDUSTRY BABY (feat. Jack Harlow)
tennis,🎾TENNIS PLAYLIST 2025🎾,https://open.spotify.com/playlist/6b7UlxP9GKCTDdW8IH2GIH,Ni**as In Paris,"JAY-Z, Kanye West",Watch The Throne (Deluxe)
tennis,🎾TENNIS PLAYLIST 2025🎾,https://open.spotify.com/playlist/6b7UlxP9GKCTDdW8IH2GIH,No Church In The Wild,"JAY-Z, Kanye West, Frank Ocean, The-Dream",Watch The Throne
tennis,🎾TENNIS PLAYLIST 2025🎾,https://open.spotify.com/playlist/6b7UlxP9GKCTDdW8IH2GIH,Calm Down (with Selena Gomez),"Rema, Selena Gomez",Calm Down (with Selena Gomez)
tennis,🎾TENNIS PLAYLIST 2025🎾,https://open.spotify.com/playlist/6b7UlxP9GKCTDdW8IH2GIH,Open Arms,Gary Go,Gary Go (EEA)
tennis,🎾TENNIS PLAYLIST 2025🎾,https://open.spotify.com/playlist/6b7UlxP9GKCTDdW8IH2GIH,Fancy,Doja Cat,Amala (Deluxe Version)
tennis,🎾TENNIS PLAYLIST 2025🎾,https://open.spotify.com/playlist/6b7UlxP9GKCTDdW8IH2GIH,Dreamers [Music from the FIFA World Cup Qatar 2022 Official Soundtrack],"Jung Kook, BTS, FIFA Sound",Dreamers [Music from the FIFA World Cup Qatar 2022 Official Soundtrack]
tennis,🎾TENNIS PLAYLIST 2025🎾,https://open.spotify.com/playlist/6b7UlxP9GKCTDdW8IH2GIH,"Pumpin' Up The Party - From ""Hannah Montana""/Soundtrack Version",Hannah Montana,Hannah Montana
tennis,🎾TENNIS PLAYLIST 2025🎾,https://open.spotify.com/playlist/6b7UlxP9GKCTDdW8IH2GIH,Celestial,Ed Sheeran,Celestial
tennis,🎾TENNIS PLAYLIST 2025🎾,https://open.spotify.com/playlist/6b7UlxP9GKCTDdW8IH2GIH,Slither,Djo,DECIDE
tennis,🎾TENNIS PLAYLIST 2025🎾,https://open.spotify.com/playlist/6b7UlxP9GKCTDdW8IH2GIH,Lift Off,Labrinth,Lift Off
tennis,🎾TENNIS PLAYLIST 2025🎾,https://open.spotify.com/playlist/6b7UlxP9GKCTDdW8IH2GIH,Paparazzi,Lady Gaga,The Fame
tennis,🎾TENNIS PLAYLIST 2025🎾,https://open.spotify.com/playlist/6b7UlxP9GKCTDdW8IH2GIH,Applause,Lady Gaga,ARTPOP
tennis,🎾TENNIS PLAYLIST 2025🎾,https://open.spotify.com/playlist/6b7UlxP9GKCTDdW8IH2GIH,Seek & Destroy,SZA,SOS
tennis,🎾TENNIS PLAYLIST 2025🎾,https://open.spotify.com/playlist/6b7UlxP9GKCTDdW8IH2GIH,POP/STARS,"K/DA, Madison Beer, i-dle, Jaira Burns, League of Legends",POP/STARS
tennis,🎾TENNIS PLAYLIST 2025🎾,https://open.spotify.com/playlist/6b7UlxP9GKCTDdW8IH2GIH,"New Person, Same Old Mistakes",Tame Impala,Currents
tennis,🎾TENNIS PLAYLIST 2025🎾,https://open.spotify.com/playlist/6b7UlxP9GKCTDdW8IH2GIH,Blinding Lights,The Weeknd,After Hours
tennis,🎾TENNIS PLAYLIST 2025🎾,https://open.spotify.com/playlist/6b7UlxP9GKCTDdW8IH2GIH,Feel,Robbie Williams,Escapology
tennis,🎾TENNIS PLAYLIST 2025🎾,https://open.spotify.com/playlist/6b7UlxP9GKCTDdW8IH2GIH,I'm Still Standing,Elton John,Too Low For Zero
tennis,🎾TENNIS PLAYLIST 2025🎾,https://open.spotify.com/playlist/6b7UlxP9GKCTDdW8IH2GIH,Clocks,Coldplay,A Rush of Blood to the Head
tennis,🎾TENNIS PLAYLIST 2025🎾,https://open.spotify.com/playlist/6b7UlxP9GKCTDdW8IH2GIH,Looking Up,Paramore,Brand New Eyes (Deluxe Edition)
tennis,🎾TENNIS PLAYLIST 2025🎾,https://open.spotify.com/playlist/6b7UlxP9GKCTDdW8IH2GIH,HEATED,Beyoncé,RENAISSANCE
tennis,🎾TENNIS PLAYLIST 2025🎾,https://open.spotify.com/playlist/6b7UlxP9GKCTDdW8IH2GIH,GDFR (feat. Sage the Gemini & Lookas),"Flo Rida, Sage The Gemini, Lookas",My House
tennis,🎾TENNIS PLAYLIST 2025🎾,https://open.spotify.com/playlist/6b7UlxP9GKCTDdW8IH2GIH,Perfect Day - Chris Lord Alge Mix,Hoku,Legally Blonde
tennis,🎾TENNIS PLAYLIST 2025🎾,https://open.spotify.com/playlist/6b7UlxP9GKCTDdW8IH2GIH,Careful,Paramore,Brand New Eyes (Deluxe Edition)
tennis,🎾TENNIS PLAYLIST 2025🎾,https://open.spotify.com/playlist/6b7UlxP9GKCTDdW8IH2GIH,"Still Falling For You - From ""Bridget Jones's Baby""",Ellie Goulding,"Still Falling For You (From ""Bridget Jones's Baby"" Original Motion Picture Soundtrack)"
tennis,🎾TENNIS PLAYLIST 2025🎾,https://open.spotify.com/playlist/6b7UlxP9GKCTDdW8IH2GIH,John Cena,Sho Madjozi,John Cena
tennis,🎾TENNIS PLAYLIST 2025🎾,https://open.spotify.com/playlist/6b7UlxP9GKCTDdW8IH2GIH,Rolex,Ayo & Teo,Rolex
tennis,🎾TENNIS PLAYLIST 2025🎾,https://open.spotify.com/playlist/6b7UlxP9GKCTDdW8IH2GIH,Look At Me!,XXXTENTACION,Look At Me!
tennis,🎾TENNIS PLAYLIST 2025🎾,https://open.spotify.com/playlist/6b7UlxP9GKCTDdW8IH2GIH,When I R.I.P.,Labrinth,Euphoria (Original Score from the HBO Series)
tennis,🎾TENNIS PLAYLIST 2025🎾,https://open.spotify.com/playlist/6b7UlxP9GKCTDdW8IH2GIH,Don’t Play,Halsey,hopeless fountain kingdom (Deluxe)
tennis,🎾TENNIS PLAYLIST 2025🎾,https://open.spotify.com/playlist/6b7UlxP9GKCTDdW8IH2GIH,Go For It,Djo,DECIDE
tennis,🎾TENNIS PLAYLIST 2025🎾,https://open.spotify.com/playlist/6b7UlxP9GKCTDdW8IH2GIH,Escapism. - Sped Up,"RAYE, 070 Shake",Escapism. (Sped Up)
tennis,🎾TENNIS PLAYLIST 2025🎾,https://open.spotify.com/playlist/6b7UlxP9GKCTDdW8IH2GIH,Empire State Of Mind,"JAY-Z, Alicia Keys",The Blueprint 3
tennis,🎾TENNIS PLAYLIST 2025🎾,https://open.spotify.com/playlist/6b7UlxP9GKCTDdW8IH2GIH,Your Obedient Servant,"Leslie Odom Jr., Lin-Manuel Miranda, Original Broadway Cast of Hamilton",Hamilton (Original Broadway Cast Recording)
tennis,🎾TENNIS PLAYLIST 2025🎾,https://open.spotify.com/playlist/6b7UlxP9GKCTDdW8IH2GIH,Put Your Records On,Corinne Bailey Rae,Corinne Bailey Rae
tennis,🎾TENNIS PLAYLIST 2025🎾,https://open.spotify.com/playlist/6b7UlxP9GKCTDdW8IH2GIH,Last Place,"Larray, Twaimz",Last Place
tennis,🎾TENNIS PLAYLIST 2025🎾,https://open.spotify.com/playlist/6b7UlxP9GKCTDdW8IH2GIH,Pump It,Black Eyed Peas,Monkey Business
tennis,🎾TENNIS PLAYLIST 2025🎾,https://open.spotify.com/playlist/6b7UlxP9GKCTDdW8IH2GIH,HandClap,Fitz and The Tantrums,Fitz and The Tantrums (Deluxe Edition)
tennis,🎾TENNIS PLAYLIST 2025🎾,https://open.spotify.com/playlist/6b7UlxP9GKCTDdW8IH2GIH,Dream Dream Dream Sharkboy LavaGirl (Jersey Club),KnightTheProducer!,The Bring It Back Pack !
tennis,🎾TENNIS PLAYLIST 2025🎾,https://open.spotify.com/playlist/6b7UlxP9GKCTDdW8IH2GIH,Who Can It Be Now?,Men At Work,Business As Usual
tennis,🎾TENNIS PLAYLIST 2025🎾,https://open.spotify.com/playlist/6b7UlxP9GKCTDdW8IH2GIH,2 Be Loved (Am I Ready),Lizzo,Special
tennis,🎾TENNIS PLAYLIST 2025🎾,https://open.spotify.com/playlist/6b7UlxP9GKCTDdW8IH2GIH,Vertigo,U2,How To Dismantle An Atomic Bomb
tennis,🎾TENNIS PLAYLIST 2025🎾,https://open.spotify.com/playlist/6b7UlxP9GKCTDdW8IH2GIH,Hard Out Here.,RAYE,Hard Out Here.
tennis,🎾TENNIS PLAYLIST 2025🎾,https://open.spotify.com/playlist/6b7UlxP9GKCTDdW8IH2GIH,Everybody Wants To Rule The World,Tears For Fears,Songs From The Big Chair (Super Deluxe Edition)
tennis,🎾TENNIS PLAYLIST 2025🎾,https://open.spotify.com/playlist/6b7UlxP9GKCTDdW8IH2GIH,That's What You Get,Paramore,Riot!
tennis,🎾TENNIS PLAYLIST 2025🎾,https://open.spotify.com/playlist/6b7UlxP9GKCTDdW8IH2GIH,Press,Cardi B,Press
tennis,🎾TENNIS PLAYLIST 2025🎾,https://open.spotify.com/playlist/6b7UlxP9GKCTDdW8IH2GIH,Oxytocin,Billie Eilish,Happier Than Ever
tennis,🎾TENNIS PLAYLIST 2025🎾,https://open.spotify.com/playlist/6b7UlxP9GKCTDdW8IH2GIH,Karma,Taylor Swift,Midnights
tennis,🎾TENNIS PLAYLIST 2025🎾,https://open.spotify.com/playlist/6b7UlxP9GKCTDdW8IH2GIH,Champion,Kanye West,Graduation
tennis,🎾TENNIS PLAYLIST 2025🎾,https://open.spotify.com/playlist/6b7UlxP9GKCTDdW8IH2GIH,MY POWER,"Nija, Beyoncé, Busiswa, Yemi Alade, Tierra Whack, Moonchild Sanelly, DJ Lag",The Lion King: The Gift
tennis,🎾TENNIS PLAYLIST 2025🎾,https://open.spotify.com/playlist/6b7UlxP9GKCTDdW8IH2GIH,Attention,Doja Cat,Attention
tennis,🎾TENNIS PLAYLIST 2025🎾,https://open.spotify.com/playlist/6b7UlxP9GKCTDdW8IH2GIH,"Hey, Mickey!",Baby Tate,"Hey, Mickey!"
tennis,🎾TENNIS PLAYLIST 2025🎾,https://open.spotify.com/playlist/6b7UlxP9GKCTDdW8IH2GIH,Do I Wanna Know?,Arctic Monkeys,AM
tennis,🎾TENNIS PLAYLIST 2025🎾,https://open.spotify.com/playlist/6b7UlxP9GKCTDdW8IH2GIH,The Best,Tina Turner,Foreign Affair
tennis,🎾TENNIS PLAYLIST 2025🎾,https://open.spotify.com/playlist/6b7UlxP9GKCTDdW8IH2GIH,Popular (with Playboi Carti & Madonna) - The Idol Vol. 1 (Music from the HBO Original Series),"The Weeknd, Playboi Carti, Madonna",Popular [The Idol Vol. 1 (Music from the HBO Original Series)]
tennis,🎾TENNIS PLAYLIST 2025🎾,https://open.spotify.com/playlist/6b7UlxP9GKCTDdW8IH2GIH,WEEDKILLER,Ashnikko,WEEDKILLER
tennis,🎾TENNIS PLAYLIST 2025🎾,https://open.spotify.com/playlist/6b7UlxP9GKCTDdW8IH2GIH,Dior,Pop Smoke,Meet The Woo
tennis,🎾TENNIS PLAYLIST 2025🎾,https://open.spotify.com/playlist/6b7UlxP9GKCTDdW8IH2GIH,Better When I'm Dancin',Meghan Trainor,Better When I'm Dancin'
tennis,🎾TENNIS PLAYLIST 2025🎾,https://open.spotify.com/playlist/6b7UlxP9GKCTDdW8IH2GIH,Who Gon Stop Me,"JAY-Z, Kanye West",Watch The Throne (Deluxe)
tennis,🎾TENNIS PLAYLIST 2025🎾,https://open.spotify.com/playlist/6b7UlxP9GKCTDdW8IH2GIH,Daisy 2.0 (feat. Hatsune Miku),"Ashnikko, Hatsune Miku",Daisy 2.0 (feat. Hatsune Miku)
tennis,🎾TENNIS PLAYLIST 2025🎾,https://open.spotify.com/playlist/6b7UlxP9GKCTDdW8IH2GIH,Pushing On (Always Like Never Before) - Instrumental,Hudson Mohawke,Pushing On (Always Like Never Before)
tennis,🎾TENNIS PLAYLIST 2025🎾,https://open.spotify.com/playlist/6b7UlxP9GKCTDdW8IH2GIH,Legends Are Made,Sam Tinnesz,Legends Are Made
tennis,🎾TENNIS PLAYLIST 2025🎾,https://open.spotify.com/playlist/6b7UlxP9GKCTDdW8IH2GIH,Paint The Town Red,Doja Cat,Paint The Town Red
tennis,🎾TENNIS PLAYLIST 2025🎾,https://open.spotify.com/playlist/6b7UlxP9GKCTDdW8IH2GIH,River Flows In You,Yiruma,First Love (The Original & the Very First Recording)
tennis,🎾TENNIS PLAYLIST 2025🎾,https://open.spotify.com/playlist/6b7UlxP9GKCTDdW8IH2GIH,"Just Like Fire (From the Original Motion Picture ""Alice Through The Looking Glass"")",P!nk,"Just Like Fire (From the Original Motion Picture ""Alice Through The Looking Glass"")"
tennis,🎾TENNIS PLAYLIST 2025🎾,https://open.spotify.com/playlist/6b7UlxP9GKCTDdW8IH2GIH,And the Crowd Goes,Chris Brochu,Lemonade Mouth
tennis,🎾TENNIS PLAYLIST 2025🎾,https://open.spotify.com/playlist/6b7UlxP9GKCTDdW8IH2GIH,Lights,Ellie Goulding,An Introduction To Ellie Goulding EP
tennis,🎾TENNIS PLAYLIST 2025🎾,https://open.spotify.com/playlist/6b7UlxP9GKCTDdW8IH2GIH,Demons,Doja Cat,Demons + Paint The Town Red
tennis,🎾TENNIS PLAYLIST 2025🎾,https://open.spotify.com/playlist/6b7UlxP9GKCTDdW8IH2GIH,Seether,Veruca Salt,American Thighs
tennis,🎾TENNIS PLAYLIST 2025🎾,https://open.spotify.com/playlist/6b7UlxP9GKCTDdW8IH2GIH,Some Bodies Gonna Get It (Mark Henry),"WWE, Three 6 Mafia",WWE: Wreckless Intent
tennis,🎾TENNIS PLAYLIST 2025🎾,https://open.spotify.com/playlist/6b7UlxP9GKCTDdW8IH2GIH,Ouchies,Doja Cat,Scarlet
tennis,🎾TENNIS PLAYLIST 2025🎾,https://open.spotify.com/playlist/6b7UlxP9GKCTDdW8IH2GIH,WYM Freestyle,Doja Cat,Scarlet
tennis,🎾TENNIS PLAYLIST 2025🎾,https://open.spotify.com/playlist/6b7UlxP9GKCTDdW8IH2GIH,Roar,Katy Perry,PRISM (Deluxe)
tennis,🎾TENNIS PLAYLIST 2025🎾,https://open.spotify.com/playlist/6b7UlxP9GKCTDdW8IH2GIH,One Vision,Queen,A Kind Of Magic
tennis,🎾TENNIS PLAYLIST 2025🎾,https://open.spotify.com/playlist/6b7UlxP9GKCTDdW8IH2GIH,Give It Up (feat. Elizabeth Gillies & Ariana Grande),"Victorious Cast, Elizabeth Gillies, Ariana Grande",Victorious: Music From The Hit TV Show (feat. Victoria Justice)
tennis,🎾TENNIS PLAYLIST 2025🎾,https://open.spotify.com/playlist/6b7UlxP9GKCTDdW8IH2GIH,Finally Falling (feat. Victoria Justice),"Victorious Cast, Victoria Justice",Victorious: Music From The Hit TV Show (feat. Victoria Justice)
tennis,🎾TENNIS PLAYLIST 2025🎾,https://open.spotify.com/playlist/6b7UlxP9GKCTDdW8IH2GIH,Bomb Intro / Pass That Dutch,Missy Elliott,This Is Not a Test!
tennis,🎾TENNIS PLAYLIST 2025🎾,https://open.spotify.com/playlist/6b7UlxP9GKCTDdW8IH2GIH,And Your Bird Can Sing - Remastered 2009,The Beatles,Revolver (Remastered)
tennis,🎾TENNIS PLAYLIST 2025🎾,https://open.spotify.com/playlist/6b7UlxP9GKCTDdW8IH2GIH,Nkalakatha,Mandoza,Nkalakatha
tennis,🎾TENNIS PLAYLIST 2025🎾,https://open.spotify.com/playlist/6b7UlxP9GKCTDdW8IH2GIH,Interlude - The Trio,Lana Del Rey,Blue Banisters
tennis,🎾TENNIS PLAYLIST 2025🎾,https://open.spotify.com/playlist/6b7UlxP9GKCTDdW8IH2GIH,Let the Flames Begin,Paramore,Riot!
tennis,🎾TENNIS PLAYLIST 2025🎾,https://open.spotify.com/playlist/6b7UlxP9GKCTDdW8IH2GIH,Uncover,Zara Larsson,Uncover
tennis,🎾TENNIS PLAYLIST 2025🎾,https://open.spotify.com/playlist/6b7UlxP9GKCTDdW8IH2GIH,"yes, and?",Ariana Grande,"yes, and?"
tennis,🎾TENNIS PLAYLIST 2025🎾,https://open.spotify.com/playlist/6b7UlxP9GKCTDdW8IH2GIH,Staying Power,Queen,Hot Space
tennis,🎾TENNIS PLAYLIST 2025🎾,https://open.spotify.com/playlist/6b7UlxP9GKCTDdW8IH2GIH,No Mistakes,Kanye West,ye
tennis,🎾TENNIS PLAYLIST 2025🎾,https://open.spotify.com/playlist/6b7UlxP9GKCTDdW8IH2GIH,Duvet - Sped Up Version,bôa,Duvet
tennis,🎾TENNIS PLAYLIST 2025🎾,https://open.spotify.com/playlist/6b7UlxP9GKCTDdW8IH2GIH,Dream On,Aerosmith,Aerosmith
tennis,🎾TENNIS PLAYLIST 2025🎾,https://open.spotify.com/playlist/6b7UlxP9GKCTDdW8IH2GIH,Who's Your Money On? (Plastic House),Inhaler,It Won't Always Be Like This
tennis,🎾TENNIS PLAYLIST 2025🎾,https://open.spotify.com/playlist/6b7UlxP9GKCTDdW8IH2GIH,greedy sped up,Tate McRae,greedy
tennis,🎾TENNIS PLAYLIST 2025🎾,https://open.spotify.com/playlist/6b7UlxP9GKCTDdW8IH2GIH,greedy,Tate McRae,greedy
tennis,🎾TENNIS PLAYLIST 2025🎾,https://open.spotify.com/playlist/6b7UlxP9GKCTDdW8IH2GIH,Whoa,Paramore,All We Know Is Falling
tennis,🎾TENNIS PLAYLIST 2025🎾,https://open.spotify.com/playlist/6b7UlxP9GKCTDdW8IH2GIH,greedy slowed down,Tate McRae,greedy
tennis,🎾TENNIS PLAYLIST 2025🎾,https://open.spotify.com/playlist/6b7UlxP9GKCTDdW8IH2GIH,in my head,Ariana Grande,"thank u, next"
tennis,🎾TENNIS PLAYLIST 2025🎾,https://open.spotify.com/playlist/6b7UlxP9GKCTDdW8IH2GIH,No Role Modelz,J. Cole,2014 Forest Hills Drive
tennis,🎾TENNIS PLAYLIST 2025🎾,https://open.spotify.com/playlist/6b7UlxP9GKCTDdW8IH2GIH,Opps (with Yugen Blakrok),"Vince Staples, Yugen Blakrok",Black Panther The Album Music From And Inspired By
tennis,🎾TENNIS PLAYLIST 2025🎾,https://open.spotify.com/playlist/6b7UlxP9GKCTDdW8IH2GIH,Renegade,Paramore,Singles Club
tennis,🎾TENNIS PLAYLIST 2025🎾,https://open.spotify.com/playlist/6b7UlxP9GKCTDdW8IH2GIH,STAR,STARA BEST,STAR
tennis,🎾TENNIS PLAYLIST 2025🎾,https://open.spotify.com/playlist/6b7UlxP9GKCTDdW8IH2GIH,House Of The Rising Sun,The Animals,The Animals
tennis,🎾TENNIS PLAYLIST 2025🎾,https://open.spotify.com/playlist/6b7UlxP9GKCTDdW8IH2GIH,Challengers,Trent Reznor and Atticus Ross,Challengers (Original Score)
tennis,🎾TENNIS PLAYLIST 2025🎾,https://open.spotify.com/playlist/6b7UlxP9GKCTDdW8IH2GIH,This Is War,Thirty Seconds To Mars,This Is War
tennis,🎾TENNIS PLAYLIST 2025🎾,https://open.spotify.com/playlist/6b7UlxP9GKCTDdW8IH2GIH,The Official FIFA World Cup Qatar 2022™ Theme,FIFA Sound,The Official FIFA World Cup Qatar 2022™ Theme
tennis,🎾TENNIS PLAYLIST 2025🎾,https://open.spotify.com/playlist/6b7UlxP9GKCTDdW8IH2GIH,Try Me,STARA BEST,Try Me
tennis,🎾TENNIS PLAYLIST 2025🎾,https://open.spotify.com/playlist/6b7UlxP9GKCTDdW8IH2GIH,No Lie (feat. Dua Lipa),"Sean Paul, Dua Lipa",Dua Lipa (Complete Edition)
tennis,🎾TENNIS PLAYLIST 2025🎾,https://open.spotify.com/playlist/6b7UlxP9GKCTDdW8IH2GIH,Now,Paramore,Paramore
tennis,🎾TENNIS PLAYLIST 2025🎾,https://open.spotify.com/playlist/6b7UlxP9GKCTDdW8IH2GIH,All Of The Lights,Kanye West,My Beautiful Dark Twisted Fantasy
tennis,🎾TENNIS PLAYLIST 2025🎾,https://open.spotify.com/playlist/6b7UlxP9GKCTDdW8IH2GIH,Play The Game,Queen,The Game
tennis,🎾TENNIS PLAYLIST 2025🎾,https://open.spotify.com/playlist/6b7UlxP9GKCTDdW8IH2GIH,Mr. Brightside,The Killers,Hot Fuss
tennis,🎾TENNIS PLAYLIST 2025🎾,https://open.spotify.com/playlist/6b7UlxP9GKCTDdW8IH2GIH,The Man,Taylor Swift,Lover
tennis,🎾TENNIS PLAYLIST 2025🎾,https://open.spotify.com/playlist/6b7UlxP9GKCTDdW8IH2GIH,Ms. Jackson,Outkast,Ms. Jackson (sped up + slowed)
tennis,🎾TENNIS PLAYLIST 2025🎾,https://open.spotify.com/playlist/6b7UlxP9GKCTDdW8IH2GIH,Uncover,Zara Larsson,1
tennis,🎾TENNIS PLAYLIST 2025🎾,https://open.spotify.com/playlist/6b7UlxP9GKCTDdW8IH2GIH,Try Me,STARA BEST,An Eruption of Thoughts
tennis,🎾TENNIS PLAYLIST 2025🎾,https://open.spotify.com/playlist/6b7UlxP9GKCTDdW8IH2GIH,STAR,STARA BEST,An Eruption of Thoughts
tennis,🎾TENNIS PLAYLIST 2025🎾,https://open.spotify.com/playlist/6b7UlxP9GKCTDdW8IH2GIH,If You Can't Beat Them,Queen,Jazz
tennis,🎾TENNIS PLAYLIST 2025🎾,https://open.spotify.com/playlist/6b7UlxP9GKCTDdW8IH2GIH,Born for This,Paramore,Riot!
tennis,🎾TENNIS PLAYLIST 2025🎾,https://open.spotify.com/playlist/6b7UlxP9GKCTDdW8IH2GIH,CARNIVAL,"¥$, Kanye West, Ty Dolla $ign, Rich The Kid, Playboi Carti",VULTURES 1
tennis,🎾TENNIS PLAYLIST 2025🎾,https://open.spotify.com/playlist/6b7UlxP9GKCTDdW8IH2GIH,CARNIVAL x FEIN,Kemi not a Kid,CARNIVAL x FEIN
tennis,🎾TENNIS PLAYLIST 2025🎾,https://open.spotify.com/playlist/6b7UlxP9GKCTDdW8IH2GIH,The New Workout Plan,Kanye West,The College Dropout
tennis,🎾TENNIS PLAYLIST 2025🎾,https://open.spotify.com/playlist/6b7UlxP9GKCTDdW8IH2GIH,Hurry up England,"Sham 69, The Special Assembly",Hurry up England
tennis,🎾TENNIS PLAYLIST 2025🎾,https://open.spotify.com/playlist/6b7UlxP9GKCTDdW8IH2GIH,CARNIVAL x FEIN - Sped Up,Kemi not a Kid,CARNIVAL x FEIN
tennis,🎾TENNIS PLAYLIST 2025🎾,https://open.spotify.com/playlist/6b7UlxP9GKCTDdW8IH2GIH,CARNIVAL x FEIN - Slowed,Kemi not a Kid,CARNIVAL x FEIN
tennis,🎾TENNIS PLAYLIST 2025🎾,https://open.spotify.com/playlist/6b7UlxP9GKCTDdW8IH2GIH,No Flex Zone - Remix,"Rae Sremmurd, Nicki Minaj, Pusha T",No Flex Zone (Remix)
tennis,🎾TENNIS PLAYLIST 2025🎾,https://open.spotify.com/playlist/6b7UlxP9GKCTDdW8IH2GIH,Last Hope,Paramore,Paramore (Deluxe Edition)
tennis,🎾TENNIS PLAYLIST 2025🎾,https://open.spotify.com/playlist/6b7UlxP9GKCTDdW8IH2GIH,Can't Stop,Red Hot Chili Peppers,By the Way (Deluxe Edition)
tennis,🎾TENNIS PLAYLIST 2025🎾,https://open.spotify.com/playlist/6b7UlxP9GKCTDdW8IH2GIH,Ice Cream Sundae,Inhaler,Ice Cream Sundae
tennis,🎾TENNIS PLAYLIST 2025🎾,https://open.spotify.com/playlist/6b7UlxP9GKCTDdW8IH2GIH,Nausea,"Violet Grohl, Dave Grohl",Nausea
tennis,🎾TENNIS PLAYLIST 2025🎾,https://open.spotify.com/playlist/6b7UlxP9GKCTDdW8IH2GIH,#thatPOWER,"will.i.am, Justin Bieber",#willpower
tennis,🎾TENNIS PLAYLIST 2025🎾,https://open.spotify.com/playlist/6b7UlxP9GKCTDdW8IH2GIH,Glorious (feat. Skylar Grey),"Macklemore, Skylar Grey",GEMINI
tennis,🎾TENNIS PLAYLIST 2025🎾,https://open.spotify.com/playlist/6b7UlxP9GKCTDdW8IH2GIH,Viva La Vida,Coldplay,Viva La Vida or Death and All His Friends
tennis,🎾TENNIS PLAYLIST 2025🎾,https://open.spotify.com/playlist/6b7UlxP9GKCTDdW8IH2GIH,Bet On It,"Troy, Disney",High School Musical 2 (Original Soundtrack)
tennis,🎾TENNIS PLAYLIST 2025🎾,https://open.spotify.com/playlist/6b7UlxP9GKCTDdW8IH2GIH,Breakthrough,"Adam Hicks, Bridgit Mendler, Naomi Scott, Hayley Kiyoko",Lemonade Mouth
tennis,🎾TENNIS PLAYLIST 2025🎾,https://open.spotify.com/playlist/6b7UlxP9GKCTDdW8IH2GIH,LEGO Ninjago WEEKEND WHIP - The Ghost Whip Remix,"Ninjago Music, The Fold, Krügersound",LEGO Ninjago: Possession (Original Soundtrack)
tennis,🎾TENNIS PLAYLIST 2025🎾,https://open.spotify.com/playlist/6b7UlxP9GKCTDdW8IH2GIH,Outside (feat. Ellie Goulding),"Calvin Harris, Ellie Goulding",Motion
tennis,🎾TENNIS PLAYLIST 2025🎾,https://open.spotify.com/playlist/6b7UlxP9GKCTDdW8IH2GIH,Why I Love You - Album Version (Edited),"JAY-Z, Kanye West, Mr Hudson",Watch The Throne (Deluxe)
tennis,🎾TENNIS PLAYLIST 2025🎾,https://open.spotify.com/playlist/6b7UlxP9GKCTDdW8IH2GIH,Going Bad (feat. Drake),"Meek Mill, Drake",Championships
tennis,🎾TENNIS PLAYLIST 2025🎾,https://open.spotify.com/playlist/6b7UlxP9GKCTDdW8IH2GIH,First Place - Sped Up,Larray,First Place (Sped Up)
tennis,🎾TENNIS PLAYLIST 2025🎾,https://open.spotify.com/playlist/6b7UlxP9GKCTDdW8IH2GIH,Underdog,Roddy Ricch,F1 The Album
tennis,🎾TENNIS PLAYLIST 2025🎾,https://open.spotify.com/playlist/6b7UlxP9GKCTDdW8IH2GIH,Just Keep Watching,Tate McRae,F1 The Album
tennis,🎾TENNIS PLAYLIST 2025🎾,https://open.spotify.com/playlist/6b7UlxP9GKCTDdW8IH2GIH,Don't Let Me Drown,Burna Boy,F1 The Album
tennis,🎾TENNIS PLAYLIST 2025🎾,https://open.spotify.com/playlist/6b7UlxP9GKCTDdW8IH2GIH,The Days - NOTION Remix,"Chrystal, NOTION",The Days (NOTION Remix)
tennis,🎾TENNIS PLAYLIST 2025🎾,https://open.spotify.com/playlist/6b7UlxP9GKCTDdW8IH2GIH,The Days - NOTION Remix Slowed,"Chrystal, NOTION",The Days (Remixes)
tennis,🎾TENNIS PLAYLIST 2025🎾,https://open.spotify.com/playlist/6b7UlxP9GKCTDdW8IH2GIH,F1,Hans Zimmer,F1 The Album (Cinematic Edition)
tennis,🎾TENNIS PLAYLIST 2025🎾,https://open.spotify.com/playlist/6b7UlxP9GKCTDdW8IH2GIH,Glory And Gore,Lorde,Pure Heroine
tennis,🎾TENNIS PLAYLIST 2025🎾,https://open.spotify.com/playlist/6b7UlxP9GKCTDdW8IH2GIH,This Circle,Paramore,All We Know Is Falling (Deluxe)
tennis,Tennis Pump Up Music,https://open.spotify.com/playlist/1EoFQMtgYQ6ej4JriL53Pk,"All I Do Is Win (feat. T-Pain, Ludacris, Snoop Dogg & Rick Ross)",DJ Khaled,"All I Do Is Win (feat. T-Pain, Ludacris, Snoop Dogg & Rick Ross)"
tennis,Tennis Pump Up Music,https://open.spotify.com/playlist/1EoFQMtgYQ6ej4JriL53Pk,Can't Hold Us (feat. Ray Dalton),"Macklemore, Ryan Lewis, Macklemore & Ryan Lewis, Ray Dalton",The Heist
tennis,Tennis Pump Up Music,https://open.spotify.com/playlist/1EoFQMtgYQ6ej4JriL53Pk,Go Hard or Go Home,"Wiz Khalifa, Iggy Azalea",Furious 7: Original Motion Picture Soundtrack
tennis,Tennis Pump Up Music,https://open.spotify.com/playlist/1EoFQMtgYQ6ej4JriL53Pk,Whatever It Takes,Imagine Dragons,Evolve
tennis,Tennis Pump Up Music,https://open.spotify.com/playlist/1EoFQMtgYQ6ej4JriL53Pk,The Greatest Show,"Hugh Jackman, Keala Settle, Zac Efron, Zendaya, The Greatest Showman Ensemble",The Greatest Showman (Original Motion Picture Soundtrack)
tennis,Tennis Pump Up Music,https://open.spotify.com/playlist/1EoFQMtgYQ6ej4JriL53Pk,Believer,Imagine Dragons,Evolve
tennis,Tennis Pump Up Music,https://open.spotify.com/playlist/1EoFQMtgYQ6ej4JriL53Pk,Thunder,Imagine Dragons,Evolve
tennis,Tennis Pump Up Music,https://open.spotify.com/playlist/1EoFQMtgYQ6ej4JriL53Pk,...Ready For It?,Taylor Swift,reputation
tennis,Tennis Pump Up Music,https://open.spotify.com/playlist/1EoFQMtgYQ6ej4JriL53Pk,Happier,"Marshmello, Bastille",Happier
tennis,Tennis Pump Up Music,https://open.spotify.com/playlist/1EoFQMtgYQ6ej4JriL53Pk,Better When I'm Dancin',Meghan Trainor,Better When I'm Dancin'
tennis,Tennis Pump Up Music,https://open.spotify.com/playlist/1EoFQMtgYQ6ej4JriL53Pk,Good Day,Jake Scott,Good Day
tennis,Tennis Pump Up Music,https://open.spotify.com/playlist/1EoFQMtgYQ6ej4JriL53Pk,Cloudy Day,Tones And I,Welcome To The Madhouse
tennis,Tennis Pump Up Music,https://open.spotify.com/playlist/1EoFQMtgYQ6ej4JriL53Pk,Fight Song,Rachel Platten,Wildfire
tennis,Tennis Pump Up Music,https://open.spotify.com/playlist/1EoFQMtgYQ6ej4JriL53Pk,This Is Me,"Keala Settle, The Greatest Showman Ensemble",This Is Me
tennis,Tennis Pump Up Music,https://open.spotify.com/playlist/1EoFQMtgYQ6ej4JriL53Pk,Best Day Of My Life,American Authors,"Oh, What A Life"
tennis,Tennis Pump Up Music,https://open.spotify.com/playlist/1EoFQMtgYQ6ej4JriL53Pk,Bang Bang,"Jessie J, Ariana Grande, Nicki Minaj",Sweet Talker
tennis,Tennis Pump Up Music,https://open.spotify.com/playlist/1EoFQMtgYQ6ej4JriL53Pk,Only Girl (In The World),Rihanna,Loud
tennis,Tennis Pump Up Music,https://open.spotify.com/playlist/1EoFQMtgYQ6ej4JriL53Pk,Someone To You,BANNERS,Empires On Fire
tennis,Tennis Pump Up Music,https://open.spotify.com/playlist/1EoFQMtgYQ6ej4JriL53Pk,Live While We're Young,One Direction,Take Me Home (Expanded Edition)
tennis,Tennis Pump Up Music,https://open.spotify.com/playlist/1EoFQMtgYQ6ej4JriL53Pk,Fallin’ (Adrenaline),Why Don't We,The Good Times and The Bad Ones
tennis,Tennis Pump Up Music,https://open.spotify.com/playlist/1EoFQMtgYQ6ej4JriL53Pk,Let's Do This,Outskrts,Let's Do This
tennis,Tennis Pump Up Music,https://open.spotify.com/playlist/1EoFQMtgYQ6ej4JriL53Pk,Never Going Back,The Score,ATLAS
tennis,Tennis Pump Up Music,https://open.spotify.com/playlist/1EoFQMtgYQ6ej4JriL53Pk,Let's Get Started,Sun Heat,Ready to Go
tennis,Tennis Pump Up Music,https://open.spotify.com/playlist/1EoFQMtgYQ6ej4JriL53Pk,I Believe That We Will Win (World Anthem),Pitbull,I Believe That We Will Win (World Anthem)
tennis,Tennis Pump Up Music,https://open.spotify.com/playlist/1EoFQMtgYQ6ej4JriL53Pk,Brave,Sara Bareilles,The Blessed Unrest
tennis,Tennis Pump Up Music,https://open.spotify.com/playlist/1EoFQMtgYQ6ej4JriL53Pk,Beautiful,Anne-Marie,Beautiful
tennis,Tennis Pump Up Music,https://open.spotify.com/playlist/1EoFQMtgYQ6ej4JriL53Pk,Unstoppable,Sia,This Is Acting (Deluxe Version)
tennis,Tennis Pump Up Music,https://open.spotify.com/playlist/1EoFQMtgYQ6ej4JriL53Pk,Try Everything,Shakira,Zootopia (Original Motion Picture Soundtrack)
tennis,Tennis Pump Up Music,https://open.spotify.com/playlist/1EoFQMtgYQ6ej4JriL53Pk,Just the Way You Are,Bruno Mars,Doo-Wops & Hooligans
tennis,Tennis Pump Up Music,https://open.spotify.com/playlist/1EoFQMtgYQ6ej4JriL53Pk,Roar,Katy Perry,PRISM (Deluxe)
tennis,Tennis Pump Up Music,https://open.spotify.com/playlist/1EoFQMtgYQ6ej4JriL53Pk,Shut Up and Dance,WALK THE MOON,TALKING IS HARD
tennis,Tennis Pump Up Music,https://open.spotify.com/playlist/1EoFQMtgYQ6ej4JriL53Pk,Shake It Off,Taylor Swift,1989
tennis,Tennis Pump Up Music,https://open.spotify.com/playlist/1EoFQMtgYQ6ej4JriL53Pk,This Feeling,"The Chainsmokers, Kelsea Ballerini",Sick Boy
tennis,Tennis Pump Up Music,https://open.spotify.com/playlist/1EoFQMtgYQ6ej4JriL53Pk,Kings & Queens,Ava Max,Heaven & Hell
tennis,Tennis Pump Up Music,https://open.spotify.com/playlist/1EoFQMtgYQ6ej4JriL53Pk,Woke Up in Love,"Kygo, Gryffin, Calum Scott",Woke Up in Love
tennis,Tennis Pump Up Music,https://open.spotify.com/playlist/1EoFQMtgYQ6ej4JriL53Pk,Break Free,"Ariana Grande, Zedd",My Everything (Deluxe)
tennis,Tennis Pump Up Music,https://open.spotify.com/playlist/1EoFQMtgYQ6ej4JriL53Pk,Delicate - Seeb Remix,"Taylor Swift, Seeb",Delicate (Seeb Remix)
tennis,Tennis Pump Up Music,https://open.spotify.com/playlist/1EoFQMtgYQ6ej4JriL53Pk,Dynamite,Taio Cruz,The Rokstarr Hits Collection
tennis,Tennis Pump Up Music,https://open.spotify.com/playlist/1EoFQMtgYQ6ej4JriL53Pk,Sunshine,OneRepublic,Sunshine
tennis,Tennis Pump Up Music,https://open.spotify.com/playlist/1EoFQMtgYQ6ej4JriL53Pk,Firework,Katy Perry,Teenage Dream: The Complete Confection
tennis,Tennis Pump Up Music,https://open.spotify.com/playlist/1EoFQMtgYQ6ej4JriL53Pk,Good Feeling,Flo Rida,Wild Ones
tennis,Tennis Pump Up Music,https://open.spotify.com/playlist/1EoFQMtgYQ6ej4JriL53Pk,Don't Be so Hard on Yourself,Jess Glynne,Don't Be so Hard on Yourself
tennis,Tennis Pump Up Music,https://open.spotify.com/playlist/1EoFQMtgYQ6ej4JriL53Pk,Good Time,"Owl City, Carly Rae Jepsen",The Midsummer Station
tennis,Tennis Pump Up Music,https://open.spotify.com/playlist/1EoFQMtgYQ6ej4JriL53Pk,Confident,Demi Lovato,Confident
tennis,Tennis Pump Up Music,https://open.spotify.com/playlist/1EoFQMtgYQ6ej4JriL53Pk,Really Don't Care,"Demi Lovato, Cher Lloyd",Demi
tennis,Tennis Pump Up Music,https://open.spotify.com/playlist/1EoFQMtgYQ6ej4JriL53Pk,Feel So Close - Radio Edit,Calvin Harris,18 Months
tennis,Tennis Pump Up Music,https://open.spotify.com/playlist/1EoFQMtgYQ6ej4JriL53Pk,The Middle,"Zedd, Maren Morris, Grey",The Middle
tennis,Tennis Pump Up Music,https://open.spotify.com/playlist/1EoFQMtgYQ6ej4JriL53Pk,Everything - Marcus Layton Remix,"Switch Disco, Marcus Layton",Everything (Marcus Layton Remix)
tennis,Tennis Pump Up Music,https://open.spotify.com/playlist/1EoFQMtgYQ6ej4JriL53Pk,Wolves,"Sam Tinnesz, Silverberg",Babel
tennis,Tennis Pump Up Music,https://open.spotify.com/playlist/1EoFQMtgYQ6ej4JriL53Pk,Choose Your Fighter (From Barbie The Album),Ava Max,Choose Your Fighter (From Barbie The Album)
tennis,Tennis Pump Up Music,https://open.spotify.com/playlist/1EoFQMtgYQ6ej4JriL53Pk,Girl on Fire,Alicia Keys,Girl on Fire (Remixes) - EP
tennis,Tennis Pump Up Music,https://open.spotify.com/playlist/1EoFQMtgYQ6ej4JriL53Pk,Dance The Night - From Barbie The Album,Dua Lipa,Dance The Night (From Barbie The Album)
tennis,Tennis Pump Up Music,https://open.spotify.com/playlist/1EoFQMtgYQ6ej4JriL53Pk,Live It Up (High Tide),Surfaces,Live It Up (High Tide)
tennis,Tennis Pump Up Music,https://open.spotify.com/playlist/1EoFQMtgYQ6ej4JriL53Pk,Invincible (feat. Shreya Ghoshal),"Pentatonix, Shreya Ghoshal",Holidays Around the World
tennis,Tennis Pump Up Music,https://open.spotify.com/playlist/1EoFQMtgYQ6ej4JriL53Pk,Confident,Demi Lovato,Confident
tennis,Tennis Pump Up Music,https://open.spotify.com/playlist/1EoFQMtgYQ6ej4JriL53Pk,Cruel Summer - LP Giobbi Remix,"Taylor Swift, LP Giobbi",The Cruelest Summer
tennis,Tennis Pump Up Music,https://open.spotify.com/playlist/1EoFQMtgYQ6ej4JriL53Pk,Love Myself,Hailee Steinfeld,HAIZ
tennis,Tennis Pump Up Music,https://open.spotify.com/playlist/1EoFQMtgYQ6ej4JriL53Pk,Glorious (feat. Skylar Grey),"Macklemore, Skylar Grey",GEMINI
tennis,Tennis Pump Up Music,https://open.spotify.com/playlist/1EoFQMtgYQ6ej4JriL53Pk,(It's Gonna Be) Okay,"Dave Bassett, The Piano Guys, Al van der Beek","So Far, So Good"
tennis,Tennis Pump Up Music,https://open.spotify.com/playlist/1EoFQMtgYQ6ej4JriL53Pk,Rise,Katy Perry,Rise
tennis,Tennis Pump Up Music,https://open.spotify.com/playlist/1EoFQMtgYQ6ej4JriL53Pk,AOK,Tai Verdes,TV
tennis,Tennis Pump Up Music,https://open.spotify.com/playlist/1EoFQMtgYQ6ej4JriL53Pk,Sing,Pentatonix,Pentatonix (Deluxe Version)
tennis,Tennis Pump Up Music,https://open.spotify.com/playlist/1EoFQMtgYQ6ej4JriL53Pk,I'll Be There,Walk off the Earth,HERE WE GO!
tennis,Tennis Pump Up Music,https://open.spotify.com/playlist/1EoFQMtgYQ6ej4JriL53Pk,Wild Ones (feat. Sia),"Flo Rida, Sia",Wild Ones
tennis,Tennis Pump Up Music,https://open.spotify.com/playlist/1EoFQMtgYQ6ej4JriL53Pk,Heroes (we could be),"Alesso, Tove Lo",Heroes (we could be)
tennis,Tennis Pump Up Music,https://open.spotify.com/playlist/1EoFQMtgYQ6ej4JriL53Pk,Where Are You Now,"Lost Frequencies, Calum Scott",All Stand Together
tennis,Tennis Pump Up Music,https://open.spotify.com/playlist/1EoFQMtgYQ6ej4JriL53Pk,Players,Coi Leray,Players
tennis,Tennis Pump Up Music,https://open.spotify.com/playlist/1EoFQMtgYQ6ej4JriL53Pk,Don't You Worry,Mark Ambor,Don't You Worry
tennis,Tennis Pump Up Music,https://open.spotify.com/playlist/1EoFQMtgYQ6ej4JriL53Pk,Big Dawgs,"Hanumankind, Kalmi",Big Dawgs
tennis,Tennis Pump Up Music,https://open.spotify.com/playlist/1EoFQMtgYQ6ej4JriL53Pk,Change,Kodi Lee,Change
tennis,Tennis Pump Up Music,https://open.spotify.com/playlist/1EoFQMtgYQ6ej4JriL53Pk,Dancing My Way,Wyn Starks,Black Is Golden
tennis,Tennis Pump Up Music,https://open.spotify.com/playlist/1EoFQMtgYQ6ej4JriL53Pk,I Don't Really Care (Set Me Free),Rachel Platten,I Am Rachel Platten
tennis,Tennis Pump Up Music,https://open.spotify.com/playlist/1EoFQMtgYQ6ej4JriL53Pk,Live Your Life,"T.I., Rihanna",Paper Trail
tennis,Tennis Pump Up Music,https://open.spotify.com/playlist/1EoFQMtgYQ6ej4JriL53Pk,Victorious,Panic! At The Disco,Death of a Bachelor
tennis,Tennis Pump Up Music,https://open.spotify.com/playlist/1EoFQMtgYQ6ej4JriL53Pk,Youngblood,5 Seconds of Summer,Youngblood (Deluxe)
tennis,Tennis Pump Up Music,https://open.spotify.com/playlist/1EoFQMtgYQ6ej4JriL53Pk,Thrift Shop (feat. Wanz),"Macklemore & Ryan Lewis, Macklemore, Ryan Lewis, Wanz",The Heist
basketball,tuff hoops playlist🔥🏀,https://open.spotify.com/playlist/623ogehaIQ0MICXONaVaiC,family ties (with Kendrick Lamar),"Baby Keem, Kendrick Lamar",The Melodic Blue
basketball,tuff hoops playlist🔥🏀,https://open.spotify.com/playlist/623ogehaIQ0MICXONaVaiC,No Role Modelz,J. Cole,2014 Forest Hills Drive
basketball,tuff hoops playlist🔥🏀,https://open.spotify.com/playlist/623ogehaIQ0MICXONaVaiC,Wants and Needs (feat. Lil Baby),"Drake, Lil Baby",Scary Hours 2
basketball,tuff hoops playlist🔥🏀,https://open.spotify.com/playlist/623ogehaIQ0MICXONaVaiC,Money In The Grave (Drake ft. Rick Ross),"Drake, Rick Ross",The Best In The World Pack
basketball,tuff hoops playlist🔥🏀,https://open.spotify.com/playlist/623ogehaIQ0MICXONaVaiC,Yes Indeed,"Lil Baby, Drake",Harder Than Ever
basketball,tuff hoops playlist🔥🏀,https://open.spotify.com/playlist/623ogehaIQ0MICXONaVaiC,Jimmy Cooks (feat. 21 Savage),"Drake, 21 Savage","Honestly, Nevermind"
basketball,tuff hoops playlist🔥🏀,https://open.spotify.com/playlist/623ogehaIQ0MICXONaVaiC,20 Min,Lil Uzi Vert,Luv Is Rage 2 (Deluxe)
basketball,tuff hoops playlist🔥🏀,https://open.spotify.com/playlist/623ogehaIQ0MICXONaVaiC,Off The Grid,Kanye West,Donda
basketball,tuff hoops playlist🔥🏀,https://open.spotify.com/playlist/623ogehaIQ0MICXONaVaiC,Champagne Poetry,Drake,Certified Lover Boy
basketball,tuff hoops playlist🔥🏀,https://open.spotify.com/playlist/623ogehaIQ0MICXONaVaiC,Lonely,Akon,Trouble
basketball,tuff hoops playlist🔥🏀,https://open.spotify.com/playlist/623ogehaIQ0MICXONaVaiC,Noticed,Lil Mosey,Northsbest (Extended)
basketball,tuff hoops playlist🔥🏀,https://open.spotify.com/playlist/623ogehaIQ0MICXONaVaiC,The Grinch,Trippie Redd,A Love Letter To You 4
basketball,tuff hoops playlist🔥🏀,https://open.spotify.com/playlist/623ogehaIQ0MICXONaVaiC,Red Light Green Light,DaBaby,Red Light Green Light
basketball,tuff hoops playlist🔥🏀,https://open.spotify.com/playlist/623ogehaIQ0MICXONaVaiC,Our Time,Lil Tecca,Virgo World
basketball,tuff hoops playlist🔥🏀,https://open.spotify.com/playlist/623ogehaIQ0MICXONaVaiC,Coffin,Lil Yachty,Lil Boat 3.5
basketball,tuff hoops playlist🔥🏀,https://open.spotify.com/playlist/623ogehaIQ0MICXONaVaiC,Lucid Dreams,Juice WRLD,Goodbye & Good Riddance
basketball,tuff hoops playlist🔥🏀,https://open.spotify.com/playlist/623ogehaIQ0MICXONaVaiC,Armed And Dangerous,Juice WRLD,Goodbye & Good Riddance
basketball,tuff hoops playlist🔥🏀,https://open.spotify.com/playlist/623ogehaIQ0MICXONaVaiC,Antisocial (feat. Slump6s),"tana, Slump6s",Antisocial
basketball,tuff hoops playlist🔥🏀,https://open.spotify.com/playlist/623ogehaIQ0MICXONaVaiC,Holy Smokes (feat. Lil Uzi Vert),"Trippie Redd, Lil Uzi Vert",Trip At Knight (Complete Edition)
basketball,tuff hoops playlist🔥🏀,https://open.spotify.com/playlist/623ogehaIQ0MICXONaVaiC,Tic Tac,"Future, Lil Uzi Vert",Pluto x Baby Pluto (Deluxe)
basketball,tuff hoops playlist🔥🏀,https://open.spotify.com/playlist/623ogehaIQ0MICXONaVaiC,wokeuplikethis*,"Playboi Carti, Lil Uzi Vert",Playboi Carti
basketball,tuff hoops playlist🔥🏀,https://open.spotify.com/playlist/623ogehaIQ0MICXONaVaiC,Yessirskiii,"Lil Uzi Vert, 21 Savage",Eternal Atake (Deluxe) - LUV vs. The World 2
basketball,tuff hoops playlist🔥🏀,https://open.spotify.com/playlist/623ogehaIQ0MICXONaVaiC,Faucet Failure,Ski Mask The Slump God,STOKELEY
basketball,tuff hoops playlist🔥🏀,https://open.spotify.com/playlist/623ogehaIQ0MICXONaVaiC,Money Longer,Lil Uzi Vert,Lil Uzi Vert vs. The World
basketball,tuff hoops playlist🔥🏀,https://open.spotify.com/playlist/623ogehaIQ0MICXONaVaiC,223's (feat. 9lokknine),"YNW Melly, 9lokknine",223's (feat. 9lokknine)
basketball,tuff hoops playlist🔥🏀,https://open.spotify.com/playlist/623ogehaIQ0MICXONaVaiC,WAIT FOR U (feat. Drake & Tems),"Future, Drake, Tems",I NEVER LIKED YOU
basketball,tuff hoops playlist🔥🏀,https://open.spotify.com/playlist/623ogehaIQ0MICXONaVaiC,Do Not Disturb,Drake,More Life
basketball,tuff hoops playlist🔥🏀,https://open.spotify.com/playlist/623ogehaIQ0MICXONaVaiC,10 Freaky Girls (with 21 Savage),"Metro Boomin, 21 Savage",NOT ALL HEROES WEAR CAPES (Deluxe)
basketball,tuff hoops playlist🔥🏀,https://open.spotify.com/playlist/623ogehaIQ0MICXONaVaiC,Tell Em,"Cochise, $NOT",Tell Em
basketball,tuff hoops playlist🔥🏀,https://open.spotify.com/playlist/623ogehaIQ0MICXONaVaiC,Pure Cocaine,Lil Baby,Street Gossip
basketball,tuff hoops playlist🔥🏀,https://open.spotify.com/playlist/623ogehaIQ0MICXONaVaiC,Matt Hardy 999 (feat. Juice WRLD),"Trippie Redd, Juice WRLD",Trip At Knight (Complete Edition)
basketball,tuff hoops playlist🔥🏀,https://open.spotify.com/playlist/623ogehaIQ0MICXONaVaiC,Over The Top (feat. Drake),"Smiley, Drake",Buy or Bye 2
basketball,tuff hoops playlist🔥🏀,https://open.spotify.com/playlist/623ogehaIQ0MICXONaVaiC,a lot,21 Savage,i am > i was
basketball,tuff hoops playlist🔥🏀,https://open.spotify.com/playlist/623ogehaIQ0MICXONaVaiC,Camelot,NLE Choppa,Camelot
basketball,tuff hoops playlist🔥🏀,https://open.spotify.com/playlist/623ogehaIQ0MICXONaVaiC,Shotta Flow (feat. Blueface) [Remix],"NLE Choppa, Blueface",Cottonwood
basketball,tuff hoops playlist🔥🏀,https://open.spotify.com/playlist/623ogehaIQ0MICXONaVaiC,Lust,Lil Skies,Life of a Dark Rose
basketball,tuff hoops playlist🔥🏀,https://open.spotify.com/playlist/623ogehaIQ0MICXONaVaiC,Gassed Up,Nebu Kiniza,Gassed Up
basketball,tuff hoops playlist🔥🏀,https://open.spotify.com/playlist/623ogehaIQ0MICXONaVaiC,Yacht Club (feat. Juice WRLD),"Lil Yachty, Juice WRLD",Nuthin' 2 Prove
basketball,tuff hoops playlist🔥🏀,https://open.spotify.com/playlist/623ogehaIQ0MICXONaVaiC,The Way Life Goes (feat. Oh Wonder),"Lil Uzi Vert, Oh Wonder",Luv Is Rage 2
basketball,tuff hoops playlist🔥🏀,https://open.spotify.com/playlist/623ogehaIQ0MICXONaVaiC,All Mine,Kanye West,ye
basketball,tuff hoops playlist🔥🏀,https://open.spotify.com/playlist/623ogehaIQ0MICXONaVaiC,Money Trees,"Kendrick Lamar, Jay Rock","good kid, m.A.A.d city"
basketball,tuff hoops playlist🔥🏀,https://open.spotify.com/playlist/623ogehaIQ0MICXONaVaiC,Location,Playboi Carti,Playboi Carti
basketball,tuff hoops playlist🔥🏀,https://open.spotify.com/playlist/623ogehaIQ0MICXONaVaiC,Time Flies,Drake,Dark Lane Demo Tapes
basketball,tuff hoops playlist🔥🏀,https://open.spotify.com/playlist/623ogehaIQ0MICXONaVaiC,ILoveUIHateU,Playboi Carti,Whole Lotta Red
basketball,tuff hoops playlist🔥🏀,https://open.spotify.com/playlist/623ogehaIQ0MICXONaVaiC,Bad Boy (with Young Thug),"Juice WRLD, Young Thug",Bad Boy (with Young Thug)
basketball,tuff hoops playlist🔥🏀,https://open.spotify.com/playlist/623ogehaIQ0MICXONaVaiC,Laugh Now Cry Later (feat. Lil Durk),"Drake, Lil Durk",Laugh Now Cry Later (feat. Lil Durk)
basketball,tuff hoops playlist🔥🏀,https://open.spotify.com/playlist/623ogehaIQ0MICXONaVaiC,Sanguine Paradise,Lil Uzi Vert,Sanguine Paradise
basketball,tuff hoops playlist🔥🏀,https://open.spotify.com/playlist/623ogehaIQ0MICXONaVaiC,Space Cadet (feat. Gunna),"Metro Boomin, Gunna",NOT ALL HEROES WEAR CAPES (Deluxe)
basketball,tuff hoops playlist🔥🏀,https://open.spotify.com/playlist/623ogehaIQ0MICXONaVaiC,Out Of Love (feat. Internet Money),"Lil Tecca, Internet Money",Virgo World
basketball,tuff hoops playlist🔥🏀,https://open.spotify.com/playlist/623ogehaIQ0MICXONaVaiC,Miss The Rage (feat. Playboi Carti),"Trippie Redd, Playboi Carti",Trip At Knight (Complete Edition)
basketball,tuff hoops playlist🔥🏀,https://open.spotify.com/playlist/623ogehaIQ0MICXONaVaiC,Catch Me Outside,Ski Mask The Slump God,You Will Regret (Reloaded)
basketball,tuff hoops playlist🔥🏀,https://open.spotify.com/playlist/623ogehaIQ0MICXONaVaiC,Opp Stoppa (feat. 21 Savage),"YBN Nahmir, 21 Savage",VISIONLAND
basketball,tuff hoops playlist🔥🏀,https://open.spotify.com/playlist/623ogehaIQ0MICXONaVaiC,Venetia,Lil Uzi Vert,Eternal Atake
basketball,tuff hoops playlist🔥🏀,https://open.spotify.com/playlist/623ogehaIQ0MICXONaVaiC,COOLEST MONKEY IN THE JUNGLE,"Ski Mask The Slump God, SahBabii",BEWARE THE BOOK OF ELI
basketball,tuff hoops playlist🔥🏀,https://open.spotify.com/playlist/623ogehaIQ0MICXONaVaiC,Long Time - Intro,Playboi Carti,Die Lit
basketball,tuff hoops playlist🔥🏀,https://open.spotify.com/playlist/623ogehaIQ0MICXONaVaiC,Homecoming,Lil Uzi Vert,Eternal Atake
basketball,tuff hoops playlist🔥🏀,https://open.spotify.com/playlist/623ogehaIQ0MICXONaVaiC,Yah Mean,Playboi Carti,Playboi Carti
basketball,tuff hoops playlist🔥🏀,https://open.spotify.com/playlist/623ogehaIQ0MICXONaVaiC,Lemonade,Tay-K,#SantanaWorld (+)
basketball,tuff hoops playlist🔥🏀,https://open.spotify.com/playlist/623ogehaIQ0MICXONaVaiC,YOSEMITE,Travis Scott,ASTROWORLD
basketball,tuff hoops playlist🔥🏀,https://open.spotify.com/playlist/623ogehaIQ0MICXONaVaiC,Everything BoZ,"Trippie Redd, Coi Leray",!
basketball,tuff hoops playlist🔥🏀,https://open.spotify.com/playlist/623ogehaIQ0MICXONaVaiC,Commercial (feat. Lil Uzi Vert),"Lil Baby, Lil Uzi Vert",My Turn
basketball,tuff hoops playlist🔥🏀,https://open.spotify.com/playlist/623ogehaIQ0MICXONaVaiC,Gotta Blast (feat. Diego Money & Bandman Fari),"Tay-K, Diego Money, Bandmanfari",#SantanaWorld (+)
basketball,tuff hoops playlist🔥🏀,https://open.spotify.com/playlist/623ogehaIQ0MICXONaVaiC,Revenge,XXXTENTACION,17
basketball,tuff hoops playlist🔥🏀,https://open.spotify.com/playlist/623ogehaIQ0MICXONaVaiC,My Shit,A Boogie Wit da Hoodie,Artist
basketball,tuff hoops playlist🔥🏀,https://open.spotify.com/playlist/623ogehaIQ0MICXONaVaiC,Shoota (feat. Lil Uzi Vert),"Playboi Carti, Lil Uzi Vert",Die Lit
basketball,tuff hoops playlist🔥🏀,https://open.spotify.com/playlist/623ogehaIQ0MICXONaVaiC,NEVER LEFT,Lil Tecca,We Love You Tecca 2
basketball,tuff hoops playlist🔥🏀,https://open.spotify.com/playlist/623ogehaIQ0MICXONaVaiC,p r i d e . i s . t h e . d e v i l (with Lil Baby),"J. Cole, Lil Baby",The Off-Season
basketball,tuff hoops playlist🔥🏀,https://open.spotify.com/playlist/623ogehaIQ0MICXONaVaiC,HONEST,Baby Keem,DIE FOR MY BITCH
basketball,tuff hoops playlist🔥🏀,https://open.spotify.com/playlist/623ogehaIQ0MICXONaVaiC,Freestyle,Lil Baby,Too Hard
basketball,tuff hoops playlist🔥🏀,https://open.spotify.com/playlist/623ogehaIQ0MICXONaVaiC,Sorry Bout That,Yeat,4L
basketball,tuff hoops playlist🔥🏀,https://open.spotify.com/playlist/623ogehaIQ0MICXONaVaiC,RAPSTAR,Polo G,Hall of Fame
basketball,tuff hoops playlist🔥🏀,https://open.spotify.com/playlist/623ogehaIQ0MICXONaVaiC,NO BYSTANDERS,Travis Scott,ASTROWORLD
basketball,tuff hoops playlist🔥🏀,https://open.spotify.com/playlist/623ogehaIQ0MICXONaVaiC,FOR FUN,Lil Uzi Vert,RED & WHITE
basketball,tuff hoops playlist🔥🏀,https://open.spotify.com/playlist/623ogehaIQ0MICXONaVaiC,Rich Flex,"Drake, 21 Savage",Her Loss
basketball,tuff hoops playlist🔥🏀,https://open.spotify.com/playlist/623ogehaIQ0MICXONaVaiC,Way 2 Sexy (with Future & Young Thug),"Drake, Future, Young Thug",Certified Lover Boy
basketball,tuff hoops playlist🔥🏀,https://open.spotify.com/playlist/623ogehaIQ0MICXONaVaiC,Flex Up (feat. Future & Playboi Carti),"Lil Yachty, Future, Playboi Carti",Lil Boat 3.5
basketball,tuff hoops playlist🔥🏀,https://open.spotify.com/playlist/623ogehaIQ0MICXONaVaiC,Go Stupid (feat. NLE Choppa & Mike WiLL Made-It),"Polo G, Stunna 4 Vegas, NLE Choppa, Mike WiLL Made-It",Go Stupid (feat. NLE Choppa & Mike WiLL Made-It)
basketball,tuff hoops playlist🔥🏀,https://open.spotify.com/playlist/623ogehaIQ0MICXONaVaiC,Walk Em Down (feat. Roddy Ricch),"NLE Choppa, Roddy Ricch",Top Shotta
basketball,tuff hoops playlist🔥🏀,https://open.spotify.com/playlist/623ogehaIQ0MICXONaVaiC,NBAYOUNGBOAT,"Lil Yachty, YoungBoy Never Broke Again",Lil Boat 2
basketball,tuff hoops playlist🔥🏀,https://open.spotify.com/playlist/623ogehaIQ0MICXONaVaiC,LOT OF ME,Lil Tecca,We Love You Tecca 2
basketball,tuff hoops playlist🔥🏀,https://open.spotify.com/playlist/623ogehaIQ0MICXONaVaiC,Took Her To The O,King Von,Levon James
basketball,tuff hoops playlist🔥🏀,https://open.spotify.com/playlist/623ogehaIQ0MICXONaVaiC,Pussy & Millions (feat. Travis Scott),"Drake, 21 Savage, Travis Scott",Her Loss
basketball,tuff hoops playlist🔥🏀,https://open.spotify.com/playlist/623ogehaIQ0MICXONaVaiC,Fair Trade (with Travis Scott),"Drake, Travis Scott",Certified Lover Boy
basketball,tuff hoops playlist🔥🏀,https://open.spotify.com/playlist/623ogehaIQ0MICXONaVaiC,Bad Man (Smooth Criminal),Polo G,Hall of Fame 2.0
basketball,tuff hoops playlist🔥🏀,https://open.spotify.com/playlist/623ogehaIQ0MICXONaVaiC,PUFFIN ON ZOOTIEZ,Future,I NEVER LIKED YOU
basketball,tuff hoops playlist🔥🏀,https://open.spotify.com/playlist/623ogehaIQ0MICXONaVaiC,Poppin,Yeat,2 Alivë
basketball,tuff hoops playlist🔥🏀,https://open.spotify.com/playlist/623ogehaIQ0MICXONaVaiC,Way life goes - Remix,Ajnextdoor,Way life goes (Remix)
basketball,tuff hoops playlist🔥🏀,https://open.spotify.com/playlist/623ogehaIQ0MICXONaVaiC,You Better Move,Lil Uzi Vert,Eternal Atake (Deluxe) - LUV vs. The World 2
basketball,tuff hoops playlist🔥🏀,https://open.spotify.com/playlist/623ogehaIQ0MICXONaVaiC,Knife Talk (with 21 Savage ft. Project Pat),"Drake, 21 Savage, Project Pat",Certified Lover Boy
basketball,tuff hoops playlist🔥🏀,https://open.spotify.com/playlist/623ogehaIQ0MICXONaVaiC,whoa (mind in awe),XXXTENTACION,SKINS
basketball,tuff hoops playlist🔥🏀,https://open.spotify.com/playlist/623ogehaIQ0MICXONaVaiC,Cigarettes,Juice WRLD,Fighting Demons (Deluxe)
basketball,tuff hoops playlist🔥🏀,https://open.spotify.com/playlist/623ogehaIQ0MICXONaVaiC,Look Back at It,A Boogie Wit da Hoodie,Hoodie SZN
basketball,tuff hoops playlist🔥🏀,https://open.spotify.com/playlist/623ogehaIQ0MICXONaVaiC,Secrets,A Boogie Wit da Hoodie,Artist 2.0 (Deluxe)
basketball,tuff hoops playlist🔥🏀,https://open.spotify.com/playlist/623ogehaIQ0MICXONaVaiC,Super Gremlin,Kodak Black,Sniper Gang Presents Syko Bob & Snapkatt: Nightmare Babies
basketball,tuff hoops playlist🔥🏀,https://open.spotify.com/playlist/623ogehaIQ0MICXONaVaiC,STATS,Baby Keem,DIE FOR MY BITCH
basketball,tuff hoops playlist🔥🏀,https://open.spotify.com/playlist/623ogehaIQ0MICXONaVaiC,Mockingbird,Eminem,Encore (Deluxe Version)
basketball,tuff hoops playlist🔥🏀,https://open.spotify.com/playlist/623ogehaIQ0MICXONaVaiC,NEW MAGIC WAND,"Tyler, The Creator",IGOR
basketball,tuff hoops playlist🔥🏀,https://open.spotify.com/playlist/623ogehaIQ0MICXONaVaiC,New Patek,Lil Uzi Vert,New Patek
basketball,tuff hoops playlist🔥🏀,https://open.spotify.com/playlist/623ogehaIQ0MICXONaVaiC,Out thë way,Yeat,Lyfë
basketball,tuff hoops playlist🔥🏀,https://open.spotify.com/playlist/623ogehaIQ0MICXONaVaiC,Pop Out (feat. Lil Tjay),"Polo G, Lil Tjay",Die A Legend
basketball,tuff hoops playlist🔥🏀,https://open.spotify.com/playlist/623ogehaIQ0MICXONaVaiC,Life Goes On,"Lil Baby, Gunna, Lil Uzi Vert",Harder Than Ever
basketball,tuff hoops playlist🔥🏀,https://open.spotify.com/playlist/623ogehaIQ0MICXONaVaiC,On Me,Lil Baby,On Me
basketball,tuff hoops playlist🔥🏀,https://open.spotify.com/playlist/623ogehaIQ0MICXONaVaiC,Hate The Other Side (with Marshmello & The Kid Laroi),"Juice WRLD, Marshmello, The Kid LAROI, Polo G",Legends Never Die
basketball,tuff hoops playlist🔥🏀,https://open.spotify.com/playlist/623ogehaIQ0MICXONaVaiC,Heartless,Kanye West,808s & Heartbreak
basketball,tuff hoops playlist🔥🏀,https://open.spotify.com/playlist/623ogehaIQ0MICXONaVaiC,These Days,mike.,This Isn't The Album
basketball,tuff hoops playlist🔥🏀,https://open.spotify.com/playlist/623ogehaIQ0MICXONaVaiC,Basketball Dreams (Intro),Sleepy Hallow,Still Sleep?
basketball,tuff hoops playlist🔥🏀,https://open.spotify.com/playlist/623ogehaIQ0MICXONaVaiC,Hot (feat. Gunna),"Young Thug, Gunna",So Much Fun
basketball,tuff hoops playlist🔥🏀,https://open.spotify.com/playlist/623ogehaIQ0MICXONaVaiC,Prices,"Lil Uzi Vert, WanMor",Eternal Atake
basketball,tuff hoops playlist🔥🏀,https://open.spotify.com/playlist/623ogehaIQ0MICXONaVaiC,Started From the Bottom,Drake,Nothing Was The Same
basketball,tuff hoops playlist🔥🏀,https://open.spotify.com/playlist/623ogehaIQ0MICXONaVaiC,Over,Drake,Thank Me Later
basketball,tuff hoops playlist🔥🏀,https://open.spotify.com/playlist/623ogehaIQ0MICXONaVaiC,REEL IT IN,Aminé,ONEPOINTFIVE
basketball,tuff hoops playlist🔥🏀,https://open.spotify.com/playlist/623ogehaIQ0MICXONaVaiC,Element,Pop Smoke,Meet The Woo 2
basketball,tuff hoops playlist🔥🏀,https://open.spotify.com/playlist/623ogehaIQ0MICXONaVaiC,Vamp Anthem,Playboi Carti,Whole Lotta Red
basketball,tuff hoops playlist🔥🏀,https://open.spotify.com/playlist/623ogehaIQ0MICXONaVaiC,Talk,Yeat,Lyfë
basketball,tuff hoops playlist🔥🏀,https://open.spotify.com/playlist/623ogehaIQ0MICXONaVaiC,"Crazy Story, Pt. 3",King Von,"Grandson, Vol. 1"
basketball,tuff hoops playlist🔥🏀,https://open.spotify.com/playlist/623ogehaIQ0MICXONaVaiC,Go2DaMoon (feat. Kanye West),"Playboi Carti, Kanye West",Whole Lotta Red
basketball,tuff hoops playlist🔥🏀,https://open.spotify.com/playlist/623ogehaIQ0MICXONaVaiC,ron artest,overzoned,ron artest
basketball,tuff hoops playlist🔥🏀,https://open.spotify.com/playlist/623ogehaIQ0MICXONaVaiC,Stan,"Eminem, Dido",The Marshall Mathers LP
basketball,tuff hoops playlist🔥🏀,https://open.spotify.com/playlist/623ogehaIQ0MICXONaVaiC,Hex,80purppp,Hex
basketball,tuff hoops playlist🔥🏀,https://open.spotify.com/playlist/623ogehaIQ0MICXONaVaiC,FreakyT,TiaCorine,I Can't Wait
basketball,tuff hoops playlist🔥🏀,https://open.spotify.com/playlist/623ogehaIQ0MICXONaVaiC,Spin Bout U,"Drake, 21 Savage",Her Loss
basketball,tuff hoops playlist🔥🏀,https://open.spotify.com/playlist/623ogehaIQ0MICXONaVaiC,Looking Out for You,Joy Again,Looking Out for You
basketball,tuff hoops playlist🔥🏀,https://open.spotify.com/playlist/623ogehaIQ0MICXONaVaiC,Bad Habit - Sped Up,Steve Lacy,Bad Habit (Sped Up)
basketball,tuff hoops playlist🔥🏀,https://open.spotify.com/playlist/623ogehaIQ0MICXONaVaiC,Ron Artest,Ltmb Yandel,Ron Artest
basketball,tuff hoops playlist🔥🏀,https://open.spotify.com/playlist/623ogehaIQ0MICXONaVaiC,bad vibes forever (feat. PnB Rock & Trippie Redd),"XXXTENTACION, PnB Rock, Trippie Redd",Bad Vibes Forever
basketball,tuff hoops playlist🔥🏀,https://open.spotify.com/playlist/623ogehaIQ0MICXONaVaiC,af1,lilbubblegum,af1
basketball,tuff hoops playlist🔥🏀,https://open.spotify.com/playlist/623ogehaIQ0MICXONaVaiC,Without Me,Eminem,The Eminem Show
basketball,tuff hoops playlist🔥🏀,https://open.spotify.com/playlist/623ogehaIQ0MICXONaVaiC,Beat Box 4 (with NLE Choppa),"SpotemGottem, NLE Choppa",Beat Box 4 (with NLE Choppa)
basketball,tuff hoops playlist🔥🏀,https://open.spotify.com/playlist/623ogehaIQ0MICXONaVaiC,Love Sosa,Chief Keef,Finally Rich (Deluxe)
basketball,tuff hoops playlist🔥🏀,https://open.spotify.com/playlist/623ogehaIQ0MICXONaVaiC,GATTI,"JACKBOYS, Pop Smoke, Travis Scott",JACKBOYS
basketball,tuff hoops playlist🔥🏀,https://open.spotify.com/playlist/623ogehaIQ0MICXONaVaiC,I Don't Like,"Chief Keef, Lil Reese",Finally Rich (Deluxe)
basketball,tuff hoops playlist🔥🏀,https://open.spotify.com/playlist/623ogehaIQ0MICXONaVaiC,Got It On Me,Pop Smoke,Shoot For The Stars Aim For The Moon
basketball,tuff hoops playlist🔥🏀,https://open.spotify.com/playlist/623ogehaIQ0MICXONaVaiC,Ski,"Young Stoner Life, Young Thug, Gunna",Slime Language 2
basketball,tuff hoops playlist🔥🏀,https://open.spotify.com/playlist/623ogehaIQ0MICXONaVaiC,Going Bad (feat. Drake),"Meek Mill, Drake",Championships
basketball,tuff hoops playlist🔥🏀,https://open.spotify.com/playlist/623ogehaIQ0MICXONaVaiC,Rags2Riches 2 (feat. Lil Baby),"Rod Wave, Lil Baby",Pray 4 Love (Deluxe)
basketball,tuff hoops playlist🔥🏀,https://open.spotify.com/playlist/623ogehaIQ0MICXONaVaiC,Money Twërk,Yeat,4L
basketball,tuff hoops playlist🔥🏀,https://open.spotify.com/playlist/623ogehaIQ0MICXONaVaiC,Unapologetic (with NLE Choppa),"Polo G, NLE Choppa",Hall of Fame 2.0
basketball,tuff hoops playlist🔥🏀,https://open.spotify.com/playlist/623ogehaIQ0MICXONaVaiC,Sticky,Drake,"Honestly, Nevermind"
basketball,tuff hoops playlist🔥🏀,https://open.spotify.com/playlist/623ogehaIQ0MICXONaVaiC,On Time (with John Legend),"Metro Boomin, John Legend",HEROES & VILLAINS
basketball,tuff hoops playlist🔥🏀,https://open.spotify.com/playlist/623ogehaIQ0MICXONaVaiC,Superhero (Heroes & Villains) [with Future & Chris Brown],"Metro Boomin, Future, Chris Brown",HEROES & VILLAINS
basketball,tuff hoops playlist🔥🏀,https://open.spotify.com/playlist/623ogehaIQ0MICXONaVaiC,POWER,Kanye West,My Beautiful Dark Twisted Fantasy
basketball,tuff hoops playlist🔥🏀,https://open.spotify.com/playlist/623ogehaIQ0MICXONaVaiC,Drill Foot,CamilosGarden,Drill Night
basketball,tuff hoops playlist🔥🏀,https://open.spotify.com/playlist/623ogehaIQ0MICXONaVaiC,P power (feat. Drake),"Gunna, Drake",DS4EVER
basketball,tuff hoops playlist🔥🏀,https://open.spotify.com/playlist/623ogehaIQ0MICXONaVaiC,Runnin,"21 Savage, Metro Boomin",SAVAGE MODE II
basketball,tuff hoops playlist🔥🏀,https://open.spotify.com/playlist/623ogehaIQ0MICXONaVaiC,Glock In My Lap,"21 Savage, Metro Boomin",SAVAGE MODE II
basketball,tuff hoops playlist🔥🏀,https://open.spotify.com/playlist/623ogehaIQ0MICXONaVaiC,Whoopty,CJ,Whoopty
basketball,tuff hoops playlist🔥🏀,https://open.spotify.com/playlist/623ogehaIQ0MICXONaVaiC,No Return (with The Kid LAROI & Lil Durk),"Polo G, The Kid LAROI, Lil Durk",Hall of Fame
basketball,tuff hoops playlist🔥🏀,https://open.spotify.com/playlist/623ogehaIQ0MICXONaVaiC,Martin & Gina,Polo G,THE GOAT
basketball,tuff hoops playlist🔥🏀,https://open.spotify.com/playlist/623ogehaIQ0MICXONaVaiC,Here With Me,d4vd,Here With Me
basketball,tuff hoops playlist🔥🏀,https://open.spotify.com/playlist/623ogehaIQ0MICXONaVaiC,Just Want You,YNW BSlime,Baby Goat
basketball,tuff hoops playlist🔥🏀,https://open.spotify.com/playlist/623ogehaIQ0MICXONaVaiC,Can't Tell Me Nothing,Kanye West,Graduation
basketball,tuff hoops playlist🔥🏀,https://open.spotify.com/playlist/623ogehaIQ0MICXONaVaiC,Flashing Lights,"Kanye West, Dwele",Graduation
basketball,tuff hoops playlist🔥🏀,https://open.spotify.com/playlist/623ogehaIQ0MICXONaVaiC,Viva La Vida,Coldplay,Viva La Vida or Death and All His Friends
basketball,tuff hoops playlist🔥🏀,https://open.spotify.com/playlist/623ogehaIQ0MICXONaVaiC,Counting Stars,OneRepublic,Native
basketball,tuff hoops playlist🔥🏀,https://open.spotify.com/playlist/623ogehaIQ0MICXONaVaiC,Two®,Lil Uzi Vert,Luv Is Rage 2
basketball,tuff hoops playlist🔥🏀,https://open.spotify.com/playlist/623ogehaIQ0MICXONaVaiC,Snooze,SZA,SOS
basketball,tuff hoops playlist🔥🏀,https://open.spotify.com/playlist/623ogehaIQ0MICXONaVaiC,Kill Bill,SZA,SOS
basketball,tuff hoops playlist🔥🏀,https://open.spotify.com/playlist/623ogehaIQ0MICXONaVaiC,Hot (Remix) [feat. Gunna and Travis Scott],"Young Thug, Travis Scott, Gunna",So Much Fun (Deluxe)
basketball,tuff hoops playlist🔥🏀,https://open.spotify.com/playlist/623ogehaIQ0MICXONaVaiC,Low,SZA,SOS
basketball,tuff hoops playlist🔥🏀,https://open.spotify.com/playlist/623ogehaIQ0MICXONaVaiC,Ron Artest,"Babyface Ray, 42 Dugg",Ron Artest
basketball,tuff hoops playlist🔥🏀,https://open.spotify.com/playlist/623ogehaIQ0MICXONaVaiC,Watch This - ARIZONATEARS Pluggnb Remix,"Lil Uzi Vert, sped up nightcore, ARIZONATEARS",Watch This (ARIZONATEARS Pluggnb Remix)
basketball,tuff hoops playlist🔥🏀,https://open.spotify.com/playlist/623ogehaIQ0MICXONaVaiC,Creature (feat. Swae Lee),"Pop Smoke, Swae Lee",Shoot For The Stars Aim For The Moon
basketball,tuff hoops playlist🔥🏀,https://open.spotify.com/playlist/623ogehaIQ0MICXONaVaiC,5% TINT,Travis Scott,ASTROWORLD
basketball,tuff hoops playlist🔥🏀,https://open.spotify.com/playlist/623ogehaIQ0MICXONaVaiC,pg baby,redveil,learn 2 swim
basketball,tuff hoops playlist🔥🏀,https://open.spotify.com/playlist/623ogehaIQ0MICXONaVaiC,pushin P (feat. Young Thug),"Gunna, Future, Young Thug",DS4EVER
basketball,tuff hoops playlist🔥🏀,https://open.spotify.com/playlist/623ogehaIQ0MICXONaVaiC,On BS,"Drake, 21 Savage",Her Loss
basketball,tuff hoops playlist🔥🏀,https://open.spotify.com/playlist/623ogehaIQ0MICXONaVaiC,Drip Too Hard (Lil Baby & Gunna),"Lil Baby, Gunna",Drip Harder
basketball,tuff hoops playlist🔥🏀,https://open.spotify.com/playlist/623ogehaIQ0MICXONaVaiC,Top Off,Gunna,Drip Season 3 (Deluxe)
basketball,tuff hoops playlist🔥🏀,https://open.spotify.com/playlist/623ogehaIQ0MICXONaVaiC,Off Tha Lot,Yeat,4L
basketball,tuff hoops playlist🔥🏀,https://open.spotify.com/playlist/623ogehaIQ0MICXONaVaiC,Capo,NLE Choppa,Capo
basketball,tuff hoops playlist🔥🏀,https://open.spotify.com/playlist/623ogehaIQ0MICXONaVaiC,New Tank,Playboi Carti,Whole Lotta Red
basketball,tuff hoops playlist🔥🏀,https://open.spotify.com/playlist/623ogehaIQ0MICXONaVaiC,pissy pamper,ogu,internet
basketball,tuff hoops playlist🔥🏀,https://open.spotify.com/playlist/623ogehaIQ0MICXONaVaiC,Molly,Brain Surge,Molly
basketball,tuff hoops playlist🔥🏀,https://open.spotify.com/playlist/623ogehaIQ0MICXONaVaiC,Meh,Playboi Carti,Whole Lotta Red
basketball,tuff hoops playlist🔥🏀,https://open.spotify.com/playlist/623ogehaIQ0MICXONaVaiC,FORWARD,"SBTRKT, LEILAH",FORWARD
basketball,tuff hoops playlist🔥🏀,https://open.spotify.com/playlist/623ogehaIQ0MICXONaVaiC,Look N The Mirror!,KA$HDAMI,epiphany
basketball,tuff hoops playlist🔥🏀,https://open.spotify.com/playlist/623ogehaIQ0MICXONaVaiC,,,Poorasike
basketball,tuff hoops playlist🔥🏀,https://open.spotify.com/playlist/623ogehaIQ0MICXONaVaiC,Ballin' (with Roddy Ricch),"Mustard, Roddy Ricch",Perfect Ten
basketball,tuff hoops playlist🔥🏀,https://open.spotify.com/playlist/623ogehaIQ0MICXONaVaiC,Fresh Prince Of Utah,YoungBoy Never Broke Again,Realer 2
basketball,tuff hoops playlist🔥🏀,https://open.spotify.com/playlist/623ogehaIQ0MICXONaVaiC,PAINTING PICTURES,Superstar Pride,5LBS OF PRESSURE
basketball,tuff hoops playlist🔥🏀,https://open.spotify.com/playlist/623ogehaIQ0MICXONaVaiC,Beef,"Ethereal, Playboi Carti",Beef
basketball,tuff hoops playlist🔥🏀,https://open.spotify.com/playlist/623ogehaIQ0MICXONaVaiC,JACKIE BROWN,Brent Faiyaz,WASTELAND
basketball,tuff hoops playlist🔥🏀,https://open.spotify.com/playlist/623ogehaIQ0MICXONaVaiC,Hell N Back,Bakar,Hell N Back
basketball,tuff hoops playlist🔥🏀,https://open.spotify.com/playlist/623ogehaIQ0MICXONaVaiC,Trance (with Travis Scott & Young Thug),"Metro Boomin, Travis Scott, Young Thug",HEROES & VILLAINS
basketball,tuff hoops playlist🔥🏀,https://open.spotify.com/playlist/623ogehaIQ0MICXONaVaiC,The Race - Remix,"Tay-K, 21 Savage, Young Nudy",#SantanaWorld (+)
basketball,tuff hoops playlist🔥🏀,https://open.spotify.com/playlist/623ogehaIQ0MICXONaVaiC,Just Wanna Rock,Lil Uzi Vert,Just Wanna Rock
basketball,tuff hoops playlist🔥🏀,https://open.spotify.com/playlist/623ogehaIQ0MICXONaVaiC,HOTEL LOBBY (Unc & Phew),"Quavo, Takeoff",HOTEL LOBBY (Unc & Phew)
basketball,tuff hoops playlist🔥🏀,https://open.spotify.com/playlist/623ogehaIQ0MICXONaVaiC,SLUT ME OUT,NLE Choppa,SLUT ME OUT
basketball,tuff hoops playlist🔥🏀,https://open.spotify.com/playlist/623ogehaIQ0MICXONaVaiC,2 Million Up,Peezy,ONLY BUILT 4 DIAMOND LINKS
basketball,tuff hoops playlist🔥🏀,https://open.spotify.com/playlist/623ogehaIQ0MICXONaVaiC,Players,Coi Leray,Players
basketball,tuff hoops playlist🔥🏀,https://open.spotify.com/playlist/623ogehaIQ0MICXONaVaiC,Nonstop,Drake,Scorpion
basketball,tuff hoops playlist🔥🏀,https://open.spotify.com/playlist/623ogehaIQ0MICXONaVaiC,Look Alive (feat. Drake),"BlocBoy JB, Drake",Look Alive (feat. Drake)
basketball,tuff hoops playlist🔥🏀,https://open.spotify.com/playlist/623ogehaIQ0MICXONaVaiC,Rackz got më (feat. Gunna),"Yeat, Gunna",2 Alivë
basketball,tuff hoops playlist🔥🏀,https://open.spotify.com/playlist/623ogehaIQ0MICXONaVaiC,Sum 2 Prove,Lil Baby,Sum 2 Prove
basketball,tuff hoops playlist🔥🏀,https://open.spotify.com/playlist/623ogehaIQ0MICXONaVaiC,REPEAT IT (with Gunna),"Lil Tecca, Gunna",REPEAT IT
basketball,tuff hoops playlist🔥🏀,https://open.spotify.com/playlist/623ogehaIQ0MICXONaVaiC,Trophies,"Young Money, Drake",Rise Of An Empire
basketball,tuff hoops playlist🔥🏀,https://open.spotify.com/playlist/623ogehaIQ0MICXONaVaiC,ESCAPE PLAN,Travis Scott,ESCAPE PLAN / MAFIA
basketball,tuff hoops playlist🔥🏀,https://open.spotify.com/playlist/623ogehaIQ0MICXONaVaiC,Solo,Future,HNDRXX
basketball,tuff hoops playlist🔥🏀,https://open.spotify.com/playlist/623ogehaIQ0MICXONaVaiC,Yale,Ken Carson,Teen X
basketball,tuff hoops playlist🔥🏀,https://open.spotify.com/playlist/623ogehaIQ0MICXONaVaiC,Surround Sound (feat. 21 Savage & Baby Tate),"JID, 21 Savage, Baby Tate",The Forever Story (Extended Version)
basketball,tuff hoops playlist🔥🏀,https://open.spotify.com/playlist/623ogehaIQ0MICXONaVaiC,Monëy so big,Yeat,Up 2 Më
basketball,tuff hoops playlist🔥🏀,https://open.spotify.com/playlist/623ogehaIQ0MICXONaVaiC,Save That Shit,"Chief Keef, Soulja Boy",Back from the Dead
basketball,tuff hoops playlist🔥🏀,https://open.spotify.com/playlist/623ogehaIQ0MICXONaVaiC,Bestie,"DaBaby, YoungBoy Never Broke Again",BETTER THAN YOU
basketball,tuff hoops playlist🔥🏀,https://open.spotify.com/playlist/623ogehaIQ0MICXONaVaiC,ball w/o you,21 Savage,i am > i was
basketball,tuff hoops playlist🔥🏀,https://open.spotify.com/playlist/623ogehaIQ0MICXONaVaiC,CAN'T SAY,Travis Scott,ASTROWORLD
basketball,tuff hoops playlist🔥🏀,https://open.spotify.com/playlist/623ogehaIQ0MICXONaVaiC,DO IT AGAIN (feat. 2Rare),"NLE Choppa, 2Rare",DO IT AGAIN (feat. 2Rare)
basketball,tuff hoops playlist🔥🏀,https://open.spotify.com/playlist/623ogehaIQ0MICXONaVaiC,On tha linë,Yeat,2 Alivë
basketball,tuff hoops playlist🔥🏀,https://open.spotify.com/playlist/623ogehaIQ0MICXONaVaiC,m y . l i f e (with 21 Savage & Morray),"J. Cole, 21 Savage, Morray",The Off-Season
basketball,tuff hoops playlist🔥🏀,https://open.spotify.com/playlist/623ogehaIQ0MICXONaVaiC,Not You Too (feat. Chris Brown),"Drake, Chris Brown",Dark Lane Demo Tapes
basketball,tuff hoops playlist🔥🏀,https://open.spotify.com/playlist/623ogehaIQ0MICXONaVaiC,So Innocent - Sped Up,"Shiloh Dynasty, Stay Might",So Innocent - Sped Up
basketball,tuff hoops playlist🔥🏀,https://open.spotify.com/playlist/623ogehaIQ0MICXONaVaiC,Favorite Song - Sped Up,Toosii,Favorite Song (Versions)
basketball,tuff hoops playlist🔥🏀,https://open.spotify.com/playlist/623ogehaIQ0MICXONaVaiC,Low Down,Lil Baby,My Turn (Deluxe)
basketball,tuff hoops playlist🔥🏀,https://open.spotify.com/playlist/623ogehaIQ0MICXONaVaiC,novocaine,"GenriX, CORBAL, Shiloh Dynasty","unfortunately yours,"
basketball,tuff hoops playlist🔥🏀,https://open.spotify.com/playlist/623ogehaIQ0MICXONaVaiC,Still Think About You,A Boogie Wit da Hoodie,Artist
basketball,tuff hoops playlist🔥🏀,https://open.spotify.com/playlist/623ogehaIQ0MICXONaVaiC,Gët Busy,Yeat,Up 2 Më
basketball,tuff hoops playlist🔥🏀,https://open.spotify.com/playlist/623ogehaIQ0MICXONaVaiC,M.... She Wrote,Tay-K,#SantanaWorld (+)
basketball,tuff hoops playlist🔥🏀,https://open.spotify.com/playlist/623ogehaIQ0MICXONaVaiC,Fight The Feeling,Rod Wave,Fight The Feeling
basketball,tuff hoops playlist🔥🏀,https://open.spotify.com/playlist/623ogehaIQ0MICXONaVaiC,Shawty Got Wap Like Fetty,svntana archive,Shawty Got Wap Like Fetty
basketball,tuff hoops playlist🔥🏀,https://open.spotify.com/playlist/623ogehaIQ0MICXONaVaiC,STHHRESSED OUT,Glah4L,STHHRESSED OUT
basketball,tuff hoops playlist🔥🏀,https://open.spotify.com/playlist/623ogehaIQ0MICXONaVaiC,HOT N HERE,Glah4L,HOT N HERE
basketball,tuff hoops playlist🔥🏀,https://open.spotify.com/playlist/623ogehaIQ0MICXONaVaiC,I'm Geekin,DDG,I'm Geekin
basketball,tuff hoops playlist🔥🏀,https://open.spotify.com/playlist/623ogehaIQ0MICXONaVaiC,Need Me,Lil Tecca,Need Me
basketball,tuff hoops playlist🔥🏀,https://open.spotify.com/playlist/623ogehaIQ0MICXONaVaiC,Chip On My Shoulder,Rod Wave,Ghetto Gospel
basketball,tuff hoops playlist🔥🏀,https://open.spotify.com/playlist/623ogehaIQ0MICXONaVaiC,Slider,YoungBoy Never Broke Again,Richest Opp
basketball,tuff hoops playlist🔥🏀,https://open.spotify.com/playlist/623ogehaIQ0MICXONaVaiC,My Boo - Hitman's Club Mix,Ghost Town DJs,My Boo (Hitman's Club Mix)
basketball,tuff hoops playlist🔥🏀,https://open.spotify.com/playlist/623ogehaIQ0MICXONaVaiC,Break It Off,PinkPantheress,Break It Off
basketball,tuff hoops playlist🔥🏀,https://open.spotify.com/playlist/623ogehaIQ0MICXONaVaiC,Manute Bol,BabyTron,Megatron
basketball,tuff hoops playlist🔥🏀,https://open.spotify.com/playlist/623ogehaIQ0MICXONaVaiC,Jesus Shuttlesworth,BabyTron,Bin Reaper
basketball,tuff hoops playlist🔥🏀,https://open.spotify.com/playlist/623ogehaIQ0MICXONaVaiC,Out On Bond,BabyTron,Out On Bond
basketball,tuff hoops playlist🔥🏀,https://open.spotify.com/playlist/623ogehaIQ0MICXONaVaiC,First Show,Luh Tyler,First Show
basketball,tuff hoops playlist🔥🏀,https://open.spotify.com/playlist/623ogehaIQ0MICXONaVaiC,I'm Geekin (feat. Luh Tyler),"DDG, Luh Tyler",I'm Geekin (feat. Luh Tyler)
basketball,tuff hoops playlist🔥🏀,https://open.spotify.com/playlist/623ogehaIQ0MICXONaVaiC,Good Days,SZA,Good Days
basketball,tuff hoops playlist🔥🏀,https://open.spotify.com/playlist/623ogehaIQ0MICXONaVaiC,First Day Out,Tee Grizzley,My Moment
basketball,tuff hoops playlist🔥🏀,https://open.spotify.com/playlist/623ogehaIQ0MICXONaVaiC,Fancy,"Drake, T.I., Swizz Beatz",Thank Me Later
basketball,tuff hoops playlist🔥🏀,https://open.spotify.com/playlist/623ogehaIQ0MICXONaVaiC,fukumean,Gunna,a Gift & a Curse
basketball,tuff hoops playlist🔥🏀,https://open.spotify.com/playlist/623ogehaIQ0MICXONaVaiC,Immortal,21 Savage,Immortal
basketball,tuff hoops playlist🔥🏀,https://open.spotify.com/playlist/623ogehaIQ0MICXONaVaiC,Critical - Cyberspeed mix,RXKNephew,Critical (Cyberspeed mix)
basketball,tuff hoops playlist🔥🏀,https://open.spotify.com/playlist/623ogehaIQ0MICXONaVaiC,Kiss of Life,Sade,The Best of Sade
basketball,tuff hoops playlist🔥🏀,https://open.spotify.com/playlist/623ogehaIQ0MICXONaVaiC,IT'S GETTING HOT,NLE Choppa,IT'S GETTING HOT
basketball,tuff hoops playlist🔥🏀,https://open.spotify.com/playlist/623ogehaIQ0MICXONaVaiC,TELEKINESIS (feat. SZA & Future),"Travis Scott, SZA, Future",UTOPIA
basketball,tuff hoops playlist🔥🏀,https://open.spotify.com/playlist/623ogehaIQ0MICXONaVaiC,Poison,Bell Biv DeVoe,Poison
basketball,tuff hoops playlist🔥🏀,https://open.spotify.com/playlist/623ogehaIQ0MICXONaVaiC,The Box,Roddy Ricch,Please Excuse Me for Being Antisocial
basketball,tuff hoops playlist🔥🏀,https://open.spotify.com/playlist/623ogehaIQ0MICXONaVaiC,By Your Side,Rod Wave,Beautiful Mind
basketball,tuff hoops playlist🔥🏀,https://open.spotify.com/playlist/623ogehaIQ0MICXONaVaiC,Aye (feat. Travis Scott),"Lil Uzi Vert, Travis Scott",Pink Tape
basketball,tuff hoops playlist🔥🏀,https://open.spotify.com/playlist/623ogehaIQ0MICXONaVaiC,Just the Two of Us (feat. Bill Withers),"Grover Washington, Jr., Bill Withers",Anthology
basketball,tuff hoops playlist🔥🏀,https://open.spotify.com/playlist/623ogehaIQ0MICXONaVaiC,I could say - Speed Up,chiderprod,I could say (Speed Up)
basketball,tuff hoops playlist🔥🏀,https://open.spotify.com/playlist/623ogehaIQ0MICXONaVaiC,Hybrid (feat. Baby Tron),"Lil Yachty, Baby Tron",Michigan Boy Boat
basketball,tuff hoops playlist🔥🏀,https://open.spotify.com/playlist/623ogehaIQ0MICXONaVaiC,Need It,"Migos, YoungBoy Never Broke Again",Need It
basketball,tuff hoops playlist🔥🏀,https://open.spotify.com/playlist/623ogehaIQ0MICXONaVaiC,Punch God 2,BabyTron,Bin Reaper
basketball,tuff hoops playlist🔥🏀,https://open.spotify.com/playlist/623ogehaIQ0MICXONaVaiC,Love & War,Kodak Black,Back For Everything
basketball,tuff hoops playlist🔥🏀,https://open.spotify.com/playlist/623ogehaIQ0MICXONaVaiC,SOLO STEPPIN CRETE BOY,Lil Yachty,Slide
basketball,tuff hoops playlist🔥🏀,https://open.spotify.com/playlist/623ogehaIQ0MICXONaVaiC,Knock Knock,SoFaygo,Angelic 7
basketball,tuff hoops playlist🔥🏀,https://open.spotify.com/playlist/623ogehaIQ0MICXONaVaiC,Forever,"Drake, Kanye West, Lil Wayne, Eminem",More Than A Game
basketball,tuff hoops playlist🔥🏀,https://open.spotify.com/playlist/623ogehaIQ0MICXONaVaiC,200 FOR LUNCH,Gunna,WUNNA (Deluxe)
basketball,tuff hoops playlist🔥🏀,https://open.spotify.com/playlist/623ogehaIQ0MICXONaVaiC,Smack That,"Akon, Eminem",Konvicted
basketball,tuff hoops playlist🔥🏀,https://open.spotify.com/playlist/623ogehaIQ0MICXONaVaiC,hooligan,Baby Keem,The Melodic Blue
basketball,tuff hoops playlist🔥🏀,https://open.spotify.com/playlist/623ogehaIQ0MICXONaVaiC,AirTron,BabyTron,Bin Reaper 3: Old Testament
basketball,tuff hoops playlist🔥🏀,https://open.spotify.com/playlist/623ogehaIQ0MICXONaVaiC,Hours In Silence,"Drake, 21 Savage",Her Loss
basketball,tuff hoops playlist🔥🏀,https://open.spotify.com/playlist/623ogehaIQ0MICXONaVaiC,Rich Baby Daddy (feat. Sexyy Red & SZA),"Drake, Sexyy Red, SZA",For All The Dogs
basketball,tuff hoops playlist🔥🏀,https://open.spotify.com/playlist/623ogehaIQ0MICXONaVaiC,Handsome And Wealthy,Migos,No Label II
basketball,tuff hoops playlist🔥🏀,https://open.spotify.com/playlist/623ogehaIQ0MICXONaVaiC,Virginia Beach,Drake,For All The Dogs
basketball,tuff hoops playlist🔥🏀,https://open.spotify.com/playlist/623ogehaIQ0MICXONaVaiC,Face no Book,Heembeezy,Face no Book
basketball,tuff hoops playlist🔥🏀,https://open.spotify.com/playlist/623ogehaIQ0MICXONaVaiC,Lovin On Me,Jack Harlow,Lovin On Me
basketball,tuff hoops playlist🔥🏀,https://open.spotify.com/playlist/623ogehaIQ0MICXONaVaiC,Legendary,Rio Da Yung Og,Legendary
basketball,tuff hoops playlist🔥🏀,https://open.spotify.com/playlist/623ogehaIQ0MICXONaVaiC,MURDAMAN!,YungManny,MURDAMAN!
basketball,tuff hoops playlist🔥🏀,https://open.spotify.com/playlist/623ogehaIQ0MICXONaVaiC,Shawty Got Wap Like Fetty,chifsa,Shawty Got Wap Like Fetty
basketball,tuff hoops playlist🔥🏀,https://open.spotify.com/playlist/623ogehaIQ0MICXONaVaiC,retire (final),Alvedon,hurry up mixtape
basketball,tuff hoops playlist🔥🏀,https://open.spotify.com/playlist/623ogehaIQ0MICXONaVaiC,In Control,YoungBoy Never Broke Again,AI YoungBoy 2
basketball,tuff hoops playlist🔥🏀,https://open.spotify.com/playlist/623ogehaIQ0MICXONaVaiC,Stand By Me,Ben E. King,Don't Play That Song (Mono)
basketball,tuff hoops playlist🔥🏀,https://open.spotify.com/playlist/623ogehaIQ0MICXONaVaiC,8am in Charlotte,Drake,For All The Dogs
basketball,tuff hoops playlist🔥🏀,https://open.spotify.com/playlist/623ogehaIQ0MICXONaVaiC,6 Foot 7 Foot,"Lil Wayne, Cory Gunz",Tha Carter IV
basketball,tuff hoops playlist🔥🏀,https://open.spotify.com/playlist/623ogehaIQ0MICXONaVaiC,Green Dot,YoungBoy Never Broke Again,Green Dot
basketball,tuff hoops playlist🔥🏀,https://open.spotify.com/playlist/623ogehaIQ0MICXONaVaiC,Drowning (feat. Kodak Black),"A Boogie Wit da Hoodie, Kodak Black",Drowning (feat. Kodak Black)
basketball,tuff hoops playlist🔥🏀,https://open.spotify.com/playlist/623ogehaIQ0MICXONaVaiC,Change My Wayz,Luh Tyler,Change My Wayz
basketball,tuff hoops playlist🔥🏀,https://open.spotify.com/playlist/623ogehaIQ0MICXONaVaiC,Slow Jamz (feat. Kanye West & Jamie Foxx),"Twista, Kanye West, Jamie Foxx",Kamikaze
basketball,tuff hoops playlist🔥🏀,https://open.spotify.com/playlist/623ogehaIQ0MICXONaVaiC,Too Legendary,Rio Da Yung Og,2 Faced
basketball,tuff hoops playlist🔥🏀,https://open.spotify.com/playlist/623ogehaIQ0MICXONaVaiC,Still In Love,atm luv,Anima
basketball,tuff hoops playlist🔥🏀,https://open.spotify.com/playlist/623ogehaIQ0MICXONaVaiC,20 Something,SZA,Ctrl
basketball,tuff hoops playlist🔥🏀,https://open.spotify.com/playlist/623ogehaIQ0MICXONaVaiC,Love,Keyshia Cole,The Way It Is
basketball,tuff hoops playlist🔥🏀,https://open.spotify.com/playlist/623ogehaIQ0MICXONaVaiC,Back To Back,Drake,Back To Back
basketball,tuff hoops playlist🔥🏀,https://open.spotify.com/playlist/623ogehaIQ0MICXONaVaiC,Grace (feat. 42 Dugg),"Lil Baby, 42 Dugg",My Turn (Deluxe)
basketball,tuff hoops playlist🔥🏀,https://open.spotify.com/playlist/623ogehaIQ0MICXONaVaiC,Ambitious,Jack Harlow,Jackman.
basketball,tuff hoops playlist🔥🏀,https://open.spotify.com/playlist/623ogehaIQ0MICXONaVaiC,The Weekend,SZA,Ctrl
basketball,tuff hoops playlist🔥🏀,https://open.spotify.com/playlist/623ogehaIQ0MICXONaVaiC,Open Arms (feat. Travis Scott),"SZA, Travis Scott",SOS
basketball,tuff hoops playlist🔥🏀,https://open.spotify.com/playlist/623ogehaIQ0MICXONaVaiC,Broken Clocks,SZA,Ctrl
basketball,tuff hoops playlist🔥🏀,https://open.spotify.com/playlist/623ogehaIQ0MICXONaVaiC,Stutter Flow,BabyTron,MegaTron 2
basketball,tuff hoops playlist🔥🏀,https://open.spotify.com/playlist/623ogehaIQ0MICXONaVaiC,Untouched,BabyTron,Luka Troncic
basketball,tuff hoops playlist🔥🏀,https://open.spotify.com/playlist/623ogehaIQ0MICXONaVaiC,Ain't No Mountain High Enough,"Marvin Gaye, Tammi Terrell",United
basketball,tuff hoops playlist🔥🏀,https://open.spotify.com/playlist/623ogehaIQ0MICXONaVaiC,Suit & Tie (feat. JAY-Z),"Justin Timberlake, JAY-Z",The 20/20 Experience (Deluxe Version)
basketball,tuff hoops playlist🔥🏀,https://open.spotify.com/playlist/623ogehaIQ0MICXONaVaiC,Don't Stop 'Til You Get Enough,Michael Jackson,Off the Wall
basketball,tuff hoops playlist🔥🏀,https://open.spotify.com/playlist/623ogehaIQ0MICXONaVaiC,Been Away,Brent Faiyaz,Fuck The World
basketball,tuff hoops playlist🔥🏀,https://open.spotify.com/playlist/623ogehaIQ0MICXONaVaiC,Gotta Have It,"JAY-Z, Kanye West",Watch The Throne
basketball,tuff hoops playlist🔥🏀,https://open.spotify.com/playlist/623ogehaIQ0MICXONaVaiC,Popular (with Playboi Carti & Madonna) - From The Idol Vol. 1 (Music from the HBO Original Series),"The Weeknd, Playboi Carti, Madonna",Popular (Music from the HBO Original Series)
basketball,tuff hoops playlist🔥🏀,https://open.spotify.com/playlist/623ogehaIQ0MICXONaVaiC,Brain Stew,Green Day,Insomniac
basketball,tuff hoops playlist🔥🏀,https://open.spotify.com/playlist/623ogehaIQ0MICXONaVaiC,New Money,"OT7 Quanny, G.T.",New Money
basketball,tuff hoops playlist🔥🏀,https://open.spotify.com/playlist/623ogehaIQ0MICXONaVaiC,Didn't Cha Know,Erykah Badu,Mama's Gun
basketball,tuff hoops playlist🔥🏀,https://open.spotify.com/playlist/623ogehaIQ0MICXONaVaiC,#CERTIFIED (feat. DJ Ess) - DJ Ess Mix,"BabyTron, DJ Ess",#CERTIFIED (DJ Ess Mix) [feat. DJ Ess]
basketball,tuff hoops playlist🔥🏀,https://open.spotify.com/playlist/623ogehaIQ0MICXONaVaiC,I'm Still Standing,Elton John,Too Low For Zero
basketball,tuff hoops playlist🔥🏀,https://open.spotify.com/playlist/623ogehaIQ0MICXONaVaiC,FREEDDAWG,YoungBoy Never Broke Again,FREEDDAWG
basketball,tuff hoops playlist🔥🏀,https://open.spotify.com/playlist/623ogehaIQ0MICXONaVaiC,Praise Jah In The Moonlight,YG Marley,Praise Jah In The Moonlight
basketball,tuff hoops playlist🔥🏀,https://open.spotify.com/playlist/623ogehaIQ0MICXONaVaiC,A Cold Sunday,Lil Yachty,A Cold Sunday
basketball,tuff hoops playlist🔥🏀,https://open.spotify.com/playlist/623ogehaIQ0MICXONaVaiC,Get the Gat,Lil Elt,Get the Gat
basketball,tuff hoops playlist🔥🏀,https://open.spotify.com/playlist/623ogehaIQ0MICXONaVaiC,Gold,Kiiara,lil kiiwi
basketball,tuff hoops playlist🔥🏀,https://open.spotify.com/playlist/623ogehaIQ0MICXONaVaiC,Make No Sense,YoungBoy Never Broke Again,AI YoungBoy 2
basketball,tuff hoops playlist🔥🏀,https://open.spotify.com/playlist/623ogehaIQ0MICXONaVaiC,Paranoid,"Rio Da Yung Og, Rmc Mike",Dum and Dumber Too
basketball,tuff hoops playlist🔥🏀,https://open.spotify.com/playlist/623ogehaIQ0MICXONaVaiC,Breathe,Yeat,2093
basketball,tuff hoops playlist🔥🏀,https://open.spotify.com/playlist/623ogehaIQ0MICXONaVaiC,End of Beginning,Djo,DECIDE
basketball,tuff hoops playlist🔥🏀,https://open.spotify.com/playlist/623ogehaIQ0MICXONaVaiC,I'm On One,"DJ Khaled, Drake, Rick Ross, Lil Wayne",We The Best Forever
basketball,tuff hoops playlist🔥🏀,https://open.spotify.com/playlist/623ogehaIQ0MICXONaVaiC,Smile,Lily Allen,"Alright, Still (Bonus Track Version)"
basketball,tuff hoops playlist🔥🏀,https://open.spotify.com/playlist/623ogehaIQ0MICXONaVaiC,DO IT,"Kanye West, Ty Dolla $ign",VULTURES 1
basketball,tuff hoops playlist🔥🏀,https://open.spotify.com/playlist/623ogehaIQ0MICXONaVaiC,redrum,21 Savage,american dream
basketball,tuff hoops playlist🔥🏀,https://open.spotify.com/playlist/623ogehaIQ0MICXONaVaiC,douji feva,Barretta,douji feva
basketball,tuff hoops playlist🔥🏀,https://open.spotify.com/playlist/623ogehaIQ0MICXONaVaiC,sneaky,21 Savage,american dream
basketball,tuff hoops playlist🔥🏀,https://open.spotify.com/playlist/623ogehaIQ0MICXONaVaiC,You Broke My Heart,Drake,For All The Dogs Scary Hours Edition
basketball,tuff hoops playlist🔥🏀,https://open.spotify.com/playlist/623ogehaIQ0MICXONaVaiC,In My Feelings,Drake,Scorpion
basketball,tuff hoops playlist🔥🏀,https://open.spotify.com/playlist/623ogehaIQ0MICXONaVaiC,Outta There,MoeIsBetter,Outta There
basketball,tuff hoops playlist🔥🏀,https://open.spotify.com/playlist/623ogehaIQ0MICXONaVaiC,Nobody Gets Me,SZA,SOS
basketball,tuff hoops playlist🔥🏀,https://open.spotify.com/playlist/623ogehaIQ0MICXONaVaiC,BANDIT,Don Toliver,Bandit
basketball,tuff hoops playlist🔥🏀,https://open.spotify.com/playlist/623ogehaIQ0MICXONaVaiC,icarly pluggnb,auxmit☆,icarly pluggnb
basketball,tuff hoops playlist🔥🏀,https://open.spotify.com/playlist/623ogehaIQ0MICXONaVaiC,She Know What She Wanted - Jersey Club Remix Slowed,"Godard, Ziahfyah",She Know What She Wanted (Jersey Club Remix Slowed)
basketball,tuff hoops playlist🔥🏀,https://open.spotify.com/playlist/623ogehaIQ0MICXONaVaiC,Shot For Me,Drake,Take Care (Deluxe)
basketball,tuff hoops playlist🔥🏀,https://open.spotify.com/playlist/623ogehaIQ0MICXONaVaiC,From Time,"Drake, Jhené Aiko",Nothing Was The Same (Deluxe)
basketball,tuff hoops playlist🔥🏀,https://open.spotify.com/playlist/623ogehaIQ0MICXONaVaiC,No Fear,DeJ Loaf,No Fear
basketball,tuff hoops playlist🔥🏀,https://open.spotify.com/playlist/623ogehaIQ0MICXONaVaiC,Saturn,SZA,Saturn
basketball,tuff hoops playlist🔥🏀,https://open.spotify.com/playlist/623ogehaIQ0MICXONaVaiC,Hide Away,Daya,"Sit Still, Look Pretty"
basketball,tuff hoops playlist🔥🏀,https://open.spotify.com/playlist/623ogehaIQ0MICXONaVaiC,Superstar (feat. Matthew Santos),"Lupe Fiasco, Matthew Santos",Lupe Fiasco's The Cool
basketball,tuff hoops playlist🔥🏀,https://open.spotify.com/playlist/623ogehaIQ0MICXONaVaiC,Jumbotron Shit Poppin,Drake,Her Loss
basketball,tuff hoops playlist🔥🏀,https://open.spotify.com/playlist/623ogehaIQ0MICXONaVaiC,From The Start,Laufey,From The Start
basketball,tuff hoops playlist🔥🏀,https://open.spotify.com/playlist/623ogehaIQ0MICXONaVaiC,Unbothered,Ski Mask The Slump God,STOKELEY
basketball,tuff hoops playlist🔥🏀,https://open.spotify.com/playlist/623ogehaIQ0MICXONaVaiC,Over My Dead Body,Drake,Take Care (Deluxe)
basketball,tuff hoops playlist🔥🏀,https://open.spotify.com/playlist/623ogehaIQ0MICXONaVaiC,Kentucky Love,"Bfb Da Packman, Babyfxce E, KrispyLife Kidd",Kentucky Love
basketball,tuff hoops playlist🔥🏀,https://open.spotify.com/playlist/623ogehaIQ0MICXONaVaiC,All Me,"Drake, 2 Chainz, Big Sean",Nothing Was The Same (Deluxe)
basketball,tuff hoops playlist🔥🏀,https://open.spotify.com/playlist/623ogehaIQ0MICXONaVaiC,DD4,"Rio Da Yung Og, Rmc Mike",DD4
basketball,tuff hoops playlist🔥🏀,https://open.spotify.com/playlist/623ogehaIQ0MICXONaVaiC,Pearls,Sade,The Best of Sade
basketball,tuff hoops playlist🔥🏀,https://open.spotify.com/playlist/623ogehaIQ0MICXONaVaiC,half return,Adrianne Lenker,songs
basketball,tuff hoops playlist🔥🏀,https://open.spotify.com/playlist/623ogehaIQ0MICXONaVaiC,Godspeed,Frank Ocean,Blonde
basketball,tuff hoops playlist🔥🏀,https://open.spotify.com/playlist/623ogehaIQ0MICXONaVaiC,Jennifer,Trinidad Cardona,Jennifer
basketball,tuff hoops playlist🔥🏀,https://open.spotify.com/playlist/623ogehaIQ0MICXONaVaiC,Sunday Morning,Maroon 5,Songs About Jane: 10th Anniversary Edition
basketball,tuff hoops playlist🔥🏀,https://open.spotify.com/playlist/623ogehaIQ0MICXONaVaiC,stranger,Jhené Aiko,Sailing Soul(s)
basketball,tuff hoops playlist🔥🏀,https://open.spotify.com/playlist/623ogehaIQ0MICXONaVaiC,on one tonight,Gunna,One of Wun
basketball,tuff hoops playlist🔥🏀,https://open.spotify.com/playlist/623ogehaIQ0MICXONaVaiC,Blind,SZA,SOS
basketball,tuff hoops playlist🔥🏀,https://open.spotify.com/playlist/623ogehaIQ0MICXONaVaiC,I'm God,"Clams Casino, Imogen Heap",Instrumental Relics
basketball,Locked In (Basketball),https://open.spotify.com/playlist/4EVmEZ50aF6mmr6tPpDJNI,Search & Rescue,Drake,Search & Rescue
basketball,Locked In (Basketball),https://open.spotify.com/playlist/4EVmEZ50aF6mmr6tPpDJNI,Low Down,Lil Baby,My Turn (Deluxe)
basketball,Locked In (Basketball),https://open.spotify.com/playlist/4EVmEZ50aF6mmr6tPpDJNI,Freestyle,Lil Baby,Too Hard
basketball,Locked In (Basketball),https://open.spotify.com/playlist/4EVmEZ50aF6mmr6tPpDJNI,Yes Indeed,"Lil Baby, Drake",Harder Than Ever
basketball,Locked In (Basketball),https://open.spotify.com/playlist/4EVmEZ50aF6mmr6tPpDJNI,pushin P (feat. Young Thug),"Gunna, Future, Young Thug",DS4EVER
basketball,Locked In (Basketball),https://open.spotify.com/playlist/4EVmEZ50aF6mmr6tPpDJNI,BOP,DaBaby,KIRK
basketball,Locked In (Basketball),https://open.spotify.com/playlist/4EVmEZ50aF6mmr6tPpDJNI,Ball If I Want To,DaBaby,Ball If I Want To
basketball,Locked In (Basketball),https://open.spotify.com/playlist/4EVmEZ50aF6mmr6tPpDJNI,Back in Blood (feat. Lil Durk),"Pooh Shiesty, Lil Durk",Back In Blood (feat. Lil Durk)
basketball,Locked In (Basketball),https://open.spotify.com/playlist/4EVmEZ50aF6mmr6tPpDJNI,Dior - Bonus,Pop Smoke,Shoot For The Stars Aim For The Moon
basketball,Locked In (Basketball),https://open.spotify.com/playlist/4EVmEZ50aF6mmr6tPpDJNI,Invincible,Pop Smoke,Meet The Woo 2 (Deluxe)
basketball,Locked In (Basketball),https://open.spotify.com/playlist/4EVmEZ50aF6mmr6tPpDJNI,Monëy so big,Yeat,Up 2 Më
basketball,Locked In (Basketball),https://open.spotify.com/playlist/4EVmEZ50aF6mmr6tPpDJNI,The Box,Roddy Ricch,Please Excuse Me for Being Antisocial
basketball,Locked In (Basketball),https://open.spotify.com/playlist/4EVmEZ50aF6mmr6tPpDJNI,DO IT AGAIN (feat. 2Rare),"NLE Choppa, 2Rare",DO IT AGAIN (feat. 2Rare)
basketball,Locked In (Basketball),https://open.spotify.com/playlist/4EVmEZ50aF6mmr6tPpDJNI,Sorry Bout That,Yeat,4L
basketball,Locked In (Basketball),https://open.spotify.com/playlist/4EVmEZ50aF6mmr6tPpDJNI,Tell Em,"Cochise, $NOT",Tell Em
basketball,Locked In (Basketball),https://open.spotify.com/playlist/4EVmEZ50aF6mmr6tPpDJNI,Magnolia,Playboi Carti,Playboi Carti
basketball,Locked In (Basketball),https://open.spotify.com/playlist/4EVmEZ50aF6mmr6tPpDJNI,What You Know Bout Love,Pop Smoke,Shoot For The Stars Aim For The Moon
basketball,Locked In (Basketball),https://open.spotify.com/playlist/4EVmEZ50aF6mmr6tPpDJNI,Bad and Boujee (feat. Lil Uzi Vert),"Migos, Lil Uzi Vert",Culture
basketball,Locked In (Basketball),https://open.spotify.com/playlist/4EVmEZ50aF6mmr6tPpDJNI,Crayola,9lokknine,Bloodshells Revenge
basketball,Locked In (Basketball),https://open.spotify.com/playlist/4EVmEZ50aF6mmr6tPpDJNI,POCKET ROCKET,Cochise,POCKET ROCKET
basketball,Locked In (Basketball),https://open.spotify.com/playlist/4EVmEZ50aF6mmr6tPpDJNI,Wants and Needs (feat. Lil Baby),"Drake, Lil Baby",Scary Hours 2
basketball,Locked In (Basketball),https://open.spotify.com/playlist/4EVmEZ50aF6mmr6tPpDJNI,Top Off,Gunna,Drip Season 3 (Deluxe)
basketball,Locked In (Basketball),https://open.spotify.com/playlist/4EVmEZ50aF6mmr6tPpDJNI,family ties (with Kendrick Lamar),"Baby Keem, Kendrick Lamar",The Melodic Blue
basketball,Locked In (Basketball),https://open.spotify.com/playlist/4EVmEZ50aF6mmr6tPpDJNI,EA (feat. 21 Savage),"Young Nudy, 21 Savage",SlimeBall 2
basketball,Locked In (Basketball),https://open.spotify.com/playlist/4EVmEZ50aF6mmr6tPpDJNI,Our Time,Lil Tecca,Virgo World
basketball,Locked In (Basketball),https://open.spotify.com/playlist/4EVmEZ50aF6mmr6tPpDJNI,No Role Modelz,J. Cole,2014 Forest Hills Drive
basketball,Locked In (Basketball),https://open.spotify.com/playlist/4EVmEZ50aF6mmr6tPpDJNI,Pure Cocaine,Lil Baby,Street Gossip
basketball,Locked In (Basketball),https://open.spotify.com/playlist/4EVmEZ50aF6mmr6tPpDJNI,Genesis,"Bravo 1-2, IVOXYGEN",Genesis
basketball,Locked In (Basketball),https://open.spotify.com/playlist/4EVmEZ50aF6mmr6tPpDJNI,See You Again (feat. Kali Uchis),"Tyler, The Creator, Kali Uchis",Flower Boy
basketball,Locked In (Basketball),https://open.spotify.com/playlist/4EVmEZ50aF6mmr6tPpDJNI,Die For You - Sped Up,"The Weeknd, xxtristanxo, Speed Radio",Die For You
basketball,Locked In (Basketball),https://open.spotify.com/playlist/4EVmEZ50aF6mmr6tPpDJNI,Dark Knight Dummo (Feat. Travis Scott),"Trippie Redd, Travis Scott",Dark Knight Dummo (Feat. Travis Scott)
basketball,Locked In (Basketball),https://open.spotify.com/playlist/4EVmEZ50aF6mmr6tPpDJNI,BUTTERFLY EFFECT,Travis Scott,ASTROWORLD
basketball,clean basketball hype 🏀👑🥶🔥,https://open.spotify.com/playlist/4YMcpoVspBrK0SUV5lgxY5,LOT OF ME,Lil Tecca,We Love You Tecca 2
basketball,clean basketball hype 🏀👑🥶🔥,https://open.spotify.com/playlist/4YMcpoVspBrK0SUV5lgxY5,We Ready - Remix,"Archie Eversole, Bubba Sparxxx",Ride Wit Me Dirty South Style
basketball,clean basketball hype 🏀👑🥶🔥,https://open.spotify.com/playlist/4YMcpoVspBrK0SUV5lgxY5,Right Foot Creep,YoungBoy Never Broke Again,Top
basketball,clean basketball hype 🏀👑🥶🔥,https://open.spotify.com/playlist/4YMcpoVspBrK0SUV5lgxY5,Crank That (Soulja Boy),Soulja Boy,souljaboytellem.com
basketball,clean basketball hype 🏀👑🥶🔥,https://open.spotify.com/playlist/4YMcpoVspBrK0SUV5lgxY5,Broadway Girls (feat. Morgan Wallen),"Lil Durk, Morgan Wallen",7220 (Reloaded)
basketball,clean basketball hype 🏀👑🥶🔥,https://open.spotify.com/playlist/4YMcpoVspBrK0SUV5lgxY5,Wasted On You,Morgan Wallen,Dangerous: The Double Album
basketball,clean basketball hype 🏀👑🥶🔥,https://open.spotify.com/playlist/4YMcpoVspBrK0SUV5lgxY5,The Champ Is Here,O Fresh,Seize the City
basketball,clean basketball hype 🏀👑🥶🔥,https://open.spotify.com/playlist/4YMcpoVspBrK0SUV5lgxY5,Swag Surfin',"F.L.Y. (Fast Life Yungstaz), Easton",Jamboree
basketball,clean basketball hype 🏀👑🥶🔥,https://open.spotify.com/playlist/4YMcpoVspBrK0SUV5lgxY5,Sirius (Chicago Bulls Intro),Toners,"Tunes Now: Sports Themes, Vol. 2"
basketball,clean basketball hype 🏀👑🥶🔥,https://open.spotify.com/playlist/4YMcpoVspBrK0SUV5lgxY5,Gametime,Shepherd,Gametime
basketball,clean basketball hype 🏀👑🥶🔥,https://open.spotify.com/playlist/4YMcpoVspBrK0SUV5lgxY5,I Wish,Skee-Lo,I Wish
basketball,clean basketball hype 🏀👑🥶🔥,https://open.spotify.com/playlist/4YMcpoVspBrK0SUV5lgxY5,INDUSTRY BABY (feat. Jack Harlow),"Lil Nas X, Jack Harlow",INDUSTRY BABY (feat. Jack Harlow)
basketball,clean basketball hype 🏀👑🥶🔥,https://open.spotify.com/playlist/4YMcpoVspBrK0SUV5lgxY5,Enemy (with JID) - from the series Arcane League of Legends,"Imagine Dragons, JID, Arcane, League of Legends",Mercury - Acts 1 & 2
basketball,clean basketball hype 🏀👑🥶🔥,https://open.spotify.com/playlist/4YMcpoVspBrK0SUV5lgxY5,Bones,Imagine Dragons,Mercury - Acts 1 & 2
basketball,clean basketball hype 🏀👑🥶🔥,https://open.spotify.com/playlist/4YMcpoVspBrK0SUV5lgxY5,Levitating (feat. DaBaby),"Dua Lipa, DaBaby",Future Nostalgia
basketball,clean basketball hype 🏀👑🥶🔥,https://open.spotify.com/playlist/4YMcpoVspBrK0SUV5lgxY5,Heartless,Kanye West,808s & Heartbreak
basketball,clean basketball hype 🏀👑🥶🔥,https://open.spotify.com/playlist/4YMcpoVspBrK0SUV5lgxY5,Neo,Aha Gazelle,Table Or Bouff
basketball,clean basketball hype 🏀👑🥶🔥,https://open.spotify.com/playlist/4YMcpoVspBrK0SUV5lgxY5,Going Bad (feat. Drake),"Meek Mill, Drake",Championships
basketball,clean basketball hype 🏀👑🥶🔥,https://open.spotify.com/playlist/4YMcpoVspBrK0SUV5lgxY5,"Lose Yourself - From ""8 Mile"" Soundtrack",Eminem,Curtain Call: The Hits
basketball,clean basketball hype 🏀👑🥶🔥,https://open.spotify.com/playlist/4YMcpoVspBrK0SUV5lgxY5,Old Town Road,Lil Nas X,Old Town Road
basketball,clean basketball hype 🏀👑🥶🔥,https://open.spotify.com/playlist/4YMcpoVspBrK0SUV5lgxY5,No Diggity,"Blackstreet, Dr. Dre, Queen Pen",Another Level
basketball,clean basketball hype 🏀👑🥶🔥,https://open.spotify.com/playlist/4YMcpoVspBrK0SUV5lgxY5,Southernplayalisticadillacmuzik,Outkast,Big Boi & Dre Present...OutKast
basketball,clean basketball hype 🏀👑🥶🔥,https://open.spotify.com/playlist/4YMcpoVspBrK0SUV5lgxY5,Better Days (NEIKED x Mae Muller x J Balvin x Polo G),"NEIKED, Mae Muller, J Balvin, Polo G",Better Days
basketball,clean basketball hype 🏀👑🥶🔥,https://open.spotify.com/playlist/4YMcpoVspBrK0SUV5lgxY5,Seven Nation Army,The White Stripes,Elephant
basketball,clean basketball hype 🏀👑🥶🔥,https://open.spotify.com/playlist/4YMcpoVspBrK0SUV5lgxY5,Chicken Fried,Zac Brown Band,The Foundation
basketball,clean basketball hype 🏀👑🥶🔥,https://open.spotify.com/playlist/4YMcpoVspBrK0SUV5lgxY5,Return of the Mack,Mark Morrison,Return of the Mack
basketball,clean basketball hype 🏀👑🥶🔥,https://open.spotify.com/playlist/4YMcpoVspBrK0SUV5lgxY5,Boast,S.O.,Augustine's Legacy
basketball,clean basketball hype 🏀👑🥶🔥,https://open.spotify.com/playlist/4YMcpoVspBrK0SUV5lgxY5,"Arise (From Marvel's ""Cloak & Dagger"")",The Seige,"Arise (From Marvel's ""Cloak & Dagger"")"
basketball,clean basketball hype 🏀👑🥶🔥,https://open.spotify.com/playlist/4YMcpoVspBrK0SUV5lgxY5,Fire Emoji,808 BEEZY,God Still Has Soldiers 2
basketball,clean basketball hype 🏀👑🥶🔥,https://open.spotify.com/playlist/4YMcpoVspBrK0SUV5lgxY5,Rolex,Ayo & Teo,Rolex
basketball,clean basketball hype 🏀👑🥶🔥,https://open.spotify.com/playlist/4YMcpoVspBrK0SUV5lgxY5,God's Plan,Drake,Scorpion
basketball,clean basketball hype 🏀👑🥶🔥,https://open.spotify.com/playlist/4YMcpoVspBrK0SUV5lgxY5,God's Country,Blake Shelton,God's Country
basketball,clean basketball hype 🏀👑🥶🔥,https://open.spotify.com/playlist/4YMcpoVspBrK0SUV5lgxY5,"About That Time (with G-Eazy, P-Lo & White Dave)","Dame D.O.L.L.A, G-Eazy, P-Lo, OG DAYV",Space Jam: A New Legacy (Original Motion Picture Soundtrack)
basketball,clean basketball hype 🏀👑🥶🔥,https://open.spotify.com/playlist/4YMcpoVspBrK0SUV5lgxY5,Ball Is Life (feat. Jack Harlow),"Swae Lee, Jack Harlow",Madden NFL 22 Soundtrack
basketball,clean basketball hype 🏀👑🥶🔥,https://open.spotify.com/playlist/4YMcpoVspBrK0SUV5lgxY5,Count Me In,YSB Tril,Madden NFL 22 Soundtrack
basketball,clean basketball hype 🏀👑🥶🔥,https://open.spotify.com/playlist/4YMcpoVspBrK0SUV5lgxY5,Oh No - Madden Version,"BRS Kash, EA Sports Madden NFL",Oh No (Madden Version)
basketball,clean basketball hype 🏀👑🥶🔥,https://open.spotify.com/playlist/4YMcpoVspBrK0SUV5lgxY5,Laugh Now Cry Later (feat. Lil Durk),"Drake, Lil Durk",Laugh Now Cry Later (feat. Lil Durk)
basketball,clean basketball hype 🏀👑🥶🔥,https://open.spotify.com/playlist/4YMcpoVspBrK0SUV5lgxY5,Whoopty,CJ,Whoopty
basketball,clean basketball hype 🏀👑🥶🔥,https://open.spotify.com/playlist/4YMcpoVspBrK0SUV5lgxY5,BILLIE EILISH.,Armani White,BILLIE EILISH.
basketball,clean basketball hype 🏀👑🥶🔥,https://open.spotify.com/playlist/4YMcpoVspBrK0SUV5lgxY5,VALENTINO,24kGoldn,VALENTINO
basketball,clean basketball hype 🏀👑🥶🔥,https://open.spotify.com/playlist/4YMcpoVspBrK0SUV5lgxY5,Ransom (with Juice WRLD) - Remix,"Lil Tecca, Juice WRLD",We Love You Tecca
basketball,clean basketball hype 🏀👑🥶🔥,https://open.spotify.com/playlist/4YMcpoVspBrK0SUV5lgxY5,WORTH NOTHING (feat. Oliver Tree) - Fast & Furious: Drift Tape/Phonk Vol 1,"TWISTED, Oliver Tree, Fast & Furious: The Fast Saga",WORTH NOTHING (feat. Oliver Tree) [Fast & Furious: Drift Tape/Vol 1]
basketball,clean basketball hype 🏀👑🥶🔥,https://open.spotify.com/playlist/4YMcpoVspBrK0SUV5lgxY5,Love Me,Lil Tecca,We Love You Tecca
basketball,clean basketball hype 🏀👑🥶🔥,https://open.spotify.com/playlist/4YMcpoVspBrK0SUV5lgxY5,Superhero (Heroes & Villains) [with Future & Chris Brown],"Metro Boomin, Future, Chris Brown",HEROES & VILLAINS
basketball,clean basketball hype 🏀👑🥶🔥,https://open.spotify.com/playlist/4YMcpoVspBrK0SUV5lgxY5,Space Cadet (feat. Gunna),"Metro Boomin, Gunna",NOT ALL HEROES WEAR CAPES (Deluxe)
basketball,clean basketball hype 🏀👑🥶🔥,https://open.spotify.com/playlist/4YMcpoVspBrK0SUV5lgxY5,Epidemic,Polo G,Hall of Fame
basketball,clean basketball hype 🏀👑🥶🔥,https://open.spotify.com/playlist/4YMcpoVspBrK0SUV5lgxY5,Drip Too Hard,"Lil Baby, Gunna","WORK HARD : Sport, Workout & Motivation"
basketball,clean basketball hype 🏀👑🥶🔥,https://open.spotify.com/playlist/4YMcpoVspBrK0SUV5lgxY5,Heartless (feat. Mustard),"Polo G, Mustard",THE GOAT
basketball,clean basketball hype 🏀👑🥶🔥,https://open.spotify.com/playlist/4YMcpoVspBrK0SUV5lgxY5,I Look Good,O.T. Genasis,I Look Good
basketball,clean basketball hype 🏀👑🥶🔥,https://open.spotify.com/playlist/4YMcpoVspBrK0SUV5lgxY5,Beautiful Pain (Losin My Mind),Polo G,THE GOAT
basketball,clean basketball hype 🏀👑🥶🔥,https://open.spotify.com/playlist/4YMcpoVspBrK0SUV5lgxY5,THATS WHAT I WANT,Lil Nas X,MONTERO
basketball,clean basketball hype 🏀👑🥶🔥,https://open.spotify.com/playlist/4YMcpoVspBrK0SUV5lgxY5,Praise God,Kanye West,Donda
basketball,clean basketball hype 🏀👑🥶🔥,https://open.spotify.com/playlist/4YMcpoVspBrK0SUV5lgxY5,Lord God,TeeJay,Lord God
basketball,clean basketball hype 🏀👑🥶🔥,https://open.spotify.com/playlist/4YMcpoVspBrK0SUV5lgxY5,Nino Brown,Red Tips,Nino Brown
basketball,clean basketball hype 🏀👑🥶🔥,https://open.spotify.com/playlist/4YMcpoVspBrK0SUV5lgxY5,RAPSTAR,Polo G,Hall of Fame
basketball,clean basketball hype 🏀👑🥶🔥,https://open.spotify.com/playlist/4YMcpoVspBrK0SUV5lgxY5,Just Wanna Rock,Lil Uzi Vert,Just Wanna Rock
basketball,clean basketball hype 🏀👑🥶🔥,https://open.spotify.com/playlist/4YMcpoVspBrK0SUV5lgxY5,The Search,NF,The Search
basketball,clean basketball hype 🏀👑🥶🔥,https://open.spotify.com/playlist/4YMcpoVspBrK0SUV5lgxY5,LOVE AGAIN,The Kid LAROI,LOVE AGAIN
basketball,clean basketball hype 🏀👑🥶🔥,https://open.spotify.com/playlist/4YMcpoVspBrK0SUV5lgxY5,Tyler Herro,Jack Harlow,Tyler Herro
basketball,clean basketball hype 🏀👑🥶🔥,https://open.spotify.com/playlist/4YMcpoVspBrK0SUV5lgxY5,PRACTICE,DaBaby,BLAME IT ON BABY (DELUXE)
basketball,clean basketball hype 🏀👑🥶🔥,https://open.spotify.com/playlist/4YMcpoVspBrK0SUV5lgxY5,MTG - INSURDECEDORA 3.0 (Slowed + Reverb),"DJ LZIN, MC PR, Mc Gw",MTG - INSURDECEDORA 3.0 (Remixes)
basketball,clean basketball hype 🏀👑🥶🔥,https://open.spotify.com/playlist/4YMcpoVspBrK0SUV5lgxY5,Robbery,Juice WRLD,Death Race For Love (Bonus Track Version)
basketball,clean basketball hype 🏀👑🥶🔥,https://open.spotify.com/playlist/4YMcpoVspBrK0SUV5lgxY5,I Know,Polo G,THE GOAT
basketball,clean basketball hype 🏀👑🥶🔥,https://open.spotify.com/playlist/4YMcpoVspBrK0SUV5lgxY5,Elon Musk (feat. Gunna),"DDG, Gunna",Elon Musk (feat. Gunna)
basketball,clean basketball hype 🏀👑🥶🔥,https://open.spotify.com/playlist/4YMcpoVspBrK0SUV5lgxY5,Sauce It Up,Lil Uzi Vert,Luv Is Rage 2
basketball,clean basketball hype 🏀👑🥶🔥,https://open.spotify.com/playlist/4YMcpoVspBrK0SUV5lgxY5,Hot (feat. Gunna),"Young Thug, Gunna",So Much Fun
basketball,clean basketball hype 🏀👑🥶🔥,https://open.spotify.com/playlist/4YMcpoVspBrK0SUV5lgxY5,Walk Em Down (feat. Roddy Ricch),"NLE Choppa, Roddy Ricch",Walk Em Down (feat. Roddy Ricch)
basketball,clean basketball hype 🏀👑🥶🔥,https://open.spotify.com/playlist/4YMcpoVspBrK0SUV5lgxY5,Martin & Gina,Polo G,THE GOAT
basketball,clean basketball hype 🏀👑🥶🔥,https://open.spotify.com/playlist/4YMcpoVspBrK0SUV5lgxY5,21,Polo G,THE GOAT
basketball,clean basketball hype 🏀👑🥶🔥,https://open.spotify.com/playlist/4YMcpoVspBrK0SUV5lgxY5,THE SCOTTS,"THE SCOTTS, Travis Scott, Kid Cudi",THE SCOTTS
basketball,clean basketball hype 🏀👑🥶🔥,https://open.spotify.com/playlist/4YMcpoVspBrK0SUV5lgxY5,Never,Lil Man J,Never
basketball,clean basketball hype 🏀👑🥶🔥,https://open.spotify.com/playlist/4YMcpoVspBrK0SUV5lgxY5,Girls Love Rod Wave,Scorey,Help Is On The Way
basketball,clean basketball hype 🏀👑🥶🔥,https://open.spotify.com/playlist/4YMcpoVspBrK0SUV5lgxY5,The Law of Recognition - Sped-Up,KYSLINGO,The Law of Recognition (Sped-Up)
basketball,clean basketball hype 🏀👑🥶🔥,https://open.spotify.com/playlist/4YMcpoVspBrK0SUV5lgxY5,Toxic,Polo G,Hall of Fame
basketball,clean basketball hype 🏀👑🥶🔥,https://open.spotify.com/playlist/4YMcpoVspBrK0SUV5lgxY5,Cap Freestyle,Lil Man J,Cap Freestyle
basketball,clean basketball hype 🏀👑🥶🔥,https://open.spotify.com/playlist/4YMcpoVspBrK0SUV5lgxY5,So Real,Lil Man J,So Real
basketball,clean basketball hype 🏀👑🥶🔥,https://open.spotify.com/playlist/4YMcpoVspBrK0SUV5lgxY5,33,Polo G,THE GOAT
basketball,clean basketball hype 🏀👑🥶🔥,https://open.spotify.com/playlist/4YMcpoVspBrK0SUV5lgxY5,Tombstone,Rod Wave,SoulFly
basketball,clean basketball hype 🏀👑🥶🔥,https://open.spotify.com/playlist/4YMcpoVspBrK0SUV5lgxY5,Wedding Vows,Scorey,Help Is On The Way
basketball,clean basketball hype 🏀👑🥶🔥,https://open.spotify.com/playlist/4YMcpoVspBrK0SUV5lgxY5,Woo Lady,Toosii,NAUJOUR
basketball,clean basketball hype 🏀👑🥶🔥,https://open.spotify.com/playlist/4YMcpoVspBrK0SUV5lgxY5,Low Down,Lil Baby,My Turn (Deluxe)
basketball,clean basketball hype 🏀👑🥶🔥,https://open.spotify.com/playlist/4YMcpoVspBrK0SUV5lgxY5,Rock N Roll,Scorey,Catch Me If You Can
basketball,clean basketball hype 🏀👑🥶🔥,https://open.spotify.com/playlist/4YMcpoVspBrK0SUV5lgxY5,Be Something,"Polo G, Lil Baby",THE GOAT
basketball,clean basketball hype 🏀👑🥶🔥,https://open.spotify.com/playlist/4YMcpoVspBrK0SUV5lgxY5,Fame & Riches (with Roddy Ricch),"Polo G, Roddy Ricch",Hall of Fame
basketball,clean basketball hype 🏀👑🥶🔥,https://open.spotify.com/playlist/4YMcpoVspBrK0SUV5lgxY5,emotions,iann dior,nothings ever good enough
basketball,clean basketball hype 🏀👑🥶🔥,https://open.spotify.com/playlist/4YMcpoVspBrK0SUV5lgxY5,Calling My Phone,"Lil Tjay, 6LACK",Calling My Phone
basketball,clean basketball hype 🏀👑🥶🔥,https://open.spotify.com/playlist/4YMcpoVspBrK0SUV5lgxY5,Sum 2 Prove,Lil Baby,Sum 2 Prove
basketball,clean basketball hype 🏀👑🥶🔥,https://open.spotify.com/playlist/4YMcpoVspBrK0SUV5lgxY5,So Real,Polo G,Hall of Fame
basketball,clean basketball hype 🏀👑🥶🔥,https://open.spotify.com/playlist/4YMcpoVspBrK0SUV5lgxY5,All Girls Are The Same,Juice WRLD,Goodbye & Good Riddance (Anniversary)
basketball,clean basketball hype 🏀👑🥶🔥,https://open.spotify.com/playlist/4YMcpoVspBrK0SUV5lgxY5,Super Gremlin,Kodak Black,Back For Everything
basketball,clean basketball hype 🏀👑🥶🔥,https://open.spotify.com/playlist/4YMcpoVspBrK0SUV5lgxY5,3 Headed Goat (feat. Lil Baby & Polo G),"Lil Durk, Lil Baby, Polo G",Just Cause Y'all Waited 2
basketball,clean basketball hype 🏀👑🥶🔥,https://open.spotify.com/playlist/4YMcpoVspBrK0SUV5lgxY5,24 (feat. Lil Baby),"Money Man, Lil Baby",24 (feat. Lil Baby)
basketball,clean basketball hype 🏀👑🥶🔥,https://open.spotify.com/playlist/4YMcpoVspBrK0SUV5lgxY5,Yesterday Is Gone,Caleb Gordon,Yesterday Is Gone
basketball,clean basketball hype 🏀👑🥶🔥,https://open.spotify.com/playlist/4YMcpoVspBrK0SUV5lgxY5,Hate Me,"Ellie Goulding, Juice WRLD",Brightest Blue
basketball,clean basketball hype 🏀👑🥶🔥,https://open.spotify.com/playlist/4YMcpoVspBrK0SUV5lgxY5,Lucid Dreams,Juice WRLD,Lucid Dreams
basketball,clean basketball hype 🏀👑🥶🔥,https://open.spotify.com/playlist/4YMcpoVspBrK0SUV5lgxY5,Hide (feat. Seezyn),"Juice WRLD, Seezyn",Spider-Man: Into the Spider-Verse (Soundtrack From & Inspired by the Motion Picture)
basketball,clean basketball hype 🏀👑🥶🔥,https://open.spotify.com/playlist/4YMcpoVspBrK0SUV5lgxY5,Party Girl,StaySolidRocky,Fallin'
basketball,clean basketball hype 🏀👑🥶🔥,https://open.spotify.com/playlist/4YMcpoVspBrK0SUV5lgxY5,Wicked,Future,EVOL
basketball,clean basketball hype 🏀👑🥶🔥,https://open.spotify.com/playlist/4YMcpoVspBrK0SUV5lgxY5,Popular (with Playboi Carti & Madonna) - From The Idol Vol. 1 (Music from the HBO Original Series),"The Weeknd, Playboi Carti, Madonna",Popular (Music from the HBO Original Series)
basketball,clean basketball hype 🏀👑🥶🔥,https://open.spotify.com/playlist/4YMcpoVspBrK0SUV5lgxY5,redrum,21 Savage,american dream
basketball,clean basketball hype 🏀👑🥶🔥,https://open.spotify.com/playlist/4YMcpoVspBrK0SUV5lgxY5,Pull Up (feat. 21 Savage),"Toosii, 21 Savage",NAUJOUR
soccer,soccer pregame music🏟️⚽️,https://open.spotify.com/playlist/049X2RvMxeJURJboHndvHy,Baby (Lil Baby feat. DaBaby),"Quality Control, Lil Baby, DaBaby",Quality Control: Control The Streets Volume 2
soccer,soccer pregame music🏟️⚽️,https://open.spotify.com/playlist/049X2RvMxeJURJboHndvHy,EVERY CHANCE I GET (feat. Lil Baby & Lil Durk),"DJ Khaled, Lil Baby, Lil Durk",KHALED KHALED
soccer,soccer pregame music🏟️⚽️,https://open.spotify.com/playlist/049X2RvMxeJURJboHndvHy,Girls Want Girls (with Lil Baby),"Drake, Lil Baby",Certified Lover Boy
soccer,soccer pregame music🏟️⚽️,https://open.spotify.com/playlist/049X2RvMxeJURJboHndvHy,On Me,Lil Baby,On Me
soccer,soccer pregame music🏟️⚽️,https://open.spotify.com/playlist/049X2RvMxeJURJboHndvHy,For The Night (feat. Lil Baby & DaBaby),"Pop Smoke, Lil Baby, DaBaby",Shoot For The Stars Aim For The Moon
soccer,soccer pregame music🏟️⚽️,https://open.spotify.com/playlist/049X2RvMxeJURJboHndvHy,Low Down,Lil Baby,My Turn (Deluxe)
soccer,soccer pregame music🏟️⚽️,https://open.spotify.com/playlist/049X2RvMxeJURJboHndvHy,Wants and Needs (feat. Lil Baby),"Drake, Lil Baby",Scary Hours 2
soccer,soccer pregame music🏟️⚽️,https://open.spotify.com/playlist/049X2RvMxeJURJboHndvHy,Yes Indeed,"Lil Baby, Drake",Harder Than Ever
soccer,soccer pregame music🏟️⚽️,https://open.spotify.com/playlist/049X2RvMxeJURJboHndvHy,Pure Cocaine,Lil Baby,Street Gossip
soccer,soccer pregame music🏟️⚽️,https://open.spotify.com/playlist/049X2RvMxeJURJboHndvHy,Freestyle,Lil Baby,Too Hard
soccer,soccer pregame music🏟️⚽️,https://open.spotify.com/playlist/049X2RvMxeJURJboHndvHy,10 Freaky Girls (with 21 Savage),"Metro Boomin, 21 Savage",NOT ALL HEROES WEAR CAPES (Deluxe)
soccer,soccer pregame music🏟️⚽️,https://open.spotify.com/playlist/049X2RvMxeJURJboHndvHy,Broke In A Minute,Tory Lanez,The New Toronto 3
soccer,soccer pregame music🏟️⚽️,https://open.spotify.com/playlist/049X2RvMxeJURJboHndvHy,Make No Sense,YoungBoy Never Broke Again,AI YoungBoy 2
soccer,soccer pregame music🏟️⚽️,https://open.spotify.com/playlist/049X2RvMxeJURJboHndvHy,"Never Recover (Lil Baby & Gunna, Drake)","Lil Baby, Gunna, Drake",Drip Harder
soccer,soccer pregame music🏟️⚽️,https://open.spotify.com/playlist/049X2RvMxeJURJboHndvHy,can't leave without it,21 Savage,i am > i was
soccer,soccer pregame music🏟️⚽️,https://open.spotify.com/playlist/049X2RvMxeJURJboHndvHy,Took Her To The O,King Von,Levon James
soccer,soccer pregame music🏟️⚽️,https://open.spotify.com/playlist/049X2RvMxeJURJboHndvHy,FE!N (feat. Playboi Carti),"Travis Scott, Playboi Carti",UTOPIA
soccer,soccer pregame music🏟️⚽️,https://open.spotify.com/playlist/049X2RvMxeJURJboHndvHy,WORTH IT (feat. Don Toliver),"Offset, Don Toliver",SET IT OFF
soccer,soccer pregame music🏟️⚽️,https://open.spotify.com/playlist/049X2RvMxeJURJboHndvHy,fukumean,Gunna,a Gift & a Curse
soccer,soccer pregame music🏟️⚽️,https://open.spotify.com/playlist/049X2RvMxeJURJboHndvHy,Niagara Falls (Foot or 2) [with Travis Scott & 21 Savage],"Metro Boomin, Travis Scott, 21 Savage",HEROES & VILLAINS
soccer,soccer pregame music🏟️⚽️,https://open.spotify.com/playlist/049X2RvMxeJURJboHndvHy,New Drank,LUCKI,New Drank
soccer,soccer pregame music🏟️⚽️,https://open.spotify.com/playlist/049X2RvMxeJURJboHndvHy,Element,Pop Smoke,Meet The Woo 2
soccer,soccer pregame music🏟️⚽️,https://open.spotify.com/playlist/049X2RvMxeJURJboHndvHy,SAY MY GRACE (feat. Travis Scott),"Offset, Travis Scott",SET IT OFF
soccer,soccer pregame music🏟️⚽️,https://open.spotify.com/playlist/049X2RvMxeJURJboHndvHy,Fighting My Demons,Ken Carson,A Great Chaos
soccer,soccer pregame music🏟️⚽️,https://open.spotify.com/playlist/049X2RvMxeJURJboHndvHy,Dior,Pop Smoke,Meet The Woo
soccer,soccer pregame music🏟️⚽️,https://open.spotify.com/playlist/049X2RvMxeJURJboHndvHy,GATTI,"JACKBOYS, Pop Smoke, Travis Scott",JACKBOYS
soccer,soccer pregame music🏟️⚽️,https://open.spotify.com/playlist/049X2RvMxeJURJboHndvHy,Racks 2 Skinny,Migos,Racks 2 Skinny
soccer,soccer pregame music🏟️⚽️,https://open.spotify.com/playlist/049X2RvMxeJURJboHndvHy,BLINDFOLD (feat. Lil Baby),"Gunna, Lil Baby",WUNNA
soccer,soccer pregame music🏟️⚽️,https://open.spotify.com/playlist/049X2RvMxeJURJboHndvHy,Shake The Room (feat. Quavo),"Pop Smoke, Quavo",Meet The Woo 2
soccer,soccer pregame music🏟️⚽️,https://open.spotify.com/playlist/049X2RvMxeJURJboHndvHy,ROLANDO (Caught In The Rain),DUSTY LOCANE,UNTAMED
soccer,soccer pregame music🏟️⚽️,https://open.spotify.com/playlist/049X2RvMxeJURJboHndvHy,REWIND,DUSTY LOCANE,UNTAMED
soccer,soccer pregame music🏟️⚽️,https://open.spotify.com/playlist/049X2RvMxeJURJboHndvHy,ROLLIN N CONTROLLIN FREESTYLE,DUSTY LOCANE,UNTAMED
soccer,soccer pregame music🏟️⚽️,https://open.spotify.com/playlist/049X2RvMxeJURJboHndvHy,pushin P (feat. Young Thug),"Gunna, Future, Young Thug",DS4EVER
soccer,soccer pregame music🏟️⚽️,https://open.spotify.com/playlist/049X2RvMxeJURJboHndvHy,Hold That Heat (feat. Travis Scott),"Southside, Future, Travis Scott",Hold That Heat (feat. Travis Scott)
soccer,soccer pregame music🏟️⚽️,https://open.spotify.com/playlist/049X2RvMxeJURJboHndvHy,Need It,"Migos, YoungBoy Never Broke Again",Need It
soccer,soccer pregame music🏟️⚽️,https://open.spotify.com/playlist/049X2RvMxeJURJboHndvHy,Nevada,YoungBoy Never Broke Again,"Sincerely, Kentrell"
soccer,soccer pregame music🏟️⚽️,https://open.spotify.com/playlist/049X2RvMxeJURJboHndvHy,Shotta Flow,NLE Choppa,Cottonwood
soccer,soccer pregame music🏟️⚽️,https://open.spotify.com/playlist/049X2RvMxeJURJboHndvHy,Shotta Flow 7,NLE Choppa,Shotta Flow 7
soccer,soccer pregame music🏟️⚽️,https://open.spotify.com/playlist/049X2RvMxeJURJboHndvHy,Incredible Sauce (feat. Dave),"Giggs, Dave",Zero Tolerance
soccer,soccer pregame music🏟️⚽️,https://open.spotify.com/playlist/049X2RvMxeJURJboHndvHy,Runaway,"Kanye West, Pusha T",My Beautiful Dark Twisted Fantasy
soccer,soccer pregame music🏟️⚽️,https://open.spotify.com/playlist/049X2RvMxeJURJboHndvHy,Pressure,Rushy,Pressure
soccer,soccer pregame music🏟️⚽️,https://open.spotify.com/playlist/049X2RvMxeJURJboHndvHy,Sum 2 Prove,Lil Baby,Sum 2 Prove
soccer,soccer pregame music🏟️⚽️,https://open.spotify.com/playlist/049X2RvMxeJURJboHndvHy,Everything BoZ,"Trippie Redd, Coi Leray",!
soccer,soccer pregame music🏟️⚽️,https://open.spotify.com/playlist/049X2RvMxeJURJboHndvHy,all of me,21 Savage,american dream
soccer,soccer pregame music🏟️⚽️,https://open.spotify.com/playlist/049X2RvMxeJURJboHndvHy,redrum,21 Savage,american dream
soccer,soccer pregame music🏟️⚽️,https://open.spotify.com/playlist/049X2RvMxeJURJboHndvHy,née-nah,"21 Savage, Travis Scott, Metro Boomin",american dream
soccer,soccer pregame music🏟️⚽️,https://open.spotify.com/playlist/049X2RvMxeJURJboHndvHy,Glock In My Lap,"21 Savage, Metro Boomin",SAVAGE MODE II
soccer,soccer pregame music🏟️⚽️,https://open.spotify.com/playlist/049X2RvMxeJURJboHndvHy,ball w/o you,21 Savage,i am > i was
soccer,soccer pregame music🏟️⚽️,https://open.spotify.com/playlist/049X2RvMxeJURJboHndvHy,Too Many Nights (feat. Don Toliver & with Future),"Metro Boomin, Future, Don Toliver",HEROES & VILLAINS
soccer,soccer pregame music🏟️⚽️,https://open.spotify.com/playlist/049X2RvMxeJURJboHndvHy,"Link Up (Metro Boomin & Don Toliver, Wizkid feat. BEAM & Toian) - Spider-Verse Remix (Spider-Man: Across the Spider-Verse )","Metro Boomin, Don Toliver, Wizkid, BEAM, Toian",METRO BOOMIN PRESENTS SPIDER-MAN: ACROSS THE SPIDER-VERSE (SOUNDTRACK FROM AND INSPIRED BY THE MOTION PICTURE)
soccer,soccer pregame music🏟️⚽️,https://open.spotify.com/playlist/049X2RvMxeJURJboHndvHy,Run It Up (feat. Offset & Moneybagg Yo),"Lil Tjay, Offset, Moneybagg Yo",Destined 2 Win
soccer,soccer pregame music🏟️⚽️,https://open.spotify.com/playlist/049X2RvMxeJURJboHndvHy,Hope,XXXTENTACION,?
soccer,soccer pregame music🏟️⚽️,https://open.spotify.com/playlist/049X2RvMxeJURJboHndvHy,Revenge,XXXTENTACION,17
soccer,soccer pregame music🏟️⚽️,https://open.spotify.com/playlist/049X2RvMxeJURJboHndvHy,Ric Flair Drip (with Metro Boomin),"Offset, Metro Boomin",Without Warning
soccer,soccer pregame music🏟️⚽️,https://open.spotify.com/playlist/049X2RvMxeJURJboHndvHy,Robbery,Juice WRLD,Death Race For Love (Bonus Track Version)
soccer,soccer pregame music🏟️⚽️,https://open.spotify.com/playlist/049X2RvMxeJURJboHndvHy,Runnin,"21 Savage, Metro Boomin",SAVAGE MODE II
soccer,soccer pregame music🏟️⚽️,https://open.spotify.com/playlist/049X2RvMxeJURJboHndvHy,Drip or Drown,Gunna,Drip or Drown
soccer,soccer pregame music🏟️⚽️,https://open.spotify.com/playlist/049X2RvMxeJURJboHndvHy,Ready (feat. Gunna),"Lil Baby, Gunna",Street Gossip
soccer,soccer pregame music🏟️⚽️,https://open.spotify.com/playlist/049X2RvMxeJURJboHndvHy,Coffin,Lil Yachty,Lil Boat 3.5
soccer,soccer pregame music🏟️⚽️,https://open.spotify.com/playlist/049X2RvMxeJURJboHndvHy,Crazy Story (feat. King Von),"Only The Family, King Von","Lil Durk Presents: Only the Family Involved, Vol. 2"
soccer,soccer pregame music🏟️⚽️,https://open.spotify.com/playlist/049X2RvMxeJURJboHndvHy,Too Comfortable,Future,High Off Life
soccer,soccer pregame music🏟️⚽️,https://open.spotify.com/playlist/049X2RvMxeJURJboHndvHy,We Paid (feat. 42 Dugg),"Lil Baby, 42 Dugg",My Turn (Deluxe)
soccer,soccer pregame music🏟️⚽️,https://open.spotify.com/playlist/049X2RvMxeJURJboHndvHy,ORANGE SODA,Baby Keem,DIE FOR MY BITCH
soccer,soccer pregame music🏟️⚽️,https://open.spotify.com/playlist/049X2RvMxeJURJboHndvHy,Love Sosa,Chief Keef,Finally Rich
soccer,soccer pregame music🏟️⚽️,https://open.spotify.com/playlist/049X2RvMxeJURJboHndvHy,Shoota (feat. Lil Uzi Vert),"Playboi Carti, Lil Uzi Vert",Die Lit
soccer,soccer pregame music🏟️⚽️,https://open.spotify.com/playlist/049X2RvMxeJURJboHndvHy,3 Headed Goat (feat. Lil Baby & Polo G),"Lil Durk, Lil Baby, Polo G",Just Cause Y'all Waited 2
soccer,soccer pregame music🏟️⚽️,https://open.spotify.com/playlist/049X2RvMxeJURJboHndvHy,Walk Em Down (feat. Roddy Ricch),"NLE Choppa, Roddy Ricch",Top Shotta
soccer,soccer pregame music🏟️⚽️,https://open.spotify.com/playlist/049X2RvMxeJURJboHndvHy,Life Goes On,"Lil Baby, Gunna, Lil Uzi Vert",Harder Than Ever
soccer,soccer pregame music🏟️⚽️,https://open.spotify.com/playlist/049X2RvMxeJURJboHndvHy,EA (feat. 21 Savage),"Young Nudy, 21 Savage",SlimeBall 2
soccer,soccer pregame music🏟️⚽️,https://open.spotify.com/playlist/049X2RvMxeJURJboHndvHy,5% TINT,Travis Scott,ASTROWORLD
soccer,soccer pregame music🏟️⚽️,https://open.spotify.com/playlist/049X2RvMxeJURJboHndvHy,Dark Knight Dummo (feat. Travis Scott),"Trippie Redd, Travis Scott",LIFE'S A TRIP
soccer,soccer pregame music🏟️⚽️,https://open.spotify.com/playlist/049X2RvMxeJURJboHndvHy,"Crazy Story, Pt. 3",King Von,"Grandson, Vol. 1"
soccer,soccer pregame music🏟️⚽️,https://open.spotify.com/playlist/049X2RvMxeJURJboHndvHy,Solo,Future,HNDRXX
soccer,soccer pregame music🏟️⚽️,https://open.spotify.com/playlist/049X2RvMxeJURJboHndvHy,Codeine Crazy,Future,Monster
soccer,soccer pregame music🏟️⚽️,https://open.spotify.com/playlist/049X2RvMxeJURJboHndvHy,PUFFIN ON ZOOTIEZ,Future,I NEVER LIKED YOU
soccer,soccer pregame music🏟️⚽️,https://open.spotify.com/playlist/049X2RvMxeJURJboHndvHy,I Don't Like,"Chief Keef, Lil Reese",Finally Rich
soccer,soccer pregame music🏟️⚽️,https://open.spotify.com/playlist/049X2RvMxeJURJboHndvHy,The Race - Remix,"Tay-K, 21 Savage, Young Nudy",#SantanaWorld (+)
soccer,soccer pregame music🏟️⚽️,https://open.spotify.com/playlist/049X2RvMxeJURJboHndvHy,1400 / 999 Freestyle (feat. Juice WRLD),"Trippie Redd, Juice WRLD",A Love Letter To You 3
soccer,soccer pregame music🏟️⚽️,https://open.spotify.com/playlist/049X2RvMxeJURJboHndvHy,Opp Stoppa (feat. 21 Savage),"YBN Nahmir, 21 Savage",VISIONLAND
soccer,soccer pregame music🏟️⚽️,https://open.spotify.com/playlist/049X2RvMxeJURJboHndvHy,Go Stupid,"Polo G, Stunna 4 Vegas, NLE Choppa, Mike WiLL Made-It",THE GOAT
soccer,soccer pregame music🏟️⚽️,https://open.spotify.com/playlist/049X2RvMxeJURJboHndvHy,No Heart,"21 Savage, Metro Boomin",Savage Mode
soccer,soccer pregame music🏟️⚽️,https://open.spotify.com/playlist/049X2RvMxeJURJboHndvHy,Moonwalking in Calabasas (feat. Blueface) - Remix,"DDG, Blueface",Die 4 Respect
soccer,soccer pregame music🏟️⚽️,https://open.spotify.com/playlist/049X2RvMxeJURJboHndvHy,Immortal,21 Savage,Immortal
soccer,soccer pregame music🏟️⚽️,https://open.spotify.com/playlist/049X2RvMxeJURJboHndvHy,Camelot,NLE Choppa,Top Shotta
soccer,soccer pregame music🏟️⚽️,https://open.spotify.com/playlist/049X2RvMxeJURJboHndvHy,Grace (feat. 42 Dugg),"Lil Baby, 42 Dugg",My Turn
soccer,soccer pregame music🏟️⚽️,https://open.spotify.com/playlist/049X2RvMxeJURJboHndvHy,Many Men,"21 Savage, Metro Boomin",SAVAGE MODE II
soccer,soccer pregame music🏟️⚽️,https://open.spotify.com/playlist/049X2RvMxeJURJboHndvHy,Sold Out Dates (feat. Lil Baby),"Gunna, Lil Baby",Sold Out Dates (feat. Lil Baby)
soccer,soccer pregame music🏟️⚽️,https://open.spotify.com/playlist/049X2RvMxeJURJboHndvHy,Heatin Up (feat. Gunna),"Lil Baby, Gunna",My Turn
soccer,soccer pregame music🏟️⚽️,https://open.spotify.com/playlist/049X2RvMxeJURJboHndvHy,Rich Nigga Shit (feat. Young Thug),"21 Savage, Metro Boomin, Young Thug",SAVAGE MODE II
soccer,soccer pregame music🏟️⚽️,https://open.spotify.com/playlist/049X2RvMxeJURJboHndvHy,Who You Foolin,Gunna,Drip or Drown 2
soccer,soccer pregame music🏟️⚽️,https://open.spotify.com/playlist/049X2RvMxeJURJboHndvHy,Neva Cared,Polo G,Neva Cared
soccer,soccer pregame music🏟️⚽️,https://open.spotify.com/playlist/049X2RvMxeJURJboHndvHy,Hot (Remix) [feat. Gunna and Travis Scott],"Young Thug, Travis Scott, Gunna",So Much Fun (Deluxe)
soccer,soccer pregame music🏟️⚽️,https://open.spotify.com/playlist/049X2RvMxeJURJboHndvHy,Slidin,"21 Savage, Metro Boomin",SAVAGE MODE II
soccer,soccer pregame music🏟️⚽️,https://open.spotify.com/playlist/049X2RvMxeJURJboHndvHy,Onna Come Up,Lil Eazzyy,Underrated
soccer,soccer pregame music🏟️⚽️,https://open.spotify.com/playlist/049X2RvMxeJURJboHndvHy,Shotta Flow (feat. Blueface) [Remix],"NLE Choppa, Blueface",Cottonwood
soccer,soccer pregame music🏟️⚽️,https://open.spotify.com/playlist/049X2RvMxeJURJboHndvHy,20 Min,Lil Uzi Vert,Luv Is Rage 2 (Deluxe)
soccer,soccer pregame music🏟️⚽️,https://open.spotify.com/playlist/049X2RvMxeJURJboHndvHy,Capo,NLE Choppa,Capo
soccer,soccer pregame music🏟️⚽️,https://open.spotify.com/playlist/049X2RvMxeJURJboHndvHy,Did It Again,Lil Tecca,We Love You Tecca
soccer,soccer pregame music🏟️⚽️,https://open.spotify.com/playlist/049X2RvMxeJURJboHndvHy,Faneto,Chief Keef,Back from the Dead 2
soccer,soccer pregame music🏟️⚽️,https://open.spotify.com/playlist/049X2RvMxeJURJboHndvHy,"Who Want Smoke?? (feat. G Herbo, Lil Durk & 21 Savage)","Nardo Wick, G Herbo, Lil Durk, 21 Savage",Who is Nardo Wick?
soccer,soccer pregame music🏟️⚽️,https://open.spotify.com/playlist/049X2RvMxeJURJboHndvHy,21,Polo G,THE GOAT
soccer,soccer pregame music🏟️⚽️,https://open.spotify.com/playlist/049X2RvMxeJURJboHndvHy,6locc 6a6y,Lil Loaded,6locc 6a6y
soccer,soccer pregame music🏟️⚽️,https://open.spotify.com/playlist/049X2RvMxeJURJboHndvHy,Mr. Right Now (feat. Drake),"21 Savage, Metro Boomin, Drake",SAVAGE MODE II
soccer,soccer pregame music🏟️⚽️,https://open.spotify.com/playlist/049X2RvMxeJURJboHndvHy,NBAYOUNGBOAT,"Lil Yachty, YoungBoy Never Broke Again",Lil Boat 2
soccer,soccer pregame music🏟️⚽️,https://open.spotify.com/playlist/049X2RvMxeJURJboHndvHy,DOLLAZ ON MY HEAD (feat. Young Thug),"Gunna, Young Thug",WUNNA
soccer,soccer pregame music🏟️⚽️,https://open.spotify.com/playlist/049X2RvMxeJURJboHndvHy,Drip Too Hard (Lil Baby & Gunna),"Lil Baby, Gunna",Drip Harder
soccer,soccer pregame music🏟️⚽️,https://open.spotify.com/playlist/049X2RvMxeJURJboHndvHy,Pop Out (feat. Lil Tjay),"Polo G, Lil Tjay",Die A Legend
soccer,soccer pregame music🏟️⚽️,https://open.spotify.com/playlist/049X2RvMxeJURJboHndvHy,Back in Blood (feat. Lil Durk),"Pooh Shiesty, Lil Durk",Shiesty Season
soccer,soccer pregame music🏟️⚽️,https://open.spotify.com/playlist/049X2RvMxeJURJboHndvHy,Out Of Love (feat. Internet Money),"Lil Tecca, Internet Money",Virgo World
soccer,soccer pregame music🏟️⚽️,https://open.spotify.com/playlist/049X2RvMxeJURJboHndvHy,Pardon Me (Lil Yachty feat. Future & Mike WiLL Made-It),"Lil Yachty, Future, Mike WiLL Made-It",Lil Boat 3
soccer,soccer pregame music🏟️⚽️,https://open.spotify.com/playlist/049X2RvMxeJURJboHndvHy,Gang Shit No Lame Shit,Key Glock,Glockoma
soccer,soccer pregame music🏟️⚽️,https://open.spotify.com/playlist/049X2RvMxeJURJboHndvHy,Still Trappin',"Lil Durk, King Von",The Voice
soccer,soccer pregame music🏟️⚽️,https://open.spotify.com/playlist/049X2RvMxeJURJboHndvHy,Heartless (feat. Mustard),"Polo G, Mustard",THE GOAT
soccer,soccer pregame music🏟️⚽️,https://open.spotify.com/playlist/049X2RvMxeJURJboHndvHy,LOT OF ME,Lil Tecca,We Love You Tecca 2
soccer,soccer pregame music🏟️⚽️,https://open.spotify.com/playlist/049X2RvMxeJURJboHndvHy,Don't Come Out The House (with 21 Savage),"Metro Boomin, 21 Savage",NOT ALL HEROES WEAR CAPES (Deluxe)
soccer,soccer pregame music🏟️⚽️,https://open.spotify.com/playlist/049X2RvMxeJURJboHndvHy,F.N,Lil Tjay,True 2 Myself
soccer,soccer pregame music🏟️⚽️,https://open.spotify.com/playlist/049X2RvMxeJURJboHndvHy,24 (feat. Lil Baby),"Money Man, Lil Baby",Epidemic (Deluxe)
soccer,soccer pregame music🏟️⚽️,https://open.spotify.com/playlist/049X2RvMxeJURJboHndvHy,Hate Bein' Sober,"Chief Keef, 50 Cent, Wiz Khalifa",Finally Rich
soccer,soccer pregame music🏟️⚽️,https://open.spotify.com/playlist/049X2RvMxeJURJboHndvHy,The Grinch,Trippie Redd,A Love Letter To You 4
soccer,soccer pregame music🏟️⚽️,https://open.spotify.com/playlist/049X2RvMxeJURJboHndvHy,My Choppa Hate Niggas,"21 Savage, Metro Boomin",Without Warning
soccer,soccer pregame music🏟️⚽️,https://open.spotify.com/playlist/049X2RvMxeJURJboHndvHy,Silly Watch,Lil Uzi Vert,Eternal Atake
soccer,soccer pregame music🏟️⚽️,https://open.spotify.com/playlist/049X2RvMxeJURJboHndvHy,P power (feat. Drake),"Gunna, Drake",DS4EVER
soccer,soccer pregame music🏟️⚽️,https://open.spotify.com/playlist/049X2RvMxeJURJboHndvHy,"Bands (feat. OhGeesy, Fenix Flexin & Master Kato)","Shoreline Mafia, Rob Vicious, OHGEESY, Fenix Flexin, Master Kato",Shoreline Mafia Presents Rob Vicious: Traplantic
soccer,soccer pregame music🏟️⚽️,https://open.spotify.com/playlist/049X2RvMxeJURJboHndvHy,Our Time,Lil Tecca,Virgo World
soccer,soccer pregame music🏟️⚽️,https://open.spotify.com/playlist/049X2RvMxeJURJboHndvHy,Bad Bad Bad (feat. Lil Baby),"Young Thug, Lil Baby",So Much Fun
soccer,soccer pregame music🏟️⚽️,https://open.spotify.com/playlist/049X2RvMxeJURJboHndvHy,Commercial (feat. Lil Uzi Vert),"Lil Baby, Lil Uzi Vert",My Turn
soccer,soccer pregame music🏟️⚽️,https://open.spotify.com/playlist/049X2RvMxeJURJboHndvHy,Unbothered,Ski Mask The Slump God,STOKELEY
soccer,soccer pregame music🏟️⚽️,https://open.spotify.com/playlist/049X2RvMxeJURJboHndvHy,X (feat. Future),"21 Savage, Metro Boomin, Future",Savage Mode
soccer,soccer pregame music🏟️⚽️,https://open.spotify.com/playlist/049X2RvMxeJURJboHndvHy,Turks (with Gunna & ft. Travis Scott),"NAV, Gunna, Travis Scott",Good Intentions
soccer,soccer pregame music🏟️⚽️,https://open.spotify.com/playlist/049X2RvMxeJURJboHndvHy,Drankin N Smokin,"Future, Lil Uzi Vert",Pluto x Baby Pluto
soccer,soccer pregame music🏟️⚽️,https://open.spotify.com/playlist/049X2RvMxeJURJboHndvHy,CAN'T SAY,Travis Scott,ASTROWORLD
soccer,soccer pregame music🏟️⚽️,https://open.spotify.com/playlist/049X2RvMxeJURJboHndvHy,No Flockin',Kodak Black,No Flockin'
soccer,soccer pregame music🏟️⚽️,https://open.spotify.com/playlist/049X2RvMxeJURJboHndvHy,Final Warning,NLE Choppa,Final Warning
soccer,soccer pregame music🏟️⚽️,https://open.spotify.com/playlist/049X2RvMxeJURJboHndvHy,Transportin',Kodak Black,Project Baby 2: All Grown Up
soccer,soccer pregame music🏟️⚽️,https://open.spotify.com/playlist/049X2RvMxeJURJboHndvHy,Headshot (feat. Polo G & Fivio Foreign),"Lil Tjay, Polo G, Fivio Foreign",Destined 2 Win
soccer,soccer pregame music🏟️⚽️,https://open.spotify.com/playlist/049X2RvMxeJURJboHndvHy,wokeuplikethis*,"Playboi Carti, Lil Uzi Vert",Playboi Carti
soccer,soccer pregame music🏟️⚽️,https://open.spotify.com/playlist/049X2RvMxeJURJboHndvHy,BookBag 2.0 (feat. Polo G),"BigKayBeezy, Polo G",Bad Intentions
soccer,soccer pregame music🏟️⚽️,https://open.spotify.com/playlist/049X2RvMxeJURJboHndvHy,Money Longer,Lil Uzi Vert,Lil Uzi Vert vs. The World
soccer,soccer pregame music🏟️⚽️,https://open.spotify.com/playlist/049X2RvMxeJURJboHndvHy,My Shit,A Boogie Wit da Hoodie,Artist
soccer,soccer pregame music🏟️⚽️,https://open.spotify.com/playlist/049X2RvMxeJURJboHndvHy,ONE CALL,Rich Amiri,ONE CALL
soccer,soccer pregame music🏟️⚽️,https://open.spotify.com/playlist/049X2RvMxeJURJboHndvHy,TOPIA TWINS (feat. Rob49 & 21 Savage),"Travis Scott, Rob49, 21 Savage",UTOPIA
soccer,soccer pregame music🏟️⚽️,https://open.spotify.com/playlist/049X2RvMxeJURJboHndvHy,I KNOW ?,Travis Scott,UTOPIA
soccer,soccer pregame music🏟️⚽️,https://open.spotify.com/playlist/049X2RvMxeJURJboHndvHy,GOD'S COUNTRY,Travis Scott,UTOPIA
soccer,soccer pregame music🏟️⚽️,https://open.spotify.com/playlist/049X2RvMxeJURJboHndvHy,THANK GOD,Travis Scott,UTOPIA
soccer,soccer pregame music🏟️⚽️,https://open.spotify.com/playlist/049X2RvMxeJURJboHndvHy,MY EYES,Travis Scott,UTOPIA
soccer,soccer pregame music🏟️⚽️,https://open.spotify.com/playlist/049X2RvMxeJURJboHndvHy,TELEKINESIS (feat. SZA & Future),"Travis Scott, SZA, Future",UTOPIA
soccer,soccer pregame music🏟️⚽️,https://open.spotify.com/playlist/049X2RvMxeJURJboHndvHy,Skyfall,Adele,Skyfall
soccer,soccer pregame music🏟️⚽️,https://open.spotify.com/playlist/049X2RvMxeJURJboHndvHy,Top 2,Clavish,Top 2
soccer,soccer pregame music🏟️⚽️,https://open.spotify.com/playlist/049X2RvMxeJURJboHndvHy,Michelle Obama Future,Salvas,Michelle Obama Future
soccer,soccer pregame music🏟️⚽️,https://open.spotify.com/playlist/049X2RvMxeJURJboHndvHy,Elevate,Nemzzz,Elevate
soccer,soccer pregame music🏟️⚽️,https://open.spotify.com/playlist/049X2RvMxeJURJboHndvHy,I KNOW YOU CARE (feat. Headie One),"Nemzzz, Headie One",DO NOT DISTURB (DELUXE)
soccer,soccer pregame music🏟️⚽️,https://open.spotify.com/playlist/049X2RvMxeJURJboHndvHy,IT'S US (feat. Lil Yachty),"Nemzzz, Lil Yachty",DO NOT DISTURB (DELUXE)
soccer,soccer pregame music🏟️⚽️,https://open.spotify.com/playlist/049X2RvMxeJURJboHndvHy,REASSURANCE,Nemzzz,DO NOT DISTURB
soccer,soccer pregame music🏟️⚽️,https://open.spotify.com/playlist/049X2RvMxeJURJboHndvHy,NEED YOU,Nemzzz,DO NOT DISTURB
soccer,soccer pregame music🏟️⚽️,https://open.spotify.com/playlist/049X2RvMxeJURJboHndvHy,L's,Nemzzz,DO NOT DISTURB
soccer,soccer pregame music🏟️⚽️,https://open.spotify.com/playlist/049X2RvMxeJURJboHndvHy,ETA (feat. Luciano),"Nemzzz, Luciano",DO NOT DISTURB
soccer,soccer pregame music🏟️⚽️,https://open.spotify.com/playlist/049X2RvMxeJURJboHndvHy,MONEY AND VIBES,Nemzzz,PTSD
soccer,soccer pregame music🏟️⚽️,https://open.spotify.com/playlist/049X2RvMxeJURJboHndvHy,PTSD,Nemzzz,DO NOT DISTURB
soccer,soccer pregame music🏟️⚽️,https://open.spotify.com/playlist/049X2RvMxeJURJboHndvHy,No Pole,Don Toliver,Love Sick (Deluxe)
soccer,soccer pregame music🏟️⚽️,https://open.spotify.com/playlist/049X2RvMxeJURJboHndvHy,Let's Go,Key Glock,Glockoma 2 (Deluxe)
soccer,soccer pregame music🏟️⚽️,https://open.spotify.com/playlist/049X2RvMxeJURJboHndvHy,Hard To Choose One,Future,High Off Life
soccer,soccer pregame music🏟️⚽️,https://open.spotify.com/playlist/049X2RvMxeJURJboHndvHy,QUE EU VOU TE BOTAR,"DJ JOÃO PEREIRA, DJ Biel do Furduncinho, Menor do Engenho",QUE EU VOU TE BOTAR
soccer,soccer pregame music🏟️⚽️,https://open.spotify.com/playlist/049X2RvMxeJURJboHndvHy,Gen Z Luv,Central Cee,CAN'T RUSH GREATNESS
soccer,soccer pregame music🏟️⚽️,https://open.spotify.com/playlist/049X2RvMxeJURJboHndvHy,LIL DEMON,Future,MIXTAPE PLUTO
soccer,soccer pregame music🏟️⚽️,https://open.spotify.com/playlist/049X2RvMxeJURJboHndvHy,HEAT STICK,"Shoreline Mafia, OHGEESY, Fenix Flexin",HEAT STICK
soccer,soccer pregame music🏟️⚽️,https://open.spotify.com/playlist/049X2RvMxeJURJboHndvHy,Back In Bidness,"Shoreline Mafia, OHGEESY, Fenix Flexin",Back In Bidness
soccer,Hype songs before soccer,https://open.spotify.com/playlist/6QI2WX2PiuEfL62KEiEueD,"All I Do Is Win (feat. T-Pain, Ludacris, Snoop Dogg & Rick Ross)",DJ Khaled,Victory
soccer,Hype songs before soccer,https://open.spotify.com/playlist/6QI2WX2PiuEfL62KEiEueD,Stir Fry,Migos,Culture II
soccer,Hype songs before soccer,https://open.spotify.com/playlist/6QI2WX2PiuEfL62KEiEueD,Uptown Funk (feat. Bruno Mars),"Mark Ronson, Bruno Mars",Uptown Special
soccer,Hype songs before soccer,https://open.spotify.com/playlist/6QI2WX2PiuEfL62KEiEueD,Nothing Breaks Like a Heart (feat. Miley Cyrus),"Mark Ronson, Miley Cyrus",Nothing Breaks Like a Heart (feat. Miley Cyrus)
soccer,Hype songs before soccer,https://open.spotify.com/playlist/6QI2WX2PiuEfL62KEiEueD,God is a woman,Ariana Grande,Sweetener
soccer,Hype songs before soccer,https://open.spotify.com/playlist/6QI2WX2PiuEfL62KEiEueD,Starboy,"The Weeknd, Daft Punk",Starboy
soccer,Hype songs before soccer,https://open.spotify.com/playlist/6QI2WX2PiuEfL62KEiEueD,Into You,Ariana Grande,Dangerous Woman
soccer,Hype songs before soccer,https://open.spotify.com/playlist/6QI2WX2PiuEfL62KEiEueD,Mask Off,Future,FUTURE
soccer,Hype songs before soccer,https://open.spotify.com/playlist/6QI2WX2PiuEfL62KEiEueD,goosebumps,Travis Scott,Birds In The Trap Sing McKnight
soccer,Hype songs before soccer,https://open.spotify.com/playlist/6QI2WX2PiuEfL62KEiEueD,Jimmy Cooks (feat. 21 Savage),"Drake, 21 Savage","Honestly, Nevermind"
soccer,Hype songs before soccer,https://open.spotify.com/playlist/6QI2WX2PiuEfL62KEiEueD,"break up with your girlfriend, i'm bored",Ariana Grande,"thank u, next"
soccer,Hype songs before soccer,https://open.spotify.com/playlist/6QI2WX2PiuEfL62KEiEueD,All We Got (feat. KIDDO),"Robin Schulz, KIDDO",All We Got (feat. KIDDO)
soccer,Hype songs before soccer,https://open.spotify.com/playlist/6QI2WX2PiuEfL62KEiEueD,Vegas (From the Original Motion Picture Soundtrack ELVIS),Doja Cat,Vegas (From the Original Motion Picture Soundtrack ELVIS)
soccer,Hype songs before soccer,https://open.spotify.com/playlist/6QI2WX2PiuEfL62KEiEueD,Don’t Blame Me,Taylor Swift,reputation
soccer,Hype songs before soccer,https://open.spotify.com/playlist/6QI2WX2PiuEfL62KEiEueD,All We Got (feat. Kanye West & Chicago Children's Choir),"Chance the Rapper, Kanye West, Chicago Children's Choir",Coloring Book
soccer,Hype songs before soccer,https://open.spotify.com/playlist/6QI2WX2PiuEfL62KEiEueD,No Problem (feat. Lil Wayne & 2 Chainz),"Chance the Rapper, Lil Wayne, 2 Chainz",Coloring Book
soccer,Hype songs before soccer,https://open.spotify.com/playlist/6QI2WX2PiuEfL62KEiEueD,Creepin' (with The Weeknd & 21 Savage),"Metro Boomin, The Weeknd, 21 Savage",HEROES & VILLAINS
soccer,Hype songs before soccer,https://open.spotify.com/playlist/6QI2WX2PiuEfL62KEiEueD,7 rings,Ariana Grande,"thank u, next"
soccer,Hype songs before soccer,https://open.spotify.com/playlist/6QI2WX2PiuEfL62KEiEueD,The Hills,The Weeknd,Beauty Behind The Madness
soccer,Hype songs before soccer,https://open.spotify.com/playlist/6QI2WX2PiuEfL62KEiEueD,God's Plan,Drake,Scorpion
soccer,Hype songs before soccer,https://open.spotify.com/playlist/6QI2WX2PiuEfL62KEiEueD,rockstar (feat. 21 Savage),"Post Malone, 21 Savage",beerbongs & bentleys
soccer,Hype songs before soccer,https://open.spotify.com/playlist/6QI2WX2PiuEfL62KEiEueD,HUMBLE.,Kendrick Lamar,DAMN.
soccer,Hype songs before soccer,https://open.spotify.com/playlist/6QI2WX2PiuEfL62KEiEueD,Him & I (with Halsey),"G-Eazy, Halsey",The Beautiful & Damned
soccer,Hype songs before soccer,https://open.spotify.com/playlist/6QI2WX2PiuEfL62KEiEueD,Can't Feel My Face,The Weeknd,Beauty Behind The Madness
soccer,Hype songs before soccer,https://open.spotify.com/playlist/6QI2WX2PiuEfL62KEiEueD,ROCKSTAR (feat. Roddy Ricch),"DaBaby, Roddy Ricch",BLAME IT ON BABY
soccer,Hype songs before soccer,https://open.spotify.com/playlist/6QI2WX2PiuEfL62KEiEueD,Superman,"Eminem, Dina Rae",The Eminem Show
soccer,Hype songs before soccer,https://open.spotify.com/playlist/6QI2WX2PiuEfL62KEiEueD,Walk Em Down (feat. Roddy Ricch),"NLE Choppa, Roddy Ricch",Top Shotta
soccer,Hype songs before soccer,https://open.spotify.com/playlist/6QI2WX2PiuEfL62KEiEueD,One Dance,"Drake, Wizkid, Kyla",Views
soccer,Hype songs before soccer,https://open.spotify.com/playlist/6QI2WX2PiuEfL62KEiEueD,No Hands (feat. Roscoe Dash and Wale),"Waka Flocka Flame, Roscoe Dash, Wale",Flockaveli
soccer,Hype songs before soccer,https://open.spotify.com/playlist/6QI2WX2PiuEfL62KEiEueD,River,Bishop Briggs,Church Of Scars
soccer,Hype songs before soccer,https://open.spotify.com/playlist/6QI2WX2PiuEfL62KEiEueD,Levitating (feat. DaBaby),"Dua Lipa, DaBaby",Future Nostalgia
soccer,Hype songs before soccer,https://open.spotify.com/playlist/6QI2WX2PiuEfL62KEiEueD,No Role Modelz,J. Cole,2014 Forest Hills Drive
soccer,Hype songs before soccer,https://open.spotify.com/playlist/6QI2WX2PiuEfL62KEiEueD,Pure Water (with Migos),"Mustard, Migos",Perfect Ten
soccer,Hype songs before soccer,https://open.spotify.com/playlist/6QI2WX2PiuEfL62KEiEueD,redrum,21 Savage,american dream
soccer,Hype songs before soccer,https://open.spotify.com/playlist/6QI2WX2PiuEfL62KEiEueD,Collard Greens,"ScHoolboy Q, Kendrick Lamar",Oxymoron (Deluxe)
soccer,Hype songs before soccer,https://open.spotify.com/playlist/6QI2WX2PiuEfL62KEiEueD,SICKO MODE,Travis Scott,ASTROWORLD
soccer,Hype songs before soccer,https://open.spotify.com/playlist/6QI2WX2PiuEfL62KEiEueD,Mount Everest,Labrinth,Mount Everest
soccer,Hype songs before soccer,https://open.spotify.com/playlist/6QI2WX2PiuEfL62KEiEueD,First Person Shooter (feat. J. Cole),"Drake, J. Cole",For All The Dogs
soccer,Hype songs before soccer,https://open.spotify.com/playlist/6QI2WX2PiuEfL62KEiEueD,Trouble,Valerie Broussard,Trouble
soccer,Hype songs before soccer,https://open.spotify.com/playlist/6QI2WX2PiuEfL62KEiEueD,Runnin,"21 Savage, Metro Boomin",SAVAGE MODE II
soccer,Hype songs before soccer,https://open.spotify.com/playlist/6QI2WX2PiuEfL62KEiEueD,Billie Jean,Michael Jackson,Thriller
soccer,Hype songs before soccer,https://open.spotify.com/playlist/6QI2WX2PiuEfL62KEiEueD,bloodline,Ariana Grande,"thank u, next"
soccer,Hype songs before soccer,https://open.spotify.com/playlist/6QI2WX2PiuEfL62KEiEueD,brutal,Olivia Rodrigo,SOUR
soccer,Hype songs before soccer,https://open.spotify.com/playlist/6QI2WX2PiuEfL62KEiEueD,Run This Town,"JAY-Z, Rihanna, Kanye West",The Blueprint 3
soccer,Hype songs before soccer,https://open.spotify.com/playlist/6QI2WX2PiuEfL62KEiEueD,Glorious (feat. Skylar Grey),"Macklemore, Skylar Grey",GEMINI
soccer,Hype songs before soccer,https://open.spotify.com/playlist/6QI2WX2PiuEfL62KEiEueD,Super Freaky Girl,Nicki Minaj,Queen Radio: Volume 1
soccer,Hype songs before soccer,https://open.spotify.com/playlist/6QI2WX2PiuEfL62KEiEueD,The Box,Roddy Ricch,Please Excuse Me for Being Antisocial
soccer,Hype songs before soccer,https://open.spotify.com/playlist/6QI2WX2PiuEfL62KEiEueD,THAT BITCH,Bea Miller,THAT BITCH
soccer,Hype songs before soccer,https://open.spotify.com/playlist/6QI2WX2PiuEfL62KEiEueD,Way down We Go,KALEO,A/B
soccer,Hype songs before soccer,https://open.spotify.com/playlist/6QI2WX2PiuEfL62KEiEueD,cinderella's dead,EMELINE,cinderella's dead
soccer,Hype songs before soccer,https://open.spotify.com/playlist/6QI2WX2PiuEfL62KEiEueD,Crank That (Soulja Boy),Soulja Boy,souljaboytellem.com
soccer,Hype songs before soccer,https://open.spotify.com/playlist/6QI2WX2PiuEfL62KEiEueD,California Love - Original Version,"2Pac, Roger, Dr. Dre",Greatest Hits
soccer,Hype songs before soccer,https://open.spotify.com/playlist/6QI2WX2PiuEfL62KEiEueD,The Next Episode,"Dr. Dre, Snoop Dogg",2001
soccer,Hype songs before soccer,https://open.spotify.com/playlist/6QI2WX2PiuEfL62KEiEueD,"Me, Myself & I","G-Eazy, Bebe Rexha",When It's Dark Out
soccer,Hype songs before soccer,https://open.spotify.com/playlist/6QI2WX2PiuEfL62KEiEueD,Drowning (feat. Kodak Black),"A Boogie Wit da Hoodie, Kodak Black",The Bigger Artist
soccer,Hype songs before soccer,https://open.spotify.com/playlist/6QI2WX2PiuEfL62KEiEueD,Ni**as In Paris,"JAY-Z, Kanye West",Watch The Throne
soccer,Hype songs before soccer,https://open.spotify.com/playlist/6QI2WX2PiuEfL62KEiEueD,Rolex,Ayo & Teo,Rolex
soccer,Hype songs before soccer,https://open.spotify.com/playlist/6QI2WX2PiuEfL62KEiEueD,Promiscuous,"Nelly Furtado, Timbaland",Loose
soccer,Hype songs before soccer,https://open.spotify.com/playlist/6QI2WX2PiuEfL62KEiEueD,What's Up Danger (with Black Caviar),"Blackway, Black Caviar",Spider-Man: Into the Spider-Verse (Soundtrack From & Inspired by the Motion Picture)
soccer,Hype songs before soccer,https://open.spotify.com/playlist/6QI2WX2PiuEfL62KEiEueD,"Scared of the Dark (Remix) [with Ty Dolla $ign and Ozuna, feat. XXXTENTACION]","Lil Wayne, Ty Dolla $ign, Ozuna, XXXTENTACION",Spider-Man: Into the Spider-Verse (Deluxe Edition / Soundtrack From & Inspired By The Motion Picture)
football,😈FOOTBALL HYPE UP😈,https://open.spotify.com/playlist/58R6T4wUmeND88N98guzTR,Final Warning,NLE Choppa,Final Warning
football,😈FOOTBALL HYPE UP😈,https://open.spotify.com/playlist/58R6T4wUmeND88N98guzTR,MURDAMAN! (feat. Chief Keef),"YungManny, Chief Keef",OKANLAWON
football,😈FOOTBALL HYPE UP😈,https://open.spotify.com/playlist/58R6T4wUmeND88N98guzTR,Is Ya Ready,Kay Flock,The D.O.A. Tape
football,😈FOOTBALL HYPE UP😈,https://open.spotify.com/playlist/58R6T4wUmeND88N98guzTR,Many Men (Wish Death),50 Cent,Get Rich Or Die Tryin'
football,😈FOOTBALL HYPE UP😈,https://open.spotify.com/playlist/58R6T4wUmeND88N98guzTR,PSA,Kay Flock,The D.O.A. Tape
football,😈FOOTBALL HYPE UP😈,https://open.spotify.com/playlist/58R6T4wUmeND88N98guzTR,I Don't Like,"Chief Keef, Lil Reese",Finally Rich
football,😈FOOTBALL HYPE UP😈,https://open.spotify.com/playlist/58R6T4wUmeND88N98guzTR,Mmhmm,BigXthaPlug,THE BIGGEST
football,😈FOOTBALL HYPE UP😈,https://open.spotify.com/playlist/58R6T4wUmeND88N98guzTR,PISTOL PACCIN,"NLE Choppa, BigXthaPlug",Cottonwood 2 (Deluxe 2.0)
football,😈FOOTBALL HYPE UP😈,https://open.spotify.com/playlist/58R6T4wUmeND88N98guzTR,Whip It,BigXthaPlug,AMAR (Deluxe)
football,😈FOOTBALL HYPE UP😈,https://open.spotify.com/playlist/58R6T4wUmeND88N98guzTR,family ties (with Kendrick Lamar),"Baby Keem, Kendrick Lamar",The Melodic Blue
football,😈FOOTBALL HYPE UP😈,https://open.spotify.com/playlist/58R6T4wUmeND88N98guzTR,Like That,"Future, Metro Boomin, Kendrick Lamar",WE DON'T TRUST YOU
football,😈FOOTBALL HYPE UP😈,https://open.spotify.com/playlist/58R6T4wUmeND88N98guzTR,BAND4BAND (feat. Lil Baby),"Central Cee, Lil Baby",BAND4BAND (feat. Lil Baby)
football,😈FOOTBALL HYPE UP😈,https://open.spotify.com/playlist/58R6T4wUmeND88N98guzTR,Back On My BS,BigXthaPlug,THE BIGGEST
football,😈FOOTBALL HYPE UP😈,https://open.spotify.com/playlist/58R6T4wUmeND88N98guzTR,Run This Town,"JAY-Z, Rihanna, Kanye West",The Blueprint 3
football,😈FOOTBALL HYPE UP😈,https://open.spotify.com/playlist/58R6T4wUmeND88N98guzTR,"LOCK IT UP (feat. Yeat, midwxst & Matt Ox)","Whethan, midwxst, Yeat, Matt OX",MIDNIGHT
football,😈FOOTBALL HYPE UP😈,https://open.spotify.com/playlist/58R6T4wUmeND88N98guzTR,Opp Stoppa (feat. 21 Savage),"YBN Nahmir, 21 Savage",VISIONLAND
football,😈FOOTBALL HYPE UP😈,https://open.spotify.com/playlist/58R6T4wUmeND88N98guzTR,Walk Em Down (feat. Roddy Ricch),"NLE Choppa, Roddy Ricch",Top Shotta
football,😈FOOTBALL HYPE UP😈,https://open.spotify.com/playlist/58R6T4wUmeND88N98guzTR,Shotta Flow 4 (feat. Chief Keef),"NLE Choppa, Chief Keef",Top Shotta
football,😈FOOTBALL HYPE UP😈,https://open.spotify.com/playlist/58R6T4wUmeND88N98guzTR,Armed N Dangerous,Pop Smoke,Meet The Woo 2
football,😈FOOTBALL HYPE UP😈,https://open.spotify.com/playlist/58R6T4wUmeND88N98guzTR,Got It On Me,Pop Smoke,Shoot For The Stars Aim For The Moon
football,😈FOOTBALL HYPE UP😈,https://open.spotify.com/playlist/58R6T4wUmeND88N98guzTR,OUT WEST (feat. Young Thug),"JACKBOYS, Travis Scott, Young Thug",JACKBOYS
football,😈FOOTBALL HYPE UP😈,https://open.spotify.com/playlist/58R6T4wUmeND88N98guzTR,GRAVEYARD TALK,"4nickk, KROCKBANDEDUP",GRAVEYARD TALK
football,😈FOOTBALL HYPE UP😈,https://open.spotify.com/playlist/58R6T4wUmeND88N98guzTR,Murder on My Mind,YNW Melly,I AM YOU
football,😈FOOTBALL HYPE UP😈,https://open.spotify.com/playlist/58R6T4wUmeND88N98guzTR,I Don't Like,"Chief Keef, Lil Reese",Finally Rich
football,😈FOOTBALL HYPE UP😈,https://open.spotify.com/playlist/58R6T4wUmeND88N98guzTR,Brand New Draco,"21 Savage, Metro Boomin",SAVAGE MODE II
football,😈FOOTBALL HYPE UP😈,https://open.spotify.com/playlist/58R6T4wUmeND88N98guzTR,OFF THE RIP,DaBaby,KIRK
football,😈FOOTBALL HYPE UP😈,https://open.spotify.com/playlist/58R6T4wUmeND88N98guzTR,"Crazy Story, Pt. 3",King Von,"Grandson, Vol. 1"
football,😈FOOTBALL HYPE UP😈,https://open.spotify.com/playlist/58R6T4wUmeND88N98guzTR,Nuketown (feat. Juice WRLD),"Ski Mask The Slump God, Juice WRLD",STOKELEY
football,😈FOOTBALL HYPE UP😈,https://open.spotify.com/playlist/58R6T4wUmeND88N98guzTR,Final Warning,NLE Choppa,Me vs. Me
football,😈FOOTBALL HYPE UP😈,https://open.spotify.com/playlist/58R6T4wUmeND88N98guzTR,Dior,Pop Smoke,Meet The Woo
football,😈FOOTBALL HYPE UP😈,https://open.spotify.com/playlist/58R6T4wUmeND88N98guzTR,BOP,DaBaby,KIRK
football,😈FOOTBALL HYPE UP😈,https://open.spotify.com/playlist/58R6T4wUmeND88N98guzTR,Need It (feat. YoungBoy Never Broke Again),"Migos, YoungBoy Never Broke Again",Culture III
football,😈FOOTBALL HYPE UP😈,https://open.spotify.com/playlist/58R6T4wUmeND88N98guzTR,VIBEZ,DaBaby,KIRK
football,😈FOOTBALL HYPE UP😈,https://open.spotify.com/playlist/58R6T4wUmeND88N98guzTR,MILLION DOLLAR BABY,Tommy Richman,MILLION DOLLAR BABY
football,😈FOOTBALL HYPE UP😈,https://open.spotify.com/playlist/58R6T4wUmeND88N98guzTR,Go Stupid,"Polo G, Stunna 4 Vegas, NLE Choppa, Mike WiLL Made-It",THE GOAT
football,😈FOOTBALL HYPE UP😈,https://open.spotify.com/playlist/58R6T4wUmeND88N98guzTR,I'm Geekin,DDG,Maybe It's Me...
football,😈FOOTBALL HYPE UP😈,https://open.spotify.com/playlist/58R6T4wUmeND88N98guzTR,Mask Off,Future,FUTURE
football,😈FOOTBALL HYPE UP😈,https://open.spotify.com/playlist/58R6T4wUmeND88N98guzTR,Ransom (with Juice WRLD) - Remix,"Lil Tecca, Juice WRLD",We Love You Tecca
football,😈FOOTBALL HYPE UP😈,https://open.spotify.com/playlist/58R6T4wUmeND88N98guzTR,Glock In My Lap,"21 Savage, Metro Boomin",SAVAGE MODE II
football,😈FOOTBALL HYPE UP😈,https://open.spotify.com/playlist/58R6T4wUmeND88N98guzTR,goosebumps,Travis Scott,Birds In The Trap Sing McKnight
football,😈FOOTBALL HYPE UP😈,https://open.spotify.com/playlist/58R6T4wUmeND88N98guzTR,redrum,21 Savage,american dream
football,😈FOOTBALL HYPE UP😈,https://open.spotify.com/playlist/58R6T4wUmeND88N98guzTR,née-nah,"21 Savage, Travis Scott, Metro Boomin",née-nah
football,😈FOOTBALL HYPE UP😈,https://open.spotify.com/playlist/58R6T4wUmeND88N98guzTR,No Role Modelz,J. Cole,2014 Forest Hills Drive
football,😈FOOTBALL HYPE UP😈,https://open.spotify.com/playlist/58R6T4wUmeND88N98guzTR,fukumean,Gunna,a Gift & a Curse
football,😈FOOTBALL HYPE UP😈,https://open.spotify.com/playlist/58R6T4wUmeND88N98guzTR,Not Like Us,Kendrick Lamar,Not Like Us
football,😈FOOTBALL HYPE UP😈,https://open.spotify.com/playlist/58R6T4wUmeND88N98guzTR,Ron Artest,"Babyface Ray, 42 Dugg",Ron Artest
football,😈FOOTBALL HYPE UP😈,https://open.spotify.com/playlist/58R6T4wUmeND88N98guzTR,Spin Bout U,"Drake, 21 Savage",Her Loss
football,😈FOOTBALL HYPE UP😈,https://open.spotify.com/playlist/58R6T4wUmeND88N98guzTR,Ric Flair Drip (with Metro Boomin),"Offset, Metro Boomin",Without Warning
football,😈FOOTBALL HYPE UP😈,https://open.spotify.com/playlist/58R6T4wUmeND88N98guzTR,euphoria,Kendrick Lamar,euphoria
football,😈FOOTBALL HYPE UP😈,https://open.spotify.com/playlist/58R6T4wUmeND88N98guzTR,Beat Box 3 (feat. DaBaby),"SpotemGottem, DaBaby",Beat Box 3 (feat. DaBaby)
football,😈FOOTBALL HYPE UP😈,https://open.spotify.com/playlist/58R6T4wUmeND88N98guzTR,Jimmy Cooks (feat. 21 Savage),"Drake, 21 Savage","Honestly, Nevermind"
football,😈FOOTBALL HYPE UP😈,https://open.spotify.com/playlist/58R6T4wUmeND88N98guzTR,Walk Em Down (feat. Roddy Ricch),"NLE Choppa, Roddy Ricch",Top Shotta
football,😈FOOTBALL HYPE UP😈,https://open.spotify.com/playlist/58R6T4wUmeND88N98guzTR,Surround Sound (feat. 21 Savage & Baby Tate),"JID, 21 Savage, Baby Tate",The Forever Story (Extended Version)
football,😈FOOTBALL HYPE UP😈,https://open.spotify.com/playlist/58R6T4wUmeND88N98guzTR,r - Cali,A$AP Rocky,"The Music of Grand Theft Auto V, Vol. 1: Original Music"
football,😈FOOTBALL HYPE UP😈,https://open.spotify.com/playlist/58R6T4wUmeND88N98guzTR,Make No Sense,YoungBoy Never Broke Again,AI YoungBoy 2
football,😈FOOTBALL HYPE UP😈,https://open.spotify.com/playlist/58R6T4wUmeND88N98guzTR,Took Her To The O,King Von,Levon James
football,😈FOOTBALL HYPE UP😈,https://open.spotify.com/playlist/58R6T4wUmeND88N98guzTR,Armed And Dangerous,Juice WRLD,Goodbye & Good Riddance
football,😈FOOTBALL HYPE UP😈,https://open.spotify.com/playlist/58R6T4wUmeND88N98guzTR,Talk My Shit,BossMan Dlow,Mr Beat The Road
football,😈FOOTBALL HYPE UP😈,https://open.spotify.com/playlist/58R6T4wUmeND88N98guzTR,Mr Pot Scraper,BossMan Dlow,Mr Pot Scraper
football,😈FOOTBALL HYPE UP😈,https://open.spotify.com/playlist/58R6T4wUmeND88N98guzTR,AUNTIE LIVING ROOM,NLE Choppa,Cottonwood 2 (Deluxe 2.0)
football,😈FOOTBALL HYPE UP😈,https://open.spotify.com/playlist/58R6T4wUmeND88N98guzTR,Type Shit,"Future, Metro Boomin, Travis Scott, Playboi Carti",WE DON'T TRUST YOU
football,😈FOOTBALL HYPE UP😈,https://open.spotify.com/playlist/58R6T4wUmeND88N98guzTR,Runnin,"21 Savage, Metro Boomin",SAVAGE MODE II
football,😈FOOTBALL HYPE UP😈,https://open.spotify.com/playlist/58R6T4wUmeND88N98guzTR,Hustlin',Rick Ross,Port Of Miami
football,😈FOOTBALL HYPE UP😈,https://open.spotify.com/playlist/58R6T4wUmeND88N98guzTR,6 Foot 7 Foot,"Lil Wayne, Cory Gunz",Tha Carter IV (Complete Edition)
football,😈FOOTBALL HYPE UP😈,https://open.spotify.com/playlist/58R6T4wUmeND88N98guzTR,A Milli,Lil Wayne,Tha Carter III
football,😈FOOTBALL HYPE UP😈,https://open.spotify.com/playlist/58R6T4wUmeND88N98guzTR,Lollipop,"Lil Wayne, Static Major",Tha Carter III (MTV Bonus Version)
football,😈FOOTBALL HYPE UP😈,https://open.spotify.com/playlist/58R6T4wUmeND88N98guzTR,Mrs. Officer,"Lil Wayne, Bobby V., Kidd Kidd",Tha Carter III (MTV Bonus Version)
football,😈FOOTBALL HYPE UP😈,https://open.spotify.com/playlist/58R6T4wUmeND88N98guzTR,Wet Dreamz,J. Cole,2014 Forest Hills Drive
football,😈FOOTBALL HYPE UP😈,https://open.spotify.com/playlist/58R6T4wUmeND88N98guzTR,No Hands (feat. Roscoe Dash & Wale),"Waka Flocka Flame, Roscoe Dash, Wale",Flockaveli
football,😈FOOTBALL HYPE UP😈,https://open.spotify.com/playlist/58R6T4wUmeND88N98guzTR,Trophies,"Young Money, Drake",Rise Of An Empire (Deluxe Edition)
football,😈FOOTBALL HYPE UP😈,https://open.spotify.com/playlist/58R6T4wUmeND88N98guzTR,Crazy Story (feat. King Von),"Only The Family, King Von","Lil Durk Presents: Only the Family Involved, Vol. 2"
football,😈FOOTBALL HYPE UP😈,https://open.spotify.com/playlist/58R6T4wUmeND88N98guzTR,Capo,NLE Choppa,Capo
football,😈FOOTBALL HYPE UP😈,https://open.spotify.com/playlist/58R6T4wUmeND88N98guzTR,POWER,Kanye West,My Beautiful Dark Twisted Fantasy
football,😈FOOTBALL HYPE UP😈,https://open.spotify.com/playlist/58R6T4wUmeND88N98guzTR,Camelot,NLE Choppa,Top Shotta
football,😈FOOTBALL HYPE UP😈,https://open.spotify.com/playlist/58R6T4wUmeND88N98guzTR,Forever,"Drake, Kanye West, Lil Wayne, Eminem",More Than A Game
football,😈FOOTBALL HYPE UP😈,https://open.spotify.com/playlist/58R6T4wUmeND88N98guzTR,Black and Yellow,Wiz Khalifa,Rolling Papers
football,😈FOOTBALL HYPE UP😈,https://open.spotify.com/playlist/58R6T4wUmeND88N98guzTR,Hmmm,Hott Headzz,Hmmm - Single
football,😈FOOTBALL HYPE UP😈,https://open.spotify.com/playlist/58R6T4wUmeND88N98guzTR,Houdini,Eminem,Houdini
football,😈FOOTBALL HYPE UP😈,https://open.spotify.com/playlist/58R6T4wUmeND88N98guzTR,Ms. Jackson,Outkast,Stankonia
football,😈FOOTBALL HYPE UP😈,https://open.spotify.com/playlist/58R6T4wUmeND88N98guzTR,Praise The Lord (Da Shine) (feat. Skepta),"A$AP Rocky, Skepta",TESTING
football,😈FOOTBALL HYPE UP😈,https://open.spotify.com/playlist/58R6T4wUmeND88N98guzTR,Sprinter,"Dave, Central Cee",Sprinter
football,😈FOOTBALL HYPE UP😈,https://open.spotify.com/playlist/58R6T4wUmeND88N98guzTR,Under The Sun (with J. Cole & Lute feat. DaBaby),"Dreamville, J. Cole, Lute, DaBaby",Revenge Of The Dreamers III
football,😈FOOTBALL HYPE UP😈,https://open.spotify.com/playlist/58R6T4wUmeND88N98guzTR,Knife Talk (with 21 Savage ft. Project Pat),"Drake, 21 Savage, Project Pat",Certified Lover Boy
football,😈FOOTBALL HYPE UP😈,https://open.spotify.com/playlist/58R6T4wUmeND88N98guzTR,Mo Bamba,Sheck Wes,MUDBOY
football,😈FOOTBALL HYPE UP😈,https://open.spotify.com/playlist/58R6T4wUmeND88N98guzTR,Pure Cocaine,Lil Baby,Street Gossip
football,😈FOOTBALL HYPE UP😈,https://open.spotify.com/playlist/58R6T4wUmeND88N98guzTR,Rich Nigga Shit (feat. Young Thug),"21 Savage, Metro Boomin, Young Thug",SAVAGE MODE II
football,😈FOOTBALL HYPE UP😈,https://open.spotify.com/playlist/58R6T4wUmeND88N98guzTR,Hot (Remix) [feat. Gunna and Travis Scott],"Young Thug, Travis Scott, Gunna",So Much Fun (Deluxe)
football,😈FOOTBALL HYPE UP😈,https://open.spotify.com/playlist/58R6T4wUmeND88N98guzTR,Shotta Flow (feat. Blueface) - Remix,"NLE Choppa, Blueface",Cottonwood
football,😈FOOTBALL HYPE UP😈,https://open.spotify.com/playlist/58R6T4wUmeND88N98guzTR,Drowning (feat. Kodak Black),"A Boogie Wit da Hoodie, Kodak Black",The Bigger Artist
football,😈FOOTBALL HYPE UP😈,https://open.spotify.com/playlist/58R6T4wUmeND88N98guzTR,Swang,Rae Sremmurd,SremmLife 2 (Deluxe)
football,😈FOOTBALL HYPE UP😈,https://open.spotify.com/playlist/58R6T4wUmeND88N98guzTR,Armed & Dangerous,King Von,Welcome to O'Block
football,😈FOOTBALL HYPE UP😈,https://open.spotify.com/playlist/58R6T4wUmeND88N98guzTR,PAINTING PICTURES,Superstar Pride,PAINTING PICTURES
football,😈FOOTBALL HYPE UP😈,https://open.spotify.com/playlist/58R6T4wUmeND88N98guzTR,Ball If I Want To,DaBaby,Ball If I Want To
football,😈FOOTBALL HYPE UP😈,https://open.spotify.com/playlist/58R6T4wUmeND88N98guzTR,SICKO MODE,Travis Scott,ASTROWORLD
football,😈FOOTBALL HYPE UP😈,https://open.spotify.com/playlist/58R6T4wUmeND88N98guzTR,Stir Fry,Migos,Culture II
football,😈FOOTBALL HYPE UP😈,https://open.spotify.com/playlist/58R6T4wUmeND88N98guzTR,Forgot About Dre,"Dr. Dre, Eminem",2001
football,😈FOOTBALL HYPE UP😈,https://open.spotify.com/playlist/58R6T4wUmeND88N98guzTR,Walk It Talk It,"Migos, Drake",Culture II
football,😈FOOTBALL HYPE UP😈,https://open.spotify.com/playlist/58R6T4wUmeND88N98guzTR,ball w/o you,21 Savage,i am > i was
football,😈FOOTBALL HYPE UP😈,https://open.spotify.com/playlist/58R6T4wUmeND88N98guzTR,6locc 6a6y,Lil Loaded,6locc 6a6y
football,😈FOOTBALL HYPE UP😈,https://open.spotify.com/playlist/58R6T4wUmeND88N98guzTR,Crazy Story (feat. Lil Durk) - Remix,"King Von, Lil Durk","Grandson, Vol. 1"
football,😈FOOTBALL HYPE UP😈,https://open.spotify.com/playlist/58R6T4wUmeND88N98guzTR,Wants and Needs (feat. Lil Baby),"Drake, Lil Baby",Scary Hours 2
football,😈FOOTBALL HYPE UP😈,https://open.spotify.com/playlist/58R6T4wUmeND88N98guzTR,223's (feat. 9lokknine),"YNW Melly, 9lokknine",Melly vs. Melvin
football,😈FOOTBALL HYPE UP😈,https://open.spotify.com/playlist/58R6T4wUmeND88N98guzTR,Like That Freestyle,ATL WDG AOB 1017,Like That Freestyle
football,😈FOOTBALL HYPE UP😈,https://open.spotify.com/playlist/58R6T4wUmeND88N98guzTR,Lord Pretty Flacko Jodye 2 (LPFJ2),A$AP Rocky,AT.LONG.LAST.A$AP
football,😈FOOTBALL HYPE UP😈,https://open.spotify.com/playlist/58R6T4wUmeND88N98guzTR,Backstage Pass (with Monte Booker & The Drums),"Smino, monte booker, The Drums",Backstage Pass (with Monte Booker & The Drums)
football,😈FOOTBALL HYPE UP😈,https://open.spotify.com/playlist/58R6T4wUmeND88N98guzTR,Takeoff,"D'Aydrian Harding, Filmer",Takeoff
football,😈FOOTBALL HYPE UP😈,https://open.spotify.com/playlist/58R6T4wUmeND88N98guzTR,BIG BODY (feat. DaBaby),"D'Aydrian Harding, DaBaby",BIG BODY (feat. DaBaby)
football,😈FOOTBALL HYPE UP😈,https://open.spotify.com/playlist/58R6T4wUmeND88N98guzTR,Bound 2,Kanye West,Yeezus
football,😈FOOTBALL HYPE UP😈,https://open.spotify.com/playlist/58R6T4wUmeND88N98guzTR,Heartless,Kanye West,808s & Heartbreak
football,😈FOOTBALL HYPE UP😈,https://open.spotify.com/playlist/58R6T4wUmeND88N98guzTR,Father Stretch My Hands Pt. 1,Kanye West,The Life Of Pablo
football,😈FOOTBALL HYPE UP😈,https://open.spotify.com/playlist/58R6T4wUmeND88N98guzTR,Can't Tell Me Nothing,Kanye West,Graduation
football,😈FOOTBALL HYPE UP😈,https://open.spotify.com/playlist/58R6T4wUmeND88N98guzTR,Beckham,"Dee Billz, Kyle Richh, Kai Swervo, KJ Swervo, 41",Beckham
football,😈FOOTBALL HYPE UP😈,https://open.spotify.com/playlist/58R6T4wUmeND88N98guzTR,Magic Johnson,ian,Valedictorian [Deluxe]
football,😈FOOTBALL HYPE UP😈,https://open.spotify.com/playlist/58R6T4wUmeND88N98guzTR,TELESCOPE,"TWXN, LL Clawz, 507KAZ",Project YVL
football,😈FOOTBALL HYPE UP😈,https://open.spotify.com/playlist/58R6T4wUmeND88N98guzTR,"All The Stars (with SZA) - From ""Black Panther: The Album""","Kendrick Lamar, SZA",Black Panther The Album Music From And Inspired By
football,😈FOOTBALL HYPE UP😈,https://open.spotify.com/playlist/58R6T4wUmeND88N98guzTR,Badu Flow,BigXthaPlug,AMAR
football,😈FOOTBALL HYPE UP😈,https://open.spotify.com/playlist/58R6T4wUmeND88N98guzTR,Hypnotize - 2014 Remaster,The Notorious B.I.G.,Life After Death (2014 Remastered Edition)
football,😈FOOTBALL HYPE UP😈,https://open.spotify.com/playlist/58R6T4wUmeND88N98guzTR,Big Poppa - 2005 Remaster,The Notorious B.I.G.,Ready to Die (The Remaster)
football,😈FOOTBALL HYPE UP😈,https://open.spotify.com/playlist/58R6T4wUmeND88N98guzTR,Get It Sexyy,Sexyy Red,Get It Sexyy
football,😈FOOTBALL HYPE UP😈,https://open.spotify.com/playlist/58R6T4wUmeND88N98guzTR,All Of The Lights,Kanye West,My Beautiful Dark Twisted Fantasy
football,😈FOOTBALL HYPE UP😈,https://open.spotify.com/playlist/58R6T4wUmeND88N98guzTR,Nightcrawler (feat. Swae Lee & Chief Keef),"Travis Scott, Swae Lee, Chief Keef",Rodeo
football,😈FOOTBALL HYPE UP😈,https://open.spotify.com/playlist/58R6T4wUmeND88N98guzTR,Fashion Killa,A$AP Rocky,LONG.LIVE.A$AP (Deluxe Version)
football,😈FOOTBALL HYPE UP😈,https://open.spotify.com/playlist/58R6T4wUmeND88N98guzTR,Shake Dat Ass (Twerk Song),BossMan Dlow,Too Slippery
football,😈FOOTBALL HYPE UP😈,https://open.spotify.com/playlist/58R6T4wUmeND88N98guzTR,DEVIL IS A LIE,Tommy Richman,DEVIL IS A LIE
football,😈FOOTBALL HYPE UP😈,https://open.spotify.com/playlist/58R6T4wUmeND88N98guzTR,Ni**as In Paris,"JAY-Z, Kanye West",Watch The Throne
football,😈FOOTBALL HYPE UP😈,https://open.spotify.com/playlist/58R6T4wUmeND88N98guzTR,Return of the Mack,Mark Morrison,Return of the Mack
football,😈FOOTBALL HYPE UP😈,https://open.spotify.com/playlist/58R6T4wUmeND88N98guzTR,Don't Come Out The House (with 21 Savage),"Metro Boomin, 21 Savage",NOT ALL HEROES WEAR CAPES (Deluxe)
football,😈FOOTBALL HYPE UP😈,https://open.spotify.com/playlist/58R6T4wUmeND88N98guzTR,Yeah Glo!,GloRilla,Ehhthang Ehhthang
football,😈FOOTBALL HYPE UP😈,https://open.spotify.com/playlist/58R6T4wUmeND88N98guzTR,Hit 'Em Up - Single Version,"2Pac, Outlawz",Greatest Hits
football,😈FOOTBALL HYPE UP😈,https://open.spotify.com/playlist/58R6T4wUmeND88N98guzTR,Love Sosa,Chief Keef,Finally Rich
football,😈FOOTBALL HYPE UP😈,https://open.spotify.com/playlist/58R6T4wUmeND88N98guzTR,Yes Sir,Chief Keef,4NEM
football,😈FOOTBALL HYPE UP😈,https://open.spotify.com/playlist/58R6T4wUmeND88N98guzTR,Don't Play That,"King Von, 21 Savage",What It Means To Be King
football,😈FOOTBALL HYPE UP😈,https://open.spotify.com/playlist/58R6T4wUmeND88N98guzTR,Crazy Story,King Von,"Grandson, Vol. 1"
football,😈FOOTBALL HYPE UP😈,https://open.spotify.com/playlist/58R6T4wUmeND88N98guzTR,Bitch Let's Do It,YoungBoy Never Broke Again,Richest Opp
football,😈FOOTBALL HYPE UP😈,https://open.spotify.com/playlist/58R6T4wUmeND88N98guzTR,New Opp,Sha Gz,It's That Sha Gz...
football,😈FOOTBALL HYPE UP😈,https://open.spotify.com/playlist/58R6T4wUmeND88N98guzTR,BookBag 2.0 (feat. Polo G),"BigKayBeezy, Polo G",Bad Intentions
football,😈FOOTBALL HYPE UP😈,https://open.spotify.com/playlist/58R6T4wUmeND88N98guzTR,"Switch it Up (feat. G Herbo, No More Heroes)","Pooh Shiesty, G Herbo, No More Heroes",Shiesty Season - Spring Deluxe
football,😈FOOTBALL HYPE UP😈,https://open.spotify.com/playlist/58R6T4wUmeND88N98guzTR,Save That Shit,"Chief Keef, Soulja Boy",Back from the Dead
football,😈FOOTBALL HYPE UP😈,https://open.spotify.com/playlist/58R6T4wUmeND88N98guzTR,"Who Want Smoke?? (feat. G Herbo, Lil Durk & 21 Savage)","Nardo Wick, G Herbo, Lil Durk, 21 Savage","Who Want Smoke?? (feat. G Herbo, Lil Durk & 21 Savage)"
football,😈FOOTBALL HYPE UP😈,https://open.spotify.com/playlist/58R6T4wUmeND88N98guzTR,EA (feat. 21 Savage),"Young Nudy, 21 Savage",SlimeBall 2
football,😈FOOTBALL HYPE UP😈,https://open.spotify.com/playlist/58R6T4wUmeND88N98guzTR,Hellcats & Trackhawks,"Only The Family, Lil Durk",Only The Family - Lil Durk Presents: Loyal Bros
football,😈FOOTBALL HYPE UP😈,https://open.spotify.com/playlist/58R6T4wUmeND88N98guzTR,OD CRASHIN,Baby Kia,HELL CAN'T SAVE YOU
football,😈FOOTBALL HYPE UP😈,https://open.spotify.com/playlist/58R6T4wUmeND88N98guzTR,GET JIGGY,"Baby Kia, Lil Slixk, Lil Reaper",HELL CAN'T SAVE YOU
football,😈FOOTBALL HYPE UP😈,https://open.spotify.com/playlist/58R6T4wUmeND88N98guzTR,LET'S PLAY A GAME,Baby Kia,HELL CAN'T SAVE YOU
football,😈FOOTBALL HYPE UP😈,https://open.spotify.com/playlist/58R6T4wUmeND88N98guzTR,Superhero (Heroes & Villains) [with Future & Chris Brown],"Metro Boomin, Future, Chris Brown",HEROES & VILLAINS
football,😈FOOTBALL HYPE UP😈,https://open.spotify.com/playlist/58R6T4wUmeND88N98guzTR,Immortal,21 Savage,Immortal
football,😈FOOTBALL HYPE UP😈,https://open.spotify.com/playlist/58R6T4wUmeND88N98guzTR,Bad and Boujee (feat. Lil Uzi Vert),"Migos, Lil Uzi Vert",Culture
football,😈FOOTBALL HYPE UP😈,https://open.spotify.com/playlist/58R6T4wUmeND88N98guzTR,Beef,"Ethereal, Playboi Carti",Beef
football,😈FOOTBALL HYPE UP😈,https://open.spotify.com/playlist/58R6T4wUmeND88N98guzTR,JUMP (feat. YoungBoy Never Broke Again),"DaBaby, YoungBoy Never Broke Again",BLAME IT ON BABY
football,😈FOOTBALL HYPE UP😈,https://open.spotify.com/playlist/58R6T4wUmeND88N98guzTR,Armed N Dangerous - Charlie Sloth Freestyle,Pop Smoke,Meet The Woo 2
football,😈FOOTBALL HYPE UP😈,https://open.spotify.com/playlist/58R6T4wUmeND88N98guzTR,GATTI,"JACKBOYS, Pop Smoke, Travis Scott",JACKBOYS
football,😈FOOTBALL HYPE UP😈,https://open.spotify.com/playlist/58R6T4wUmeND88N98guzTR,Moonwalking in Calabasas (feat. Blueface) - Remix,"DDG, Blueface",Die 4 Respect
football,😈FOOTBALL HYPE UP😈,https://open.spotify.com/playlist/58R6T4wUmeND88N98guzTR,6 Foot 7 Foot,"Lil Wayne, Cory Gunz",Tha Carter IV
football,😈FOOTBALL HYPE UP😈,https://open.spotify.com/playlist/58R6T4wUmeND88N98guzTR,CARNIVAL,"¥$, Kanye West, Ty Dolla $ign, Rich The Kid, Playboi Carti",VULTURES 1
football,😈FOOTBALL HYPE UP😈,https://open.spotify.com/playlist/58R6T4wUmeND88N98guzTR,We Ready,Archie Eversole,Ride Wit Me Dirty South Style
football,😈FOOTBALL HYPE UP😈,https://open.spotify.com/playlist/58R6T4wUmeND88N98guzTR,X Gon' Give It To Ya,DMX,The Definition Of X: Pick Of The Litter
football,😈FOOTBALL HYPE UP😈,https://open.spotify.com/playlist/58R6T4wUmeND88N98guzTR,All The Way Up (feat. Infared),"Fat Joe, Remy Ma, French Montana, InfaRed",Plata O Plomo
football,😈FOOTBALL HYPE UP😈,https://open.spotify.com/playlist/58R6T4wUmeND88N98guzTR,Pure Water (with Migos),"Mustard, Migos",Perfect Ten
football,😈FOOTBALL HYPE UP😈,https://open.spotify.com/playlist/58R6T4wUmeND88N98guzTR,Antidote,Travis Scott,Rodeo
football,😈FOOTBALL HYPE UP😈,https://open.spotify.com/playlist/58R6T4wUmeND88N98guzTR,Run This Town,"JAY-Z, Rihanna, Kanye West",The Blueprint 3
football,😈FOOTBALL HYPE UP😈,https://open.spotify.com/playlist/58R6T4wUmeND88N98guzTR,Dior,Pop Smoke,Meet The Woo
football,😈FOOTBALL HYPE UP😈,https://open.spotify.com/playlist/58R6T4wUmeND88N98guzTR,California Love - Original Version,"2Pac, Roger, Dr. Dre",The Best of 2Pac
football,😈FOOTBALL HYPE UP😈,https://open.spotify.com/playlist/58R6T4wUmeND88N98guzTR,Rich Flex,"Drake, 21 Savage",Her Loss
football,😈FOOTBALL HYPE UP😈,https://open.spotify.com/playlist/58R6T4wUmeND88N98guzTR,My Nigga,"YG, Jeezy, Rich Homie Quan",My Krazy Life
football,😈FOOTBALL HYPE UP😈,https://open.spotify.com/playlist/58R6T4wUmeND88N98guzTR,Oh No,Lil Wayne,Tha Carter II
football,😈FOOTBALL HYPE UP😈,https://open.spotify.com/playlist/58R6T4wUmeND88N98guzTR,Miss The Rage (feat. Playboi Carti),"Trippie Redd, Playboi Carti",Miss The Rage (feat. Playboi Carti)
football,😈FOOTBALL HYPE UP😈,https://open.spotify.com/playlist/58R6T4wUmeND88N98guzTR,Ukraine - Let Me Talk Afro Drill Mix,"Jay Hound, Slimenese, Jay5ive",Ukraine (Let Me Talk Afro Drill Mix)
football,😈FOOTBALL HYPE UP😈,https://open.spotify.com/playlist/58R6T4wUmeND88N98guzTR,"All I Do Is Win (feat. T-Pain, Ludacris, Snoop Dogg & Rick Ross)",DJ Khaled,"All I Do Is Win (feat. T-Pain, Ludacris, Snoop Dogg & Rick Ross)"
football,😈FOOTBALL HYPE UP😈,https://open.spotify.com/playlist/58R6T4wUmeND88N98guzTR,TOES (feat. Lil Baby & Moneybagg Yo),"DaBaby, Lil Baby, Moneybagg Yo",KIRK
football,😈FOOTBALL HYPE UP😈,https://open.spotify.com/playlist/58R6T4wUmeND88N98guzTR,THE SCOTTS,"THE SCOTTS, Travis Scott, Kid Cudi",THE SCOTTS
football,😈FOOTBALL HYPE UP😈,https://open.spotify.com/playlist/58R6T4wUmeND88N98guzTR,Right Foot Creep,YoungBoy Never Broke Again,Top
football,😈FOOTBALL HYPE UP😈,https://open.spotify.com/playlist/58R6T4wUmeND88N98guzTR,a m a r i,J. Cole,The Off-Season
football,😈FOOTBALL HYPE UP😈,https://open.spotify.com/playlist/58R6T4wUmeND88N98guzTR,The Box,Roddy Ricch,Please Excuse Me for Being Antisocial
football,😈FOOTBALL HYPE UP😈,https://open.spotify.com/playlist/58R6T4wUmeND88N98guzTR,Silly Watch,Lil Uzi Vert,Eternal Atake
football,😈FOOTBALL HYPE UP😈,https://open.spotify.com/playlist/58R6T4wUmeND88N98guzTR,SIRENS,Travis Scott,UTOPIA
football,😈FOOTBALL HYPE UP😈,https://open.spotify.com/playlist/58R6T4wUmeND88N98guzTR,CAROUSEL,Travis Scott,ASTROWORLD
football,😈FOOTBALL HYPE UP😈,https://open.spotify.com/playlist/58R6T4wUmeND88N98guzTR,ZEZE (feat. Travis Scott & Offset),"Kodak Black, Offset, Travis Scott",Dying to Live
football,😈FOOTBALL HYPE UP😈,https://open.spotify.com/playlist/58R6T4wUmeND88N98guzTR,5% TINT,Travis Scott,ASTROWORLD
football,😈FOOTBALL HYPE UP😈,https://open.spotify.com/playlist/58R6T4wUmeND88N98guzTR,DO IT AGAIN (feat. 2Rare),"NLE Choppa, 2Rare",Cottonwood 2
football,😈FOOTBALL HYPE UP😈,https://open.spotify.com/playlist/58R6T4wUmeND88N98guzTR,TELESCOPE,"TWXN, LL Clawz, 507KAZ",Project YVL
football,😈FOOTBALL HYPE UP😈,https://open.spotify.com/playlist/58R6T4wUmeND88N98guzTR,MILLION DOLLAR BABY,Tommy Richman,MILLION DOLLAR BABY
football,😈FOOTBALL HYPE UP😈,https://open.spotify.com/playlist/58R6T4wUmeND88N98guzTR,Crank That (Soulja Boy),Soulja Boy,souljaboytellem.com
football,😈FOOTBALL HYPE UP😈,https://open.spotify.com/playlist/58R6T4wUmeND88N98guzTR,She Make It Clap,Soulja Boy,She Make It Clap
football,😈FOOTBALL HYPE UP😈,https://open.spotify.com/playlist/58R6T4wUmeND88N98guzTR,Save That Shit,"Chief Keef, Soulja Boy",Back from the Dead
football,😈FOOTBALL HYPE UP😈,https://open.spotify.com/playlist/58R6T4wUmeND88N98guzTR,Love Me,"Lil Wayne, Drake, Future",I Am Not A Human Being II (Deluxe)
football,😈FOOTBALL HYPE UP😈,https://open.spotify.com/playlist/58R6T4wUmeND88N98guzTR,Forever,"Drake, Kanye West, Lil Wayne, Eminem",Relapse: Refill
football,😈FOOTBALL HYPE UP😈,https://open.spotify.com/playlist/58R6T4wUmeND88N98guzTR,A Milli,Lil Wayne,Tha Carter III (MTV Bonus Version)
football,😈FOOTBALL HYPE UP😈,https://open.spotify.com/playlist/58R6T4wUmeND88N98guzTR,"Annihilate (Spider-Man: Across the Spider-Verse) (Metro Boomin & Swae Lee, Lil Wayne, Offset)","Metro Boomin, Swae Lee, Lil Wayne, Offset",METRO BOOMIN PRESENTS SPIDER-MAN: ACROSS THE SPIDER-VERSE (SOUNDTRACK FROM AND INSPIRED BY THE MOTION PICTURE)
football,😈FOOTBALL HYPE UP😈,https://open.spotify.com/playlist/58R6T4wUmeND88N98guzTR,Look At Me Now (feat. Lil' Wayne & Busta Rhymes),"Chris Brown, Lil Wayne, Busta Rhymes",F.A.M.E. (Expanded Edition)
football,😈FOOTBALL HYPE UP😈,https://open.spotify.com/playlist/58R6T4wUmeND88N98guzTR,Wake Up in the Sky,"Gucci Mane, Bruno Mars, Kodak Black",Evil Genius
football,😈FOOTBALL HYPE UP😈,https://open.spotify.com/playlist/58R6T4wUmeND88N98guzTR,Day 'N' Nite (nightmare),Kid Cudi,Man On The Moon: The End Of Day (Deluxe)
football,😈FOOTBALL HYPE UP😈,https://open.spotify.com/playlist/58R6T4wUmeND88N98guzTR,HUMBLE.,Kendrick Lamar,DAMN.
football,😈FOOTBALL HYPE UP😈,https://open.spotify.com/playlist/58R6T4wUmeND88N98guzTR,noir,sho,noir
football,😈FOOTBALL HYPE UP😈,https://open.spotify.com/playlist/58R6T4wUmeND88N98guzTR,Kills,Chief Keef,Dedication
football,😈FOOTBALL HYPE UP😈,https://open.spotify.com/playlist/58R6T4wUmeND88N98guzTR,The Way Life Goes (feat. Oh Wonder),"Lil Uzi Vert, Oh Wonder",Luv Is Rage 2
football,😈FOOTBALL HYPE UP😈,https://open.spotify.com/playlist/58R6T4wUmeND88N98guzTR,MILLION DOLLAR BABY (VHS),Tommy Richman,MILLION DOLLAR BABY
football,😈FOOTBALL HYPE UP😈,https://open.spotify.com/playlist/58R6T4wUmeND88N98guzTR,No Flockin',Kodak Black,No Flockin'
football,😈FOOTBALL HYPE UP😈,https://open.spotify.com/playlist/58R6T4wUmeND88N98guzTR,Broke In A Minute,Tory Lanez,The New Toronto 3
football,😈FOOTBALL HYPE UP😈,https://open.spotify.com/playlist/58R6T4wUmeND88N98guzTR,My Choppa Hate Niggas,"21 Savage, Metro Boomin",Without Warning
football,😈FOOTBALL HYPE UP😈,https://open.spotify.com/playlist/58R6T4wUmeND88N98guzTR,Flex Up (feat. Future & Playboi Carti),"Lil Yachty, Future, Playboi Carti",Lil Boat 3.5
football,😈FOOTBALL HYPE UP😈,https://open.spotify.com/playlist/58R6T4wUmeND88N98guzTR,Sum 2 Prove,Lil Baby,My Turn
football,😈FOOTBALL HYPE UP😈,https://open.spotify.com/playlist/58R6T4wUmeND88N98guzTR,Twirlanta,22Gz,The Blixky Tape 2
football,😈FOOTBALL HYPE UP😈,https://open.spotify.com/playlist/58R6T4wUmeND88N98guzTR,Shotta Flow,NLE Choppa,Cottonwood
football,😈FOOTBALL HYPE UP😈,https://open.spotify.com/playlist/58R6T4wUmeND88N98guzTR,Peaches & Eggplants (feat. 21 Savage),"Young Nudy, 21 Savage",Gumbo
football,😈FOOTBALL HYPE UP😈,https://open.spotify.com/playlist/58R6T4wUmeND88N98guzTR,Onna Come Up,Lil Eazzyy,Underrated
football,😈FOOTBALL HYPE UP😈,https://open.spotify.com/playlist/58R6T4wUmeND88N98guzTR,FE!N (feat. Playboi Carti),"Travis Scott, Playboi Carti",UTOPIA
football,😈FOOTBALL HYPE UP😈,https://open.spotify.com/playlist/58R6T4wUmeND88N98guzTR,Dreams and Nightmares,Meek Mill,Dreams and Nightmares (Deluxe Edition)
football,😈FOOTBALL HYPE UP😈,https://open.spotify.com/playlist/58R6T4wUmeND88N98guzTR,Ima Boss (feat. Rick Ross),"Meek Mill, Rick Ross","MMG Presents: Self Made, Vol. 1"
football,😈FOOTBALL HYPE UP😈,https://open.spotify.com/playlist/58R6T4wUmeND88N98guzTR,HIGHEST IN THE ROOM,Travis Scott,HIGHEST IN THE ROOM
football,😈FOOTBALL HYPE UP😈,https://open.spotify.com/playlist/58R6T4wUmeND88N98guzTR,Dark Knight Dummo (Feat. Travis Scott),"Trippie Redd, Travis Scott",Dark Knight Dummo (Feat. Travis Scott)
football,😈FOOTBALL HYPE UP😈,https://open.spotify.com/playlist/58R6T4wUmeND88N98guzTR,coordinate,Travis Scott,Birds In The Trap Sing McKnight
football,😈FOOTBALL HYPE UP😈,https://open.spotify.com/playlist/58R6T4wUmeND88N98guzTR,NO BYSTANDERS,Travis Scott,ASTROWORLD
football,😈FOOTBALL HYPE UP😈,https://open.spotify.com/playlist/58R6T4wUmeND88N98guzTR,HYAENA,Travis Scott,UTOPIA
football,😈FOOTBALL HYPE UP😈,https://open.spotify.com/playlist/58R6T4wUmeND88N98guzTR,COUNT MY BANDZ,Rich Amiri,COUNT MY BANDZ
football,😈FOOTBALL HYPE UP😈,https://open.spotify.com/playlist/58R6T4wUmeND88N98guzTR,Houdini,Eminem,The Death of Slim Shady (Coup De Grâce)
football,😈FOOTBALL HYPE UP😈,https://open.spotify.com/playlist/58R6T4wUmeND88N98guzTR,Godzilla (feat. Juice WRLD),"Eminem, Juice WRLD",Music To Be Murdered By
football,😈FOOTBALL HYPE UP😈,https://open.spotify.com/playlist/58R6T4wUmeND88N98guzTR,Tobey (feat. Big Sean and BabyTron),"Eminem, Big Sean, BabyTron",The Death of Slim Shady (Coup De Grâce): Expanded Mourner’s Edition
football,😈FOOTBALL HYPE UP😈,https://open.spotify.com/playlist/58R6T4wUmeND88N98guzTR,Break Ya Neck,Busta Rhymes,Genesis
football,😈FOOTBALL HYPE UP😈,https://open.spotify.com/playlist/58R6T4wUmeND88N98guzTR,Get In With Me,BossMan Dlow,Mr Beat The Road
football,😈FOOTBALL HYPE UP😈,https://open.spotify.com/playlist/58R6T4wUmeND88N98guzTR,Come Here (feat. Sexyy Red),"BossMan Dlow, Sexyy Red",Mr Beat The Road
football,😈FOOTBALL HYPE UP😈,https://open.spotify.com/playlist/58R6T4wUmeND88N98guzTR,"Who Want Smoke?? (feat. G Herbo, Lil Durk & 21 Savage)","Nardo Wick, G Herbo, Lil Durk, 21 Savage",Who is Nardo Wick?
football,😈FOOTBALL HYPE UP😈,https://open.spotify.com/playlist/58R6T4wUmeND88N98guzTR,Gang Shit No Lame Shit,Key Glock,Glockoma
football,😈FOOTBALL HYPE UP😈,https://open.spotify.com/playlist/58R6T4wUmeND88N98guzTR,Green Dot,YoungBoy Never Broke Again,Green Dot
football,😈FOOTBALL HYPE UP😈,https://open.spotify.com/playlist/58R6T4wUmeND88N98guzTR,Tomioka,Jay Eazy,Tomioka
football,😈FOOTBALL HYPE UP😈,https://open.spotify.com/playlist/58R6T4wUmeND88N98guzTR,Faneto,Chief Keef,Back from the Dead 2
football,😈FOOTBALL HYPE UP😈,https://open.spotify.com/playlist/58R6T4wUmeND88N98guzTR,TOPIA TWINS (feat. Rob49 & 21 Savage),"Travis Scott, Rob49, 21 Savage",UTOPIA
football,😈FOOTBALL HYPE UP😈,https://open.spotify.com/playlist/58R6T4wUmeND88N98guzTR,Hate Bein' Sober,"Chief Keef, 50 Cent, Wiz Khalifa",Finally Rich
football,😈FOOTBALL HYPE UP😈,https://open.spotify.com/playlist/58R6T4wUmeND88N98guzTR,I Can't Save You (Interlude) [with Future & feat. Don Toliver],"Metro Boomin, Future, Don Toliver",HEROES & VILLAINS
football,😈FOOTBALL HYPE UP😈,https://open.spotify.com/playlist/58R6T4wUmeND88N98guzTR,Neva Cared,Polo G,Neva Cared
football,😈FOOTBALL HYPE UP😈,https://open.spotify.com/playlist/58R6T4wUmeND88N98guzTR,Going Bad (feat. Drake),"Meek Mill, Drake",Championships
football,😈FOOTBALL HYPE UP😈,https://open.spotify.com/playlist/58R6T4wUmeND88N98guzTR,"Nuthin' But A ""G"" Thang","Dr. Dre, Snoop Dogg",The Chronic
football,😈FOOTBALL HYPE UP😈,https://open.spotify.com/playlist/58R6T4wUmeND88N98guzTR,Death (feat. DaBaby),"Trippie Redd, DaBaby",A Love Letter To You 4
football,😈FOOTBALL HYPE UP😈,https://open.spotify.com/playlist/58R6T4wUmeND88N98guzTR,CARNIVAL,"Kanye West, Ty Dolla $ign",VULTURES 1
football,😈FOOTBALL HYPE UP😈,https://open.spotify.com/playlist/58R6T4wUmeND88N98guzTR,PRIDE.,Kendrick Lamar,DAMN.
football,😈FOOTBALL HYPE UP😈,https://open.spotify.com/playlist/58R6T4wUmeND88N98guzTR,FRIED,"¥$, Kanye West, Ty Dolla $ign",VULTURES 2
football,😈FOOTBALL HYPE UP😈,https://open.spotify.com/playlist/58R6T4wUmeND88N98guzTR,500lbs,Lil Tecca,TEC
football,😈FOOTBALL HYPE UP😈,https://open.spotify.com/playlist/58R6T4wUmeND88N98guzTR,ONE CALL,Rich Amiri,ONE CALL
football,😈FOOTBALL HYPE UP😈,https://open.spotify.com/playlist/58R6T4wUmeND88N98guzTR,Drip Too Hard (Lil Baby & Gunna),"Lil Baby, Gunna",Drip Harder
football,😈FOOTBALL HYPE UP😈,https://open.spotify.com/playlist/58R6T4wUmeND88N98guzTR,Ski,"Young Stoner Life, Young Thug, Gunna",Slime Language 2
football,😈FOOTBALL HYPE UP😈,https://open.spotify.com/playlist/58R6T4wUmeND88N98guzTR,Shoot It Out - Slowed Down,Jdot Breezy,Shoot It Out (Versions)
football,😈FOOTBALL HYPE UP😈,https://open.spotify.com/playlist/58R6T4wUmeND88N98guzTR,MTV Cribs,Mike Sherm,MTV Cribs
football,😈FOOTBALL HYPE UP😈,https://open.spotify.com/playlist/58R6T4wUmeND88N98guzTR,Asshole,Mike Sherm,Asshole
football,😈FOOTBALL HYPE UP😈,https://open.spotify.com/playlist/58R6T4wUmeND88N98guzTR,Lean Wit It,Mike Sherm,Lean Wit It
football,😈FOOTBALL HYPE UP😈,https://open.spotify.com/playlist/58R6T4wUmeND88N98guzTR,Antioch Pac,Mike Sherm,Antioch Pac
football,😈FOOTBALL HYPE UP😈,https://open.spotify.com/playlist/58R6T4wUmeND88N98guzTR,Born a Boss,Mike Sherm,Born a Boss
football,😈FOOTBALL HYPE UP😈,https://open.spotify.com/playlist/58R6T4wUmeND88N98guzTR,Lethal Weapon,Baby Smoove,Im Still Serious 2
football,😈FOOTBALL HYPE UP😈,https://open.spotify.com/playlist/58R6T4wUmeND88N98guzTR,Collard Greens,"ScHoolboy Q, Kendrick Lamar",Oxymoron (Deluxe)
football,😈FOOTBALL HYPE UP😈,https://open.spotify.com/playlist/58R6T4wUmeND88N98guzTR,Put a K on it,Mann1k,Put a K on it
football,😈FOOTBALL HYPE UP😈,https://open.spotify.com/playlist/58R6T4wUmeND88N98guzTR,First Person Shooter (feat. J. Cole),"Drake, J. Cole",For All The Dogs
football,😈FOOTBALL HYPE UP😈,https://open.spotify.com/playlist/58R6T4wUmeND88N98guzTR,Broad Day,Babyfxce E,Its Wit a X
football,😈FOOTBALL HYPE UP😈,https://open.spotify.com/playlist/58R6T4wUmeND88N98guzTR,No Auto Durk (feat. Lil Durk),"Only The Family, Lil Durk","Lil Durk Presents: Only the Family Involved, Vol. 2"
football,😈FOOTBALL HYPE UP😈,https://open.spotify.com/playlist/58R6T4wUmeND88N98guzTR,The Largest,BigXthaPlug,TAKE CARE
football,😈FOOTBALL HYPE UP😈,https://open.spotify.com/playlist/58R6T4wUmeND88N98guzTR,St. Chroma (feat. Daniel Caesar),"Tyler, The Creator, Daniel Caesar",CHROMAKOPIA
football,😈FOOTBALL HYPE UP😈,https://open.spotify.com/playlist/58R6T4wUmeND88N98guzTR,TORE UP,Don Toliver,HARDSTONE PSYCHO
football,😈FOOTBALL HYPE UP😈,https://open.spotify.com/playlist/58R6T4wUmeND88N98guzTR,ONE CALL - Slowed Down,10X,ONE CALL (Sped and Slowed)
football,😈FOOTBALL HYPE UP😈,https://open.spotify.com/playlist/58R6T4wUmeND88N98guzTR,m.A.A.d city,"Kendrick Lamar, MC Eiht","good kid, m.A.A.d city (Deluxe)"
football,😈FOOTBALL HYPE UP😈,https://open.spotify.com/playlist/58R6T4wUmeND88N98guzTR,All Of The Lights,Kanye West,My Beautiful Dark Twisted Fantasy
football,😈FOOTBALL HYPE UP😈,https://open.spotify.com/playlist/58R6T4wUmeND88N98guzTR,Let's Go,Key Glock,Glockoma 2 (Deluxe)
football,😈FOOTBALL HYPE UP😈,https://open.spotify.com/playlist/58R6T4wUmeND88N98guzTR,Yale,Ken Carson,Teen X
football,😈FOOTBALL HYPE UP😈,https://open.spotify.com/playlist/58R6T4wUmeND88N98guzTR,The Race - Remix,"Tay-K, 21 Savage, Young Nudy",#SantanaWorld (+)
football,😈FOOTBALL HYPE UP😈,https://open.spotify.com/playlist/58R6T4wUmeND88N98guzTR,Whatever She Wants,Bryson Tiller,Whatever She Wants
football,😈FOOTBALL HYPE UP😈,https://open.spotify.com/playlist/58R6T4wUmeND88N98guzTR,NEW MAGIC WAND,"Tyler, The Creator",IGOR
football,😈FOOTBALL HYPE UP😈,https://open.spotify.com/playlist/58R6T4wUmeND88N98guzTR,tv off (feat. lefty gunplay),"Kendrick Lamar, Lefty Gunplay",GNX
football,😈FOOTBALL HYPE UP😈,https://open.spotify.com/playlist/58R6T4wUmeND88N98guzTR,Mr.Trouble,BigXthaPlug,Mr.Trouble
football,😈FOOTBALL HYPE UP😈,https://open.spotify.com/playlist/58R6T4wUmeND88N98guzTR,Johnny Dang (with Paul Wall & DRODi),"That Mexican OT, Paul Wall, DRODi",Lonestar Luchador
football,😈FOOTBALL HYPE UP😈,https://open.spotify.com/playlist/58R6T4wUmeND88N98guzTR,No Bread,LitClaude,Last Man Standing
football,😈FOOTBALL HYPE UP😈,https://open.spotify.com/playlist/58R6T4wUmeND88N98guzTR,Pimp Hoe,"Mike Sherm, Lil Woadie, Thee Prophecy",Pimp Hoe
football,😈FOOTBALL HYPE UP😈,https://open.spotify.com/playlist/58R6T4wUmeND88N98guzTR,Out On Bond,BabyTron,Out On Bond
football,😈FOOTBALL HYPE UP😈,https://open.spotify.com/playlist/58R6T4wUmeND88N98guzTR,Boogieman,EBK Jaaybo,The Reaper
football,😈FOOTBALL HYPE UP😈,https://open.spotify.com/playlist/58R6T4wUmeND88N98guzTR,Out For Vengeance,Jdot Breezy,Sincerely Mad
football,😈FOOTBALL HYPE UP😈,https://open.spotify.com/playlist/58R6T4wUmeND88N98guzTR,Fighting My Demons,Ken Carson,A Great Chaos
football,😈FOOTBALL HYPE UP😈,https://open.spotify.com/playlist/58R6T4wUmeND88N98guzTR,Too Legendary,Rio Da Yung Og,2 Faced
football,😈FOOTBALL HYPE UP😈,https://open.spotify.com/playlist/58R6T4wUmeND88N98guzTR,Murda Talk,NLE Choppa,Top Shotta
football,😈FOOTBALL HYPE UP😈,https://open.spotify.com/playlist/58R6T4wUmeND88N98guzTR,I'm Geekin (feat. NLE Choppa & BIA) - Remix,"DDG, NLE Choppa, BIA",Maybe It's Me...
football,😈FOOTBALL HYPE UP😈,https://open.spotify.com/playlist/58R6T4wUmeND88N98guzTR,Shotta Flow 7,NLE Choppa,Shotta Flow Series
football,😈FOOTBALL HYPE UP😈,https://open.spotify.com/playlist/58R6T4wUmeND88N98guzTR,CMON FREESTYLE,NLE Choppa,Cottonwood 2 (Deluxe 2.0)
football,😈FOOTBALL HYPE UP😈,https://open.spotify.com/playlist/58R6T4wUmeND88N98guzTR,Danger (Spider),"Offset, JID",METRO BOOMIN PRESENTS SPIDER-MAN: ACROSS THE SPIDER-VERSE [SOUNDTRACK FROM AND INSPIRED BY THE MOTION PICTURE (METROVERSE INSTRUMENTAL EDITION)]
football,😈FOOTBALL HYPE UP😈,https://open.spotify.com/playlist/58R6T4wUmeND88N98guzTR,Meet The 6ixers,"BigXthaPlug, Yung Hood, Ro$ama, 600 Ent.",MEET THE 6IXERS
football,😈FOOTBALL HYPE UP😈,https://open.spotify.com/playlist/58R6T4wUmeND88N98guzTR,Shotta Flow 5,NLE Choppa,Shotta Flow 5
football,😈FOOTBALL HYPE UP😈,https://open.spotify.com/playlist/58R6T4wUmeND88N98guzTR,TORTURE,Baby Kia,TORTURE
football,😈FOOTBALL HYPE UP😈,https://open.spotify.com/playlist/58R6T4wUmeND88N98guzTR,6locc 6a6y (feat. NLE Choppa) - Remix,"Lil Loaded, NLE Choppa",A Demon In 6lue
football,😈FOOTBALL HYPE UP😈,https://open.spotify.com/playlist/58R6T4wUmeND88N98guzTR,The Viper,BabyChiefDoit,ANIMALS ONLY (ICE COLD)
football,😈FOOTBALL HYPE UP😈,https://open.spotify.com/playlist/58R6T4wUmeND88N98guzTR,One Take Freestyle,1900Rugrat,One Take Freestyle
football,😈FOOTBALL HYPE UP😈,https://open.spotify.com/playlist/58R6T4wUmeND88N98guzTR,24,✱ fwccs ✱,24
football,😈FOOTBALL HYPE UP😈,https://open.spotify.com/playlist/58R6T4wUmeND88N98guzTR,ss,Ken Carson,A Great Chaos (Deluxe)
football,😈FOOTBALL HYPE UP😈,https://open.spotify.com/playlist/58R6T4wUmeND88N98guzTR,"Sticky (feat. GloRilla, Sexyy Red & Lil Wayne)","Tyler, The Creator, GloRilla, Sexyy Red, Lil Wayne",CHROMAKOPIA
football,😈FOOTBALL HYPE UP😈,https://open.spotify.com/playlist/58R6T4wUmeND88N98guzTR,Untouchable,YoungBoy Never Broke Again,AI YoungBoy
football,😈FOOTBALL HYPE UP😈,https://open.spotify.com/playlist/58R6T4wUmeND88N98guzTR,Ambition For Cash,Key Glock,Yellow Tape 2
football,😈FOOTBALL HYPE UP😈,https://open.spotify.com/playlist/58R6T4wUmeND88N98guzTR,Beat Box 4 (with NLE Choppa),"SpotemGottem, NLE Choppa",Beat Box 4 (with NLE Choppa)
football,😈FOOTBALL HYPE UP😈,https://open.spotify.com/playlist/58R6T4wUmeND88N98guzTR,Beat Box 3 (feat. DaBaby),"SpotemGottem, DaBaby",Most Wanted
football,😈FOOTBALL HYPE UP😈,https://open.spotify.com/playlist/58R6T4wUmeND88N98guzTR,Beat Box 2 (feat. Pooh Shiesty),"SpotemGottem, Pooh Shiesty",Final Destination
football,😈FOOTBALL HYPE UP😈,https://open.spotify.com/playlist/58R6T4wUmeND88N98guzTR,Beat Box,SpotemGottem,Beat Box
football,😈FOOTBALL HYPE UP😈,https://open.spotify.com/playlist/58R6T4wUmeND88N98guzTR,Mr. Glock,Key Glock,Yellow Tape
football,😈FOOTBALL HYPE UP😈,https://open.spotify.com/playlist/58R6T4wUmeND88N98guzTR,"Work REMIX (feat. A$AP Rocky, French Montana, Trinidad James & ScHoolboy Q)","A$AP Ferg, French Montana, A$AP Rocky, Trinidad James, ScHoolboy Q",Trap Lord
football,😈FOOTBALL HYPE UP😈,https://open.spotify.com/playlist/58R6T4wUmeND88N98guzTR,a lot,21 Savage,i am > i was
football,😈FOOTBALL HYPE UP😈,https://open.spotify.com/playlist/58R6T4wUmeND88N98guzTR,Got It On Me,Pop Smoke,Shoot For The Stars Aim For The Moon
football,😈FOOTBALL HYPE UP😈,https://open.spotify.com/playlist/58R6T4wUmeND88N98guzTR,Tunnel Vision (Outro),Pop Smoke,Shoot For The Stars Aim For The Moon
football,😈FOOTBALL HYPE UP😈,https://open.spotify.com/playlist/58R6T4wUmeND88N98guzTR,Fuck Da Industry,YoungBoy Never Broke Again,The Last Slimeto
football,😈FOOTBALL HYPE UP😈,https://open.spotify.com/playlist/58R6T4wUmeND88N98guzTR,2 Slippery (feat. BossMan Dlow),"Luh Tyler, BossMan Dlow",Mr. Skii
football,😈FOOTBALL HYPE UP😈,https://open.spotify.com/playlist/58R6T4wUmeND88N98guzTR,151 Rum,JID,DiCaprio 2
football,😈FOOTBALL HYPE UP😈,https://open.spotify.com/playlist/58R6T4wUmeND88N98guzTR,Pump Fake,"Ethereal, Playboi Carti",Pump Fake
football,😈FOOTBALL HYPE UP😈,https://open.spotify.com/playlist/58R6T4wUmeND88N98guzTR,FIELD TRIP,"¥$, Playboi Carti, Don Toliver, Kodak Black",FIELD TRIP
football,😈FOOTBALL HYPE UP😈,https://open.spotify.com/playlist/58R6T4wUmeND88N98guzTR,Ballin' (with Roddy Ricch),"Mustard, Roddy Ricch",Perfect Ten
football,😈FOOTBALL HYPE UP😈,https://open.spotify.com/playlist/58R6T4wUmeND88N98guzTR,Trap House,YoungBoy Never Broke Again,4Respect 4Freedom 4Loyalty 4WhatImportant
football,😈FOOTBALL HYPE UP😈,https://open.spotify.com/playlist/58R6T4wUmeND88N98guzTR,Bonfire,Childish Gambino,Camp
football,😈FOOTBALL HYPE UP😈,https://open.spotify.com/playlist/58R6T4wUmeND88N98guzTR,Suge,DaBaby,Baby On Baby
football,😈FOOTBALL HYPE UP😈,https://open.spotify.com/playlist/58R6T4wUmeND88N98guzTR,ROCKSTAR (feat. Roddy Ricch),"DaBaby, Roddy Ricch",BLAME IT ON BABY
football,😈FOOTBALL HYPE UP😈,https://open.spotify.com/playlist/58R6T4wUmeND88N98guzTR,TOES (feat. Lil Baby & Moneybagg Yo),"DaBaby, Lil Baby, Moneybagg Yo",KIRK
football,😈FOOTBALL HYPE UP😈,https://open.spotify.com/playlist/58R6T4wUmeND88N98guzTR,60 Miles,Lil RT,60 Miles
football,😈FOOTBALL HYPE UP😈,https://open.spotify.com/playlist/58R6T4wUmeND88N98guzTR,Bandit (with YoungBoy Never Broke Again),"Juice WRLD, YoungBoy Never Broke Again",Bandit (with YoungBoy Never Broke Again)
football,😈FOOTBALL HYPE UP😈,https://open.spotify.com/playlist/58R6T4wUmeND88N98guzTR,Stronger,Kanye West,Graduation
football,😈FOOTBALL HYPE UP😈,https://open.spotify.com/playlist/58R6T4wUmeND88N98guzTR,Headlines,Drake,Take Care (Deluxe)
football,😈FOOTBALL HYPE UP😈,https://open.spotify.com/playlist/58R6T4wUmeND88N98guzTR,Laugh Now Cry Later (feat. Lil Durk),"Drake, Lil Durk",Laugh Now Cry Later (feat. Lil Durk)
football,😈FOOTBALL HYPE UP😈,https://open.spotify.com/playlist/58R6T4wUmeND88N98guzTR,Homicide (feat. Eminem),"Logic, Eminem",Confessions of a Dangerous Mind
football,😈FOOTBALL HYPE UP😈,https://open.spotify.com/playlist/58R6T4wUmeND88N98guzTR,I Don't Fuck With You,"Big Sean, E-40",Dark Sky Paradise
football,😈FOOTBALL HYPE UP😈,https://open.spotify.com/playlist/58R6T4wUmeND88N98guzTR,No Flex Zone,Rae Sremmurd,SremmLife
football,😈FOOTBALL HYPE UP😈,https://open.spotify.com/playlist/58R6T4wUmeND88N98guzTR,Bk Back,Baby Kia,Glahh Glahh Boom
football,😈FOOTBALL HYPE UP😈,https://open.spotify.com/playlist/58R6T4wUmeND88N98guzTR,Pure Water (with Migos),"Mustard, Migos",Pure Water (with Migos)
football,😈FOOTBALL HYPE UP😈,https://open.spotify.com/playlist/58R6T4wUmeND88N98guzTR,Black Skinhead,Kanye West,Yeezus
football,😈FOOTBALL HYPE UP😈,https://open.spotify.com/playlist/58R6T4wUmeND88N98guzTR,Without Me,Eminem,The Eminem Show
football,😈FOOTBALL HYPE UP😈,https://open.spotify.com/playlist/58R6T4wUmeND88N98guzTR,Ex,BabyTron,Case Dismissed
football,😈FOOTBALL HYPE UP😈,https://open.spotify.com/playlist/58R6T4wUmeND88N98guzTR,Shotta Flow 3,NLE Choppa,Top Shotta
football,😈FOOTBALL HYPE UP😈,https://open.spotify.com/playlist/58R6T4wUmeND88N98guzTR,No Switch,YoungBoy Never Broke Again,Colors
football,😈FOOTBALL HYPE UP😈,https://open.spotify.com/playlist/58R6T4wUmeND88N98guzTR,squabble up,Kendrick Lamar,GNX
football,😈FOOTBALL HYPE UP😈,https://open.spotify.com/playlist/58R6T4wUmeND88N98guzTR,Dah Dah DahDah,Nardo Wick,Who is Nardo Wick?? (Deluxe)
football,😈FOOTBALL HYPE UP😈,https://open.spotify.com/playlist/58R6T4wUmeND88N98guzTR,Dance Now (feat. Kenny Mason),"JID, Kenny Mason",The Forever Story (Extended Version)
football,😈FOOTBALL HYPE UP😈,https://open.spotify.com/playlist/58R6T4wUmeND88N98guzTR,Raydar,JID,The Forever Story (Extended Version)
football,😈FOOTBALL HYPE UP😈,https://open.spotify.com/playlist/58R6T4wUmeND88N98guzTR,PHAT,DaBaby,HOW TF IS THIS A MIXTAPE?
football,😈FOOTBALL HYPE UP😈,https://open.spotify.com/playlist/58R6T4wUmeND88N98guzTR,Affiliations,"EBK Young Joc, ALLBLACK, TLG Dooda, EBK Trey B, EBK Lil Sleaze",Hotboiiz:4L
football,😈FOOTBALL HYPE UP😈,https://open.spotify.com/playlist/58R6T4wUmeND88N98guzTR,Save Me,Chief Keef,The Leek (Vol. 1)
football,😈FOOTBALL HYPE UP😈,https://open.spotify.com/playlist/58R6T4wUmeND88N98guzTR,Sleazy Flow (feat. Lil Baby) - Remix,"SleazyWorld Go, Lil Baby",Where The Shooters Be
football,😈FOOTBALL HYPE UP😈,https://open.spotify.com/playlist/58R6T4wUmeND88N98guzTR,Tony Montana Flow,Chief Keef,Tony Montana Flow
football,😈FOOTBALL HYPE UP😈,https://open.spotify.com/playlist/58R6T4wUmeND88N98guzTR,Homecoming,Lil Uzi Vert,Eternal Atake
football,😈FOOTBALL HYPE UP😈,https://open.spotify.com/playlist/58R6T4wUmeND88N98guzTR,Everything BoZ (feat. Coi Leray),"Trippie Redd, Coi Leray",!
football,😈FOOTBALL HYPE UP😈,https://open.spotify.com/playlist/58R6T4wUmeND88N98guzTR,Tweaker,G3 GELO,Tweaker
football,😈FOOTBALL HYPE UP😈,https://open.spotify.com/playlist/58R6T4wUmeND88N98guzTR,Belt To Ass (BTA),FBG Murda,Belt To Ass (BTA)
football,😈FOOTBALL HYPE UP😈,https://open.spotify.com/playlist/58R6T4wUmeND88N98guzTR,mewtwo,Ken Carson,A Great Chaos (Deluxe)
football,😈FOOTBALL HYPE UP😈,https://open.spotify.com/playlist/58R6T4wUmeND88N98guzTR,Jennifer’s Body,Ken Carson,A Great Chaos
football,😈FOOTBALL HYPE UP😈,https://open.spotify.com/playlist/58R6T4wUmeND88N98guzTR,5unna,"Homixide Gang, R5 Homixide",Snotty World (Deluxe)
football,😈FOOTBALL HYPE UP😈,https://open.spotify.com/playlist/58R6T4wUmeND88N98guzTR,I <3 My Choppa,Tay-K,#SantanaWorld (+)
football,😈FOOTBALL HYPE UP😈,https://open.spotify.com/playlist/58R6T4wUmeND88N98guzTR,Don’t Blink Or Stare (feat. Bloodhound Lil Jeff & CEO Trayle),"BloodHound Q50, Bloodhound Lil Jeff, CEO Trayle",Don’t Blink Or Stare (feat. Bloodhound Lil Jeff & CEO Trayle)
football,😈FOOTBALL HYPE UP😈,https://open.spotify.com/playlist/58R6T4wUmeND88N98guzTR,Coffin,Lil Yachty,Lil Boat 3.5
football,😈FOOTBALL HYPE UP😈,https://open.spotify.com/playlist/58R6T4wUmeND88N98guzTR,Pardon Me (Lil Yachty feat. Future & Mike WiLL Made-It),"Lil Yachty, Future, Mike WiLL Made-It",Lil Boat 3
football,😈FOOTBALL HYPE UP😈,https://open.spotify.com/playlist/58R6T4wUmeND88N98guzTR,Batman,LPB Poody,Batman
football,😈FOOTBALL HYPE UP😈,https://open.spotify.com/playlist/58R6T4wUmeND88N98guzTR,Flawlëss (feat. Lil Uzi Vert),"Yeat, Lil Uzi Vert",Lyfë
football,😈FOOTBALL HYPE UP😈,https://open.spotify.com/playlist/58R6T4wUmeND88N98guzTR,Reap,BAK Jay,Meet The Reap
football,😈FOOTBALL HYPE UP😈,https://open.spotify.com/playlist/58R6T4wUmeND88N98guzTR,Outfit (with 21 Savage),"Lil Baby, 21 Savage",WHAM (Extended Version)
football,😈FOOTBALL HYPE UP😈,https://open.spotify.com/playlist/58R6T4wUmeND88N98guzTR,Shoot It Out,Jdot Breezy,Almost There
football,😈FOOTBALL HYPE UP😈,https://open.spotify.com/playlist/58R6T4wUmeND88N98guzTR,The Race,Tay-K,#SantanaWorld (+)
football,😈FOOTBALL HYPE UP😈,https://open.spotify.com/playlist/58R6T4wUmeND88N98guzTR,DNA.,Kendrick Lamar,DAMN.
football,😈FOOTBALL HYPE UP😈,https://open.spotify.com/playlist/58R6T4wUmeND88N98guzTR,Baby,Mike Sherm,Baby
football,😈FOOTBALL HYPE UP😈,https://open.spotify.com/playlist/58R6T4wUmeND88N98guzTR,MOSHPIT,Baby Keem,DIE FOR MY BITCH
football,😈FOOTBALL HYPE UP😈,https://open.spotify.com/playlist/58R6T4wUmeND88N98guzTR,OD CRASHIN,Baby Kia,OD CRASHIN
football,😈FOOTBALL HYPE UP😈,https://open.spotify.com/playlist/58R6T4wUmeND88N98guzTR,Man Down,"Trench Babys, SSM Kblack, Taleban Dooda",ZooMafia
football,😈FOOTBALL HYPE UP😈,https://open.spotify.com/playlist/58R6T4wUmeND88N98guzTR,Get Jiggy,"Baby Kia, Lil Slixk, Lil Reaper",Get Jiggy
football,😈FOOTBALL HYPE UP😈,https://open.spotify.com/playlist/58R6T4wUmeND88N98guzTR,ROLLING LOUD,Lil Tim,Nightmare on Dimmsdale
football,😈FOOTBALL HYPE UP😈,https://open.spotify.com/playlist/58R6T4wUmeND88N98guzTR,They Hate Yody,Yody 4x,They Hate Yody
football,😈FOOTBALL HYPE UP😈,https://open.spotify.com/playlist/58R6T4wUmeND88N98guzTR,Belt Boys,DEE GLOKK,Belt Boys
football,😈FOOTBALL HYPE UP😈,https://open.spotify.com/playlist/58R6T4wUmeND88N98guzTR,County Time,Babyfxce E,The X Tape (Deluxe)
football,😈FOOTBALL HYPE UP😈,https://open.spotify.com/playlist/58R6T4wUmeND88N98guzTR,No Headshots (feat. Yns Corey),"Lilwaddy, Yns Corey",No Headshots (feat. Yns Corey)
football,😈FOOTBALL HYPE UP😈,https://open.spotify.com/playlist/58R6T4wUmeND88N98guzTR,Internet Swiping,Punchmade Dev,Internet Swiping
football,😈FOOTBALL HYPE UP😈,https://open.spotify.com/playlist/58R6T4wUmeND88N98guzTR,Carbon Flash,Yody 4x,Carbon Flash
football,😈FOOTBALL HYPE UP😈,https://open.spotify.com/playlist/58R6T4wUmeND88N98guzTR,Bank Account,21 Savage,Issa Album
football,😈FOOTBALL HYPE UP😈,https://open.spotify.com/playlist/58R6T4wUmeND88N98guzTR,Dark Knight Dummo (feat. Travis Scott),"Trippie Redd, Travis Scott",LIFE'S A TRIP
football,😈FOOTBALL HYPE UP😈,https://open.spotify.com/playlist/58R6T4wUmeND88N98guzTR,First Day Out,Tee Grizzley,My Moment
football,😈FOOTBALL HYPE UP😈,https://open.spotify.com/playlist/58R6T4wUmeND88N98guzTR,Mo Chicken (feat. French Montana),"BossMan Dlow, French Montana",Dlow Curry
football,😈FOOTBALL HYPE UP😈,https://open.spotify.com/playlist/58R6T4wUmeND88N98guzTR,IDGAF (feat. Yeat),"Drake, Yeat",For All The Dogs
football,😈FOOTBALL HYPE UP😈,https://open.spotify.com/playlist/58R6T4wUmeND88N98guzTR,Already Rich,Yeat,Already Rich
football,😈FOOTBALL HYPE UP😈,https://open.spotify.com/playlist/58R6T4wUmeND88N98guzTR,M.... She Wrote,Tay-K,#SantanaWorld (+)
football,😈FOOTBALL HYPE UP😈,https://open.spotify.com/playlist/58R6T4wUmeND88N98guzTR,Jiggy,Maxx Payne,Jiggy
football,😈FOOTBALL HYPE UP😈,https://open.spotify.com/playlist/58R6T4wUmeND88N98guzTR,Stuff (feat. Travis Scott),"Lil Baby, Travis Scott",WHAM (Extended Version)
football,😈FOOTBALL HYPE UP😈,https://open.spotify.com/playlist/58R6T4wUmeND88N98guzTR,Put It On Me,YoungBoy Never Broke Again,Realer 2
football,😈FOOTBALL HYPE UP😈,https://open.spotify.com/playlist/58R6T4wUmeND88N98guzTR,EVIL J0RDAN,Playboi Carti,MUSIC
football,😈FOOTBALL HYPE UP😈,https://open.spotify.com/playlist/58R6T4wUmeND88N98guzTR,Don't Like.1,"Kanye West, Chief Keef, Pusha T, Big Sean, Jadakiss",G.O.O.D.
football,😈FOOTBALL HYPE UP😈,https://open.spotify.com/playlist/58R6T4wUmeND88N98guzTR,Gleesh Place,King Von,Welcome to O'Block
football,😈FOOTBALL HYPE UP😈,https://open.spotify.com/playlist/58R6T4wUmeND88N98guzTR,CRUSH (with Travis Scott),"Playboi Carti, Travis Scott",MUSIC
football,😈FOOTBALL HYPE UP😈,https://open.spotify.com/playlist/58R6T4wUmeND88N98guzTR,FRANCHISE (feat. Young Thug & M.I.A.),"Travis Scott, Young Thug, M.I.A.",FRANCHISE (feat. Young Thug & M.I.A.)
football,😈FOOTBALL HYPE UP😈,https://open.spotify.com/playlist/58R6T4wUmeND88N98guzTR,MELTDOWN (feat. Drake),"Travis Scott, Drake",UTOPIA
football,😈FOOTBALL HYPE UP😈,https://open.spotify.com/playlist/58R6T4wUmeND88N98guzTR,GOATED,"NASAAN, Royce Da 5'9""",ERROR 404
football,😈FOOTBALL HYPE UP😈,https://open.spotify.com/playlist/58R6T4wUmeND88N98guzTR,BACKR00MS (with Travis Scott),"Playboi Carti, Travis Scott",MUSIC - SORRY 4 DA WAIT
football,😈FOOTBALL HYPE UP😈,https://open.spotify.com/playlist/58R6T4wUmeND88N98guzTR,Money On Money (feat. Future),"Young Thug, Future",Money On Money (feat. Future)
football,😈FOOTBALL HYPE UP😈,https://open.spotify.com/playlist/58R6T4wUmeND88N98guzTR,PHILLY (with Travis Scott),"Playboi Carti, Travis Scott",MUSIC
football,😈FOOTBALL HYPE UP😈,https://open.spotify.com/playlist/58R6T4wUmeND88N98guzTR,Mamacita (feat. Rich Homie Quan & Young Thug),"Travis Scott, Rich Homie Quan, Young Thug",DAYS BEFORE RODEO
football,😈FOOTBALL HYPE UP😈,https://open.spotify.com/playlist/58R6T4wUmeND88N98guzTR,Shot Callin,YoungBoy Never Broke Again,Shot Callin
football,😈FOOTBALL HYPE UP😈,https://open.spotify.com/playlist/58R6T4wUmeND88N98guzTR,Brain Stew,Green Day,Insomniac
football,😈FOOTBALL HYPE UP😈,https://open.spotify.com/playlist/58R6T4wUmeND88N98guzTR,Enter Sandman (Remastered),Metallica,Metallica (Remastered)
football,😈FOOTBALL HYPE UP😈,https://open.spotify.com/playlist/58R6T4wUmeND88N98guzTR,Come As You Are,Nirvana,Nevermind (Remastered)
football,😈FOOTBALL HYPE UP😈,https://open.spotify.com/playlist/58R6T4wUmeND88N98guzTR,Black Hole Sun,Soundgarden,Superunknown (Deluxe Edition)
football,😈FOOTBALL HYPE UP😈,https://open.spotify.com/playlist/58R6T4wUmeND88N98guzTR,God's Gonna Cut You Down,Johnny Cash,American V: A Hundred Highways
football,😈FOOTBALL HYPE UP😈,https://open.spotify.com/playlist/58R6T4wUmeND88N98guzTR,Illuminate (feat. Kendrick Lamar),"Ab-Soul, Kendrick Lamar",Control System
football,😈FOOTBALL HYPE UP😈,https://open.spotify.com/playlist/58R6T4wUmeND88N98guzTR,Rolex,Ayo & Teo,Rolex
football,😈FOOTBALL HYPE UP😈,https://open.spotify.com/playlist/58R6T4wUmeND88N98guzTR,GOOD CREDIT (with Kendrick Lamar),"Playboi Carti, Kendrick Lamar",MUSIC
football,😈FOOTBALL HYPE UP😈,https://open.spotify.com/playlist/58R6T4wUmeND88N98guzTR,Monster,"Kanye West, JAY-Z, Rick Ross, Nicki Minaj, Bon Iver",My Beautiful Dark Twisted Fantasy
football,😈FOOTBALL HYPE UP😈,https://open.spotify.com/playlist/58R6T4wUmeND88N98guzTR,Hot In Herre,Nelly,Nellyville
football,😈FOOTBALL HYPE UP😈,https://open.spotify.com/playlist/58R6T4wUmeND88N98guzTR,CHAMPAIN & VACAY,"Travis Scott, Don Toliver",CHAMPAIN & VACAY
football,😈FOOTBALL HYPE UP😈,https://open.spotify.com/playlist/58R6T4wUmeND88N98guzTR,Laughin' To The Bank,Chief Keef,Finally Rich
football,😈FOOTBALL HYPE UP😈,https://open.spotify.com/playlist/58R6T4wUmeND88N98guzTR,Turn My Swag On,Soulja Boy,iSouljaBoyTellem
football,😈FOOTBALL HYPE UP😈,https://open.spotify.com/playlist/58R6T4wUmeND88N98guzTR,SHYNE,"Travis Scott, GloRilla",SHYNE
football,😈FOOTBALL HYPE UP😈,https://open.spotify.com/playlist/58R6T4wUmeND88N98guzTR,XO Tour Llif3,Lil Uzi Vert,Luv Is Rage 2
football,😈FOOTBALL HYPE UP😈,https://open.spotify.com/playlist/58R6T4wUmeND88N98guzTR,Freak Hoe,Speaker Knockerz,Married to the Money
football,😈FOOTBALL HYPE UP😈,https://open.spotify.com/playlist/58R6T4wUmeND88N98guzTR,THE SCOTTS,"THE SCOTTS, Travis Scott, Kid Cudi",THE SCOTTS
football,😈FOOTBALL HYPE UP😈,https://open.spotify.com/playlist/58R6T4wUmeND88N98guzTR,The London (feat. J. Cole & Travis Scott),"Young Thug, J. Cole, Travis Scott",So Much Fun
football,😈FOOTBALL HYPE UP😈,https://open.spotify.com/playlist/58R6T4wUmeND88N98guzTR,Way 2 Sexy (with Future & Young Thug),"Drake, Future, Young Thug",Certified Lover Boy
football,😈FOOTBALL HYPE UP😈,https://open.spotify.com/playlist/58R6T4wUmeND88N98guzTR,MVP,BashfortheWorld,Migo In America
football,😈FOOTBALL HYPE UP😈,https://open.spotify.com/playlist/58R6T4wUmeND88N98guzTR,I'm a Dog,Kevin Gates,I'm a Dog
football,😈FOOTBALL HYPE UP😈,https://open.spotify.com/playlist/58R6T4wUmeND88N98guzTR,TOXIC (with Skepta),"Playboi Carti, Skepta",MUSIC
football,😈FOOTBALL HYPE UP😈,https://open.spotify.com/playlist/58R6T4wUmeND88N98guzTR,Grace (feat. 42 Dugg),"Lil Baby, 42 Dugg",My Turn
football,😈FOOTBALL HYPE UP😈,https://open.spotify.com/playlist/58R6T4wUmeND88N98guzTR,Evil Twins (feat. SleazyWorld Go),"81HUNDO, SleazyWorld Go",Neighborhood Nephew
football,😈FOOTBALL HYPE UP😈,https://open.spotify.com/playlist/58R6T4wUmeND88N98guzTR,Kentucky Love,"Bfb Da Packman, Babyfxce E, KrispyLife Kidd",Forget Me Not
football,😈FOOTBALL HYPE UP😈,https://open.spotify.com/playlist/58R6T4wUmeND88N98guzTR,Big Gangsta,Kevin Gates,Big Gangsta
football,😈FOOTBALL HYPE UP😈,https://open.spotify.com/playlist/58R6T4wUmeND88N98guzTR,Hard in Da Paint,Waka Flocka Flame,Flockaveli
football,😈FOOTBALL HYPE UP😈,https://open.spotify.com/playlist/58R6T4wUmeND88N98guzTR,Jugg,Young Nudy,Slimeball
football,😈FOOTBALL HYPE UP😈,https://open.spotify.com/playlist/58R6T4wUmeND88N98guzTR,Skrilla,Kodak Black,Skrilla
football,🏈Football pump up clean🏈,https://open.spotify.com/playlist/6NOTLRIeCvJ14Y0NFFuL0q,Here Comes The Boom,"E-Force, Sub Zero Project",The Edge Of Insanity
football,🏈Football pump up clean🏈,https://open.spotify.com/playlist/6NOTLRIeCvJ14Y0NFFuL0q,Remember the Name (feat. Styles of Beyond),"Fort Minor, Styles Of Beyond",The Rising Tied
football,🏈Football pump up clean🏈,https://open.spotify.com/playlist/6NOTLRIeCvJ14Y0NFFuL0q,We Will Rock You,Queen,News Of The World
football,🏈Football pump up clean🏈,https://open.spotify.com/playlist/6NOTLRIeCvJ14Y0NFFuL0q,Seven Nation Army,The White Stripes,Elephant
football,🏈Football pump up clean🏈,https://open.spotify.com/playlist/6NOTLRIeCvJ14Y0NFFuL0q,Thrift Shop (feat. Wanz),"Macklemore & Ryan Lewis, Macklemore, Ryan Lewis, Wanz",The Heist
football,🏈Football pump up clean🏈,https://open.spotify.com/playlist/6NOTLRIeCvJ14Y0NFFuL0q,Godzilla (feat. Juice WRLD),"Eminem, Juice WRLD",Music To Be Murdered By
football,🏈Football pump up clean🏈,https://open.spotify.com/playlist/6NOTLRIeCvJ14Y0NFFuL0q,Stronger,Kanye West,Graduation
football,🏈Football pump up clean🏈,https://open.spotify.com/playlist/6NOTLRIeCvJ14Y0NFFuL0q,Runnin,"21 Savage, Metro Boomin",SAVAGE MODE II
football,🏈Football pump up clean🏈,https://open.spotify.com/playlist/6NOTLRIeCvJ14Y0NFFuL0q,HUMBLE.,Kendrick Lamar,DAMN.
football,🏈Football pump up clean🏈,https://open.spotify.com/playlist/6NOTLRIeCvJ14Y0NFFuL0q,6 Foot 7 Foot - Edited Version,"Lil Wayne, Cory Gunz",Tha Carter IV (Edited Version)
football,🏈Football pump up clean🏈,https://open.spotify.com/playlist/6NOTLRIeCvJ14Y0NFFuL0q,Still D.R.E.,"Dr. Dre, Snoop Dogg",2001
football,🏈Football pump up clean🏈,https://open.spotify.com/playlist/6NOTLRIeCvJ14Y0NFFuL0q,Spinnin,"Connor Price, Bens",Spinnin
football,🏈Football pump up clean🏈,https://open.spotify.com/playlist/6NOTLRIeCvJ14Y0NFFuL0q,POWER - Album Version (Edited),Kanye West,My Beautiful Dark Twisted Fantasy
football,🏈Football pump up clean🏈,https://open.spotify.com/playlist/6NOTLRIeCvJ14Y0NFFuL0q,Black and Yellow,Wiz Khalifa,Rolling Papers
football,🏈Football pump up clean🏈,https://open.spotify.com/playlist/6NOTLRIeCvJ14Y0NFFuL0q,We Own It (Fast & Furious),"2 Chainz, Wiz Khalifa",B.O.A.T.S. II #METIME (Deluxe)
football,🏈Football pump up clean🏈,https://open.spotify.com/playlist/6NOTLRIeCvJ14Y0NFFuL0q,Goosebumps - Remix,"Travis Scott, HVME",Goosebumps (Remix)
football,🏈Football pump up clean🏈,https://open.spotify.com/playlist/6NOTLRIeCvJ14Y0NFFuL0q,"Work Hard, Play Hard",Wiz Khalifa,"Work Hard, Play Hard"
football,🏈Football pump up clean🏈,https://open.spotify.com/playlist/6NOTLRIeCvJ14Y0NFFuL0q,Numb / Encore,"JAY-Z, Linkin Park",Numb / Encore: MTV Ultimate Mash-Ups Presents Collision Course
football,🏈Football pump up clean🏈,https://open.spotify.com/playlist/6NOTLRIeCvJ14Y0NFFuL0q,Holy Moly (feat. NLE Choppa),"Blueface, NLE Choppa",Find The Beat
football,🏈Football pump up clean🏈,https://open.spotify.com/playlist/6NOTLRIeCvJ14Y0NFFuL0q,"Gang Up (with Young Thug, 2 Chainz & Wiz Khalifa feat. PnB Rock)","Young Thug, 2 Chainz, Wiz Khalifa, PnB Rock",The Fate of the Furious: The Album
football,🏈Football pump up clean🏈,https://open.spotify.com/playlist/6NOTLRIeCvJ14Y0NFFuL0q,X Gon' Give It To Ya,DMX,The Definition Of X: Pick Of The Litter
football,🏈Football pump up clean🏈,https://open.spotify.com/playlist/6NOTLRIeCvJ14Y0NFFuL0q,In the Zone,P.L.,In the Zone
football,🏈Football pump up clean🏈,https://open.spotify.com/playlist/6NOTLRIeCvJ14Y0NFFuL0q,We Ready,"Rasheeda, Archie",A Ghetto Dream (Clean)
football,🏈Football pump up clean🏈,https://open.spotify.com/playlist/6NOTLRIeCvJ14Y0NFFuL0q,All The Way Up (feat. Infared),"Fat Joe, Remy Ma, French Montana, InfaRed",All The Way Up (feat. Infared)
football,🏈Football pump up clean🏈,https://open.spotify.com/playlist/6NOTLRIeCvJ14Y0NFFuL0q,Go Hard or Go Home,"Wiz Khalifa, Iggy Azalea",Go Hard or Go Home
football,🏈Football pump up clean🏈,https://open.spotify.com/playlist/6NOTLRIeCvJ14Y0NFFuL0q,In the End,Linkin Park,Hybrid Theory
football,🏈Football pump up clean🏈,https://open.spotify.com/playlist/6NOTLRIeCvJ14Y0NFFuL0q,The Beast,Tech N9ne,The Beast - Single
football,🏈Football pump up clean🏈,https://open.spotify.com/playlist/6NOTLRIeCvJ14Y0NFFuL0q,Reckless Paradise,Billy Talent,Crisis of Faith
football,🏈Football pump up clean🏈,https://open.spotify.com/playlist/6NOTLRIeCvJ14Y0NFFuL0q,Lose Yourself,Eminem,SHADYXV
football,🏈Football pump up clean🏈,https://open.spotify.com/playlist/6NOTLRIeCvJ14Y0NFFuL0q,Fast Lane,Bad Meets Evil,Hell: The Sequel (Deluxe)
football,🏈Football pump up clean🏈,https://open.spotify.com/playlist/6NOTLRIeCvJ14Y0NFFuL0q,Gladiator,Zayde Wølf,Modern Alchemy
football,🏈Football pump up clean🏈,https://open.spotify.com/playlist/6NOTLRIeCvJ14Y0NFFuL0q,"Arise (From Marvel's ""Cloak & Dagger"")",The Seige,"Arise (From Marvel's ""Cloak & Dagger"")"
football,🏈Football pump up clean🏈,https://open.spotify.com/playlist/6NOTLRIeCvJ14Y0NFFuL0q,Centuries - Remix,"Fall Out Boy, Juicy J, Jonathan ""JR"" Rotem",Make America Psycho Again
football,🏈Football pump up clean🏈,https://open.spotify.com/playlist/6NOTLRIeCvJ14Y0NFFuL0q,"Clear Eyes, Full Heart, Can't Lose",T. Powell,Game Day Motivation
football,🏈Football pump up clean🏈,https://open.spotify.com/playlist/6NOTLRIeCvJ14Y0NFFuL0q,"Shell Shocked (feat. Kill the Noise & Madsonik) - From ""Teenage Mutant Ninja Turtles""","Juicy J, Wiz Khalifa, Ty Dolla $ign, Kill The Noise, Madsonik","Shell Shocked (feat. Kill the Noise & Madsonik) [From ""Teenage Mutant Ninja Turtles""]"
football,🏈Football pump up clean🏈,https://open.spotify.com/playlist/6NOTLRIeCvJ14Y0NFFuL0q,'Till I Collapse,"Eminem, Nate Dogg",The Eminem Show (Edited Version)
football,🏈Football pump up clean🏈,https://open.spotify.com/playlist/6NOTLRIeCvJ14Y0NFFuL0q,In Da Club,50 Cent,Get Rich Or Die Tryin
football,🏈Football pump up clean🏈,https://open.spotify.com/playlist/6NOTLRIeCvJ14Y0NFFuL0q,Still in the Zone,P.L.,Anthems
football,🏈Football pump up clean🏈,https://open.spotify.com/playlist/6NOTLRIeCvJ14Y0NFFuL0q,Can't be touched (Remix),"2piece, Body Head Bangerz",Can't be touched (Remix)
football,🏈Football pump up clean🏈,https://open.spotify.com/playlist/6NOTLRIeCvJ14Y0NFFuL0q,WHATS POPPIN,Jack Harlow,Sweet Action
football,🏈Football pump up clean🏈,https://open.spotify.com/playlist/6NOTLRIeCvJ14Y0NFFuL0q,Jungle - Remix,"X Ambassadors, Jamie N Commons, JAY-Z",Jungle (Remix)
football,🏈Football pump up clean🏈,https://open.spotify.com/playlist/6NOTLRIeCvJ14Y0NFFuL0q,Typhoons,Royal Blood,Typhoons
football,🏈Football pump up clean🏈,https://open.spotify.com/playlist/6NOTLRIeCvJ14Y0NFFuL0q,"All I Do Is Win (feat. T-Pain, Ludacris, Snoop Dogg & Rick Ross)",DJ Khaled,"All I Do Is Win (feat. T-Pain, Ludacris, Snoop Dogg & Rick Ross)"
football,🏈Football pump up clean🏈,https://open.spotify.com/playlist/6NOTLRIeCvJ14Y0NFFuL0q,Legend,The Score,ATLAS
football,🏈Football pump up clean🏈,https://open.spotify.com/playlist/6NOTLRIeCvJ14Y0NFFuL0q,Welcome To The Jungle,Guns N' Roses,Greatest Hits
football,🏈Football pump up clean🏈,https://open.spotify.com/playlist/6NOTLRIeCvJ14Y0NFFuL0q,Enter Sandman,Metallica,Metallica
football,🏈Football pump up clean🏈,https://open.spotify.com/playlist/6NOTLRIeCvJ14Y0NFFuL0q,Born For This,The Score,Carry On
football,🏈Football pump up clean🏈,https://open.spotify.com/playlist/6NOTLRIeCvJ14Y0NFFuL0q,Ballin,Logic,Uncle Drew (Original Motion Picture Soundtrack)
football,🏈Football pump up clean🏈,https://open.spotify.com/playlist/6NOTLRIeCvJ14Y0NFFuL0q,Last Breath,Future,CREED: Original Motion Picture Soundtrack
football,🏈Football pump up clean🏈,https://open.spotify.com/playlist/6NOTLRIeCvJ14Y0NFFuL0q,Push It - Album Version (Edited),Rick Ross,Port Of Miami
football,🏈Football pump up clean🏈,https://open.spotify.com/playlist/6NOTLRIeCvJ14Y0NFFuL0q,Purple Lamborghini,"Skrillex, Rick Ross",Suicide Squad: The Album
football,🏈Football pump up clean🏈,https://open.spotify.com/playlist/6NOTLRIeCvJ14Y0NFFuL0q,My Songs Know What You Did In The Dark (Light Em Up),Fall Out Boy,Save Rock And Roll
football,🏈Football pump up clean🏈,https://open.spotify.com/playlist/6NOTLRIeCvJ14Y0NFFuL0q,Hold Me Back,KB,Hold Me Back
football,🏈Football pump up clean🏈,https://open.spotify.com/playlist/6NOTLRIeCvJ14Y0NFFuL0q,"You're Gonna Go Far, Kid",The Offspring,"Rise And Fall, Rage And Grace"
football,🏈Football pump up clean🏈,https://open.spotify.com/playlist/6NOTLRIeCvJ14Y0NFFuL0q,Thunderstruck,AC/DC,The Razors Edge
football,🏈Football pump up clean🏈,https://open.spotify.com/playlist/6NOTLRIeCvJ14Y0NFFuL0q,What's Up Danger (with Black Caviar),"Blackway, Black Caviar",Spider-Man: Into the Spider-Verse (Soundtrack From & Inspired by the Motion Picture)
football,🏈Football pump up clean🏈,https://open.spotify.com/playlist/6NOTLRIeCvJ14Y0NFFuL0q,Gametime,Shepherd,Gametime
football,🏈Football pump up clean🏈,https://open.spotify.com/playlist/6NOTLRIeCvJ14Y0NFFuL0q,Ball so Hard,T. Powell,Game Day Motivation
football,🏈Football pump up clean🏈,https://open.spotify.com/playlist/6NOTLRIeCvJ14Y0NFFuL0q,Out thë way,Yeat,Lyfë
football,🏈Football pump up clean🏈,https://open.spotify.com/playlist/6NOTLRIeCvJ14Y0NFFuL0q,Bring Em Out,T.I.,Urban Legend
football,🏈Football pump up clean🏈,https://open.spotify.com/playlist/6NOTLRIeCvJ14Y0NFFuL0q,You Can't Stop Me,Andy Mineo,Never Land
football,🏈Football pump up clean🏈,https://open.spotify.com/playlist/6NOTLRIeCvJ14Y0NFFuL0q,Let's Go,JAXSON GAMBLE,Let's Go
football,🏈Football pump up clean🏈,https://open.spotify.com/playlist/6NOTLRIeCvJ14Y0NFFuL0q,Just Wanna Rock,Lil Uzi Vert,Just Wanna Rock
football,🏈Football pump up clean🏈,https://open.spotify.com/playlist/6NOTLRIeCvJ14Y0NFFuL0q,Warm Up,NF,Warm Up
football,🏈Football pump up clean🏈,https://open.spotify.com/playlist/6NOTLRIeCvJ14Y0NFFuL0q,Mask Off,Future,FUTURE
football,🏈Football pump up clean🏈,https://open.spotify.com/playlist/6NOTLRIeCvJ14Y0NFFuL0q,Come & Go (with Marshmello),"Juice WRLD, Marshmello",Come & Go (with Marshmello)
football,🏈Football pump up clean🏈,https://open.spotify.com/playlist/6NOTLRIeCvJ14Y0NFFuL0q,TOES (feat. Lil Baby & Moneybagg Yo),"DaBaby, Lil Baby, Moneybagg Yo",KIRK
football,🏈Football pump up clean🏈,https://open.spotify.com/playlist/6NOTLRIeCvJ14Y0NFFuL0q,Can't Hold Us (feat. Ray Dalton),"Macklemore, Ryan Lewis, Macklemore & Ryan Lewis, Ray Dalton",The Heist
football,🏈Football pump up clean🏈,https://open.spotify.com/playlist/6NOTLRIeCvJ14Y0NFFuL0q,Ball If I Want To,DaBaby,Ball If I Want To
football,🏈Football pump up clean🏈,https://open.spotify.com/playlist/6NOTLRIeCvJ14Y0NFFuL0q,BOP,DaBaby,KIRK
football,🏈Football pump up clean🏈,https://open.spotify.com/playlist/6NOTLRIeCvJ14Y0NFFuL0q,Superhero (Heroes & Villains) [with Future & Chris Brown],"Metro Boomin, Future, Chris Brown",HEROES & VILLAINS
football,🏈Football pump up clean🏈,https://open.spotify.com/playlist/6NOTLRIeCvJ14Y0NFFuL0q,Deep End Freestyle,"Sleepy Hallow, Fousheé",Deep End Freestyle
football,🏈Football pump up clean🏈,https://open.spotify.com/playlist/6NOTLRIeCvJ14Y0NFFuL0q,MIDDLE CHILD,J. Cole,MIDDLE CHILD
football,🏈Football pump up clean🏈,https://open.spotify.com/playlist/6NOTLRIeCvJ14Y0NFFuL0q,Going Bad (feat. Drake),"Meek Mill, Drake",Championships
football,🏈Football pump up clean🏈,https://open.spotify.com/playlist/6NOTLRIeCvJ14Y0NFFuL0q,Shotta Flow 5,NLE Choppa,Shotta Flow 5
football,🏈Football pump up clean🏈,https://open.spotify.com/playlist/6NOTLRIeCvJ14Y0NFFuL0q,Walk Em Down (feat. Roddy Ricch),"NLE Choppa, Roddy Ricch",Walk Em Down (feat. Roddy Ricch)
football,🏈Football pump up clean🏈,https://open.spotify.com/playlist/6NOTLRIeCvJ14Y0NFFuL0q,Jus bëtter,Yeat,2 Alivë
football,🏈Football pump up clean🏈,https://open.spotify.com/playlist/6NOTLRIeCvJ14Y0NFFuL0q,Flawlëss (feat. Lil Uzi Vert),Yeat,Lyfë
football,🏈Football pump up clean🏈,https://open.spotify.com/playlist/6NOTLRIeCvJ14Y0NFFuL0q,Chatter,Connor Price,Chatter
football,🏈Football pump up clean🏈,https://open.spotify.com/playlist/6NOTLRIeCvJ14Y0NFFuL0q,The Search - Edit,NF,The Search (Edit)
football,🏈Football pump up clean🏈,https://open.spotify.com/playlist/6NOTLRIeCvJ14Y0NFFuL0q,Got It On Me,Pop Smoke,Shoot For The Stars Aim For The Moon
football,🏈Football pump up clean🏈,https://open.spotify.com/playlist/6NOTLRIeCvJ14Y0NFFuL0q,Hustlin',Rick Ross,Port Of Miami
football,🏈Football pump up clean🏈,https://open.spotify.com/playlist/6NOTLRIeCvJ14Y0NFFuL0q,Headshot (feat. Polo G & Fivio Foreign),"Lil Tjay, Polo G, Fivio Foreign",Destined 2 Win
football,🏈Football pump up clean🏈,https://open.spotify.com/playlist/6NOTLRIeCvJ14Y0NFFuL0q,Remember This,NF,Perception
football,🏈Football pump up clean🏈,https://open.spotify.com/playlist/6NOTLRIeCvJ14Y0NFFuL0q,Trophies,"Young Money, Drake",Rise Of An Empire
football,🏈Football pump up clean🏈,https://open.spotify.com/playlist/6NOTLRIeCvJ14Y0NFFuL0q,Ridin' - Album Version (Edited),"Chamillionaire, Krayzie Bone",The Sound of Revenge
football,🏈Football pump up clean🏈,https://open.spotify.com/playlist/6NOTLRIeCvJ14Y0NFFuL0q,Put On - Album Version (Edited),"Jeezy, Kanye West",The Recession
football,🏈Football pump up clean🏈,https://open.spotify.com/playlist/6NOTLRIeCvJ14Y0NFFuL0q,Panda,Desiigner,Panda
football,🏈Football pump up clean🏈,https://open.spotify.com/playlist/6NOTLRIeCvJ14Y0NFFuL0q,0 To 100 / The Catch Up,Drake,0 To 100 / The Catch Up
football,🏈Football pump up clean🏈,https://open.spotify.com/playlist/6NOTLRIeCvJ14Y0NFFuL0q,Unstoppable,The Score,ATLAS
football,🏈Football pump up clean🏈,https://open.spotify.com/playlist/6NOTLRIeCvJ14Y0NFFuL0q,Fighter,The Score,Metamorph
football,🏈Football pump up clean🏈,https://open.spotify.com/playlist/6NOTLRIeCvJ14Y0NFFuL0q,Enemies,The Score,Metamorph
football,🏈Football pump up clean🏈,https://open.spotify.com/playlist/6NOTLRIeCvJ14Y0NFFuL0q,family ties (with Kendrick Lamar),"Baby Keem, Kendrick Lamar",family ties (with Kendrick Lamar)
football,🏈Football pump up clean🏈,https://open.spotify.com/playlist/6NOTLRIeCvJ14Y0NFFuL0q,Tick Tick Boom (feat. BygTwo3) - From 'SCOOB!' The Album,"Sage The Gemini, BygTwo3",Tick Tick Boom (feat. BygTwo3)
football,🏈Football pump up clean🏈,https://open.spotify.com/playlist/6NOTLRIeCvJ14Y0NFFuL0q,Drip Too Hard,"Lil Baby, Gunna","WORK HARD : Sport, Workout & Motivation"
football,🏈Football pump up clean🏈,https://open.spotify.com/playlist/6NOTLRIeCvJ14Y0NFFuL0q,Knife Talk (with 21 Savage ft. Project Pat),"Drake, 21 Savage, Project Pat",Certified Lover Boy
football,🏈Football pump up clean🏈,https://open.spotify.com/playlist/6NOTLRIeCvJ14Y0NFFuL0q,Hmmm,Hott Headzz,Hmmm - Single
football,🏈Football pump up clean🏈,https://open.spotify.com/playlist/6NOTLRIeCvJ14Y0NFFuL0q,Go Stupid (feat. NLE Choppa & Mike WiLL Made-It),"Polo G, Stunna 4 Vegas, NLE Choppa, Mike WiLL Made-It",THE GOAT
football,🏈Football pump up clean🏈,https://open.spotify.com/playlist/6NOTLRIeCvJ14Y0NFFuL0q,umean,Gunna,a Gift & a Curse
football,🏈Football pump up clean🏈,https://open.spotify.com/playlist/6NOTLRIeCvJ14Y0NFFuL0q,Lucid Dreams,Juice WRLD,Lucid Dreams
football,🏈Football pump up clean🏈,https://open.spotify.com/playlist/6NOTLRIeCvJ14Y0NFFuL0q,Ambition For Cash,Key Glock,Yellow Tape 2
football,🏈Football pump up clean🏈,https://open.spotify.com/playlist/6NOTLRIeCvJ14Y0NFFuL0q,"Annihilate (Spider-Man: Across the Spider-Verse) (Metro Boomin & Swae Lee, Lil Wayne, Offset)","Metro Boomin, Swae Lee, Lil Wayne, Offset",METRO BOOMIN PRESENTS SPIDER-MAN: ACROSS THE SPIDER-VERSE (SOUNDTRACK FROM AND INSPIRED BY THE MOTION PICTURE)
football,🏈Football pump up clean🏈,https://open.spotify.com/playlist/6NOTLRIeCvJ14Y0NFFuL0q,Crank That (Soulja Boy),Soulja Boy,souljaboytellem.com
football,🏈Football pump up clean🏈,https://open.spotify.com/playlist/6NOTLRIeCvJ14Y0NFFuL0q,Dior,Pop Smoke,Meet The Woo
football,🏈Football pump up clean🏈,https://open.spotify.com/playlist/6NOTLRIeCvJ14Y0NFFuL0q,Look At Me!,XXXTENTACION,Look At Me!
football,🏈Football pump up clean🏈,https://open.spotify.com/playlist/6NOTLRIeCvJ14Y0NFFuL0q,Scared of the Dark (feat. XXXTENTACION),"Lil Wayne, Ty Dolla $ign, XXXTENTACION",Spider-Man: Into the Spider-Verse (Soundtrack From & Inspired by the Motion Picture)
football,🏈Football pump up clean🏈,https://open.spotify.com/playlist/6NOTLRIeCvJ14Y0NFFuL0q,Swervin (feat. 6ix9ine),"A Boogie Wit da Hoodie, 6ix9ine",Hoodie SZN
football,🏈Football pump up clean🏈,https://open.spotify.com/playlist/6NOTLRIeCvJ14Y0NFFuL0q,Back in Blood (feat. Lil Durk),"Pooh Shiesty, Lil Durk",Back In Blood (feat. Lil Durk)
football,🏈Football pump up clean🏈,https://open.spotify.com/playlist/6NOTLRIeCvJ14Y0NFFuL0q,God's Plan,Drake,Scorpion
football,🏈Football pump up clean🏈,https://open.spotify.com/playlist/6NOTLRIeCvJ14Y0NFFuL0q,Ransom (with Juice WRLD) - Remix,"Lil Tecca, Juice WRLD",We Love You Tecca
football,🏈Football pump up clean🏈,https://open.spotify.com/playlist/6NOTLRIeCvJ14Y0NFFuL0q,ROCKSTAR (feat. Roddy Ricch),"DaBaby, Roddy Ricch",BLAME IT ON BABY
football,🏈Football pump up clean🏈,https://open.spotify.com/playlist/6NOTLRIeCvJ14Y0NFFuL0q,Martin & Gina,Polo G,THE GOAT
football,🏈Football pump up clean🏈,https://open.spotify.com/playlist/6NOTLRIeCvJ14Y0NFFuL0q,Runaway - Album Version (Edited),"Kanye West, Pusha T",My Beautiful Dark Twisted Fantasy
football,🏈Football pump up clean🏈,https://open.spotify.com/playlist/6NOTLRIeCvJ14Y0NFFuL0q,BUTTERFLY EFFECT,Travis Scott,ASTROWORLD
football,🏈Football pump up clean🏈,https://open.spotify.com/playlist/6NOTLRIeCvJ14Y0NFFuL0q,Deli,Ice Spice,Like..? (Deluxe)
football,🏈Football pump up clean🏈,https://open.spotify.com/playlist/6NOTLRIeCvJ14Y0NFFuL0q,Can't Tell Me Nothing,Kanye West,Graduation
football,🏈Football pump up clean🏈,https://open.spotify.com/playlist/6NOTLRIeCvJ14Y0NFFuL0q,Toosie Slide,Drake,Toosie Slide
football,🏈Football pump up clean🏈,https://open.spotify.com/playlist/6NOTLRIeCvJ14Y0NFFuL0q,Sum 2 Prove,Lil Baby,Sum 2 Prove
football,🏈Football pump up clean🏈,https://open.spotify.com/playlist/6NOTLRIeCvJ14Y0NFFuL0q,PTSD,"G Herbo, Juice WRLD, Lil Uzi Vert, Chance the Rapper",PTSD
football,🏈Football pump up clean🏈,https://open.spotify.com/playlist/6NOTLRIeCvJ14Y0NFFuL0q,When I Grow Up,NF,When I Grow Up
football,🏈Football pump up clean🏈,https://open.spotify.com/playlist/6NOTLRIeCvJ14Y0NFFuL0q,All Girls Are The Same,Juice WRLD,Goodbye & Good Riddance (Anniversary)
football,🏈Football pump up clean🏈,https://open.spotify.com/playlist/6NOTLRIeCvJ14Y0NFFuL0q,The Grinch,Trippie Redd,A Love Letter To You 4
football,🏈Football pump up clean🏈,https://open.spotify.com/playlist/6NOTLRIeCvJ14Y0NFFuL0q,Glock In My Lap,"21 Savage, Metro Boomin",SAVAGE MODE II
football,🏈Football pump up clean🏈,https://open.spotify.com/playlist/6NOTLRIeCvJ14Y0NFFuL0q,All My Life (feat. J. Cole),"Lil Durk, J. Cole",All My Life (feat. J. Cole)
football,🏈Football pump up clean🏈,https://open.spotify.com/playlist/6NOTLRIeCvJ14Y0NFFuL0q,KNIGHT CRAWLER,"Trippie Redd, Juice WRLD",MANSION MUSIK
football,🏈Football pump up clean🏈,https://open.spotify.com/playlist/6NOTLRIeCvJ14Y0NFFuL0q,Whoopty,CJ,Whoopty
football,🏈Football pump up clean🏈,https://open.spotify.com/playlist/6NOTLRIeCvJ14Y0NFFuL0q,500lbs,Lil Tecca,500lbs
football,🏈Football pump up clean🏈,https://open.spotify.com/playlist/6NOTLRIeCvJ14Y0NFFuL0q,6locc 6a6y (feat. NLE Choppa) - Remix,"Lil Loaded, NLE Choppa",6locc 6a6y (feat. NLE Choppa) [Remix]
football,🏈Football pump up clean🏈,https://open.spotify.com/playlist/6NOTLRIeCvJ14Y0NFFuL0q,Out thë way,Yeat,Lyfë
football,🏈Football pump up clean🏈,https://open.spotify.com/playlist/6NOTLRIeCvJ14Y0NFFuL0q,First Day Out,Tee Grizzley,My Moment
football,🏈Football pump up clean🏈,https://open.spotify.com/playlist/6NOTLRIeCvJ14Y0NFFuL0q,Run This Town,"JAY-Z, Rihanna, Kanye West",The Blueprint 3
football,🏈Football pump up clean🏈,https://open.spotify.com/playlist/6NOTLRIeCvJ14Y0NFFuL0q,MONTAGEM TOMADA - Extremely Slowed,MXZI,MONTAGEM TOMADA (Remixes)
football,🏈Football pump up clean🏈,https://open.spotify.com/playlist/6NOTLRIeCvJ14Y0NFFuL0q,Bent,"41, Kyle Richh, Jenn Carter, TaTa",Bent
football,HARDEST Football Pre Game🏈 (2024),https://open.spotify.com/playlist/3fMk9slscxu9eKz87rAUXI,Love Sosa,Chief Keef,Finally Rich
football,HARDEST Football Pre Game🏈 (2024),https://open.spotify.com/playlist/3fMk9slscxu9eKz87rAUXI,Yes Sir,Chief Keef,4NEM
football,HARDEST Football Pre Game🏈 (2024),https://open.spotify.com/playlist/3fMk9slscxu9eKz87rAUXI,Don't Play That,"King Von, 21 Savage",What It Means To Be King
football,HARDEST Football Pre Game🏈 (2024),https://open.spotify.com/playlist/3fMk9slscxu9eKz87rAUXI,Crazy Story,King Von,"Grandson, Vol. 1"
football,HARDEST Football Pre Game🏈 (2024),https://open.spotify.com/playlist/3fMk9slscxu9eKz87rAUXI,"Crazy Story, Pt. 3",King Von,"Grandson, Vol. 1"
football,HARDEST Football Pre Game🏈 (2024),https://open.spotify.com/playlist/3fMk9slscxu9eKz87rAUXI,Knife Talk (with 21 Savage ft. Project Pat),"Drake, 21 Savage, Project Pat",Certified Lover Boy
football,HARDEST Football Pre Game🏈 (2024),https://open.spotify.com/playlist/3fMk9slscxu9eKz87rAUXI,Bitch Let's Do It,YoungBoy Never Broke Again,Richest Opp
football,HARDEST Football Pre Game🏈 (2024),https://open.spotify.com/playlist/3fMk9slscxu9eKz87rAUXI,Drip or Drown,Gunna,Drip or Drown
football,HARDEST Football Pre Game🏈 (2024),https://open.spotify.com/playlist/3fMk9slscxu9eKz87rAUXI,New Opp,Sha Gz,It's That Sha Gz...
football,HARDEST Football Pre Game🏈 (2024),https://open.spotify.com/playlist/3fMk9slscxu9eKz87rAUXI,PSA,Kay Flock,The D.O.A. Tape
football,HARDEST Football Pre Game🏈 (2024),https://open.spotify.com/playlist/3fMk9slscxu9eKz87rAUXI,Pure Cocaine,Lil Baby,Street Gossip
football,HARDEST Football Pre Game🏈 (2024),https://open.spotify.com/playlist/3fMk9slscxu9eKz87rAUXI,BookBag 2.0 (feat. Polo G),"BigKayBeezy, Polo G",Bad Intentions
football,HARDEST Football Pre Game🏈 (2024),https://open.spotify.com/playlist/3fMk9slscxu9eKz87rAUXI,"Switch it Up (feat. G Herbo, No More Heroes)","Pooh Shiesty, G Herbo, No More Heroes",Shiesty Season - Spring Deluxe
football,HARDEST Football Pre Game🏈 (2024),https://open.spotify.com/playlist/3fMk9slscxu9eKz87rAUXI,Save That Shit,"Chief Keef, Soulja Boy",Back from the Dead
football,HARDEST Football Pre Game🏈 (2024),https://open.spotify.com/playlist/3fMk9slscxu9eKz87rAUXI,Out My Body,Lil Loaded,6locc 6a6y
football,HARDEST Football Pre Game🏈 (2024),https://open.spotify.com/playlist/3fMk9slscxu9eKz87rAUXI,6locc 6a6y,Lil Loaded,6locc 6a6y
football,HARDEST Football Pre Game🏈 (2024),https://open.spotify.com/playlist/3fMk9slscxu9eKz87rAUXI,Gang Unit,Lil Loaded,6locc 6a6y
football,HARDEST Football Pre Game🏈 (2024),https://open.spotify.com/playlist/3fMk9slscxu9eKz87rAUXI,Neva Cared,Polo G,Neva Cared
football,HARDEST Football Pre Game🏈 (2024),https://open.spotify.com/playlist/3fMk9slscxu9eKz87rAUXI,Bank Account,21 Savage,Issa Album
football,HARDEST Football Pre Game🏈 (2024),https://open.spotify.com/playlist/3fMk9slscxu9eKz87rAUXI,Faneto,Chief Keef,Back from the Dead 2
football,HARDEST Football Pre Game🏈 (2024),https://open.spotify.com/playlist/3fMk9slscxu9eKz87rAUXI,MURDAMAN! (feat. Chief Keef),"YungManny, Chief Keef",OKANLAWON
football,HARDEST Football Pre Game🏈 (2024),https://open.spotify.com/playlist/3fMk9slscxu9eKz87rAUXI,Red Nation,"The Game, Lil Wayne",The R.E.D. Album
football,HARDEST Football Pre Game🏈 (2024),https://open.spotify.com/playlist/3fMk9slscxu9eKz87rAUXI,Is Ya Ready,Kay Flock,The D.O.A. Tape
football,HARDEST Football Pre Game🏈 (2024),https://open.spotify.com/playlist/3fMk9slscxu9eKz87rAUXI,Immortal,21 Savage,Immortal
football,HARDEST Football Pre Game🏈 (2024),https://open.spotify.com/playlist/3fMk9slscxu9eKz87rAUXI,War,Chief Keef,"The Leek, Vol. 1"
football,HARDEST Football Pre Game🏈 (2024),https://open.spotify.com/playlist/3fMk9slscxu9eKz87rAUXI,Wicked Freestyle,Nardo Wick,Who is Nardo Wick?
football,HARDEST Football Pre Game🏈 (2024),https://open.spotify.com/playlist/3fMk9slscxu9eKz87rAUXI,Bustdown Rollie Avalanche,"Kai Cenat, NLE Choppa",Bustdown Rollie Avalanche
football,HARDEST Football Pre Game🏈 (2024),https://open.spotify.com/playlist/3fMk9slscxu9eKz87rAUXI,Hate Bein' Sober,"Chief Keef, 50 Cent, Wiz Khalifa",Finally Rich
football,HARDEST Football Pre Game🏈 (2024),https://open.spotify.com/playlist/3fMk9slscxu9eKz87rAUXI,Nonstop,Drake,Scorpion
football,HARDEST Football Pre Game🏈 (2024),https://open.spotify.com/playlist/3fMk9slscxu9eKz87rAUXI,YuNg BrAtZ,XXXTENTACION,Revenge
football,HARDEST Football Pre Game🏈 (2024),https://open.spotify.com/playlist/3fMk9slscxu9eKz87rAUXI,Take A Step Back,"Ski Mask The Slump God, XXXTENTACION",You Will Regret (Reloaded)
football,HARDEST Football Pre Game🏈 (2024),https://open.spotify.com/playlist/3fMk9slscxu9eKz87rAUXI,RIP Roach,"XXXTENTACION, Ski Mask The Slump God",Revenge
football,HARDEST Football Pre Game🏈 (2024),https://open.spotify.com/playlist/3fMk9slscxu9eKz87rAUXI,Mr. Glock,Key Glock,Yellow Tape
football,HARDEST Football Pre Game🏈 (2024),https://open.spotify.com/playlist/3fMk9slscxu9eKz87rAUXI,Laughin' To The Bank,Chief Keef,Finally Rich
football,HARDEST Football Pre Game🏈 (2024),https://open.spotify.com/playlist/3fMk9slscxu9eKz87rAUXI,My Choppa Hate Niggas,"21 Savage, Metro Boomin",Without Warning
football,HARDEST Football Pre Game🏈 (2024),https://open.spotify.com/playlist/3fMk9slscxu9eKz87rAUXI,No Heart,"21 Savage, Metro Boomin",Savage Mode
football,HARDEST Football Pre Game🏈 (2024),https://open.spotify.com/playlist/3fMk9slscxu9eKz87rAUXI,Still Trappin',"Lil Durk, King Von",The Voice
football,HARDEST Football Pre Game🏈 (2024),https://open.spotify.com/playlist/3fMk9slscxu9eKz87rAUXI,SHIRT,THOTTWAT,SHIRT
football,HARDEST Football Pre Game🏈 (2024),https://open.spotify.com/playlist/3fMk9slscxu9eKz87rAUXI,Shiesty Summer,Pooh Shiesty,Shiesty Summer
football,HARDEST Football Pre Game🏈 (2024),https://open.spotify.com/playlist/3fMk9slscxu9eKz87rAUXI,Live Sheck Wes,Sheck Wes,MUDBOY
football,HARDEST Football Pre Game🏈 (2024),https://open.spotify.com/playlist/3fMk9slscxu9eKz87rAUXI,Shoot It Out,Jdot Breezy,Almost There
football,HARDEST Football Pre Game🏈 (2024),https://open.spotify.com/playlist/3fMk9slscxu9eKz87rAUXI,Mo Bamba,Sheck Wes,MUDBOY
football,HARDEST Football Pre Game🏈 (2024),https://open.spotify.com/playlist/3fMk9slscxu9eKz87rAUXI,Russian Cream,Key Glock,Glock Bond
football,HARDEST Football Pre Game🏈 (2024),https://open.spotify.com/playlist/3fMk9slscxu9eKz87rAUXI,Twirlanta,22Gz,The Blixky Tape 2
football,HARDEST Football Pre Game🏈 (2024),https://open.spotify.com/playlist/3fMk9slscxu9eKz87rAUXI,EA (feat. 21 Savage),"Young Nudy, 21 Savage",SlimeBall 2
football,HARDEST Football Pre Game🏈 (2024),https://open.spotify.com/playlist/3fMk9slscxu9eKz87rAUXI,I Don't Like,"Chief Keef, Lil Reese",Finally Rich
football,College Football Gameday,https://open.spotify.com/playlist/5G7mNMysSRi1giK4uS9gUl,Seven Nation Army,The White Stripes,Elephant
football,College Football Gameday,https://open.spotify.com/playlist/5G7mNMysSRi1giK4uS9gUl,Can't Stop,Red Hot Chili Peppers,By the Way (Deluxe Edition)
football,College Football Gameday,https://open.spotify.com/playlist/5G7mNMysSRi1giK4uS9gUl,Tiger Walk Ft Knuck,T-Will,Undefeated
football,College Football Gameday,https://open.spotify.com/playlist/5G7mNMysSRi1giK4uS9gUl,Swag Surfin',"F.L.Y. (Fast Life Yungstaz), Easton",Jamboree
football,College Football Gameday,https://open.spotify.com/playlist/5G7mNMysSRi1giK4uS9gUl,Crazy Train,Ozzy Osbourne,Blizzard of Ozz (Expanded Edition)
football,College Football Gameday,https://open.spotify.com/playlist/5G7mNMysSRi1giK4uS9gUl,"All I Do Is Win - Feat. T-Pain, Ludacris, Snoop Dogg & Rick Ross",DJ Khaled,"All I Do Is Win (Feat. T-Pain, Ludacris, Snoop Dogg & Rick Ross)"
football,College Football Gameday,https://open.spotify.com/playlist/5G7mNMysSRi1giK4uS9gUl,Livin' On A Prayer,Bon Jovi,Cross Road
football,College Football Gameday,https://open.spotify.com/playlist/5G7mNMysSRi1giK4uS9gUl,Welcome To The Jungle,Guns N' Roses,Appetite For Destruction (Explicit Version)
football,College Football Gameday,https://open.spotify.com/playlist/5G7mNMysSRi1giK4uS9gUl,All the Above (feat. T-Pain),"Maino, T-Pain",If Tomorrow Comes...
football,College Football Gameday,https://open.spotify.com/playlist/5G7mNMysSRi1giK4uS9gUl,It's Goin' Down (feat. Nitti),"Yung Joc, NITTI",New Joc City
football,College Football Gameday,https://open.spotify.com/playlist/5G7mNMysSRi1giK4uS9gUl,Run This Town [Jay-Z + Rihanna + Kanye West],JAY-Z,The Blueprint 3
football,College Football Gameday,https://open.spotify.com/playlist/5G7mNMysSRi1giK4uS9gUl,The Show Goes On,Lupe Fiasco,Lasers (Deluxe Edition)
football,College Football Gameday,https://open.spotify.com/playlist/5G7mNMysSRi1giK4uS9gUl,Hells Bells,AC/DC,Back In Black
football,College Football Gameday,https://open.spotify.com/playlist/5G7mNMysSRi1giK4uS9gUl,Dream On,Aerosmith,The Very Best of Aerosmith: Devil's Got a New Disguise
football,College Football Gameday,https://open.spotify.com/playlist/5G7mNMysSRi1giK4uS9gUl,In The Air Tonight - 2015 Remastered,Phil Collins,Face Value (Deluxe Editon)
football,College Football Gameday,https://open.spotify.com/playlist/5G7mNMysSRi1giK4uS9gUl,Centuries,Fall Out Boy,Centuries
football,College Football Gameday,https://open.spotify.com/playlist/5G7mNMysSRi1giK4uS9gUl,All The Way Up (feat. Infared),"Fat Joe, Remy Ma, French Montana, InfaRed",All The Way Up (feat. Infared)
football,College Football Gameday,https://open.spotify.com/playlist/5G7mNMysSRi1giK4uS9gUl,Nah Mean,"Playboy Fresh, Rob49",Nah Mean
football,College Football Gameday,https://open.spotify.com/playlist/5G7mNMysSRi1giK4uS9gUl,First Time,YG Kayboe,First Time
football,College Football Gameday,https://open.spotify.com/playlist/5G7mNMysSRi1giK4uS9gUl,All The Way Turnt Up,"Roscoe Dash, Soulja Boy",All The Way Turnt Up
football,College Football Gameday,https://open.spotify.com/playlist/5G7mNMysSRi1giK4uS9gUl,We Ready,Archie Eversole,Ride Wit Me Dirty South Style
football,College Football Gameday,https://open.spotify.com/playlist/5G7mNMysSRi1giK4uS9gUl,Bring Em Out,T.I.,Urban Legend
football,College Football Gameday,https://open.spotify.com/playlist/5G7mNMysSRi1giK4uS9gUl,PRESHA,Spire,PRESHA
football,College Football Gameday,https://open.spotify.com/playlist/5G7mNMysSRi1giK4uS9gUl,Thunderstruck,AC/DC,The Razors Edge
football,College Football Gameday,https://open.spotify.com/playlist/5G7mNMysSRi1giK4uS9gUl,Party Like A Rock Star,SHOP BOYZ,Rockstar Mentality
football,College Football Gameday,https://open.spotify.com/playlist/5G7mNMysSRi1giK4uS9gUl,Let's Go (feat. Twista & Lil' Jon),"Trick Daddy, Lil Jon, Twista",Thug Matrimony: Married to the Streets
football,College Football Gameday,https://open.spotify.com/playlist/5G7mNMysSRi1giK4uS9gUl,Sandstorm - Radio Edit,Darude,Sandstorm
football,College Football Gameday,https://open.spotify.com/playlist/5G7mNMysSRi1giK4uS9gUl,Money and the Power,Kid Ink,My Own Lane
football,College Football Gameday,https://open.spotify.com/playlist/5G7mNMysSRi1giK4uS9gUl,SWITCH,"MGEE, Billy Khan",SWITCH
football,College Football Gameday,https://open.spotify.com/playlist/5G7mNMysSRi1giK4uS9gUl,Hell & Back,Kid Ink,Up & Away
football,College Football Gameday,https://open.spotify.com/playlist/5G7mNMysSRi1giK4uS9gUl,Way 2 Hot,MIGHTY LT,Way 2 Hot
football,College Football Gameday,https://open.spotify.com/playlist/5G7mNMysSRi1giK4uS9gUl,Trophies,"Young Money, Drake",Rise Of An Empire (Deluxe Edition)
football,College Football Gameday,https://open.spotify.com/playlist/5G7mNMysSRi1giK4uS9gUl,We Dem Boyz,Wiz Khalifa,Blacc Hollywood (Deluxe)
football,College Football Gameday,https://open.spotify.com/playlist/5G7mNMysSRi1giK4uS9gUl,Hellcat,"Quality Control, Quavo",Quality Control: Control The Streets Volume 1
football,College Football Gameday,https://open.spotify.com/playlist/5G7mNMysSRi1giK4uS9gUl,AZ,Smiley Tower,AZ
football,College Football Gameday,https://open.spotify.com/playlist/5G7mNMysSRi1giK4uS9gUl,Halftime (Stand Up and Get Crunk!),"Ying Yang Twins, Homebwoi",My Brother & Me
football,College Football Gameday,https://open.spotify.com/playlist/5G7mNMysSRi1giK4uS9gUl,Right Above It,"Lil Wayne, Drake",I Am Not A Human Being
football,College Football Gameday,https://open.spotify.com/playlist/5G7mNMysSRi1giK4uS9gUl,Do The John Wall,Troop 41,Do The John Wall
football,College Football Gameday,https://open.spotify.com/playlist/5G7mNMysSRi1giK4uS9gUl,Forever,"Drake, Kanye West, Lil Wayne, Eminem",Relapse: Refill
football,College Football Gameday,https://open.spotify.com/playlist/5G7mNMysSRi1giK4uS9gUl,Ima Boss (feat. Rick Ross),"Meek Mill, Rick Ross","MMG Presents: Self Made, Vol. 1"
football,College Football Gameday,https://open.spotify.com/playlist/5G7mNMysSRi1giK4uS9gUl,Back In Black,AC/DC,Back In Black
football,College Football Gameday,https://open.spotify.com/playlist/5G7mNMysSRi1giK4uS9gUl,Highway to Hell,AC/DC,Highway to Hell
football,College Football Gameday,https://open.spotify.com/playlist/5G7mNMysSRi1giK4uS9gUl,Ain't No Rest for the Wicked,Cage The Elephant,Cage The Elephant (Expanded Edition)
football,College Football Gameday,https://open.spotify.com/playlist/5G7mNMysSRi1giK4uS9gUl,Sweet Child O' Mine,Guns N' Roses,Appetite For Destruction
football,College Football Gameday,https://open.spotify.com/playlist/5G7mNMysSRi1giK4uS9gUl,Don't Stop Believin',Journey,Escape (Bonus Track Version)
football,College Football Gameday,https://open.spotify.com/playlist/5G7mNMysSRi1giK4uS9gUl,Kickstart My Heart,Mötley Crüe,Dr. Feelgood (Deluxe Version)
football,College Football Gameday,https://open.spotify.com/playlist/5G7mNMysSRi1giK4uS9gUl,Cum on Feel the Noize,Quiet Riot,Metal Health
football,College Football Gameday,https://open.spotify.com/playlist/5G7mNMysSRi1giK4uS9gUl,Eye of the Tiger,Survivor,Eye Of The Tiger
football,College Football Gameday,https://open.spotify.com/playlist/5G7mNMysSRi1giK4uS9gUl,6 Foot 7 Foot,"Lil Wayne, Cory Gunz",Tha Carter IV (Deluxe)
football,College Football Gameday,https://open.spotify.com/playlist/5G7mNMysSRi1giK4uS9gUl,Black and Yellow,Wiz Khalifa,Rolling Papers
football,College Football Gameday,https://open.spotify.com/playlist/5G7mNMysSRi1giK4uS9gUl,Throw It Up,"Lil Jon & The East Side Boyz, Pastor Troy",Kings Of Crunk
football,College Football Gameday,https://open.spotify.com/playlist/5G7mNMysSRi1giK4uS9gUl,Way 2 Sexy (with Future & Young Thug),"Drake, Future, Young Thug",Certified Lover Boy
football,College Football Gameday,https://open.spotify.com/playlist/5G7mNMysSRi1giK4uS9gUl,Up All Night,"Drake, Nicki Minaj",Thank Me Later
football,College Football Gameday,https://open.spotify.com/playlist/5G7mNMysSRi1giK4uS9gUl,South On Ya,Luke Combs,South On Ya
football,College Football Gameday,https://open.spotify.com/playlist/5G7mNMysSRi1giK4uS9gUl,Georgia Time,Riley Green,Georgia Time
football,College Football Gameday,https://open.spotify.com/playlist/5G7mNMysSRi1giK4uS9gUl,Welcome to the Show,Cody Johnson,Welcome to the Show
football,College Football Gameday,https://open.spotify.com/playlist/5G7mNMysSRi1giK4uS9gUl,Hicktown,Jason Aldean,Jason Aldean
football,College Football Gameday,https://open.spotify.com/playlist/5G7mNMysSRi1giK4uS9gUl,My Kinda Party,Jason Aldean,My Kinda Party
football,College Football Gameday,https://open.spotify.com/playlist/5G7mNMysSRi1giK4uS9gUl,All Of The Lights,Kanye West,My Beautiful Dark Twisted Fantasy
football,College Football Gameday,https://open.spotify.com/playlist/5G7mNMysSRi1giK4uS9gUl,Blunt Blowin,Lil Wayne,Tha Carter IV (Deluxe)
football,College Football Gameday,https://open.spotify.com/playlist/5G7mNMysSRi1giK4uS9gUl,family ties (with Kendrick Lamar),"Baby Keem, Kendrick Lamar",family ties (with Kendrick Lamar)
football,College Football Gameday,https://open.spotify.com/playlist/5G7mNMysSRi1giK4uS9gUl,Holy Grail,"JAY-Z, Justin Timberlake",Magna Carta... Holy Grail
football,College Football Gameday,https://open.spotify.com/playlist/5G7mNMysSRi1giK4uS9gUl,Knife Talk (with 21 Savage ft. Project Pat),"Drake, 21 Savage, Project Pat",Certified Lover Boy
football,College Football Gameday,https://open.spotify.com/playlist/5G7mNMysSRi1giK4uS9gUl,Lemonade,Gucci Mane,The State vs. Radric Davis (Deluxe)
football,College Football Gameday,https://open.spotify.com/playlist/5G7mNMysSRi1giK4uS9gUl,Low Down,Lil Baby,My Turn (Deluxe)
football,College Football Gameday,https://open.spotify.com/playlist/5G7mNMysSRi1giK4uS9gUl,March Madness,Future,56 Nights
football,College Football Gameday,https://open.spotify.com/playlist/5G7mNMysSRi1giK4uS9gUl,No Flockin',Kodak Black,No Flockin'
football,College Football Gameday,https://open.spotify.com/playlist/5G7mNMysSRi1giK4uS9gUl,RGF Island,Fetty Wap,Fetty Wap (Deluxe)
football,College Football Gameday,https://open.spotify.com/playlist/5G7mNMysSRi1giK4uS9gUl,Slippery (feat. Gucci Mane),"Migos, Gucci Mane",Culture
football,College Football Gameday,https://open.spotify.com/playlist/5G7mNMysSRi1giK4uS9gUl,Snap Yo Fingers,"Lil Jon, E-40, Sean Paul",Snap Yo Fingers - Single
football,College Football Gameday,https://open.spotify.com/playlist/5G7mNMysSRi1giK4uS9gUl,Stick Talk,Future,DS2 (Deluxe)
football,College Football Gameday,https://open.spotify.com/playlist/5G7mNMysSRi1giK4uS9gUl,Walk Around the Club (F**k Everybody) - Street Mix,"Treal Lee, Prince Rick, Solace",Walk Around the Club (F**k Everybody) [Street Mix]
football,College Football Gameday,https://open.spotify.com/playlist/5G7mNMysSRi1giK4uS9gUl,Grove St. Party (feat. Kebo Gotti),"Waka Flocka Flame, Kebo Gotti",Flockaveli
football,College Football Gameday,https://open.spotify.com/playlist/5G7mNMysSRi1giK4uS9gUl,Ni**as In Paris,"JAY-Z, Kanye West",Watch The Throne (Deluxe)
football,College Football Gameday,https://open.spotify.com/playlist/5G7mNMysSRi1giK4uS9gUl,Dreams and Nightmares,Meek Mill,Dreams and Nightmares (Deluxe Edition)
football,College Football Gameday,https://open.spotify.com/playlist/5G7mNMysSRi1giK4uS9gUl,Forgot About Dre,"Dr. Dre, Eminem",2001
football,College Football Gameday,https://open.spotify.com/playlist/5G7mNMysSRi1giK4uS9gUl,Down,"Jay Sean, Lil Wayne",All Or Nothing
football,College Football Gameday,https://open.spotify.com/playlist/5G7mNMysSRi1giK4uS9gUl,Best Love Song,T-Pain,Revolver (Expanded Edition)
football,College Football Gameday,https://open.spotify.com/playlist/5G7mNMysSRi1giK4uS9gUl,Live Your Life,"T.I., Rihanna",Paper Trail
football,College Football Gameday,https://open.spotify.com/playlist/5G7mNMysSRi1giK4uS9gUl,Knuck If You Buck (feat. Lil' Scrappy),"Crime Mob, Lil Scrappy",Crime Mob
football,College Football Gameday,https://open.spotify.com/playlist/5G7mNMysSRi1giK4uS9gUl,I Bet U Won't,Mouse and Level,Get It While Its Hot
football,College Football Gameday,https://open.spotify.com/playlist/5G7mNMysSRi1giK4uS9gUl,Don't Stop the Party (feat. TJR),"Pitbull, TJR",Global Warming
football,College Football Gameday,https://open.spotify.com/playlist/5G7mNMysSRi1giK4uS9gUl,Habits (Stay High) - Hippie Sabotage Remix,"Tove Lo, Hippie Sabotage",Queen Of The Clouds
football,College Football Gameday,https://open.spotify.com/playlist/5G7mNMysSRi1giK4uS9gUl,Written in the Stars (feat. Eric Turner),"Tinie Tempah, Eric Turner",Disc-Overy
football,College Football Gameday,https://open.spotify.com/playlist/5G7mNMysSRi1giK4uS9gUl,Sirius,The Alan Parsons Project,The Essential Alan Parsons Project
football,College Football Gameday,https://open.spotify.com/playlist/5G7mNMysSRi1giK4uS9gUl,A Milli,Lil Wayne,Tha Carter III
football,College Football Gameday,https://open.spotify.com/playlist/5G7mNMysSRi1giK4uS9gUl,Ms. Jackson,Outkast,Stankonia
football,College Football Gameday,https://open.spotify.com/playlist/5G7mNMysSRi1giK4uS9gUl,Get Silly,V.I.C.,Get Silly
football,College Football Gameday,https://open.spotify.com/playlist/5G7mNMysSRi1giK4uS9gUl,Empire State Of Mind,"JAY-Z, Alicia Keys",The Hits Collection Volume One (Deluxe)
football,College Football Gameday,https://open.spotify.com/playlist/5G7mNMysSRi1giK4uS9gUl,Many Men (Wish Death),50 Cent,Get Rich Or Die Tryin'
football,College Football Gameday,https://open.spotify.com/playlist/5G7mNMysSRi1giK4uS9gUl,Ooh Kill Em,Meek Mill,Unreleased Killadelphia Muzik
football,College Football Gameday,https://open.spotify.com/playlist/5G7mNMysSRi1giK4uS9gUl,You Shook Me All Night Long,AC/DC,Back In Black
football,College Football Gameday,https://open.spotify.com/playlist/5G7mNMysSRi1giK4uS9gUl,Iron Man - 2012 - Remaster,Black Sabbath,Paranoid (Remaster)
football,College Football Gameday,https://open.spotify.com/playlist/5G7mNMysSRi1giK4uS9gUl,Up Around The Bend,Creedence Clearwater Revival,Cosmo's Factory (Expanded Edition)
football,College Football Gameday,https://open.spotify.com/playlist/5G7mNMysSRi1giK4uS9gUl,Jump - 2015 Remaster,Van Halen,1984 (Remastered)
football,College Football Gameday,https://open.spotify.com/playlist/5G7mNMysSRi1giK4uS9gUl,Trap Queen,Fetty Wap,Fetty Wap (Deluxe)
football,College Football Gameday,https://open.spotify.com/playlist/5G7mNMysSRi1giK4uS9gUl,"My Moment (feat. 2 Chainz, Meek Mill and Jeremih)","DJ Drama, Jeremih, 2 Chainz, Meek Mill",Quality Street Music
football,College Football Gameday,https://open.spotify.com/playlist/5G7mNMysSRi1giK4uS9gUl,International Love (feat. Chris Brown),"Pitbull, Chris Brown",Planet Pit (Deluxe Version)
football,College Football Gameday,https://open.spotify.com/playlist/5G7mNMysSRi1giK4uS9gUl,Narco,"Blasterjaxx, Timmy Trumpet",Narco
football,College Football Gameday,https://open.spotify.com/playlist/5G7mNMysSRi1giK4uS9gUl,Heart Of A Champion,"Nelly, Lincoln University Vocal Ensemble",Sweat
football,College Football Gameday,https://open.spotify.com/playlist/5G7mNMysSRi1giK4uS9gUl,Lights Come On,Jason Aldean,Lights Come On
football,College Football Gameday,https://open.spotify.com/playlist/5G7mNMysSRi1giK4uS9gUl,T.N.T.,AC/DC,High Voltage
football,College Football Gameday,https://open.spotify.com/playlist/5G7mNMysSRi1giK4uS9gUl,Radioactive,Imagine Dragons,Night Visions
football,College Football Gameday,https://open.spotify.com/playlist/5G7mNMysSRi1giK4uS9gUl,My Songs Know What You Did In The Dark (Light Em Up),Fall Out Boy,Save Rock And Roll
football,College Football Gameday,https://open.spotify.com/playlist/5G7mNMysSRi1giK4uS9gUl,In the Zone,P.L.,In the Zone
football,College Football Gameday,https://open.spotify.com/playlist/5G7mNMysSRi1giK4uS9gUl,Turn Yo Clic Up (feat. Future),"Quavo, Future",Turn Yo Clic Up (feat. Future)
football,College Football Gameday,https://open.spotify.com/playlist/5G7mNMysSRi1giK4uS9gUl,Let's Go,Key Glock,Glockoma 2 (Deluxe)
football,College Football Gameday,https://open.spotify.com/playlist/5G7mNMysSRi1giK4uS9gUl,Feeling Good,Michael Bublé,It's Time
football,College Football Gameday,https://open.spotify.com/playlist/5G7mNMysSRi1giK4uS9gUl,Put On,"Jeezy, Kanye West",The Recession
football,College Football Gameday,https://open.spotify.com/playlist/5G7mNMysSRi1giK4uS9gUl,Where The Hood At,DMX,Grand Champ
football,College Football Gameday,https://open.spotify.com/playlist/5G7mNMysSRi1giK4uS9gUl,Party Up,DMX,...And Then There Was X
football,College Football Gameday,https://open.spotify.com/playlist/5G7mNMysSRi1giK4uS9gUl,For My Dawgs,Waka Flocka Flame,Flockaveli
football,College Football Gameday,https://open.spotify.com/playlist/5G7mNMysSRi1giK4uS9gUl,Superstar (feat. Matthew Santos),"Lupe Fiasco, Matthew Santos",Lupe Fiasco's The Cool
football,College Football Gameday,https://open.spotify.com/playlist/5G7mNMysSRi1giK4uS9gUl,POWER,Kanye West,My Beautiful Dark Twisted Fantasy
football,College Football Gameday,https://open.spotify.com/playlist/5G7mNMysSRi1giK4uS9gUl,Delta Dawn,Tanya Tucker,Tanya Tucker / Super Hits
football,College Football Gameday,https://open.spotify.com/playlist/5G7mNMysSRi1giK4uS9gUl,Power,Young Thug,"D.A.B. Muzic, Vol. 1"
football,College Football Gameday,https://open.spotify.com/playlist/5G7mNMysSRi1giK4uS9gUl,Get Low,"Lil Jon & The East Side Boyz, Ying Yang Twins",Kings Of Crunk
football,College Football Gameday,https://open.spotify.com/playlist/5G7mNMysSRi1giK4uS9gUl,Paranoid,Black Sabbath,The Ultimate Collection
football,College Football Gameday,https://open.spotify.com/playlist/5G7mNMysSRi1giK4uS9gUl,FLY,"Quavo, Lenny Kravitz",FLY
football,College Football Gameday,https://open.spotify.com/playlist/5G7mNMysSRi1giK4uS9gUl,WOW - Mix Cut,Tiësto,Hardwell presents Revealed Vol. 9
football,College Football Gameday,https://open.spotify.com/playlist/5G7mNMysSRi1giK4uS9gUl,The Hum,"Dimitri Vegas & Like Mike, Ummet Ozcan",The Hum
football,College Football Gameday,https://open.spotify.com/playlist/5G7mNMysSRi1giK4uS9gUl,Enter Sandman (Remastered),Metallica,Metallica (Remastered)
football,College Football Gameday,https://open.spotify.com/playlist/5G7mNMysSRi1giK4uS9gUl,Money for Nothing,Dire Straits,Brothers in Arms
football,College Football Gameday,https://open.spotify.com/playlist/5G7mNMysSRi1giK4uS9gUl,Skrilla,Kodak Black,Skrilla
football,College Football Gameday,https://open.spotify.com/playlist/5G7mNMysSRi1giK4uS9gUl,Birds Flying High,"DJ Scream, Yung L.A, DJ Spinz, MLK, Fresh",Offset Swag
football,College Football Gameday,https://open.spotify.com/playlist/5G7mNMysSRi1giK4uS9gUl,For What It's Worth,Buffalo Springfield,Buffalo Springfield
football,College Football Gameday,https://open.spotify.com/playlist/5G7mNMysSRi1giK4uS9gUl,Let's Get Ready To Rumble!,Zantro,Let's Get Ready To Rumble!
football,College Football Gameday,https://open.spotify.com/playlist/5G7mNMysSRi1giK4uS9gUl,(Hot S**t) Country Grammar - Dirty Edit,Nelly,(Hot S**t) Country Grammar
football,College Football Gameday,https://open.spotify.com/playlist/5G7mNMysSRi1giK4uS9gUl,Love Sosa,Chief Keef,Finally Rich
football,College Football Gameday,https://open.spotify.com/playlist/5G7mNMysSRi1giK4uS9gUl,One Last Breath,Creed,Weathered
football,College Football Gameday,https://open.spotify.com/playlist/5G7mNMysSRi1giK4uS9gUl,Jump Around,House Of Pain,House Of Pain
football,College Football Gameday,https://open.spotify.com/playlist/5G7mNMysSRi1giK4uS9gUl,Pump It Up,Endor,Pump It Up
football,College Football Gameday,https://open.spotify.com/playlist/5G7mNMysSRi1giK4uS9gUl,Joker And The Thief,Wolfmother,Wolfmother
football,College Football Gameday,https://open.spotify.com/playlist/5G7mNMysSRi1giK4uS9gUl,Baba O'Riley - Remastered 2022,The Who,Who’s Next : Life House
football,College Football Gameday,https://open.spotify.com/playlist/5G7mNMysSRi1giK4uS9gUl,I'm Shipping Up To Boston,Dropkick Murphys,The Warrior's Code
football,College Football Gameday,https://open.spotify.com/playlist/5G7mNMysSRi1giK4uS9gUl,The Stroke - Remastered 2010,Billy Squier,Don't Say No (Remastered 2010)
football,College Football Gameday,https://open.spotify.com/playlist/5G7mNMysSRi1giK4uS9gUl,300 Violin Orchestra,Jorge Quintero,Hip Hop and Rnb Instrmentals
football,College Football Gameday,https://open.spotify.com/playlist/5G7mNMysSRi1giK4uS9gUl,What Did I Miss?,Drake,What Did I Miss?
football,College Football Gameday,https://open.spotify.com/playlist/5G7mNMysSRi1giK4uS9gUl,Where Have You Been,Rihanna,Talk That Talk
football,College Football Gameday,https://open.spotify.com/playlist/5G7mNMysSRi1giK4uS9gUl,No Pole,Don Toliver,Love Sick (Deluxe)
football,College Football Gameday,https://open.spotify.com/playlist/5G7mNMysSRi1giK4uS9gUl,Zombie,The Cranberries,No Need To Argue (The Complete Sessions 1994-1995)
running,runners high !!,https://open.spotify.com/playlist/61ffYFj8I4jMQeSE4SZWKF,Escapism. - Sped Up,"RAYE, 070 Shake",Escapism. (Sped Up)
running,runners high !!,https://open.spotify.com/playlist/61ffYFj8I4jMQeSE4SZWKF,Walking On A Dream,Empire Of The Sun,Walking On A Dream (Special Edition)
running,runners high !!,https://open.spotify.com/playlist/61ffYFj8I4jMQeSE4SZWKF,No Broke Boys,"Disco Lines, Tinashe",No Broke Boys
running,runners high !!,https://open.spotify.com/playlist/61ffYFj8I4jMQeSE4SZWKF,Can't Tell Me Nothing,Kanye West,Graduation (UK Version)
running,runners high !!,https://open.spotify.com/playlist/61ffYFj8I4jMQeSE4SZWKF,"All The Stars (with SZA) - From ""Black Panther: The Album""","Kendrick Lamar, SZA",All The Stars (with SZA)
running,runners high !!,https://open.spotify.com/playlist/61ffYFj8I4jMQeSE4SZWKF,POWER,Kanye West,My Beautiful Dark Twisted Fantasy
running,runners high !!,https://open.spotify.com/playlist/61ffYFj8I4jMQeSE4SZWKF,OWA OWA,Lil Tecca,OWA OWA
running,runners high !!,https://open.spotify.com/playlist/61ffYFj8I4jMQeSE4SZWKF,Let It Happen,Tame Impala,Currents
running,runners high !!,https://open.spotify.com/playlist/61ffYFj8I4jMQeSE4SZWKF,Borderline,Tame Impala,The Slow Rush
running,runners high !!,https://open.spotify.com/playlist/61ffYFj8I4jMQeSE4SZWKF,Embrace,PNAU,PNAU
running,runners high !!,https://open.spotify.com/playlist/61ffYFj8I4jMQeSE4SZWKF,Bad Girls,M.I.A.,Matangi
running,runners high !!,https://open.spotify.com/playlist/61ffYFj8I4jMQeSE4SZWKF,Changing,"Sigma, Paloma Faith",Life (Deluxe)
running,runners high !!,https://open.spotify.com/playlist/61ffYFj8I4jMQeSE4SZWKF,Jungle - VIP Mix,Sarazar,Jungle (VIP Mix)
running,runners high !!,https://open.spotify.com/playlist/61ffYFj8I4jMQeSE4SZWKF,Therapy,Duke Dumont,Duality
running,runners high !!,https://open.spotify.com/playlist/61ffYFj8I4jMQeSE4SZWKF,You Make Me Feel... (feat. Sabi),"Cobra Starship, Sabi",Night Shades
running,runners high !!,https://open.spotify.com/playlist/61ffYFj8I4jMQeSE4SZWKF,Believe In Me,Goshfather,Believe In Me
running,runners high !!,https://open.spotify.com/playlist/61ffYFj8I4jMQeSE4SZWKF,Powerful (feat. Ellie Goulding & Tarrus Riley),"Major Lazer, Ellie Goulding, Tarrus Riley",Peace Is The Mission : Extended
running,runners high !!,https://open.spotify.com/playlist/61ffYFj8I4jMQeSE4SZWKF,The Moment Is Ours,Andrew Weiss,The Moment Is Ours
running,runners high !!,https://open.spotify.com/playlist/61ffYFj8I4jMQeSE4SZWKF,Hot Right Now (feat. RITA ORA) - Radio Edit,"DJ Fresh, Rita Ora",Nextlevelism
running,runners high !!,https://open.spotify.com/playlist/61ffYFj8I4jMQeSE4SZWKF,Spectrum (Say My Name) - Calvin Harris Remix,"Florence + The Machine, Calvin Harris",Ceremonials
running,runners high !!,https://open.spotify.com/playlist/61ffYFj8I4jMQeSE4SZWKF,Self Ctrl,Matt Nation,Self Ctrl
running,runners high !!,https://open.spotify.com/playlist/61ffYFj8I4jMQeSE4SZWKF,Dark Thoughts,Lil Tecca,Dark Thoughts
running,runners high !!,https://open.spotify.com/playlist/61ffYFj8I4jMQeSE4SZWKF,Lights - Sped Up Version,"Ellie Goulding, Speed Radio",Lights (Sped Up Version)
running,runners high !!,https://open.spotify.com/playlist/61ffYFj8I4jMQeSE4SZWKF,bad for you,Garrett Zoukis,bad for you
running,runners high !!,https://open.spotify.com/playlist/61ffYFj8I4jMQeSE4SZWKF,Electric Feel,MGMT,Oracular Spectacular
running,runners high !!,https://open.spotify.com/playlist/61ffYFj8I4jMQeSE4SZWKF,Run This Town,"JAY-Z, Rihanna, Kanye West",The Blueprint 3
running,runners high !!,https://open.spotify.com/playlist/61ffYFj8I4jMQeSE4SZWKF,Hot Sunshine,John Roberts,John Roberts
running,runners high !!,https://open.spotify.com/playlist/61ffYFj8I4jMQeSE4SZWKF,"Rhythm Is A Dancer - 7"" Edit",SNAP!,The Madman's Return
running,runners high !!,https://open.spotify.com/playlist/61ffYFj8I4jMQeSE4SZWKF,Give it Up,Don Data,Give it Up
running,runners high !!,https://open.spotify.com/playlist/61ffYFj8I4jMQeSE4SZWKF,You Were Right,RÜFÜS DU SOL,Bloom
running,runners high !!,https://open.spotify.com/playlist/61ffYFj8I4jMQeSE4SZWKF,Good Girls Go Bad (feat. Leighton Meester),"Cobra Starship, Leighton Meester",Hot Mess
running,runners high !!,https://open.spotify.com/playlist/61ffYFj8I4jMQeSE4SZWKF,Can You Hold That Tight? - DJ Remix,Kids That Fly,Can You Hold That Tight? (DJ Remix)
running,runners high !!,https://open.spotify.com/playlist/61ffYFj8I4jMQeSE4SZWKF,"New Person, Same Old Mistakes",Tame Impala,Currents
running,runners high !!,https://open.spotify.com/playlist/61ffYFj8I4jMQeSE4SZWKF,melody's adderall,Gavrielle,melody's adderall
running,runners high !!,https://open.spotify.com/playlist/61ffYFj8I4jMQeSE4SZWKF,Imma Be,Black Eyed Peas,THE E.N.D. (THE ENERGY NEVER DIES) [Deluxe Version]
running,runners high !!,https://open.spotify.com/playlist/61ffYFj8I4jMQeSE4SZWKF,Love Reigns,Mall Grab,What I Breathe
running,runners high !!,https://open.spotify.com/playlist/61ffYFj8I4jMQeSE4SZWKF,TKO,"A!MS, Alika",Peak Season
running,runners high !!,https://open.spotify.com/playlist/61ffYFj8I4jMQeSE4SZWKF,White Noise,"Disclosure, AlunaGeorge",Settle (Special Edition)
running,runners high !!,https://open.spotify.com/playlist/61ffYFj8I4jMQeSE4SZWKF,Uptown,"Lucas Verse, LV, Francis Gray",Uptown
running,runners high !!,https://open.spotify.com/playlist/61ffYFj8I4jMQeSE4SZWKF,Blame (feat. John Newman),"Calvin Harris, John Newman",Motion
running,runners high !!,https://open.spotify.com/playlist/61ffYFj8I4jMQeSE4SZWKF,Savior Complex,Peyton Shay,Savior Complex
running,runners high !!,https://open.spotify.com/playlist/61ffYFj8I4jMQeSE4SZWKF,My Way,Calvin Harris,My Way
running,runners high !!,https://open.spotify.com/playlist/61ffYFj8I4jMQeSE4SZWKF,Zack & Cody,Japhet,Zack & Cody
running,runners high !!,https://open.spotify.com/playlist/61ffYFj8I4jMQeSE4SZWKF,So Good,B.o.B,Strange Clouds
running,runners high !!,https://open.spotify.com/playlist/61ffYFj8I4jMQeSE4SZWKF,AMERICA HAS A PROBLEM,Beyoncé,RENAISSANCE
running,runners high !!,https://open.spotify.com/playlist/61ffYFj8I4jMQeSE4SZWKF,Street Prescription,NSFS,the House always wins
running,runners high !!,https://open.spotify.com/playlist/61ffYFj8I4jMQeSE4SZWKF,On My Way,Dylan Naber,Sky's The Limit
running,runners high !!,https://open.spotify.com/playlist/61ffYFj8I4jMQeSE4SZWKF,Cola,"CamelPhat, Elderbrook",Cola
running,runners high !!,https://open.spotify.com/playlist/61ffYFj8I4jMQeSE4SZWKF,Irish Goodbye,Lil Tecca,DOPAMINE
running,runners high !!,https://open.spotify.com/playlist/61ffYFj8I4jMQeSE4SZWKF,Innerbloom - What So Not Remix,"RÜFÜS DU SOL, What So Not",Innerbloom (What So Not Remix)
running,runners high !!,https://open.spotify.com/playlist/61ffYFj8I4jMQeSE4SZWKF,Gimme More,Britney Spears,Blackout
running,runners high !!,https://open.spotify.com/playlist/61ffYFj8I4jMQeSE4SZWKF,Favorite Lie,Lil Tecca,DOPAMINE
running,runners high !!,https://open.spotify.com/playlist/61ffYFj8I4jMQeSE4SZWKF,Suck Your Mum,NSFS,the House always wins
running,runners high !!,https://open.spotify.com/playlist/61ffYFj8I4jMQeSE4SZWKF,4 Minutes - Featuring Justin Timberlake and Timbaland Edit,Madonna,4 Minutes (DMD Maxi)
running,runners high !!,https://open.spotify.com/playlist/61ffYFj8I4jMQeSE4SZWKF,Gold Dust - Radio Edit,DJ Fresh,Gold Dust
running,runners high !!,https://open.spotify.com/playlist/61ffYFj8I4jMQeSE4SZWKF,Imagine,"Night Tales, XIRA",Imagine
running,runners high !!,https://open.spotify.com/playlist/61ffYFj8I4jMQeSE4SZWKF,Where Have You Been,Rihanna,Talk That Talk
running,runners high !!,https://open.spotify.com/playlist/61ffYFj8I4jMQeSE4SZWKF,Pound The Alarm,Nicki Minaj,Pink Friday ... Roman Reloaded (Deluxe)
running,runners high !!,https://open.spotify.com/playlist/61ffYFj8I4jMQeSE4SZWKF,Trying My Best,JB3,The Midnight Ride of Joe Bevere
running,runners high !!,https://open.spotify.com/playlist/61ffYFj8I4jMQeSE4SZWKF,Say Nothing (feat. MAY-A),"Flume, MAY-A",Say Nothing (feat. MAY-A)
running,runners high !!,https://open.spotify.com/playlist/61ffYFj8I4jMQeSE4SZWKF,The Less I Know The Better,Tame Impala,Currents
running,runners high !!,https://open.spotify.com/playlist/61ffYFj8I4jMQeSE4SZWKF,Drunk in Love Remix (feat. JAY-Z & Kanye West),"Beyoncé, JAY-Z, Kanye West",BEYONCÉ [Platinum Edition]
running,runners high !!,https://open.spotify.com/playlist/61ffYFj8I4jMQeSE4SZWKF,Sweet Dreams,Beyoncé,I AM...SASHA FIERCE - Platinum Edition
running,runners high !!,https://open.spotify.com/playlist/61ffYFj8I4jMQeSE4SZWKF,Just Can’t Get Enough,Black Eyed Peas,The Beginning
running,runners high !!,https://open.spotify.com/playlist/61ffYFj8I4jMQeSE4SZWKF,Holdin On,Flume,Flume
running,runners high !!,https://open.spotify.com/playlist/61ffYFj8I4jMQeSE4SZWKF,Cooler Than Me - Single Mix,"Mike Posner, Gigamesh",31 Minutes to Takeoff
running,runners high !!,https://open.spotify.com/playlist/61ffYFj8I4jMQeSE4SZWKF,This Ain't Love,Jessica Mauboy,This Ain't Love
running,runners high !!,https://open.spotify.com/playlist/61ffYFj8I4jMQeSE4SZWKF,Honey,"070 Shake, Ralphy River, Hack & Tree",Honey - Single
running,runners high !!,https://open.spotify.com/playlist/61ffYFj8I4jMQeSE4SZWKF,Heads Will Roll - A-Trak Remix Radio Edit,"Yeah Yeah Yeahs, A-Trak",Good Morning Music: Wake Up Workout
running,runners high !!,https://open.spotify.com/playlist/61ffYFj8I4jMQeSE4SZWKF,Breathe,"CamelPhat, Cristoph, Jem Cooke",Breathe
running,runners high !!,https://open.spotify.com/playlist/61ffYFj8I4jMQeSE4SZWKF,MONEY ON THE DASH - SPED UP,"Elley Duhé, Whethan",MONEY ON THE DASH
running,runners high !!,https://open.spotify.com/playlist/61ffYFj8I4jMQeSE4SZWKF,Evacuate The Dancefloor,Cascada,Evacuate The Dancefloor
running,runners high !!,https://open.spotify.com/playlist/61ffYFj8I4jMQeSE4SZWKF,212,"Azealia Banks, Lazy Jay",Broke with Expensive Taste
running,runners high !!,https://open.spotify.com/playlist/61ffYFj8I4jMQeSE4SZWKF,Never Be Like You,"Flume, kai",Skin
running,runners high !!,https://open.spotify.com/playlist/61ffYFj8I4jMQeSE4SZWKF,JOY (Head To The Sky),Joy Anonymous,JOY (Head To The Sky)
running,runners high !!,https://open.spotify.com/playlist/61ffYFj8I4jMQeSE4SZWKF,Collard Greens,"ScHoolboy Q, Kendrick Lamar",Oxymoron (Deluxe)
running,runners high !!,https://open.spotify.com/playlist/61ffYFj8I4jMQeSE4SZWKF,Ladbroke Grove,AJ Tracey,AJ Tracey
running,runners high !!,https://open.spotify.com/playlist/61ffYFj8I4jMQeSE4SZWKF,No Place,RÜFÜS DU SOL,Solace
running,runners high !!,https://open.spotify.com/playlist/61ffYFj8I4jMQeSE4SZWKF,Prada,"cassö, RAYE, D-Block Europe",Prada
running,runners high !!,https://open.spotify.com/playlist/61ffYFj8I4jMQeSE4SZWKF,Skip To The Good Bit,Rizzle Kicks,Roaring 20s (Deluxe)
running,runners high !!,https://open.spotify.com/playlist/61ffYFj8I4jMQeSE4SZWKF,Love Me Again,John Newman,Tribute
running,runners high !!,https://open.spotify.com/playlist/61ffYFj8I4jMQeSE4SZWKF,Disturbia,Rihanna,Good Girl Gone Bad: Reloaded
running,runners high !!,https://open.spotify.com/playlist/61ffYFj8I4jMQeSE4SZWKF,Latch,"Disclosure, Sam Smith",Settle (Special Edition)
running,runners high !!,https://open.spotify.com/playlist/61ffYFj8I4jMQeSE4SZWKF,Music Sounds Better With You (Remix),Bored Machines,Music Sounds Better With You (Remix)
running,runners high !!,https://open.spotify.com/playlist/61ffYFj8I4jMQeSE4SZWKF,Stylin',Club Angel,Stylin'
running,runners high !!,https://open.spotify.com/playlist/61ffYFj8I4jMQeSE4SZWKF,Say It Right - Sped Up Remix,"Nelly Furtado, Speed Radio",Say It Right (Sped Up Remix)
running,runners high !!,https://open.spotify.com/playlist/61ffYFj8I4jMQeSE4SZWKF,Cry for You,September,Dancing Shoes
running,runners high !!,https://open.spotify.com/playlist/61ffYFj8I4jMQeSE4SZWKF,Not Giving In (feat. John Newman & Alex Clare),"Rudimental, John Newman, Alex Clare",Home (Deluxe Edition)
running,runners high !!,https://open.spotify.com/playlist/61ffYFj8I4jMQeSE4SZWKF,Holiday,"Dizzee Rascal, Calvin Harris, Chrom3",Tongue N' Cheek
running,runners high !!,https://open.spotify.com/playlist/61ffYFj8I4jMQeSE4SZWKF,Starboy,"The Weeknd, Daft Punk",Starboy
running,runners high !!,https://open.spotify.com/playlist/61ffYFj8I4jMQeSE4SZWKF,Gangsta's Paradise,"Coolio, L.V.",Gangsta's Paradise
running,runners high !!,https://open.spotify.com/playlist/61ffYFj8I4jMQeSE4SZWKF,Church (feat. Teddy Verseti),"T-Pain, Teddy Verseti",Epiphany (Expanded Edition)
running,runners high !!,https://open.spotify.com/playlist/61ffYFj8I4jMQeSE4SZWKF,Tennis Court - Flume Remix,"Lorde, Flume",Tennis Court (Flume Remix)
running,runners high !!,https://open.spotify.com/playlist/61ffYFj8I4jMQeSE4SZWKF,Hideaway,Kiesza,Sound Of A Woman
running,runners high !!,https://open.spotify.com/playlist/61ffYFj8I4jMQeSE4SZWKF,New Gold (feat. Tame Impala and Bootie Brown) - Dom Dolla Remix,"Gorillaz, Tame Impala, Dom Dolla, Bootie Brown",New Gold (feat. Tame Impala and Bootie Brown) [Dom Dolla Remix]
running,runners high !!,https://open.spotify.com/playlist/61ffYFj8I4jMQeSE4SZWKF,Saving Up,Dom Dolla,Saving Up
running,runners high !!,https://open.spotify.com/playlist/61ffYFj8I4jMQeSE4SZWKF,Feel the Love (feat. John Newman),"Rudimental, John Newman",Home
running,runners high !!,https://open.spotify.com/playlist/61ffYFj8I4jMQeSE4SZWKF,Perfect (Exceeder),"Mason, Princess Superstar",Perfect (Exceeder)
running,runners high !!,https://open.spotify.com/playlist/61ffYFj8I4jMQeSE4SZWKF,Again (feat. XXXTENTACION),"Noah Cyrus, XXXTENTACION",Again (feat. XXXTENTACION)
running,runners high !!,https://open.spotify.com/playlist/61ffYFj8I4jMQeSE4SZWKF,leavemealone,"Fred again.., Baby Keem",USB
running,runners high !!,https://open.spotify.com/playlist/61ffYFj8I4jMQeSE4SZWKF,Runaway (U & I),Galantis,Pharmacy
running,runners high !!,https://open.spotify.com/playlist/61ffYFj8I4jMQeSE4SZWKF,All Talk,proppaganda,All Talk
running,runners high !!,https://open.spotify.com/playlist/61ffYFj8I4jMQeSE4SZWKF,Applause,Lady Gaga,ARTPOP
running,runners high !!,https://open.spotify.com/playlist/61ffYFj8I4jMQeSE4SZWKF,Sexy Bitch (feat. Akon),"David Guetta, Akon",One More Love
running,runners high !!,https://open.spotify.com/playlist/61ffYFj8I4jMQeSE4SZWKF,Loneliness - Video Cut,Tomcraft,Loneliness
running,runners high !!,https://open.spotify.com/playlist/61ffYFj8I4jMQeSE4SZWKF,This Is What You Came For,"Calvin Harris, Rihanna",This Is What You Came For
running,runners high !!,https://open.spotify.com/playlist/61ffYFj8I4jMQeSE4SZWKF,Lean On,"Major Lazer, DJ Snake, MØ",Peace Is The Mission
running,runners high !!,https://open.spotify.com/playlist/61ffYFj8I4jMQeSE4SZWKF,Houdini,Dua Lipa,Houdini
running,runners high !!,https://open.spotify.com/playlist/61ffYFj8I4jMQeSE4SZWKF,Oh My (feat. Moby),"Luude, Issey Cross, Moby",Oh My (feat. Moby)
running,runners high !!,https://open.spotify.com/playlist/61ffYFj8I4jMQeSE4SZWKF,HUMBLE.,Kendrick Lamar,DAMN.
running,runners high !!,https://open.spotify.com/playlist/61ffYFj8I4jMQeSE4SZWKF,Nobody Knows Us,JB3,The Midnight Ride of Joe Bevere
running,runners high !!,https://open.spotify.com/playlist/61ffYFj8I4jMQeSE4SZWKF,Electricity,"DubVision, Otto Knows, Alex Aris",Electricity
running,runners high !!,https://open.spotify.com/playlist/61ffYFj8I4jMQeSE4SZWKF,Crazy In Love (feat. JAY-Z),"Beyoncé, JAY-Z",Dangerously In Love
running,runners high !!,https://open.spotify.com/playlist/61ffYFj8I4jMQeSE4SZWKF,Pray For Me (with Kendrick Lamar),"The Weeknd, Kendrick Lamar",The Highlights (Deluxe)
running,runners high !!,https://open.spotify.com/playlist/61ffYFj8I4jMQeSE4SZWKF,We Found Love,"Rihanna, Calvin Harris",Talk That Talk
running,runners high !!,https://open.spotify.com/playlist/61ffYFj8I4jMQeSE4SZWKF,Maneater,Nelly Furtado,Loose
running,runners high !!,https://open.spotify.com/playlist/61ffYFj8I4jMQeSE4SZWKF,iluv,"Effy, Mall Grab",iluv
running,runners high !!,https://open.spotify.com/playlist/61ffYFj8I4jMQeSE4SZWKF,Seek Bromance - Avicii Vocal Edit,"Tim Berg, Avicii",Seek Bromance
running,runners high !!,https://open.spotify.com/playlist/61ffYFj8I4jMQeSE4SZWKF,Rumble,"Skrillex, Fred again.., Flowdan",Rumble
running,runners high !!,https://open.spotify.com/playlist/61ffYFj8I4jMQeSE4SZWKF,Never Lose Me,Flo Milli,Never Lose Me
running,runners high !!,https://open.spotify.com/playlist/61ffYFj8I4jMQeSE4SZWKF,FE!N (feat. Playboi Carti),"Travis Scott, Playboi Carti",UTOPIA
running,runners high !!,https://open.spotify.com/playlist/61ffYFj8I4jMQeSE4SZWKF,Dancing On The M1,Sam Alfred,HWR001 | Sam Alfred
running,runners high !!,https://open.spotify.com/playlist/61ffYFj8I4jMQeSE4SZWKF,Cinema (Feat. Gary Go) - Radio Edit,Benny Benassi,Cinema (feat. Gary Go)
running,runners high !!,https://open.spotify.com/playlist/61ffYFj8I4jMQeSE4SZWKF,Take Me Over,"Peking Duk, SAFIA",Take Me Over
running,runners high !!,https://open.spotify.com/playlist/61ffYFj8I4jMQeSE4SZWKF,Breakin' Dishes,Rihanna,Good Girl Gone Bad: Reloaded
running,runners high !!,https://open.spotify.com/playlist/61ffYFj8I4jMQeSE4SZWKF,TOPIA TWINS (feat. Rob49 & 21 Savage),"Travis Scott, Rob49, 21 Savage",UTOPIA
running,runners high !!,https://open.spotify.com/playlist/61ffYFj8I4jMQeSE4SZWKF,Dreaming Of You,STÜM,Dreaming Of You
running,runners high !!,https://open.spotify.com/playlist/61ffYFj8I4jMQeSE4SZWKF,CARNIVAL,"¥$, Kanye West, Ty Dolla $ign, Rich The Kid, Playboi Carti",VULTURES 1
running,runners high !!,https://open.spotify.com/playlist/61ffYFj8I4jMQeSE4SZWKF,King,Olly Alexander (Years & Years),Communion (Deluxe)
running,runners high !!,https://open.spotify.com/playlist/61ffYFj8I4jMQeSE4SZWKF,Eventually,Tame Impala,Currents
running,runners high !!,https://open.spotify.com/playlist/61ffYFj8I4jMQeSE4SZWKF,Money Trees,"Kendrick Lamar, Jay Rock","good kid, m.A.A.d city"
running,runners high !!,https://open.spotify.com/playlist/61ffYFj8I4jMQeSE4SZWKF,Praise The Lord (Da Shine) (feat. Skepta) - Durdenhauer Edit,"Durdenhauer, A$AP Rocky, Skepta",Praise The Lord (Da Shine) (feat. Skepta) [Durdenhauer Edit]
running,runners high !!,https://open.spotify.com/playlist/61ffYFj8I4jMQeSE4SZWKF,Challengers,Trent Reznor and Atticus Ross,Challengers (Original Score)
running,runners high !!,https://open.spotify.com/playlist/61ffYFj8I4jMQeSE4SZWKF,Miracle Maker (feat. Clementine Douglas),"Dom Dolla, Clementine Douglas",Miracle Maker (feat. Clementine Douglas)
running,runners high !!,https://open.spotify.com/playlist/61ffYFj8I4jMQeSE4SZWKF,Watch Ya Self,STÜM,Watch Ya Self
running,runners high !!,https://open.spotify.com/playlist/61ffYFj8I4jMQeSE4SZWKF,"Homemade Dynamite (Feat. Khalid, Post Malone & SZA) - REMIX","Lorde, Khalid, Post Malone, SZA","Homemade Dynamite (Feat. Khalid, Post Malone & SZA) [REMIX]"
running,runners high !!,https://open.spotify.com/playlist/61ffYFj8I4jMQeSE4SZWKF,Not Like Us,Kendrick Lamar,Not Like Us
running,runners high !!,https://open.spotify.com/playlist/61ffYFj8I4jMQeSE4SZWKF,MILLION DOLLAR BABY,Tommy Richman,MILLION DOLLAR BABY
running,runners high !!,https://open.spotify.com/playlist/61ffYFj8I4jMQeSE4SZWKF,Heads Will Roll x Give It To Me,Yibi,Heads Will Roll x Give It To Me
running,runners high !!,https://open.spotify.com/playlist/61ffYFj8I4jMQeSE4SZWKF,Sweet Nothing (feat. Florence Welch),"Calvin Harris, Florence Welch",18 Months
running,runners high !!,https://open.spotify.com/playlist/61ffYFj8I4jMQeSE4SZWKF,adore u,"Fred again.., Obongjayar",adore u
running,runners high !!,https://open.spotify.com/playlist/61ffYFj8I4jMQeSE4SZWKF,Right Now,"Rihanna, David Guetta",Unapologetic (Deluxe)
running,runners high !!,https://open.spotify.com/playlist/61ffYFj8I4jMQeSE4SZWKF,Keep Up,Kinder,Keep Up
running,runners high !!,https://open.spotify.com/playlist/61ffYFj8I4jMQeSE4SZWKF,BOA,Megan Thee Stallion,BOA
running,runners high !!,https://open.spotify.com/playlist/61ffYFj8I4jMQeSE4SZWKF,New Sky,RÜFÜS DU SOL,Solace
running,runners high !!,https://open.spotify.com/playlist/61ffYFj8I4jMQeSE4SZWKF,My Head Is A Jungle - MK Remix / Radio Edit,"Wankelmut, Emma Louise, MK",My Head Is A Jungle (MK Remix / Radio Edit)
running,runners high !!,https://open.spotify.com/playlist/61ffYFj8I4jMQeSE4SZWKF,Jimmy Cooks (feat. 21 Savage),"Drake, 21 Savage","Honestly, Nevermind"
running,runners high !!,https://open.spotify.com/playlist/61ffYFj8I4jMQeSE4SZWKF,Ni**as In Paris,"JAY-Z, Kanye West",Watch The Throne (Deluxe)
running,runners high !!,https://open.spotify.com/playlist/61ffYFj8I4jMQeSE4SZWKF,Burn Dem Bridges,Skin On Skin,Burn Dem Bridges
running,runners high !!,https://open.spotify.com/playlist/61ffYFj8I4jMQeSE4SZWKF,Swimming Pools (Drank) - Extended Version,Kendrick Lamar,"good kid, m.A.A.d city (Deluxe)"
running,runners high !!,https://open.spotify.com/playlist/61ffYFj8I4jMQeSE4SZWKF,Changa,PNAU,Changa
running,runners high !!,https://open.spotify.com/playlist/61ffYFj8I4jMQeSE4SZWKF,Famous,Kanye West,The Life Of Pablo
running,runners high !!,https://open.spotify.com/playlist/61ffYFj8I4jMQeSE4SZWKF,Waiting For Nothing (feat. Yaeger),"Hayden James, Yaeger",Waiting for Nothing
running,runners high !!,https://open.spotify.com/playlist/61ffYFj8I4jMQeSE4SZWKF,Waiting All Night (feat. Ella Eyre),"Rudimental, Ella Eyre",Home
running,runners high !!,https://open.spotify.com/playlist/61ffYFj8I4jMQeSE4SZWKF,You & Me - Flume Remix,"Disclosure, Eliza Doolittle, Flume",Settle (Special Edition)
running,runners high !!,https://open.spotify.com/playlist/61ffYFj8I4jMQeSE4SZWKF,Type Shit,"Future, Metro Boomin, Travis Scott, Playboi Carti",WE DON'T TRUST YOU
running,runners high !!,https://open.spotify.com/playlist/61ffYFj8I4jMQeSE4SZWKF,Empathy,Crystal Castles,Crystal Castles (II)
running,runners high !!,https://open.spotify.com/playlist/61ffYFj8I4jMQeSE4SZWKF,Von dutch,Charli xcx,BRAT
running,runners high !!,https://open.spotify.com/playlist/61ffYFj8I4jMQeSE4SZWKF,365,Charli xcx,BRAT
running,runners high !!,https://open.spotify.com/playlist/61ffYFj8I4jMQeSE4SZWKF,High - Original Mix,"Peking Duk, Nicole Millar",High
running,runners high !!,https://open.spotify.com/playlist/61ffYFj8I4jMQeSE4SZWKF,Ocean Drive,Duke Dumont,Ocean Drive
running,runners high !!,https://open.spotify.com/playlist/61ffYFj8I4jMQeSE4SZWKF,Say It,"Flume, Tove Lo",Say It
running,runners high !!,https://open.spotify.com/playlist/61ffYFj8I4jMQeSE4SZWKF,Never Be Like You,"Flume, kai",Never Be Like You
running,runners high !!,https://open.spotify.com/playlist/61ffYFj8I4jMQeSE4SZWKF,Be Here,Duke Dumont,For Club Play Only Part 4
running,runners high !!,https://open.spotify.com/playlist/61ffYFj8I4jMQeSE4SZWKF,Massive,Drake,"Honestly, Nevermind"
running,runners high !!,https://open.spotify.com/playlist/61ffYFj8I4jMQeSE4SZWKF,Music is Better,RÜFÜS DU SOL,Music is Better
running,runners high !!,https://open.spotify.com/playlist/61ffYFj8I4jMQeSE4SZWKF,Young Melody,"PNAU, Vera Blue",Young Melody
running,runners high !!,https://open.spotify.com/playlist/61ffYFj8I4jMQeSE4SZWKF,Show Me The Money (with Tkay Maidza),"Snakehips, Tkay Maidza",Show Me The Money (with Tkay Maidza)
running,runners high !!,https://open.spotify.com/playlist/61ffYFj8I4jMQeSE4SZWKF,Vroom Vroom,Charli xcx,Vroom Vroom EP
running,runners high !!,https://open.spotify.com/playlist/61ffYFj8I4jMQeSE4SZWKF,Guess featuring billie eilish,"Charli xcx, Billie Eilish",Guess featuring billie eilish
running,runners high !!,https://open.spotify.com/playlist/61ffYFj8I4jMQeSE4SZWKF,Club classics,Charli xcx,Club classics / B2b
running,runners high !!,https://open.spotify.com/playlist/61ffYFj8I4jMQeSE4SZWKF,Destination Calabria - Radio Edit,"Alex Gaudino, Crystal Waters",Destination Calabria
running,runners high !!,https://open.spotify.com/playlist/61ffYFj8I4jMQeSE4SZWKF,Test & Recognise - Flume Re-work,"Seekae, Flume",Test & Recognise (Remixes)
running,runners high !!,https://open.spotify.com/playlist/61ffYFj8I4jMQeSE4SZWKF,Pursuit Of Happiness - Extended Steve Aoki Remix,"Kid Cudi, MGMT, Ratatat, Steve Aoki",Pursuit Of Happiness [Extended Steve Aoki Remix (Explicit)]
running,runners high !!,https://open.spotify.com/playlist/61ffYFj8I4jMQeSE4SZWKF,Neverender,"Justice, Tame Impala",Hyperdrama
running,runners high !!,https://open.spotify.com/playlist/61ffYFj8I4jMQeSE4SZWKF,Somebody (2024),"Gotye, FISHER, Chris Lake, Kimbra, Sante Sansone",Somebody (2024)
running,runners high !!,https://open.spotify.com/playlist/61ffYFj8I4jMQeSE4SZWKF,No Church In The Wild,"JAY-Z, Kanye West, Frank Ocean, The-Dream",Watch The Throne
running,runners high !!,https://open.spotify.com/playlist/61ffYFj8I4jMQeSE4SZWKF,Get Shaky - Radio Edit,Ian Carey Project,Get Shaky
running,runners high !!,https://open.spotify.com/playlist/61ffYFj8I4jMQeSE4SZWKF,Changes,"PNAU, Faul & Wad",Changa
running,runners high !!,https://open.spotify.com/playlist/61ffYFj8I4jMQeSE4SZWKF,Don't Stop The Music,Rihanna,Good Girl Gone Bad: Reloaded
running,runners high !!,https://open.spotify.com/playlist/61ffYFj8I4jMQeSE4SZWKF,Thinking About You (feat. Ayah Marar),"Calvin Harris, Ayah Marar",18 Months
running,runners high !!,https://open.spotify.com/playlist/61ffYFj8I4jMQeSE4SZWKF,Control Your Body,"PNAU, Kira Divine",Changa
running,runners high !!,https://open.spotify.com/playlist/61ffYFj8I4jMQeSE4SZWKF,Feel My Needs - Purple Disco Machine Remix,"WEISS, Purple Disco Machine",Feel My Needs (Purple Disco Machine Remix)
running,runners high !!,https://open.spotify.com/playlist/61ffYFj8I4jMQeSE4SZWKF,Chameleon,"PNAU, Kira Divine",Changa
running,runners high !!,https://open.spotify.com/playlist/61ffYFj8I4jMQeSE4SZWKF,Paradise,"Golden Features, The Presets",Paradise
running,runners high !!,https://open.spotify.com/playlist/61ffYFj8I4jMQeSE4SZWKF,Pray to God (feat. HAIM),"Calvin Harris, HAIM",Motion
running,runners high !!,https://open.spotify.com/playlist/61ffYFj8I4jMQeSE4SZWKF,Jungle,Fred again..,USB
running,runners high !!,https://open.spotify.com/playlist/61ffYFj8I4jMQeSE4SZWKF,1999 (Dub Mix),Sam Alfred,HWR001 | Sam Alfred
running,runners high !!,https://open.spotify.com/playlist/61ffYFj8I4jMQeSE4SZWKF,Pyramid,ALYSS,Pyramid
running,runners high !!,https://open.spotify.com/playlist/61ffYFj8I4jMQeSE4SZWKF,Miss You,"Oliver Tree, Robin Schulz",Miss You
running,runners high !!,https://open.spotify.com/playlist/61ffYFj8I4jMQeSE4SZWKF,Somedays,"Sonny Fodera, Jazzy, D.O.D",Somedays
running,runners high !!,https://open.spotify.com/playlist/61ffYFj8I4jMQeSE4SZWKF,Climbing,Caribou,Honey
running,runners high !!,https://open.spotify.com/playlist/61ffYFj8I4jMQeSE4SZWKF,Honey,Caribou,Honey
running,runners high !!,https://open.spotify.com/playlist/61ffYFj8I4jMQeSE4SZWKF,Wish You Were Mine - Radio Edit,Philip George,Wish You Were Mine
running,runners high !!,https://open.spotify.com/playlist/61ffYFj8I4jMQeSE4SZWKF,Turn On The Lights again.. (feat. Future),"Fred again.., Swedish House Mafia, Future",USB
running,runners high !!,https://open.spotify.com/playlist/61ffYFj8I4jMQeSE4SZWKF,Don't You Want Me - KI/KI Remix,"Felix, KI/KI",Don't You Want Me (KI/KI Remix)
running,runners high !!,https://open.spotify.com/playlist/61ffYFj8I4jMQeSE4SZWKF,One More Time,Daft Punk,Discovery
running,runners high !!,https://open.spotify.com/playlist/61ffYFj8I4jMQeSE4SZWKF,"Kernkraft 400 - DJ Gius Mix, Radio Edit",Zombie Nation,Kernkraft 400 Single Mixes
running,runners high !!,https://open.spotify.com/playlist/61ffYFj8I4jMQeSE4SZWKF,"All The Stars (with SZA) - From ""Black Panther: The Album""","Kendrick Lamar, SZA",Black Panther The Album Music From And Inspired By
running,runners high !!,https://open.spotify.com/playlist/61ffYFj8I4jMQeSE4SZWKF,BREAK MY SOUL,Beyoncé,BREAK MY SOUL
running,runners high !!,https://open.spotify.com/playlist/61ffYFj8I4jMQeSE4SZWKF,Magic,Skin On Skin,Magic
running,runners high !!,https://open.spotify.com/playlist/61ffYFj8I4jMQeSE4SZWKF,places to be,"Fred again.., Anderson .Paak, CHIKA",ten days
running,runners high !!,https://open.spotify.com/playlist/61ffYFj8I4jMQeSE4SZWKF,Sunlight (feat. Years and Years),"The Magician, Olly Alexander (Years & Years)",Sunlight (feat. Years and Years)
running,runners high !!,https://open.spotify.com/playlist/61ffYFj8I4jMQeSE4SZWKF,NISSAN ALTIMA,Doechii,Alligator Bites Never Heal
running,runners high !!,https://open.spotify.com/playlist/61ffYFj8I4jMQeSE4SZWKF,Love at First Sight,Kylie Minogue,Fever
running,runners high !!,https://open.spotify.com/playlist/61ffYFj8I4jMQeSE4SZWKF,Around the World,Daft Punk,Homework
running,runners high !!,https://open.spotify.com/playlist/61ffYFj8I4jMQeSE4SZWKF,N95,Kendrick Lamar,Mr. Morale & The Big Steppers
running,runners high !!,https://open.spotify.com/playlist/61ffYFj8I4jMQeSE4SZWKF,Delilah (pull me out of this),"Fred again.., Delilah Montagu",Actual Life 3 (January 1 - September 9 2022)
running,runners high !!,https://open.spotify.com/playlist/61ffYFj8I4jMQeSE4SZWKF,HyperParadise - Flume Remix,"Hermitude, Flume",HyperParadise (10 Year Anniversary Edition)
running,runners high !!,https://open.spotify.com/playlist/61ffYFj8I4jMQeSE4SZWKF,Poker Face,Lady Gaga,The Fame
running,runners high !!,https://open.spotify.com/playlist/61ffYFj8I4jMQeSE4SZWKF,Ocean Drive,Duke Dumont,Duality
running,hot girl running era,https://open.spotify.com/playlist/29vBHGS0VNLVhNG7BjJLfS,POWER,Kanye West,My Beautiful Dark Twisted Fantasy
running,hot girl running era,https://open.spotify.com/playlist/29vBHGS0VNLVhNG7BjJLfS,Eye of the Tiger,Survivor,Eye Of The Tiger
running,hot girl running era,https://open.spotify.com/playlist/29vBHGS0VNLVhNG7BjJLfS,Till I Collapse,"Eminem, Nate Dogg",The Eminem Show
running,hot girl running era,https://open.spotify.com/playlist/29vBHGS0VNLVhNG7BjJLfS,Can't Hold Us (feat. Ray Dalton),"Macklemore, Ryan Lewis, Macklemore & Ryan Lewis, Ray Dalton",The Heist
running,hot girl running era,https://open.spotify.com/playlist/29vBHGS0VNLVhNG7BjJLfS,Work Out,J. Cole,Cole World: The Sideline Story
running,hot girl running era,https://open.spotify.com/playlist/29vBHGS0VNLVhNG7BjJLfS,Calvin Cambridge,SOB X RBE,SOB X RBE
running,hot girl running era,https://open.spotify.com/playlist/29vBHGS0VNLVhNG7BjJLfS,WHATS POPPIN,Jack Harlow,Sweet Action
running,hot girl running era,https://open.spotify.com/playlist/29vBHGS0VNLVhNG7BjJLfS,HIGHEST IN THE ROOM,Travis Scott,HIGHEST IN THE ROOM
running,hot girl running era,https://open.spotify.com/playlist/29vBHGS0VNLVhNG7BjJLfS,Going Bad (feat. Drake),"Meek Mill, Drake",Championships
running,hot girl running era,https://open.spotify.com/playlist/29vBHGS0VNLVhNG7BjJLfS,Money In The Grave (Drake ft. Rick Ross),"Drake, Rick Ross",The Best In The World Pack
running,hot girl running era,https://open.spotify.com/playlist/29vBHGS0VNLVhNG7BjJLfS,No Role Modelz,J. Cole,2014 Forest Hills Drive
running,hot girl running era,https://open.spotify.com/playlist/29vBHGS0VNLVhNG7BjJLfS,Hot Shower,"Chance the Rapper, MadeinTYO, DaBaby",The Big Day
running,hot girl running era,https://open.spotify.com/playlist/29vBHGS0VNLVhNG7BjJLfS,Only,"Nicki Minaj, Drake, Lil Wayne, Chris Brown",The Pinkprint (Deluxe)
running,hot girl running era,https://open.spotify.com/playlist/29vBHGS0VNLVhNG7BjJLfS,Dip (feat. Nicki Minaj),"Tyga, Nicki Minaj",Dip (feat. Nicki Minaj)
running,hot girl running era,https://open.spotify.com/playlist/29vBHGS0VNLVhNG7BjJLfS,SICKO MODE,Travis Scott,ASTROWORLD
running,hot girl running era,https://open.spotify.com/playlist/29vBHGS0VNLVhNG7BjJLfS,Started From the Bottom,Drake,Nothing Was The Same (Deluxe)
running,hot girl running era,https://open.spotify.com/playlist/29vBHGS0VNLVhNG7BjJLfS,The Box,Roddy Ricch,Please Excuse Me for Being Antisocial
running,hot girl running era,https://open.spotify.com/playlist/29vBHGS0VNLVhNG7BjJLfS,Only Girl (In The World),Rihanna,Loud
running,hot girl running era,https://open.spotify.com/playlist/29vBHGS0VNLVhNG7BjJLfS,Bottoms Up (feat. Nicki Minaj),"Trey Songz, Nicki Minaj","Passion, Pain & Pleasure"
running,hot girl running era,https://open.spotify.com/playlist/29vBHGS0VNLVhNG7BjJLfS,Don't Stop The Music,Rihanna,Good Girl Gone Bad: Reloaded
running,hot girl running era,https://open.spotify.com/playlist/29vBHGS0VNLVhNG7BjJLfS,Hotel Room Service,Pitbull,Pitbull Starring In Rebelution
running,hot girl running era,https://open.spotify.com/playlist/29vBHGS0VNLVhNG7BjJLfS,We R Who We R,Kesha,Cannibal
running,hot girl running era,https://open.spotify.com/playlist/29vBHGS0VNLVhNG7BjJLfS,Nobody's Perfect - From “Hannah Montana 2”,Hannah Montana,Hannah Montana 2 / Meet Miley Cyrus
running,hot girl running era,https://open.spotify.com/playlist/29vBHGS0VNLVhNG7BjJLfS,Good Life,OneRepublic,Waking Up
running,hot girl running era,https://open.spotify.com/playlist/29vBHGS0VNLVhNG7BjJLfS,Whatcha Say,Jason Derulo,Jason Derulo (Deluxe Audio)
running,hot girl running era,https://open.spotify.com/playlist/29vBHGS0VNLVhNG7BjJLfS,I Don't Fuck With You,"Big Sean, E-40",Dark Sky Paradise
running,hot girl running era,https://open.spotify.com/playlist/29vBHGS0VNLVhNG7BjJLfS,Savage,Megan Thee Stallion,Suga
running,hot girl running era,https://open.spotify.com/playlist/29vBHGS0VNLVhNG7BjJLfS,My Type,Saweetie,ICY
running,hot girl running era,https://open.spotify.com/playlist/29vBHGS0VNLVhNG7BjJLfS,Taste (feat. Offset),"Tyga, Offset",Taste (feat. Offset)
running,hot girl running era,https://open.spotify.com/playlist/29vBHGS0VNLVhNG7BjJLfS,Highway to Hell,AC/DC,Highway to Hell
running,hot girl running era,https://open.spotify.com/playlist/29vBHGS0VNLVhNG7BjJLfS,Bodak Yellow,Cardi B,Invasion of Privacy
running,hot girl running era,https://open.spotify.com/playlist/29vBHGS0VNLVhNG7BjJLfS,Evacuate the Dancefloor - Radio Edit,Cascada,Evacuate The Dancefloor
running,hot girl running era,https://open.spotify.com/playlist/29vBHGS0VNLVhNG7BjJLfS,Back In Black,AC/DC,Back In Black
running,hot girl running era,https://open.spotify.com/playlist/29vBHGS0VNLVhNG7BjJLfS,Stronger,Kanye West,Stronger
running,hot girl running era,https://open.spotify.com/playlist/29vBHGS0VNLVhNG7BjJLfS,Legend,The Score,ATLAS
running,hot girl running era,https://open.spotify.com/playlist/29vBHGS0VNLVhNG7BjJLfS,Yeah! (feat. Lil Jon & Ludacris),"USHER, Lil Jon, Ludacris",Confessions (Expanded Edition)
running,hot girl running era,https://open.spotify.com/playlist/29vBHGS0VNLVhNG7BjJLfS,Pretty Boy Swag,Soulja Boy,Pretty Boy Swag
running,hot girl running era,https://open.spotify.com/playlist/29vBHGS0VNLVhNG7BjJLfS,Big Fish,Vince Staples,Big Fish
running,hot girl running era,https://open.spotify.com/playlist/29vBHGS0VNLVhNG7BjJLfS,Boss Ass Bitch,Ptaf,Boss Ass Bitch
running,hot girl running era,https://open.spotify.com/playlist/29vBHGS0VNLVhNG7BjJLfS,Plain Jane,A$AP Ferg,Still Striving
running,hot girl running era,https://open.spotify.com/playlist/29vBHGS0VNLVhNG7BjJLfS,Nasty Freestyle,T-Wayne,Nasty Freestyle
running,hot girl running era,https://open.spotify.com/playlist/29vBHGS0VNLVhNG7BjJLfS,Imma Be,Black Eyed Peas,THE E.N.D. (THE ENERGY NEVER DIES)
running,hot girl running era,https://open.spotify.com/playlist/29vBHGS0VNLVhNG7BjJLfS,Gas Pedal,"Sage The Gemini, Iamsu!",Remember Me (Deluxe Edition)
running,hot girl running era,https://open.spotify.com/playlist/29vBHGS0VNLVhNG7BjJLfS,Go Hard or Go Home,"Wiz Khalifa, Iggy Azalea",Furious 7: Original Motion Picture Soundtrack
running,hot girl running era,https://open.spotify.com/playlist/29vBHGS0VNLVhNG7BjJLfS,Not Afraid,Eminem,Recovery
running,hot girl running era,https://open.spotify.com/playlist/29vBHGS0VNLVhNG7BjJLfS,Fancy,"Iggy Azalea, Charli xcx",The New Classic (Deluxe Version)
running,hot girl running era,https://open.spotify.com/playlist/29vBHGS0VNLVhNG7BjJLfS,I Love It (& Lil Pump),"Kanye West, Lil Pump",I Love It
running,hot girl running era,https://open.spotify.com/playlist/29vBHGS0VNLVhNG7BjJLfS,The Next Episode,"Dr. Dre, Snoop Dogg",2001
running,hot girl running era,https://open.spotify.com/playlist/29vBHGS0VNLVhNG7BjJLfS,Life Is Good (feat. Drake),"Future, Drake",Life Is Good (feat. Drake)
running,hot girl running era,https://open.spotify.com/playlist/29vBHGS0VNLVhNG7BjJLfS,Waves,Kanye West,The Life Of Pablo
running,hot girl running era,https://open.spotify.com/playlist/29vBHGS0VNLVhNG7BjJLfS,Boyfriend,Justin Bieber,Believe
running,hot girl running era,https://open.spotify.com/playlist/29vBHGS0VNLVhNG7BjJLfS,Freaky Friday (feat. Chris Brown),"Lil Dicky, Chris Brown",Freaky Friday (feat. Chris Brown)
running,hot girl running era,https://open.spotify.com/playlist/29vBHGS0VNLVhNG7BjJLfS,Addicted to My Ex,M City JR,Addicted to My Ex
running,hot girl running era,https://open.spotify.com/playlist/29vBHGS0VNLVhNG7BjJLfS,When I Look At You,Miley Cyrus,The Time Of Our Lives
running,hot girl running era,https://open.spotify.com/playlist/29vBHGS0VNLVhNG7BjJLfS,Talking to the Moon,Bruno Mars,Doo-Wops & Hooligans
running,hot girl running era,https://open.spotify.com/playlist/29vBHGS0VNLVhNG7BjJLfS,Centuries,Fall Out Boy,American Beauty/American Psycho
running,hot girl running era,https://open.spotify.com/playlist/29vBHGS0VNLVhNG7BjJLfS,We Will Rock You - Remastered 2011,Queen,Queen 40 Limited Edition Collector's Box Set Vol. 2
running,hot girl running era,https://open.spotify.com/playlist/29vBHGS0VNLVhNG7BjJLfS,The Night Is Still Young,Nicki Minaj,The Pinkprint (Deluxe)
running,hot girl running era,https://open.spotify.com/playlist/29vBHGS0VNLVhNG7BjJLfS,Confident,Demi Lovato,Confident (Deluxe Edition)
running,hot girl running era,https://open.spotify.com/playlist/29vBHGS0VNLVhNG7BjJLfS,Walking On A Dream,Empire Of The Sun,Walking On A Dream
running,hot girl running era,https://open.spotify.com/playlist/29vBHGS0VNLVhNG7BjJLfS,TiK ToK,Kesha,Animal (Expanded Edition)
running,hot girl running era,https://open.spotify.com/playlist/29vBHGS0VNLVhNG7BjJLfS,Last Friday Night (T.G.I.F.),Katy Perry,Teenage Dream
running,hot girl running era,https://open.spotify.com/playlist/29vBHGS0VNLVhNG7BjJLfS,My House,Flo Rida,My House
running,hot girl running era,https://open.spotify.com/playlist/29vBHGS0VNLVhNG7BjJLfS,Empire State Of Mind,"JAY-Z, Alicia Keys",The Blueprint 3
running,hot girl running era,https://open.spotify.com/playlist/29vBHGS0VNLVhNG7BjJLfS,The Real Slim Shady,Eminem,The Marshall Mathers LP
running,hot girl running era,https://open.spotify.com/playlist/29vBHGS0VNLVhNG7BjJLfS,Needed Me,Rihanna,ANTI
running,hot girl running era,https://open.spotify.com/playlist/29vBHGS0VNLVhNG7BjJLfS,A$AP Forever (feat. Moby),"A$AP Rocky, Moby",A$AP Forever (feat. Moby)
running,hot girl running era,https://open.spotify.com/playlist/29vBHGS0VNLVhNG7BjJLfS,The Spins,Mac Miller,K.I.D.S.
running,hot girl running era,https://open.spotify.com/playlist/29vBHGS0VNLVhNG7BjJLfS,Congrats,LANY,Congrats
running,hot girl running era,https://open.spotify.com/playlist/29vBHGS0VNLVhNG7BjJLfS,Hit The Lights,Selena Gomez & The Scene,When The Sun Goes Down
running,hot girl running era,https://open.spotify.com/playlist/29vBHGS0VNLVhNG7BjJLfS,Disturbia,Rihanna,Good Girl Gone Bad: Reloaded
running,hot girl running era,https://open.spotify.com/playlist/29vBHGS0VNLVhNG7BjJLfS,L.A.LOVE (la la) [feat. YG],"Fergie, YG",Double Dutchess
running,hot girl running era,https://open.spotify.com/playlist/29vBHGS0VNLVhNG7BjJLfS,traitor,Olivia Rodrigo,SOUR
running,hot girl running era,https://open.spotify.com/playlist/29vBHGS0VNLVhNG7BjJLfS,Jimmy Cooks (feat. 21 Savage),"Drake, 21 Savage","Honestly, Nevermind"
running,hot girl running era,https://open.spotify.com/playlist/29vBHGS0VNLVhNG7BjJLfS,Mo Bamba,Sheck Wes,MUDBOY
running,hot girl running era,https://open.spotify.com/playlist/29vBHGS0VNLVhNG7BjJLfS,Big Energy,Latto,Big Energy
running,hot girl running era,https://open.spotify.com/playlist/29vBHGS0VNLVhNG7BjJLfS,The One That Got Away,Katy Perry,Teenage Dream: The Complete Confection
running,hot girl running era,https://open.spotify.com/playlist/29vBHGS0VNLVhNG7BjJLfS,Creepin' (with The Weeknd & 21 Savage),"Metro Boomin, The Weeknd, 21 Savage",HEROES & VILLAINS
running,hot girl running era,https://open.spotify.com/playlist/29vBHGS0VNLVhNG7BjJLfS,Rich Flex,"Drake, 21 Savage",Her Loss
running,hot girl running era,https://open.spotify.com/playlist/29vBHGS0VNLVhNG7BjJLfS,abcdefu,GAYLE,abcdefu
running,hot girl running era,https://open.spotify.com/playlist/29vBHGS0VNLVhNG7BjJLfS,First Class,Jack Harlow,First Class
running,hot girl running era,https://open.spotify.com/playlist/29vBHGS0VNLVhNG7BjJLfS,Superhero (Heroes & Villains) [with Future & Chris Brown],"Metro Boomin, Future, Chris Brown",HEROES & VILLAINS
running,hot girl running era,https://open.spotify.com/playlist/29vBHGS0VNLVhNG7BjJLfS,10 Freaky Girls (with 21 Savage),"Metro Boomin, 21 Savage",NOT ALL HEROES WEAR CAPES (Deluxe)
running,hot girl running era,https://open.spotify.com/playlist/29vBHGS0VNLVhNG7BjJLfS,R.I.C.O. (feat. Drake),"Meek Mill, Drake",Dreams Worth More Than Money
running,hot girl running era,https://open.spotify.com/playlist/29vBHGS0VNLVhNG7BjJLfS,WAP (feat. Megan Thee Stallion),"Cardi B, Megan Thee Stallion",WAP (feat. Megan Thee Stallion)
running,hot girl running era,https://open.spotify.com/playlist/29vBHGS0VNLVhNG7BjJLfS,No Type,Rae Sremmurd,SremmLife
running,hot girl running era,https://open.spotify.com/playlist/29vBHGS0VNLVhNG7BjJLfS,G.O.M.D.,J. Cole,2014 Forest Hills Drive
running,hot girl running era,https://open.spotify.com/playlist/29vBHGS0VNLVhNG7BjJLfS,Rags2Riches 2 (feat. Lil Baby),"Rod Wave, Lil Baby",Pray 4 Love (Deluxe)
running,hot girl running era,https://open.spotify.com/playlist/29vBHGS0VNLVhNG7BjJLfS,I Like Me Better - Ryan Riback Remix,"Lauv, Ryan Riback",I met you when I was 18. (the extras)
running,hot girl running era,https://open.spotify.com/playlist/29vBHGS0VNLVhNG7BjJLfS,Over,Drake,Thank Me Later
running,hot girl running era,https://open.spotify.com/playlist/29vBHGS0VNLVhNG7BjJLfS,Goosebumps - Remix,"Travis Scott, HVME",Goosebumps (Remix)
running,hot girl running era,https://open.spotify.com/playlist/29vBHGS0VNLVhNG7BjJLfS,IDGAF - Darius Remix,"Dua Lipa, Darius",IDGAF (Remixes)
running,hot girl running era,https://open.spotify.com/playlist/29vBHGS0VNLVhNG7BjJLfS,Invincible,"Big Wild, iDA HAWK",Invincible EP
running,hot girl running era,https://open.spotify.com/playlist/29vBHGS0VNLVhNG7BjJLfS,Heroes (we could be),"Alesso, Tove Lo",Forever
running,hot girl running era,https://open.spotify.com/playlist/29vBHGS0VNLVhNG7BjJLfS,Fantasy,Mariah Carey,Daydream
running,hot girl running era,https://open.spotify.com/playlist/29vBHGS0VNLVhNG7BjJLfS,Never Be Like You (feat. Kai),"Flume, kai",Skin
running,hot girl running era,https://open.spotify.com/playlist/29vBHGS0VNLVhNG7BjJLfS,Barbie World (with Aqua) [From Barbie The Album],"Nicki Minaj, Ice Spice, Aqua",Barbie World (with Aqua) [From Barbie The Album]
running,hot girl running era,https://open.spotify.com/playlist/29vBHGS0VNLVhNG7BjJLfS,Overdrive,Post Malone,AUSTIN
running,hot girl running era,https://open.spotify.com/playlist/29vBHGS0VNLVhNG7BjJLfS,Wildest Dreams - R3hab Remix,"Taylor Swift, R3HAB",Wildest Dreams (R3hab Remix)
running,hot girl running era,https://open.spotify.com/playlist/29vBHGS0VNLVhNG7BjJLfS,The Veldt Cinema - BYNX Edit,"deadmau5, Benny Benassi, Gary Go, BYNX",The Veldt Cinema (BYNX Edit)
running,hot girl running era,https://open.spotify.com/playlist/29vBHGS0VNLVhNG7BjJLfS,Ni**as In Paris,"JAY-Z, Kanye West",Watch The Throne (Deluxe)
running,hot girl running era,https://open.spotify.com/playlist/29vBHGS0VNLVhNG7BjJLfS,Ain't Got No Haters (feat. Too Short),"Ice Cube, Too $hort",Everythangs Corrupt
running,hot girl running era,https://open.spotify.com/playlist/29vBHGS0VNLVhNG7BjJLfS,Pour Some Sugar On Me,Def Leppard,Hysteria
running,hot girl running era,https://open.spotify.com/playlist/29vBHGS0VNLVhNG7BjJLfS,Heading Home,"Gryffin, Josef Salvat",Heading Home
running,hot girl running era,https://open.spotify.com/playlist/29vBHGS0VNLVhNG7BjJLfS,"This Is Me (The Reimagined Remix) [with Keala Settle, Kesha & Missy Elliott]","Keala Settle, Kesha, Missy Elliott","This Is Me (The Reimagined Remix) [with Keala Settle, Kesha & Missy Elliott]"
running,hot girl running era,https://open.spotify.com/playlist/29vBHGS0VNLVhNG7BjJLfS,Pumpin Blood - The Jane Doze Remix,"NONONO, The Jane Doze",We Are Only Remixes
running,hot girl running era,https://open.spotify.com/playlist/29vBHGS0VNLVhNG7BjJLfS,Aye (feat. Travis Scott),"Lil Uzi Vert, Travis Scott",Pink Tape
running,hot girl running era,https://open.spotify.com/playlist/29vBHGS0VNLVhNG7BjJLfS,Live Your Life,"T.I., Rihanna",Paper Trail
running,hot girl running era,https://open.spotify.com/playlist/29vBHGS0VNLVhNG7BjJLfS,Just the Way You Are - Steve Smart & Westfunk Club Mix,Bruno Mars,Just the Way You Are (Remix)
running,hot girl running era,https://open.spotify.com/playlist/29vBHGS0VNLVhNG7BjJLfS,Wing$,"Macklemore & Ryan Lewis, Macklemore, Ryan Lewis",The Heist
running,hot girl running era,https://open.spotify.com/playlist/29vBHGS0VNLVhNG7BjJLfS,In My Mind,"Dynoro, Gigi D'Agostino",In My Mind
running,hot girl running era,https://open.spotify.com/playlist/29vBHGS0VNLVhNG7BjJLfS,Lovin On Me,Jack Harlow,Lovin On Me
running,hot girl running era,https://open.spotify.com/playlist/29vBHGS0VNLVhNG7BjJLfS,Riptide,TWOPILOTS,Riptide
running,hot girl running era,https://open.spotify.com/playlist/29vBHGS0VNLVhNG7BjJLfS,Unwritten,Natasha Bedingfield,Unwritten
running,hot girl running era,https://open.spotify.com/playlist/29vBHGS0VNLVhNG7BjJLfS,I Love It (feat. Charli XCX) - I Don’t Care 2022 Re-Edit,"Icona Pop, Charli xcx",I Love It (feat. Charli XCX) [I Don’t Care 2022 Re-Edit]
running,hot girl running era,https://open.spotify.com/playlist/29vBHGS0VNLVhNG7BjJLfS,Don't Blame Me (sped up + reverb) - Remix,Xanemusic,Don't Blame Me (sped up + reverb) (Remix)
running,hot girl running era,https://open.spotify.com/playlist/29vBHGS0VNLVhNG7BjJLfS,The Sweet Escape,"Gwen Stefani, Akon",The Sweet Escape
running,hot girl running era,https://open.spotify.com/playlist/29vBHGS0VNLVhNG7BjJLfS,See You Again,Miley Cyrus,Meet Miley Cyrus
running,hot girl running era,https://open.spotify.com/playlist/29vBHGS0VNLVhNG7BjJLfS,Stay The Night - Featuring Hayley Williams Of Paramore,"Zedd, Hayley Williams",Clarity (Deluxe)
running,hot girl running era,https://open.spotify.com/playlist/29vBHGS0VNLVhNG7BjJLfS,"First Day Out (Freestyle), Pt. 2",Rundown Spaz,"First Day Out (Freestyle), Pt. 2"
running,hot girl running era,https://open.spotify.com/playlist/29vBHGS0VNLVhNG7BjJLfS,Fly,"Nicki Minaj, Rihanna",Pink Friday
running,hot girl running era,https://open.spotify.com/playlist/29vBHGS0VNLVhNG7BjJLfS,Lost In The Wild,WALK THE MOON,What If Nothing
running,hot girl running era,https://open.spotify.com/playlist/29vBHGS0VNLVhNG7BjJLfS,CARNIVAL,"¥$, Kanye West, Ty Dolla $ign, Rich The Kid, Playboi Carti",VULTURES 1
running,hot girl running era,https://open.spotify.com/playlist/29vBHGS0VNLVhNG7BjJLfS,I Took A Pill In Ibiza - Seeb Remix,"Mike Posner, Seeb","At Night, Alone."
running,hot girl running era,https://open.spotify.com/playlist/29vBHGS0VNLVhNG7BjJLfS,Habits (Stay High),Tove Lo,Queen Of The Clouds
running,hot girl running era,https://open.spotify.com/playlist/29vBHGS0VNLVhNG7BjJLfS,Post Malone (feat. RANI),"Sam Feldt, RANI",Magnets EP
running,hot girl running era,https://open.spotify.com/playlist/29vBHGS0VNLVhNG7BjJLfS,Please Don't Go,Mike Posner,31 Minutes to Takeoff
running,hot girl running era,https://open.spotify.com/playlist/29vBHGS0VNLVhNG7BjJLfS,Adrenaline Rush (feat. MORGAN),"Sigma, MORGAN",Adrenaline Rush (feat. MORGAN)
running,hot girl running era,https://open.spotify.com/playlist/29vBHGS0VNLVhNG7BjJLfS,Insane feat. Moon Holiday,"Flume, Moon Holiday",Flume
running,hot girl running era,https://open.spotify.com/playlist/29vBHGS0VNLVhNG7BjJLfS,Good For You,"Selena Gomez, A$AP Rocky",Revival (Deluxe)
running,hot girl running era,https://open.spotify.com/playlist/29vBHGS0VNLVhNG7BjJLfS,Talking Body - The Young Professionals Remix,"Tove Lo, The Young Professionals",Talking Body (The Remixes)
running,hot girl running era,https://open.spotify.com/playlist/29vBHGS0VNLVhNG7BjJLfS,Gnarly,KATSEYE,Gnarly
running,hot girl running era,https://open.spotify.com/playlist/29vBHGS0VNLVhNG7BjJLfS,Wanna Be (with Megan Thee Stallion),"GloRilla, Megan Thee Stallion",Wanna Be (with Megan Thee Stallion)